global_signal	global_signal_derivative1	global_signal_derivative1_power2	global_signal_power2	csf	csf_derivative1	csf_power2	csf_derivative1_power2	white_matter	white_matter_derivative1	white_matter_derivative1_power2	white_matter_power2	csf_wm	tcompcor	std_dvars	dvars	framewise_displacement	rmsd	t_comp_cor_00	t_comp_cor_01	t_comp_cor_02	c_comp_cor_00	c_comp_cor_01	c_comp_cor_02	c_comp_cor_03	c_comp_cor_04	c_comp_cor_05	c_comp_cor_06	c_comp_cor_07	w_comp_cor_00	w_comp_cor_01	w_comp_cor_02	w_comp_cor_03	w_comp_cor_04	w_comp_cor_05	w_comp_cor_06	w_comp_cor_07	w_comp_cor_08	w_comp_cor_09	w_comp_cor_10	w_comp_cor_11	w_comp_cor_12	w_comp_cor_13	w_comp_cor_14	w_comp_cor_15	w_comp_cor_16	w_comp_cor_17	w_comp_cor_18	w_comp_cor_19	w_comp_cor_20	w_comp_cor_21	w_comp_cor_22	w_comp_cor_23	a_comp_cor_00	a_comp_cor_01	a_comp_cor_02	a_comp_cor_03	a_comp_cor_04	a_comp_cor_05	a_comp_cor_06	a_comp_cor_07	a_comp_cor_08	a_comp_cor_09	a_comp_cor_10	a_comp_cor_11	a_comp_cor_12	a_comp_cor_13	a_comp_cor_14	a_comp_cor_15	a_comp_cor_16	a_comp_cor_17	a_comp_cor_18	a_comp_cor_19	a_comp_cor_20	a_comp_cor_21	edge_comp_00	edge_comp_01	edge_comp_02	edge_comp_03	edge_comp_04	edge_comp_05	edge_comp_06	edge_comp_07	edge_comp_08	edge_comp_09	edge_comp_10	edge_comp_11	edge_comp_12	edge_comp_13	edge_comp_14	edge_comp_15	edge_comp_16	edge_comp_17	edge_comp_18	edge_comp_19	edge_comp_20	edge_comp_21	edge_comp_22	edge_comp_23	cosine00	cosine01	cosine02	cosine03	cosine04	cosine05	trans_x	trans_x_derivative1	trans_x_derivative1_power2	trans_x_power2	trans_y	trans_y_derivative1	trans_y_power2	trans_y_derivative1_power2	trans_z	trans_z_derivative1	trans_z_derivative1_power2	trans_z_power2	rot_x	rot_x_derivative1	rot_x_power2	rot_x_derivative1_power2	rot_y	rot_y_derivative1	rot_y_power2	rot_y_derivative1_power2	rot_z	rot_z_derivative1	rot_z_derivative1_power2	rot_z_power2	motion_outlier00	motion_outlier01	motion_outlier02	motion_outlier03	motion_outlier04	motion_outlier05	motion_outlier06	motion_outlier07	motion_outlier08	motion_outlier09	motion_outlier10	motion_outlier11	motion_outlier12	motion_outlier13	motion_outlier14	motion_outlier15
3971.805539634155	n/a	n/a	15775239.244668562	4780.104311050907	n/a	22849397.224527467	n/a	4530.567755926223	n/a	n/a	20526044.191038374	4650.274818638393	3402.965488265046	n/a	n/a	n/a	n/a	-0.0128962515	-0.1118244146	0.0118289193	-0.0381343495	0.1282211421	-0.0074639437	-0.0004414767	-0.0209673465	-0.0183631091	-0.0659826374	-0.025923059	-0.0193262255	0.0402342491	-0.0821581942	0.008197822	-0.0294246988	0.0894485314	-0.0446956525	0.0989762853	-0.0080494772	0.0219667704	-0.0110466221	0.0165413191	-0.1294071024	0.0197073663	-0.0295389536	0.0603252268	-0.0400312039	0.0144620479	-0.0035874565	0.0978866352	-0.0064925087	0.1064498288	-0.0292599885	0.0315005209	-0.0218672735	-0.0552123211	0.0806757787	-0.0712723522	0.0217088341	-0.0590322132	0.0052455673	-0.0017962278	0.1208961942	-0.0251648072	0.0336320239	-0.0659193558	0.0373568023	-0.0366279587	0.0444273783	0.0590547459	-0.0901654517	0.004397621	-0.0177691852	0.0614949252	-0.0600819421	0.0336599759	0.0227181859	-0.0153914116	0.1023726285	-0.0255788804	0.0513739123	-0.0742813825	0.0072656596	-0.0033975802	0.0662855013	-0.0869210731	0.0174768888	-0.0420341672	0.0510615451	-0.0019520537	0.0760901274	-0.1334029843	0.0001883147	0.0134993679	-0.0429257014	0.0223945456	0.0655672744	-0.0138502469	0.0175574702	-0.0440060029	0.0912851377	0.0912792721	0.0912694965	0.0912558111	0.0912382167	0.0912167139	0.0074710261623351	n/a	n/a	5.581623191829553e-05	-0.0070812280014678	n/a	5.0143790008771655e-05	n/a	-0.0382985995545226	n/a	n/a	0.0014667827278376	-0.0001470766921643	n/a	2.1631553377992266e-08	n/a	0.0006041032806256	n/a	3.649407736626124e-07	n/a	-0.0014019560271419	n/a	n/a	1.9654807020395e-06	0.0	0.0	0.0	0.0	0.0	0.0	0.0	0.0	0.0	0.0	0.0	0.0	0.0	0.0	0.0	0.0
3970.533863899383	-1.2716757347720886	1.6171591744081315	15765139.164371764	4769.54107469128	-10.5632363596269	22748522.06316725	111.58196238934374	4529.55571492513	-1.0120410010931664	1.0242269878936583	20516874.974610902	4648.704319008628	3402.106631793807	0.8829939999999998	15.862692	0.0653156223937703	0.0322448146756058	-0.0172658921	-0.0916637345	0.0650329061	-0.0422894549	0.1264950271	0.0287823749	0.0191664125	0.0025992382	-0.0382971068	0.021649738	0.0380287837	-0.0150812905	-0.0974896114	0.0223084286	0.1183700636	-0.0464266898	0.0580535346	-0.0429618706	0.0313163497	-0.0739060431	0.0092754169	0.0125112183	-0.0272721058	-0.0912824137	-0.0344599795	0.0684817439	-0.0386800701	-0.1082923854	0.0027709231	0.0666609952	0.0574589834	-0.0653558461	0.0319542266	0.0202916754	-0.010020182	-0.0217121773	0.102301461	-0.0109299234	-0.1236789327	-0.0277147911	-0.0427693805	-0.0382387413	0.0270166459	0.0510555468	0.0696825353	0.0181662681	-0.0227617948	0.018786902	-0.059846548	-0.0018544051	0.0957320179	0.0453444043	0.0080996965	0.0843860938	-0.003791486	-0.1300422629	0.1089040797	0.0198867652	-0.0310358562	-0.0783680422	0.0069337444	0.1101898897	-0.0494127296	-0.0079610958	-0.0195375123	0.0315175979	-0.1100237324	0.0254052591	-0.0011745815	0.0097827097	0.0061659052	0.0954803816	-0.0542493874	-0.0416551577	0.0050787203	-0.0262643955	-0.0124462714	0.0668013255	-0.0511238149	0.0548015988	0.0156120913	0.0912694965	0.0912167139	0.0911287655	0.0910056853	0.0908475206	0.0906543325	0.0058067677308031	-0.0016642584315319	2.769756126925351e-06	3.371855147949619e-05	0.0001361153727543	0.0072173433742221	1.8527394700042037e-08	5.209004538142765e-05	-0.0500583185344538	-0.0117597189799312	0.0001382909904869	0.0025058352544968	0.0003137129342541	0.0004607896264184	9.841580511831727e-08	2.1232707981480865e-07	0.0003463080220711	-0.0002577952585544	1.199292461507975e-07	6.645839533318147e-08	-0.0012270548799531	0.0001749011471888	3.0590411287958313e-08	1.5056636784167165e-06	0.0	0.0	0.0	0.0	0.0	0.0	0.0	0.0	0.0	0.0	0.0	0.0	0.0	0.0	0.0	0.0
3972.21397171834	1.6801078189569123	2.8227622833201536	15778483.837114388	4780.138751614479	10.597676923198378	22849726.484686427	112.31075616849144	4527.7042243594215	-1.8514905657084453	3.42801731490738	20500105.54328215	4647.695558652773	3391.0880393419293	0.963515	17.309237	0.0645239491603686	0.0365508415457436	-0.0130738789	-0.0007918011	0.0676980533	-0.0176691418	0.0183619044	0.0722483074	-0.0282738094	-0.0166844197	0.0270860281	0.0009663182	-0.0900376392	-0.0368174689	0.0891722752	-0.0172994816	0.0938076797	-0.0774910003	0.00686465	-0.0351863504	-0.0433920779	-0.0619183559	-0.0775489712	-0.0552106744	-0.0995922444	0.010462571	-0.0569633794	0.0351011665	-0.0391196758	0.0265501981	0.105079183	0.0581839256	-0.0351880231	0.0089914321	0.0071160566	-0.0057281576	-0.0463419334	-0.0323492489	-0.092035556	0.0083470166	-0.0526647764	-0.0847331806	-0.0559586895	-0.0293070328	0.034625386	-0.0515193919	0.0367403205	0.06128122	0.0724160303	0.033694901	-0.0641568885	0.0083623541	-0.0353876429	0.0812390087	-0.0934149895	-0.0190892244	0.0418015332	0.0377169821	0.0339262671	0.0225351628	-0.009131834	0.0548443846	-0.0808224788	0.0423281339	0.0052933859	0.0134389018	-0.0111415263	0.0229425754	-0.0310105054	0.0245808351	0.020815305	-0.0688400916	-0.0416430588	-0.0447750944	-0.1031749176	-0.0244143801	-0.0136377266	0.0019705867	-0.0144463183	0.0164114641	-0.058776016	-0.024300427	0.0085494341	0.0912382167	0.0910916402	0.0908475206	0.0905061192	0.0900678015	0.089533037	0.0076267145354478	0.0018199468046447	3.3122063717364542e-06	5.816677460521076e-05	0.0002076270165076	7.15116437533e-05	4.31089779838472e-08	5.113915192298891e-09	-0.0327191990742932	0.0173391194601605	0.0003006450636537	0.0010705459880632	0.0001239715837461	-0.0001897413505079	1.5368953576516285e-08	3.60017800925997e-08	0.0008919346493903	0.0005456266273192	7.955474187829975e-07	2.9770841643972525e-07	-0.0010565554327441	0.000170499447209	2.9070061498574592e-08	1.1163093824610722e-06	0.0	0.0	0.0	0.0	0.0	0.0	0.0	0.0	0.0	0.0	0.0	0.0	0.0	0.0	0.0	0.0
3975.282693152383	3.0687214340432547	9.41705123975649	15802872.490476863	4786.003808790638	5.865057176159098	22905832.45775849	34.398895679615336	4531.04096803211	3.336743672688499	11.133858337226732	20530332.25398536	4649.050554413848	3393.4568187522327	0.939959	16.886057	0.1064656612706239	0.0529756174009205	-0.0097854461	0.0458509327	0.0369093902	-0.000728646	0.0118512204	0.0342874229	-0.0402197714	-0.0581892779	-0.0268550488	0.0218438167	-0.0561945557	-0.0241535468	-0.1018104558	-0.0019355899	0.0373359585	-0.0257781095	-0.0257320682	0.0460327937	-0.0535861059	0.0463599663	-0.1101062109	-0.0590578656	-0.0805977215	-0.1087113828	0.0219585243	-0.0387763529	-0.0319045386	0.0310426988	0.0397216563	0.04662109	0.1049326258	0.0631276242	-0.0050955056	0.0197109533	-0.0531050759	-0.025403581	0.0899871471	0.0262301498	0.0187694151	-0.0845540035	0.0327354155	0.0211287026	-0.0032265007	-0.1051343822	-0.0785685806	0.0230990451	-0.0280581434	0.0617832218	-0.1081364429	0.0430600041	0.0126730617	-0.0193410399	0.062760366	0.0271125221	0.0137940277	-0.0429510022	0.0956342447	0.0146872474	0.0010243324	-0.0361558104	0.0781213703	0.0721794747	0.056628759	-0.0058510169	0.0132724243	-0.0017725121	0.0692052581	-0.0259395143	-0.0135979206	0.003310625	0.0354817745	-0.0742085368	-0.033927838	-0.0421438087	-0.0134441547	0.048280395	-0.0784765783	0.0267905329	-0.0230367999	0.0032078275	-0.0860720651	0.0911913037	0.090904137	0.0904261954	0.0897584821	0.0889023983	0.0878597406	0.0411783850134526	0.0335516704780047	0.0011257145918646	0.0016956593923161	0.0065600298114674	0.0063524027949598	4.303399112734102e-05	4.035302126941308e-05	-0.0051235653668939	0.0275956337073993	0.0007615189997129	2.6250922068834624e-05	0.0003537140432057	0.0002297424594596	1.251136243609238e-07	5.2781597678545954e-08	0.0004518328523603	-0.00044010179703	2.041529264720447e-07	1.9368959174903535e-07	-0.0009470806034285	0.0001094748293155	1.198473825367974e-08	8.969616693904916e-07	0.0	0.0	0.0	0.0	0.0	0.0	0.0	0.0	0.0	0.0	0.0	0.0	0.0	0.0	0.0	0.0
3974.711443685064	-0.571249467319376	0.3263259539126708	15798331.060561003	4784.775244928175	-1.228563862462579	22894074.14447748	1.5093691641489706	4525.797479901995	-5.243488130115111	27.494167770658063	20482842.829087246	4642.30853673914	3391.8397746803485	0.8768289999999999	15.751955	0.1334957596347921	0.0741237076136655	-0.0158483505	0.0303622102	0.0462423704	-0.0086564363	-0.0323130015	0.0480779945	-0.0621532699	-0.0198090645	0.0299904539	0.0527943948	-0.0088238128	-0.0290033106	0.0708707676	0.0619871304	0.0938921	-0.0093029456	0.0228575667	0.033063213	0.0085197349	0.0936133086	-0.0897373505	0.0068958303	-0.0452641915	-0.1012075799	-0.0110623927	-0.0090180897	-0.0193174774	0.0900878745	0.0886343819	-0.0189972298	-0.0211875283	-0.0829038732	-0.0879059201	0.0799326801	0.037515048	-0.0254904949	-0.0624715474	-0.0767588301	-0.0363732358	-0.0611660341	0.0375341265	0.0345459502	-0.0096747871	-0.0547830589	-0.1013758638	-0.0012056704	-0.0011746524	-0.0003555009	-0.044861404	0.0509359536	0.0357956555	0.0745983047	0.0551521174	0.0862767826	0.0354029088	0.0956944566	0.1100343094	0.0170033716	0.0416684806	0.0038617372	-0.1026129697	0.0400476889	0.0502962354	0.0653760339	-0.0650503563	0.0527608756	0.0851820046	-0.0146871988	-0.0376734601	-0.0069684569	-0.0018252799	-0.0055828561	0.0286328414	-0.0367862043	0.0162154679	0.0756297749	-0.0993952197	0.0268787316	0.0141920719	-0.1058868854	-0.0677840087	0.0911287655	0.0906543325	0.0898654396	0.0887648233	0.0873563013	0.0856447597	0.0004835141579349	-0.0406948708555177	0.0016560725139472	2.3378594092349545e-07	0.00832690844463	0.0017668786331626	6.933740424525041e-05	3.1218601043265374e-06	-0.0142769254594057	-0.0091533600925118	8.378400098318762e-05	0.0002038306005734	0.0003361104757971	-1.760356740860002e-05	1.1297025194055295e-07	3.098855855091248e-10	0.0012687078531512	0.0008168750007909	1.609619616647527e-06	6.672847669171329e-07	-0.001750215036301	-0.0008031344328725	6.450249172654323e-07	3.0632526732941107e-06	0.0	0.0	0.0	0.0	0.0	0.0	0.0	0.0	0.0	0.0	0.0	0.0	0.0	0.0	0.0	0.0
3970.2186855787686	-4.492758106295241	20.1848754016816	15762636.411318803	4758.522349696005	-26.252895232169976	22643534.95255639	689.214508071293	4524.424444289434	-1.3730356125606704	1.8852267933598557	20470416.55208376	4642.632478081001	3386.138808303878	0.8993569999999999	16.156664	0.0756413074990636	0.0472376174641137	-0.0098221084	0.0101738715	0.0652446427	-0.0086439696	0.0688374003	0.0455146651	-0.0468944541	0.0582751574	-0.004874952	0.0627486324	-0.0791187907	-0.0070511646	-0.0407761002	-0.065833328	0.0988720201	0.0111101813	-0.0136223914	0.0006875442	-0.0133997414	0.0970921293	0.0112911933	-0.0857601826	-0.1275342889	0.0238595193	-0.0199217157	0.0120155931	-0.1133837469	-0.0575278292	-0.0258155492	-0.0221921961	0.0779552188	-0.0615049454	-0.0865427724	0.007553817	-0.0291883399	-0.0078935283	0.0335323367	0.0672342064	-0.0228848479	-0.0887329935	0.0406673262	0.0510674806	0.0188386143	-0.0373606918	-0.0877265988	-0.0205954361	0.1510839515	0.0197373026	-0.0937366005	-0.036329284	0.1027617849	0.1252101634	0.067516833	0.0738119127	-0.0642966586	0.0226539858	-0.0226102447	0.0091134636	0.0542757971	0.0299866877	0.0678939898	0.0781037661	0.0359636439	0.0478609516	-0.0581797607	0.0767059685	0.1379109043	-0.0867884496	-0.0819448309	-0.0145712023	-0.0199390086	0.0115187821	-0.0028090158	0.0421707775	0.0191481131	0.1006058283	-0.0453586007	-0.0016163454	-0.0138529267	-0.0870011305	-0.0803820651	0.0910506129	0.0903423981	0.0891661178	0.0875278662	0.0854361313	0.0829017503	0.0003387701516572	-0.0001447440062777	2.0950827353318864e-08	1.1476521565384229e-07	0.0003757833403454	-0.0079511251042846	1.4121311888114676e-07	6.322039042398479e-05	0.0283044935516656	0.0425814190110713	0.0018131772449964	0.0008011443552162	0.0005279133114837	0.0001918028356866	2.786924644416861e-07	3.6788327777420894e-08	0.0012476147684423	-2.1093084708900077e-05	1.556542610435334e-06	4.4491822253683403e-10	-0.0014638305691479	0.0002863844671531	8.201606302656503e-08	2.1427999351718646e-06	0.0	0.0	0.0	0.0	0.0	0.0	0.0	0.0	0.0	0.0	0.0	0.0	0.0	0.0	0.0	0.0
3966.28694664124	-3.931738937528735	15.458571072879584	15731432.14309669	4757.931044055569	-0.5913056404360759	22637907.81998772	0.3496423604115179	4525.702300662086	1.277856372651513	1.632916909126083	20481981.314218096	4644.840425529061	3385.4890804234506	0.8706709999999999	15.641321	0.0809662148203356	0.0414134507037754	-0.0165183213	0.0004637835	0.052232848	-0.0224125806	0.0712433193	0.0559142009	-0.0472969784	0.0292459921	0.0341769839	0.0764201097	-0.0490245025	-0.0208444171	0.0005296284	0.0963393469	0.0612105066	-0.0153469023	0.0010350764	0.0091391774	0.0303664484	0.031174552	0.0425354897	-0.035291884	-0.1081019885	0.0042775043	0.0123791205	0.0080058196	0.0157164873	0.0878309814	0.0022671479	-0.0268351272	-0.0795145198	-0.0554063803	-0.0335125545	0.0204095423	0.1034238888	-0.0217874164	0.0146365725	-0.0961724182	-0.0436698308	-0.056422332	0.0047282824	0.0185572859	-0.0241061108	0.0076790451	-0.0505466498	-0.0116316993	0.0886342825	-0.0126872141	-0.0599612276	0.0343363381	-0.0288506029	0.0512300011	-0.0114767679	0.0714888966	0.0268790534	0.0995782393	-0.0069141525	0.0171231303	0.0327550989	-0.069598623	-0.0615800226	0.0607617501	0.0187051483	0.0446863293	-0.0631839459	-0.0141049428	0.0634187213	-0.0721210687	-0.0385221822	-0.0079494942	0.0274315237	-0.0147141486	-0.0160582699	0.0914809387	0.0703741106	0.0457180721	-0.0406289946	0.0508556389	-0.0507136634	-0.0424969425	-0.022325038	0.0909568593	0.0899685475	0.0883293083	0.0860510014	0.0831501106	0.0796476241	-0.0064079295219698	-0.006746699673627	4.551795648611868e-05	4.106156075853212e-05	0.0002883909259736	-8.73924143718e-05	8.316932618391045e-08	7.637434089732394e-09	0.0003406492374438	-0.0279638443142218	0.00078197658883	1.1604190297104245e-07	0.0002550238147994	-0.0002728894966843	6.503714611483866e-08	7.44686774006106e-08	0.0009088532903722	-0.0003387614780701	8.260143034203744e-07	1.147593390242389e-07	-0.00115211597554	0.0003117145936079	9.71659878681383e-08	1.3273712210944856e-06	0.0	0.0	0.0	0.0	0.0	0.0	0.0	0.0	0.0	0.0	0.0	0.0	0.0	0.0	0.0	0.0
3978.524872216765	12.237925575524969	149.76682239208813	15828660.158847423	4793.888909124559	35.95786506899003	22981370.87302745	1292.9680603196934	4529.767647879465	4.065347217378985	16.527047997851056	20518794.943775456	4654.093957653675	3397.728610598584	1.036016	18.611689	0.1067496393813285	0.0671730539383368	-0.0194234174	0.0136904375	0.0641723143	-0.0610025252	-0.0026555245	0.0081360597	-0.0933822307	0.0087382539	-0.0617957873	-0.0960694114	0.077631248	-0.0214488016	0.0279160635	-0.0860367168	0.0500939891	-0.0043285647	-0.0511796185	0.0307842262	0.1132060162	0.0261570449	-0.0016929426	0.0243995297	-0.05970508	0.0892820116	-0.0873572875	-0.0236315002	0.0383712722	-0.06319543	-0.04637087	-0.0537980404	0.0139779332	-0.0441688538	0.0356739217	0.004604397	-0.1583026638	-0.0211860093	-0.0419269936	0.0907428801	-0.0556130831	-0.0348420277	0.0090113459	-0.1554835992	-0.146471707	0.0116533422	0.0386465333	-0.1262163096	0.0560670332	-0.0348768195	-0.0939360727	0.0306494336	0.0487792247	0.0124781232	-0.002697491	-0.0183783387	-0.0091101629	-0.1020791226	0.0240005306	0.0219885374	-0.0188403707	0.0984541863	0.0107340493	0.0744637447	0.0385566258	0.0525265948	-0.019970532	0.0288924756	-0.0503710043	0.0234977923	0.0053716759	-0.1094842567	0.1283042277	0.0409885064	0.0514955656	-0.0037876121	0.0031822196	0.030246972	0.0259833899	0.0288202094	-0.0817915249	0.0715574944	-0.0057932946	0.0908475206	0.089533037	0.0873563013	0.0843382767	0.0805080284	0.0759024438	-0.0050615628621102	0.0013463666598596	1.812703182781496e-06	2.5619418607093203e-05	0.0001912240109902	-9.71669149834e-05	3.656662237918013e-08	9.441409367391286e-09	-0.0575047346831567	-0.0578453839206005	0.0033460884409216	0.0033067945109802	0.0008073120181986	0.0005522882033992	6.517526947278967e-07	3.050222596139161e-07	0.0005320265779529	-0.0003768267124193	2.830522796482731e-07	1.4199837119273784e-07	-0.0011722154974392	-2.0099521899200057e-05	4.039907805764226e-10	1.374089172436631e-06	0.0	0.0	0.0	0.0	0.0	0.0	0.0	0.0	0.0	0.0	0.0	0.0	0.0	0.0	0.0	0.0
3982.4184464018094	3.8935741850445993	15.159919934445716	15859656.6822414	4804.335389168032	10.446480043472548	23081638.531612344	109.1289452986702	4532.056583222889	2.288935343423873	5.239225006374963	20539536.873533923	4647.642486102764	3414.170970545406	0.982455	17.649475	0.0576507961732292	0.0328112632792598	-0.0128511514	0.0197561912	0.0394562513	-0.0254345056	-0.0676733899	0.0610555456	-0.0040108667	-0.0540092375	-0.0536344169	-0.0105043385	-0.0422035429	-0.0359083886	-0.0496013794	0.0817541258	0.0061758502	0.0473773026	-0.120844841	0.0031363254	0.0450526745	0.0120362549	0.0717349098	0.0217211607	-0.037310289	-0.0777055072	0.0459991304	-0.012386748	0.1051237095	-0.0206751112	-0.0303265764	0.1043345274	-0.0878708117	0.0843837394	0.009488257	0.0222676923	-0.043686475	-0.0263314869	0.0543677677	-0.0743452545	0.0842428173	-0.0379140572	0.0787336207	-0.0368915563	-0.0077973226	0.1061751348	0.0442775055	-0.0375806174	-0.0017693722	-0.0415120992	-0.0512828973	0.0561978901	-0.0810973293	-0.0637107879	-0.0060127614	0.0807869048	-0.0484378389	-0.0427491503	-0.0192885075	0.0179898781	0.0326135435	-0.0709794355	-0.0122984933	0.0425337523	0.0637334088	0.0210641318	0.0117848526	0.0772381819	-0.0310175586	0.0387296292	-0.0378995357	0.009575707	0.0899700743	0.0678949436	0.038452901	-0.0338372759	0.0226784307	0.0326347164	0.0491644955	0.1005264504	-0.0342095619	0.0299437596	-0.0129510328	0.0907226157	0.089036165	0.0862485974	0.0823943867	0.0775211985	0.0716892996	0.0003999931938665	0.0054615560559767	2.9828594552575768e-05	1.599945551395235e-07	0.0003198195821028	0.0001285955711125	1.0228456509640962e-07	1.653682090977576e-08	-0.0289663062113518	0.0285384284718049	0.0008144418996403	0.0008390468955297	0.000573877143158	-0.0002334348750406	3.293349754391876e-07	5.449184088522055e-08	0.0005360972682801	4.070690327200033e-06	2.874002810573855e-07	1.657051973995991e-11	-0.0014051542535581	-0.0002329387561188	5.4260464102220346e-08	1.974458476292421e-06	0.0	0.0	0.0	0.0	0.0	0.0	0.0	0.0	0.0	0.0	0.0	0.0	0.0	0.0	0.0	0.0
3986.3680501591566	3.9496037573471767	15.599369840050937	15891130.231329717	4820.916887837072	16.58149866904023	23241239.63943268	274.9460981113829	4530.868334815616	-1.188248407272113	1.4119342773847126	20528767.86743484	4647.3271012190935	3441.9968102379185	0.972718	17.474564	0.0809841223662335	0.0361270152638865	-0.0154135262	0.0550375812	-0.0009970091	-0.0123270483	-0.1093829305	-0.0005102757	0.016252249	-0.0785619969	0.0390839541	-0.0909113121	-0.0113023974	-0.0091162817	0.069610178	-0.0347045502	-0.0716964704	0.0152689026	-0.0454037853	-0.0312564221	-0.0613282456	-0.1532753476	0.0393945302	-0.0093489385	0.069111857	-0.0322890574	0.0274510239	-0.0116252764	0.0450025803	-0.0481674579	-0.0441217219	-0.0185059767	0.0109528705	0.0645687039	0.0921992522	0.1478942066	-0.0472712925	-0.0056106373	-0.0689069689	0.0237240369	0.0743502728	0.0482078709	-0.0068077925	-0.0221537971	0.0620159664	0.0329230146	0.1549835836	0.0523931477	-0.0513219245	0.0583685923	0.0094652336	-0.0319837643	-0.0008414222	-0.0611964366	-0.0023762971	-0.0097384947	0.0643474043	-0.0401348981	-0.0746664842	0.0127634199	0.009236203	0.0696296036	-0.027463687	-0.085122247	0.0455676225	0.0449935716	0.0342343888	0.0407840006	-0.070350448	0.0081738912	-0.0120412248	0.0232252515	-0.0432439686	0.0554968822	-0.014639185	-0.0270976216	0.0348620696	-0.0862279161	-0.0306763474	0.0415022394	-0.0077747347	0.0602591199	0.11206008	0.090582166	0.0884782721	0.0850079043	0.0802246594	0.0742024108	0.0670341672	0.0054034113424563	0.0050034181485898	2.5034193169637785e-05	2.919685413578539e-05	0.0165418658765901	0.0162220462944873	0.000273633326679	0.0002631547859804	-0.0006204204658004	0.0283458857455514	0.0008034892386998	3.849215543839853e-07	0.0002919051824831	-0.0002819719606749	8.520863556049192e-08	7.950818660684734e-08	0.0006753256660936	0.0001392283978135	4.560647552847646e-07	1.9384546757714225e-08	-0.0011980991684944	0.0002070550850636	4.287180825073597e-08	1.435441617546973e-06	0.0	0.0	0.0	0.0	0.0	0.0	0.0	0.0	0.0	0.0	0.0	0.0	0.0	0.0	0.0	0.0
3982.999657421938	-3.368392737218528	11.346069632146529	15864286.271023275	4804.858874905494	-16.05801293157765	23086668.807758093	257.85977931071506	4530.619570050921	-0.2487647646958066	0.06188390815416	20526513.68852839	4648.728197437328	3415.5408793761667	0.99743	17.918499	0.0528214606613757	0.0293001918954839	-0.0146613637	0.0372654206	-0.0454482611	0.0308171748	-0.0643648971	-0.0948267625	0.0039017079	-0.0615273632	-0.0271624995	0.0371513195	0.0821144688	-0.0067037985	-0.0782078944	0.0047795315	-0.0492358862	0.0260090828	0.0099530882	-0.0416011059	-0.0173169112	-0.0687030374	-0.0468776205	0.0181110858	-0.0244677778	0.006690965	0.0096165005	0.0153385011	0.0346021534	-0.0735602025	0.0571988639	0.0404808722	0.026166635	0.1135072744	0.0659766775	0.1092964548	0.018792681	-0.0062610518	0.0854605063	0.0098924977	0.0276053587	0.0762483455	-0.0012104001	-0.0696825803	-0.0025298902	-0.0460878419	0.0585896817	0.0430929916	-0.007429029	-0.0109401417	-0.004456498	-0.0390229996	0.01505177	-0.0476426156	-0.0061390116	-0.0377738138	0.0445862183	-0.093883635	0.0222418117	0.0080517399	-0.0310890498	-0.0856279585	0.066179399	-0.0297397979	-0.0372237723	0.0866113032	0.0021875683	0.0543337488	-0.0029212143	0.0300191466	0.0223035841	-0.0632592753	0.0087379952	0.032824062	0.0199207241	-0.1081071881	0.0180311128	-0.0475096218	0.0021737387	0.0412432342	0.0104391943	-0.0255794372	-0.0042136197	0.0904261954	0.0878597406	0.0836361352	0.0778350419	0.0705658771	0.0619657467	0.0002938442979569	-0.0051095670444994	2.610767538223433e-05	8.634447144178345e-08	0.0003553765558592	-0.0161864893207309	1.262924964543471e-07	0.0002620024365301	-0.0247229796182608	-0.0241025591524604	0.0005809333576978	0.0006112257212049	0.0003539225144665	6.201733198340001e-05	1.2526114624628994e-07	3.8461494663392505e-09	0.0007267947642126	5.146909811899996e-05	5.282306292868488e-07	2.649068061183245e-09	-0.0011631286957231	3.4970472771300026e-05	1.2229339658482363e-09	1.3528683628145198e-06	0.0	0.0	0.0	0.0	0.0	0.0	0.0	0.0	0.0	0.0	0.0	0.0	0.0	0.0	0.0	0.0
3979.87647108036	-3.1231863415782755	9.754292924221092	15839416.72505906	4820.577142530872	15.718267625377848	23237963.98709111	247.06393714300137	4526.574512663342	-4.045057387578709	16.362489268805085	20489876.81869337	4643.447265893286	3416.751644978481	1.004145	18.039137	0.0479752986783932	0.0274997639887792	-0.0087592028	-0.0608260258	-0.1239940264	0.005371794	-0.0275753032	-0.1339073984	0.0202323328	-0.0717126009	0.0230354099	-0.101009632	0.0208453419	-0.0115935982	0.0869915077	0.0320938271	-0.0197139229	0.0665453659	0.0581970452	-0.1098019562	-0.0627170748	-0.0146920944	-0.112090386	0.0393078845	-0.0194060756	0.0755823149	0.0603388608	-0.0204803262	0.0149190057	0.0222187532	-0.0739357743	0.0405194612	0.004084389	0.0331946351	-0.0521304205	0.0960020483	-0.0129561458	-0.0134561707	-0.086653	-0.0388963917	-0.0240289069	0.0923982392	0.0242112314	-0.0300830779	0.0763161792	-0.1021264496	-0.0524772341	0.10020563	-0.0026965235	-0.0141951042	0.0148692814	0.0669378032	-0.0065076817	-0.0081773531	0.0210796754	-0.0026492192	0.0114211353	-0.0183043049	-0.0468955558	0.0108733869	0.0056376045	0.0256012094	-0.082966706	-0.0513351593	-0.102473295	0.0677173985	0.0189916035	0.0318964766	0.0299573813	0.0110930554	-0.0145967894	-0.0365859848	0.0609642216	-0.0129257508	0.07164436	-0.0287155426	0.0103909603	-0.0257750045	-0.0587405347	0.0159093043	0.0009783581	0.0187820537	0.0536514704	0.0902547308	0.0871809944	0.0821354052	0.075232084	0.0666271694	0.0565152869	0.0004239810178603	0.0001301367199034	1.6935565867215993e-08	1.7975990350585605e-07	0.0002405179128146	-0.0001148586430446	5.784886638469152e-08	1.3192507882046842e-08	-0.045062241650406	-0.0203392620321452	0.0004136855800122	0.0020306056225595	0.0001439098261186	-0.0002100126883479	2.0710038053485684e-08	4.4105329267112177e-08	0.0005979014324086	-0.000128893331804	3.574861228762557e-07	1.661349098353604e-08	-0.0013720435012372	-0.0002089148055141	4.364539596299424e-08	1.8825033692872344e-06	0.0	0.0	0.0	0.0	0.0	0.0	0.0	0.0	0.0	0.0	0.0	0.0	0.0	0.0	0.0	0.0
3977.637442721319	-2.2390283590407307	5.013247992588627	15821599.625738597	4802.910359044229	-17.666783486643	23067947.917014368	312.1152387639217	4529.192399161203	2.6178864978610363	6.853329715683122	20513583.78861961	4646.346506911058	3395.615946316789	0.848118	15.236156	0.0542175995778981	0.0363387046621442	-0.0091169064	-0.0710725385	-0.1084874232	-0.0104663905	0.0406801816	-0.133371453	0.0095026976	0.0011039848	0.0172279654	-0.0069615718	-0.0095325947	-0.0048737184	-0.0784012585	-0.048915396	0.0047947381	0.0998454411	0.0631525097	-0.0592762204	-0.0552288412	0.0407132065	-0.0660925615	0.0624368356	-0.0086854614	0.0192937169	-6.48355e-05	0.0298214372	0.1536016934	0.0086760057	0.0096533537	-0.0041588564	0.0139436332	-0.0776237631	-0.0516234405	-0.0122562865	0.0585501394	-0.0131748269	0.0716142591	0.0532992115	-0.0455580095	0.0908412558	0.0623929477	-0.0236587316	0.0405217232	-0.0821189199	-0.0695179375	0.0208202681	-0.0291022259	-0.0436210697	0.0017439311	0.0691047839	-0.009650955	-0.0475902788	-0.0576893806	0.0423962153	0.0294995189	0.0456815424	0.0184464674	0.0125634431	-0.0497906384	0.0105730941	0.0790913535	0.0199749851	-0.1156129247	0.0389713185	0.0376662061	0.0088642806	0.0120931306	0.0378049689	0.0033840815	0.0113562279	0.1059139122	-0.0301209299	0.0583809574	0.0384062489	-0.0154445052	-0.0114767955	-0.0732419676	-0.0394755537	-0.0321232013	0.0311671026	0.0116585459	0.0900678015	0.0864424987	0.0805080284	0.0724229201	0.062403154	0.0507163915	0.0001601344605148	-0.0002638465573455	6.961500582307223e-08	2.5643045444366042e-08	-8.45759655163647e-05	-0.0003250938783309	7.153093943025311e-09	1.0568602972826809e-07	-0.0591059358619077	-0.0140436942115017	0.0001972253471061	0.0034935116541119	0.0001211715967492	-2.273822936939999e-05	1.4682555858750737e-08	5.170270748554442e-10	0.0004679553599757	-0.0001299460724329	2.1898221892998698e-07	1.688598174073649e-08	-0.0007330285044251	0.0006390149968121	4.083401661507682e-07	5.373307882996989e-07	0.0	0.0	0.0	0.0	0.0	0.0	0.0	0.0	0.0	0.0	0.0	0.0	0.0	0.0	0.0	0.0
3977.863723077839	0.2262803565199647	0.0512027997468023	15823399.799378688	4787.44423257151	-15.466126472719225	22919622.279982213	239.2010680701464	4525.751301356724	-3.4410978044788862	11.841154099989412	20482424.84173208	4640.769677600232	3409.5727073646926	0.932328	16.748966	0.0331740464999417	0.0182286898991179	-0.0116814679	-0.1207636216	-0.0366310616	-0.0308930031	0.0657065798	-0.0372674895	0.0768199358	-0.0166275152	0.0160092107	-0.0130628017	0.0556795237	-0.0170603738	0.0452532132	0.0938787749	-0.0059430046	0.0650911645	0.0602094538	-0.0416597525	-0.0618814979	0.0342469512	0.046659588	0.0773731318	0.1635998655	0.031486224	-0.0204070419	0.0036901576	0.0494795761	0.029544157	-0.1153101616	0.0928385094	0.0098298934	-0.0218030572	-0.0113917455	-0.0865917978	0.0065529277	-0.0185315655	-0.0402776946	-0.0958613034	-0.0296532808	0.0696738912	0.0353450408	0.0279488431	0.1004436984	0.0124274446	-0.0369062459	-0.0465862284	-0.0583570255	-0.0286935927	0.1573209582	0.1068746831	0.0050800041	-0.0630035628	-0.0937037276	-0.0550043161	-0.1367111563	-0.056960407	-0.0488415864	0.0133562096	0.0104536751	-0.0218890713	-0.0924433071	-0.0012145363	-0.0919461007	0.0075085184	0.0303431973	0.0129432108	-0.0306376619	-0.0181424118	0.0154078114	0.0491202737	0.0900554355	0.0044404633	0.0422725629	0.0029187376	-0.0063162181	0.0073983297	-0.0284481668	-0.0130488836	-0.0109745356	-0.0358975272	-0.0384618759	0.0898654396	0.0856447597	0.0787565141	0.06941525	0.0579119187	0.0446048127	0.0038250777446933	0.0036649432841785	1.343180927624509e-05	1.4631219752947983e-05	0.0002050245217617	0.000289600487278	4.2035054523613794e-08	8.38684422316925e-08	-0.0531207440365975	0.0059851918253102	3.582252118576008e-05	0.0028218134470017	0.0002917205281923	0.000170548931443	8.51008665687945e-08	2.9086938016383213e-08	0.0004408544771801	-2.710088279560003e-05	1.943526700497393e-07	7.344578483008496e-10	-0.0010000649082499	-0.0002670364038247	7.130844096768162e-08	1.0001298207128809e-06	0.0	0.0	0.0	0.0	0.0	0.0	0.0	0.0	0.0	0.0	0.0	0.0	0.0	0.0	0.0	0.0
3982.493523183409	4.629800105569757	21.43504901753373	15860254.6621978	4799.94771452873	12.503481957220174	23039498.06220958	156.33706105453044	4525.798170907156	0.0468695504323477	0.0021967547577303	20482849.08378656	4645.397077690376	3406.4148409683094	1.000359	17.971117	0.0479144986746069	0.0284458825915582	-0.0103641783	-0.0990536605	0.070891657	-0.0408305157	0.0407440826	0.001874107	0.0394734624	0.0486127638	-0.0624941586	-0.0943788712	0.1211488766	-0.0022957705	-0.0098181482	-0.0874163576	0.0975804043	-0.0376094713	0.0536579735	-0.0051944074	-0.0384017576	0.0293977618	0.1703834662	-0.0389853227	0.0811920356	0.0603560902	-0.0537342727	-0.0150560924	0.0720984628	0.0011058226	0.0742358741	-0.0543324506	0.0196834046	-0.0507585494	-0.0323257307	0.0494541568	-0.1023018208	-0.0077387532	-0.0009767664	0.0881140906	-0.1139284127	-0.0257228817	-0.027890441	-0.0077919647	0.093245838	0.0981866332	0.058077989	-0.1533723653	0.0443839248	0.0226244147	0.028769144	-0.016486935	0.0454286752	-0.0695147579	-0.0709095336	-0.0203912673	0.0399345238	0.0183943619	0.0615522968	0.016989424	-0.057294402	0.0947309326	0.0297096571	0.0868458058	-0.0550340031	0.010497382	-0.0066214249	0.0606550079	-0.1151130476	0.026588851	0.0161898975	-0.0145206703	-0.0465551335	0.100582066	0.0314163799	0.1078407786	-0.0401083818	0.0075628659	0.0192289295	0.0248659392	-0.0083383268	0.0099950963	-0.05356483	0.0896476797	0.084788324	0.0768835629	0.0662173176	0.0531726956	0.0382182304	0.0003337557095477	-0.0034913220351456	1.2189329553093215e-05	1.113928736556887e-07	0.00025115922665	4.613470488830002e-05	6.308095713142608e-08	2.1284109951305333e-09	-0.0788894263034905	-0.0257686822668929	0.000664024985772	0.0062235415824938	0.0002918794465291	1.5891833679999032e-07	8.519361130613374e-08	2.5255037771275162e-14	0.000656831791997	0.0002159773148169	4.314280029779902e-07	4.664620051551832e-08	-0.0011560958684498	-0.0001560309601999	2.4345660540902772e-08	1.336557657046697e-06	0.0	0.0	0.0	0.0	0.0	0.0	0.0	0.0	0.0	0.0	0.0	0.0	0.0	0.0	0.0	0.0
3983.685261893948	1.1917387105390844	1.4202411541973596	15869748.265831051	4789.49361296623	-10.4541015625	22939249.06864431	109.28823947906494	4527.476689656575	1.6785187494187994	2.8174251921504503	20498045.17538366	4644.267394214672	3403.0409068329845	1.007005	18.090523	0.0756635681260385	0.0455938059840462	-0.0148647222	0.007806984	0.0654040545	-0.0053704505	-0.0004520348	0.0524890037	-0.0156783219	-0.0105270673	-0.0807201651	0.0193733626	0.0107091993	-0.014748762	-0.00254751	0.089582702	0.006768883	-0.0878201091	-0.0507114351	0.0541540071	0.0158254268	0.0011137666	0.0498214981	0.0351243444	-0.0162233425	0.1121503408	-0.0081188157	0.1097984199	-0.0123878761	0.0397923743	-0.0712036293	0.0764610318	-0.0123074342	0.0304738964	0.0728921302	0.0024641409	-0.0175661423	-0.0178192172	0.0186430984	-0.0915728828	0.0311196221	-0.1039747341	-0.0468229823	0.0340676184	-0.0300064773	0.0099000353	-0.0098699279	0.0138212757	0.0611751467	-0.0905023969	0.102671937	-0.007222624	0.0050299255	0.0133584708	-0.114250443	-0.0293604631	-0.0265549843	-0.0206138103	-0.0583149018	0.0128179734	-0.0124232114	-0.0800700451	-0.0516572252	0.0593495267	0.0171970238	-0.0317345123	0.0099399157	0.0412044119	0.0072309452	0.0520970457	0.0001532557	-0.0998021497	-0.0424145994	0.0694361175	-0.0033514692	0.1003636748	0.0359773178	0.0459262037	0.0104264528	0.0502655787	-0.0604128443	-0.0291356579	0.0135074182	0.0894145591	0.0838737786	0.0748920628	0.0628378881	0.0482057789	0.0315960199	-0.0193835108917852	-0.0197172666013329	0.000388770602228	0.0003757204944919	-2.675643457905608e-05	-0.000277915661229	7.159067913833078e-10	7.723711475638349e-08	-0.0451000959522289	0.0337893303512615	0.0011417188455866	0.0020340186549002	0.0002917360900866	-1.4335644250000224e-07	8.510994625901677e-08	2.055106960625644e-14	0.000653394632601	-3.4371593959999945e-06	4.269245459117958e-07	1.1814064713511048e-11	-0.000722095274044	0.0004340005944057	1.8835651594458762e-07	5.214215847966795e-07	0.0	0.0	0.0	0.0	0.0	0.0	0.0	0.0	0.0	0.0	0.0	0.0	0.0	0.0	0.0	0.0
3985.218046146512	1.5327842525639426	2.3494275649080043	15881962.87533182	4796.432341544859	6.9387285786287975	23005763.207017496	48.145954287880016	4530.20987047468	2.733180818105211	7.470277384458271	20522801.47054622	4647.552575817737	3425.795111822168	1.008676	18.120533	0.074110991608699	0.0468891837218412	-0.0129429623	0.0800152355	-0.0169164066	-0.0078738395	-0.060781934	0.0537772942	-0.0786063685	-0.001412153	0.0336491273	-0.0520128587	0.0373072471	0.0004773018	0.0611399258	-0.0837402113	-0.107952058	-0.0720884924	-0.0899340643	0.0487149672	0.0961353338	-0.0176806742	-0.0128012944	0.041220512	0.042152719	-0.030031788	-0.070905228	0.025606516	0.0681871546	-0.0327038632	-0.0247422685	-0.1481091012	0.0351883965	0.0456270987	-0.0335552246	0.0513523758	-0.0002327364	0.0002947306	-0.0729915298	0.0767788249	0.1075026425	-0.0315975396	-0.0228597044	0.0042850037	-0.1012838732	0.0807812729	-0.027450351	0.0024310093	-0.1149293937	0.0008280214	0.0268126143	-0.0057969045	0.0466017084	-5.2498e-06	-0.0814880963	-0.0725668163	0.1291192878	-0.0656887886	-0.0660468408	0.0098769518	0.0121999335	0.0964549687	-0.0058449363	-0.0264900308	0.0695141813	-0.0486187582	0.0163351968	0.0103905215	0.0623792991	0.0625769323	-0.0555575762	-0.0480428958	-0.0412217373	0.0844558773	0.0207461486	0.0105123284	0.0278000836	-0.0397197643	0.0406603892	0.0542377963	0.0112135829	-0.0034632982	0.0336438878	0.0891661178	0.0829017503	0.0727850846	0.0592862243	0.0430324377	0.0247790096	-0.0194412218859127	-5.771099412749808e-05	3.330558843184118e-09	0.0003779611084172	8.393450279697845e-05	0.000110690937376	7.045000759775983e-09	1.2252483617185196e-08	-0.0023696606030156	0.0427304353492133	0.0018258901051332	5.615291373484257e-06	-4.3776870886144486e-05	-0.0003355129609727	1.9164144245821648e-09	1.1256894698069836e-07	0.0007870120875477	0.0001336174549467	6.193880259461887e-07	1.7853624266433414e-08	-0.0005669826034038	0.0001551126706402	2.405994059313518e-08	3.214692725625507e-07	0.0	0.0	0.0	0.0	0.0	0.0	0.0	0.0	0.0	0.0	0.0	0.0	0.0	0.0	0.0	0.0
3978.028880612012	-7.189165534499807	51.684101082439895	15824713.774983255	4796.65571741904	0.2233758741813289	23007906.07144877	0.0498967811662729	4528.922738211496	-1.2871322631845032	1.6567094629304613	20511141.168689117	4644.684768173721	3409.674865182522	1.030283	18.508696	0.0221824764740953	0.010617519807379	-0.0065068343	0.07725168	-0.0259650762	0.0015165135	-0.036745024	-0.0484008367	-0.0044006869	0.0294527176	0.014139891	0.0675702521	0.039112828	0.0048485622	-0.0658608775	0.0576232961	-0.0515317975	0.0277041019	-0.0168941907	-0.0540589981	-0.020776775	-0.0425752126	-0.0083585439	0.0019803009	-0.0208198045	-0.0400766508	0.0059870026	-0.0470627861	-0.0284799483	-0.098801953	-0.1174552371	-0.0070823878	-0.0499256427	0.046539179	0.1381011494	-0.077742949	-0.0099623882	0.0030524892	0.076149604	-0.0506231793	0.0319196383	0.0531603974	0.0143189409	-0.0060172898	0.0415165792	0.0289564559	0.0319279929	0.0774368984	-0.0183262129	-0.0052028558	0.0070327992	-0.0298878422	0.0007291544	0.0196005481	0.0491532182	-0.0712008817	-0.0083041015	-0.1992549442	-0.0480745719	0.0070359655	-0.0565935353	-0.0817091524	0.0494705164	-0.049421912	0.0211166967	0.0714876172	-0.0273385183	0.0140444257	-0.0298330211	0.0266846904	0.0164678542	0.0457604737	-0.0605495754	0.0163398877	0.0405857974	-0.0298074173	-0.048449505	-0.0308274579	0.0169762627	0.1230525274	0.0058447038	0.1019380908	0.0711145628	0.0889023983	0.0818729053	0.0705658771	0.0555720611	0.037674825	0.0178092284	-0.0194840173491854	-4.27954632726997e-05	1.831451676724989e-09	0.0003796269320633	0.0021310702217078	0.0020471357189108	4.541460289849731e-06	4.190764651640525e-06	-0.0085156443117568	-0.0061459837087412	3.777311574811224e-05	7.251619804435595e-05	6.916835318026909e-05	0.0001129452240664	4.784261081670441e-09	1.2756623639412367e-08	0.0007209839888089	-6.60280987388e-05	5.198179121187921e-07	4.359709823060722e-09	-0.0004670246945456	9.995790885819998e-05	9.991583543304214e-09	2.1811206531541097e-07	0.0	0.0	0.0	0.0	0.0	0.0	0.0	0.0	0.0	0.0	0.0	0.0	0.0	0.0	0.0	0.0
3984.900538195351	6.871657583339129	47.21967794266216	15879432.2993096	4814.162241289692	17.506523870652018	23176158.085459396	306.4783780337089	4527.765241350447	-1.157496861049367	1.3397989833391375	20500658.080781262	4644.446161089887	3450.766690234519	1.087724	19.540613	0.0383874982757784	0.0226288251526	-0.0019783484	-0.0673900235	-0.1225843736	0.0052739508	-0.0117993236	-0.1224390923	0.0278589982	0.033378897	0.0089431539	-0.0678585334	-0.051418788	-0.003561099	0.0968355075	-0.0062875247	-0.0649223669	0.0513638299	0.0462359129	-0.0712353747	-0.0201543859	-0.074306588	-0.07939493	-0.0311565732	-0.0275103227	0.0516411539	0.0519183175	-0.0362534326	0.013524147	0.0635922082	-0.0786130419	0.0695672957	-0.1025075261	0.0424074163	-0.0567729918	-0.0948301637	-0.0151672685	-0.0024261173	-0.0956220765	-0.0029410816	-0.0089613642	0.1015760068	-0.0208632153	-0.0337169175	0.0024257419	-0.055010282	-0.0137138285	0.115648311	0.0155526414	0.0352107345	0.0156420471	0.0526071169	-0.0635010385	0.0055450274	-0.0019459008	0.0060636766	-0.0872020046	0.0182814425	-0.0653061644	0.0036252597	0.0080969489	0.0540485798	-0.055374488	-0.0598025134	-0.082536369	-0.0201346683	0.0707092652	0.0037551106	0.0627667283	0.0135242672	-0.0014742371	-0.0225792478	0.0335817613	-0.0387318118	0.0143057883	-0.0130240111	-0.0151563923	-0.1236164435	0.0158968859	0.0164620937	-0.0344881017	0.0378860358	0.043357805	0.0886234459	0.0807879487	0.0682378621	0.0517055788	0.0321558829	0.0107296473	-0.019502488520672	-1.8471171486601767e-05	3.411841760874501e-10	0.0003803470584989	4.699194907686888e-05	-0.0020840782726309	2.208243278043038e-09	4.343382246452325e-06	-0.0090557886877462	-0.0005401443759894	2.917559469129788e-07	8.200730875711206e-05	0.0002910597635324	0.0002218914103521	8.47157859475366e-08	4.9235797988057755e-08	0.000362951182621	-0.0003580328061879	1.317335609659825e-07	1.281874903067824e-07	-0.0003320528219722	0.0001349718725734	1.8217406385970124e-08	1.1025907657970157e-07	0.0	0.0	0.0	0.0	0.0	0.0	0.0	0.0	0.0	0.0	0.0	0.0	0.0	0.0	0.0	0.0
3986.362111798912	1.461573603560737	2.1361973986255185	15891082.88638588	4792.093176072644	-22.069065217047864	22964157.008162003	487.0436395543119	4528.36726343064	0.6020220801938194	0.3624305850408935	20506110.072510306	4644.948575667497	3425.106225838	1.07497	19.311493	0.0503348888554883	0.0238415785227104	-0.009236226	-0.0444529911	0.0761660387	-0.0071960135	0.0061193268	0.0630210197	0.0795558087	0.0261482861	-0.0439634903	-0.0240606518	0.0358728213	-0.0056350544	-0.0900280125	-0.009615659	0.0120067263	-0.0589622158	-0.0027670947	0.0092382311	-0.1445691255	-0.0282239685	0.0131986935	-0.0892441884	0.0806689494	0.1121154555	0.0614652792	0.0354060053	0.0103770069	0.0312026081	0.028486936	-0.0476967642	0.0330305332	-0.0184129839	0.0503467118	0.0081982258	0.0271815735	-0.0058992534	0.0805384456	0.0136816231	0.0130990632	-0.041551196	-0.0651717799	0.0181097812	0.0986179951	-0.0873589374	0.0687414003	-0.0141991508	0.0239444528	0.0740270227	0.1094964678	-0.0587744747	-0.0077080962	-0.0880762817	0.0064792823	0.0019029237	-0.0075078449	0.0039999701	0.0233771562	0.0069872993	0.0256083877	-0.0485115112	0.0875411718	0.0568988519	-0.0142925734	-0.0413683113	0.0364104129	0.0002439327	-0.0207978594	-0.064896809	0.0399529702	-0.0083319709	-0.0473478046	0.0276724088	0.0239492148	-0.0131964443	-0.0217658661	-0.0652873656	-0.0609577657	-0.0329467493	-0.0300435712	0.012568844	-0.0308072588	0.0883293083	0.0796476241	0.0658046293	0.047697375	0.0264992443	0.0035839144	-0.0105696082500514	0.0089328802706206	7.979634992924279e-05	0.0001117166185595	-0.0025208447693927	-0.0025678367184695	6.354658351374536e-06	6.5937854127205645e-06	-0.001103291485343	0.0079524972024032	6.324221175423074e-05	1.217252101630363e-06	0.0005776233748373	0.0002865636113048	3.33648763158432e-07	8.211870332410579e-08	0.00063988899116	0.000276937808539	4.0945792100776257e-07	7.669454979838384e-08	-0.0003861848954082	-5.413207343599999e-05	2.9302813744804954e-09	1.4913877344144238e-07	0.0	0.0	0.0	0.0	0.0	0.0	0.0	0.0	0.0	0.0	0.0	0.0	0.0	0.0	0.0	0.0
3990.245696086043	3.883584287131271	15.0822269152529	15922060.71513319	4820.252197265625	28.159021192980617	23234831.24524409	792.9304745467316	4526.930276779902	-1.4369866507386178	2.0649306344009903	20493097.73082656	4644.0533286293785	3444.1108028445624	1.073461	19.28438	0.1396702043719165	0.0675868089407442	-0.0138567023	0.0777019425	-0.0081193113	-0.0101726083	-0.1302656184	0.0765897702	0.0472610142	0.0231731679	0.0039308232	-0.0198043914	-0.0004415185	-0.0205942143	0.069609109	0.051296105	-0.0772932339	0.0152174813	-0.0896995235	0.021747418	-0.0468286358	-0.0100161764	0.0303984321	-0.0570125832	0.0607438855	0.074198945	-0.0362082373	0.0062778286	0.0126562432	-0.0540713588	-0.1224147954	-0.1252253028	-0.0713986016	-0.1393389307	0.0138440086	-0.0362956816	0.1072823862	-0.0121301333	-0.0649459905	-0.0665577304	0.1296478538	-0.0124101559	0.0247969304	-0.0001825181	8.68977e-05	-0.0226641772	0.0009729727	-0.0162070287	-0.0008518723	0.0396771764	0.0638927145	-0.0080162542	-0.0081466655	-0.0107787876	-0.0290657655	0.0209138144	-0.0590495464	-0.03623655	-0.0362162609	0.0125884185	0.0377356571	-0.0071479136	-0.0568733142	-0.092748087	0.0945795861	-0.0925556531	0.0555779388	-0.1733084006	-0.0148768845	-0.0257605408	0.0077140391	-0.0197253492	0.0618808765	-0.0084355966	0.1179320034	-0.041861762	-0.0161073604	-0.0698663797	-0.0433787624	-0.0529785415	0.0628584835	0.0363088779	-0.0522171678	0.0880200359	0.0784527129	0.0632699305	0.0435584361	0.0207291319	-0.0035839144	0.0099503105555953	0.0205199188056467	0.0004210670677903	9.900868015279124e-05	2.8457495162115265e-05	0.0025493022645548	8.098290309018136e-10	6.4989420360643095e-06	0.012905345165457	0.0140086366507999	0.0001962419008141	0.0001665479338395	-0.0003170488927047	-0.000894672267542	1.0052000036527637e-07	8.004384663087439e-07	0.0002539389708315	-0.0003859500203285	6.44850009069614e-08	1.489574181915696e-07	0.0003850397497396	0.0007712246451478	5.947874532833501e-07	1.482556088795338e-07	0.0	0.0	0.0	0.0	0.0	0.0	0.0	0.0	0.0	0.0	0.0	0.0	0.0	0.0	0.0	0.0
3982.240029842752	-8.005666243291216	64.09069199897249	15858235.655282002	4792.3370006930445	-27.9151965725805	22966493.928211607	779.25819968581	4507.7793855212985	-19.150891258603224	366.75663599884535	20320074.988530777	4622.515526002318	3342.4758602131083	2.151035	38.642643	0.0974972361130145	0.0558630863077014	0.2225890873	0.0840701761	0.0321162508	0.1740063984	-0.061904333	-0.0046641822	-0.0140351267	0.1197619429	0.0325170959	-0.0636247607	0.123651321	0.1912872418	-0.0404291268	-0.0727622025	-0.0212378382	0.1420944363	-0.0694657013	0.2234649556	0.0555403899	0.0004996529	0.0517090853	0.0018130724	0.1435095135	-0.0078611212	-0.1221828922	-0.2262354669	-0.0427036315	0.0444860058	0.2264228123	-0.1289961581	-0.1613229213	-0.0186975972	-0.0227715384	-0.238222707	-0.0333919146	0.1966057577	0.0403554508	0.0776902833	0.0250320314	0.0464607789	0.1501201841	0.1187586594	-0.1382472523	0.0226739213	0.1009448427	-0.1185977546	-0.0619624609	0.0859448465	0.0434403664	-0.0618871873	0.0280686463	0.0649705776	0.1000739024	-0.1808202498	-0.0204857693	0.2895617811	0.014738408	-0.1689992286	-0.0152837622	0.0286979389	0.1443419687	-0.158960008	0.1168544026	-0.2196695299	-0.0742052769	0.0263727954	-0.1144917835	-0.0447547198	0.1350568538	0.1082188217	0.071504186	-0.1037928927	-0.0173570309	0.0133026011	0.0761297662	0.1419539652	0.0082262768	-0.1930181101	-0.0256272357	0.0063144211	0.3194430831	0.0876956817	0.0772040342	0.060637674	0.0393001065	0.0148702542	-0.0107296473	0.0092603884701816	-0.0006899220854136	4.759924839415881e-07	8.575479461867231e-05	0.0388574664523559	0.0388290089571937	0.0015099026990959	0.0015076919365978	0.0127965531706095	-0.0001087919948474	1.183569814289846e-08	0.0001637517730482	0.0002540191046248	0.0005710679973295	6.452570551438509e-08	3.261186575739258e-07	-5.791627957019152e-05	-0.0003118552504016	3.3542954392525843e-09	9.725369720310172e-08	0.0006595067635196	0.00027446701378	7.533214165331071e-08	4.349491711280976e-07	1.0	0.0	0.0	0.0	0.0	0.0	0.0	0.0	0.0	0.0	0.0	0.0	0.0	0.0	0.0	0.0
3986.601742779225	4.361712936472941	19.024539740195404	15892993.455530353	4804.661623062626	12.324622369581448	23084773.312130783	151.89631655278745	4528.174573989141	20.395188467842672	415.9637126388228	20504364.97252174	4647.521650712569	3402.2161842278674	1.917208	34.442009	0.1463838804915319	0.0697894464580103	0.0434152521	0.052788527	-0.0573057859	0.0239463479	-0.0623254163	-0.0870980815	0.0241742895	0.0537878733	-0.0564318291	0.08780969	0.0434643639	0.0128465384	0.0065717559	0.0889943029	-0.1067946182	0.0468715194	0.0211071565	-0.0217419427	0.0007301391	0.0243790139	0.0860920832	-0.0182608	0.055977697	0.145631682	-0.0225310881	0.1109773147	-0.0391661934	-0.1139908022	0.0781015033	-0.0533206569	0.0195850361	0.0702326647	-0.0520334581	-0.0505327255	0.020654025	0.0210997879	0.004100777	-0.0901073727	0.0565270448	0.0968424832	-0.0389308246	-0.0419416041	-0.0278160322	0.0148313133	0.0249956353	-0.0905348338	0.0831457269	-0.0085451467	0.0170546065	-0.1520222524	0.0179592579	-0.0371780527	-0.0726459139	-0.0341550865	-0.07290439	0.0453632911	-0.073953164	-0.0599902616	0.026180523	-0.0919820345	-0.0248480171	-0.1348259524	-0.0071212278	0.000188217	0.0092000253	0.0071017468	-0.0719274199	-0.0164822035	-0.0914961117	-0.1178399812	-0.0033323257	-0.1172131508	-0.098743566	0.1336922684	-0.1660297687	-0.0175917491	0.1718951007	-0.117870544	0.0411697171	-0.2023655459	0.1024177428	0.0873563013	0.0759024438	0.0579119187	0.034934058	0.0089476998	-0.0178092284	-0.0196798082376687	-0.0289401967078503	0.000837534985489	0.0003872948522714	0.0016424113551494	-0.0372150550972065	2.6975150595236884e-06	0.0013849603258881	0.0061414812439863	-0.0066550719266231	4.428998234852822e-05	3.771779187023551e-05	-0.0003169999875584	-0.0005710190921832	1.0048899211202576e-07	3.260628036377258e-07	2.9005498447531863e-08	5.794528506863905e-05	8.413189401897733e-16	3.3576560616858437e-09	-0.0001829999944256	-0.0008425067579452	7.098176371833318e-07	3.348899795976964e-08	0.0	1.0	0.0	0.0	0.0	0.0	0.0	0.0	0.0	0.0	0.0	0.0	0.0	0.0	0.0	0.0
3985.782162120794	-0.819580658430823	0.6717124556739013	15886459.443880312	4793.541698824974	-11.119924237651505	22978042.01837382	123.65271505110935	4514.880094982329	-13.294479006812251	176.74317206257172	20384142.272067644	4633.304072319283	3471.8274793596747	1.360892	24.447975	0.1522373008570517	0.0721104584233246	-0.0018982504	-0.1263784277	-0.0352361675	0.0622534397	0.0517503593	-0.0415059503	0.1211931856	0.0124054424	0.0099718187	0.0127952288	-0.0112912109	0.121709769	0.0319639786	-0.0863617281	-0.012729149	0.0003622824	0.026820717	0.0206813847	0.0111502223	0.0568399681	0.112656585	0.3617177292	0.024404675	0.0444875724	0.0936809321	-0.0032596794	-0.0718133397	-0.01020538	0.0319680796	0.0074637018	-0.0160112992	-0.0891201146	-0.2764810565	-0.0993446857	-0.0162565962	0.1169185474	-0.039963184	0.0874007639	-0.0154801587	0.050575519	-0.0322526119	0.0342788517	0.0163596198	0.0588096964	0.0055799393	-0.0822528988	-0.0729760126	-0.3516217129	0.0654917927	0.0635224396	0.1155251217	-0.0144642767	0.0730883006	0.075161716	-0.1340851335	0.1732263931	0.0050170043	-0.050421982	0.0532839315	0.0919040988	0.0191269721	0.0154392051	-0.0860400571	0.0074913883	0.053933942	-0.0383157694	0.0257294232	0.0725350925	0.0291735252	0.13708516	-0.060239537	-0.0086437894	-0.0137829025	-0.0617459215	0.0309028408	0.1542215024	0.2741616336	-0.1322612357	-0.0746738946	-0.1065448765	-0.0698063479	0.0870019529	0.0745488335	0.0550968674	0.0304722578	0.00298683	-0.0247790096	-0.0084110375202612	0.0112687707174075	0.0001269851934815	7.074555216724167e-05	0.0291493881924367	0.0275069768372873	0.0008496868319933	0.000756633774727	-0.008716714218508	-0.0148581954624943	0.0002207659724016	7.598110676713954e-05	0.0004802048122335	0.0007972047997919	2.30596661692211e-07	6.355354928112433e-07	0.0004512822783755	0.000451253272877	2.036556947757823e-07	2.036295162822516e-07	-0.0009066090785539	-0.0007236090841283	5.236101066329971e-07	8.219400213163516e-07	0.0	0.0	0.0	0.0	0.0	0.0	0.0	0.0	0.0	0.0	0.0	0.0	0.0	0.0	0.0	0.0
3989.594497693685	3.812335572890788	14.533902520328532	15916864.256027725	4806.534006426411	12.99230760143655	23102769.154933527	168.80005681034598	4530.000946408227	15.120851425897854	228.64014784407715	20520908.57445943	4647.69164556147	3442.209074644916	1.22876	22.074266	0.0534969393203495	0.0305684239299812	-0.0062333709	0.0200676195	0.0503340383	0.0164128879	-0.0534081149	0.1260453509	0.1099278684	-0.0402545819	-0.0502919339	0.0590043078	-0.1078451676	-0.0171715358	-0.0746572098	0.0519596307	-0.0284637242	-0.0793736962	-0.0104957263	0.0392943885	0.0087832349	-0.0150805561	0.0450951048	-0.0153444038	-0.08181372	0.0499998374	0.1146696404	0.0719707855	-0.0063815666	0.0090323834	0.0145398158	0.1202916351	0.0987850514	-0.0032540709	-0.0383671524	-0.028196156	0.0500712651	-0.0116709738	0.0804449606	-0.0534173278	0.0790328182	-0.0550183047	-0.086900692	-0.0001673719	-0.0175937374	-0.0075329692	0.0529578668	0.0019927629	0.1046986083	-0.047307401	-0.0114009109	0.0409257112	-0.0632108068	-0.0636966508	0.0035101517	0.1038659793	-0.0438490218	0.063754443	0.0053524585	0.0025202814	0.0457506596	-0.0968313353	-0.0043783575	0.0672135631	0.0346795601	-0.0060891411	0.0133850441	-0.0327022027	0.0467051505	-0.0064328354	0.033561808	0.0144967762	-0.0960862165	-0.1106057984	0.0340530299	0.0395052959	0.0135064673	-0.0203973577	0.1083071374	-0.0172090087	0.0309882949	-0.0635502249	-0.0554730636	0.0866326972	0.0731441312	0.0521968607	0.0259269352	-0.00298683	-0.0315960199	0.0122762247365244	0.0206872622567855	0.000427962819681	0.0001507056937816	0.029083949807088	-6.543838534870186e-05	0.0008458761363812	4.282182277045198e-09	0.0130026893843222	0.0217194036028302	0.0004717324928626	0.0001690699312251	0.0005157338517403	3.552903950680003e-05	2.6598140583088576e-07	1.262312648275757e-09	0.0005617858552342	0.0001105035768586	3.156033471412215e-07	1.2211040498566604e-08	-0.0008321449934117	7.446408514220004e-05	5.5448999760648165e-09	6.924652900601582e-07	0.0	0.0	0.0	0.0	0.0	0.0	0.0	0.0	0.0	0.0	0.0	0.0	0.0	0.0	0.0	0.0
3993.0804593142257	3.48596162054082	12.15192841988358	15944691.554557107	4823.487825455204	16.953819028793077	23266034.80231457	287.43197966106624	4529.156708126977	-0.84423828125	0.7127382755279541	20513260.486771595	4646.019883778331	3462.108271190902	1.046011	18.791246	0.0545857559534344	0.0272291457009411	-0.0117922099	0.066972056	-0.0135209701	0.0204518552	-0.1592906851	0.0232625284	0.0529073053	-0.0222449802	0.0990734454	-0.0094802824	-0.0428536986	-0.020840248	0.0894100665	-0.0495601551	-0.0765186688	-0.0001672229	-0.0921957786	0.0550960367	0.0024132318	-0.0319661976	-0.0100979858	0.0301716978	0.0617865455	-0.0652611172	-0.0123075094	-0.0977148105	-0.0081730026	0.1399355593	-0.0738558695	-0.0199481504	0.0027304648	0.1301697801	-0.0288268394	0.0418281354	0.0401964126	-0.0136322216	-0.0907605756	0.0347012489	0.1222277919	-0.0123101883	0.0217454291	0.0204609626	-0.0099231835	0.0196579535	0.0542484497	-0.0063474927	-0.1024351023	-0.0006577783	0.0388644079	0.0770384307	-0.0582979139	0.0524874845	0.0432190981	-0.0637022703	0.0876441425	0.0577918606	-0.0766483227	0.0085668918	0.0250017346	0.0750675996	-0.0041152243	-0.0711779306	0.0780923623	0.010407832	0.0306591578	-0.0118215427	0.0060117457	0.0490236507	0.0330878687	0.129251293	-0.0958552914	-0.0357112197	0.0461161216	0.0442028347	0.0245690357	-0.1255511663	0.0906112618	-0.0200376062	0.0356599229	-0.0183776443	0.0259232765	0.0862485974	0.0716892996	0.0492163702	0.0213105486	-0.0089476998	-0.0382182304	-0.0039364461175779	-0.0162126708541023	0.0002628506962234	1.5495608036594124e-05	0.0375518543039419	0.0084679044968539	0.0014101417616644	7.170540656783856e-05	0.012924846560999	-7.784282332320112e-05	6.059505142927105e-09	0.0001670516586253	0.000360113466373	-0.0001556203853673	1.296817086631778e-07	2.421770434186696e-08	0.0004889164392318	-7.286941600239999e-05	2.390392845511024e-07	5.309951788530828e-09	-0.0004640880391983	0.0003680569542133	1.3546592154484477e-07	2.153777081269229e-07	0.0	0.0	0.0	0.0	0.0	0.0	0.0	0.0	0.0	0.0	0.0	0.0	0.0	0.0	0.0	0.0
3989.445746886561	-3.6347124276644536	13.211134431818426	15915677.367351271	4815.211437594506	-8.276387860698378	23186261.188740943	68.49859602071548	4532.66081237793	3.504104250952878	12.278746601546027	20545014.040066555	4649.839171960852	3444.1051972425794	1.138246	20.448225	0.0866020501386652	0.0436590105917052	-0.0153834632	0.0073718577	-0.1562372144	0.0219708795	-0.0351623559	-0.123930942	0.0422446074	0.0772968708	-0.0244338695	0.0778363858	0.0031959241	0.0071355597	-0.0812878461	-0.0290954753	-0.1313121758	-0.0350874792	0.0652346185	-0.0373690925	-0.0268438862	-0.0137694959	-0.0456179726	0.0223924987	0.0035185589	0.0106092087	0.0434429738	0.011906027	0.0393578818	-0.0137923929	0.0409422755	0.0041235973	0.1618824261	0.0347711006	0.0134530725	-0.0454438417	0.0652116357	0.0034851092	0.0827263137	0.0338950515	0.0515182251	0.1027662894	-0.0869930715	-0.0006524384	-0.0189321949	-0.0746004484	-0.0481710974	0.040291197	-0.0318438469	-0.0139568628	-0.0024088034	-0.0167826388	0.0112763946	-0.073038886	0.0139144607	-0.0205378725	0.0495571567	-0.0165256232	0.0140228964	0.0023476544	-0.0212671485	-0.0692451379	0.0951219931	-0.0635868636	-0.0552618177	-0.0217315025	0.0429845816	-0.0862603386	0.088622921	0.0296537265	0.0499746495	-0.0169110833	-0.0345386561	-0.0561225623	0.0256672556	0.0115052544	0.0364827403	-0.1332689422	0.0243853689	-0.090323483	0.0598589652	0.0004699234	0.0187562657	0.0858497193	0.0701853358	0.0461599916	0.0166357513	-0.0148702542	-0.0446048127	0.0127464915051689	0.0166829376227468	0.0002783204077244	0.0001624730456913	0.021231356627652	-0.0163204976762899	0.0004507705042505	0.0002663586444017	0.005533236559124	-0.0073916100018749	5.463589841981852e-05	3.0616706819226405e-05	-6.200645916131586e-05	-0.0004221199255343	3.844800977723932e-09	1.781852315330964e-07	0.0004779991283425	-1.0917310889299971e-05	2.284831666961898e-07	1.1918767705362772e-10	2.7014821133155743e-05	0.0004911028603314	2.411820194257374e-07	7.29800560856398e-10	0.0	0.0	0.0	0.0	0.0	0.0	0.0	0.0	0.0	0.0	0.0	0.0	0.0	0.0	0.0	0.0
3984.267099495952	-5.178647390609058	26.818388796262003	15874384.320125887	4791.787780761719	-23.423656832786943	22961230.13585732	548.6676994201666	4528.444268362863	-4.216544015066575	17.77924343099375	20506807.491668463	4646.114728386848	3442.8731242492136	1.209736	21.73251	0.093813594355941	0.040009632788598	-0.018437722	-0.0782823324	0.0271155994	-0.0480579355	0.1176008579	0.0518739825	0.046218693	0.066382527	0.0239814815	-0.083642624	-0.0202149649	-0.0044507125	0.0852800939	0.0179854546	0.02571075	-0.08598182	0.0981650005	0.0251555003	-0.0526535398	-0.0183855094	0.0585201158	-0.0253294037	0.0592029816	-0.1175361585	-0.0349382277	-0.0231634365	-0.0778247378	0.0158035007	0.0479845338	0.009420724	-0.0372037049	0.0280873547	0.0242084261	-0.0173074068	-0.0164553579	-0.0111283734	-0.0781259308	-0.0324112987	-0.0828806343	-0.0033109982	-0.0814020358	0.1100248785	0.0682977805	0.0139719739	0.0177600398	-0.0168035327	-0.1130843567	0.0592827282	-0.0380486666	-0.0755331662	-0.0340688714	0.0188616885	0.0066171012	-0.0329233879	0.0026635747	-0.0330957546	0.0267110624	0.0088406911	0.0245690884	0.0308082965	-0.082525961	-0.0108455549	-0.0288609232	-0.0820905222	0.0328715304	-0.0369754284	-0.0012099406	-0.0569335598	0.0723325561	0.0523534743	-0.0692377023	0.0662807043	-0.0239650317	-0.0324556883	-0.0677027022	-0.0424128325	-0.0302468097	-0.1155792162	0.0304235183	0.0117463637	-0.1359710632	0.0854361313	0.0686332704	0.0430324377	0.0119153566	-0.0207291319	-0.0507163915	0.0156006411957889	0.0028541496906199	8.146170456466236e-06	0.0002433800057197	-0.005473278036689	-0.026704634664341	2.9956772466902197e-05	0.0007131375125559	-0.0110631639303875	-0.0165964004895115	0.0002754405092082	0.0001223935961506	0.0004285983540129	0.0004906048131742	1.8369654906256719e-07	2.406930827097073e-07	0.0005669262998775	8.892717153500006e-05	3.214054294927931e-07	7.908041837215324e-09	-0.000346621384387	-0.0003736362055201	1.3960401407550005e-07	1.2014638411436042e-07	0.0	0.0	0.0	0.0	0.0	0.0	0.0	0.0	0.0	0.0	0.0	0.0	0.0	0.0	0.0	0.0
3977.765460219504	-6.501639276448259	42.27131328105464	15822618.056515282	4779.693160518523	-12.094620243196005	22845466.708707545	146.27983882712658	4528.456519353957	0.0122509910943335	0.0001500867827934	20506918.44767936	4644.141295984289	3413.943229337709	1.083831	19.470667	0.060328193382281	0.0269171353014678	-0.0177628051	0.0747152012	0.0217314481	-0.0434145455	0.0362539611	0.0330628272	-0.0670877381	0.1922925908	-0.0004164626	0.012256139	-0.0061314475	-0.0103644011	-0.086254233	-0.0580773455	0.0221373865	-0.0167318098	-0.0441775457	0.0596678817	0.0522279835	0.102262672	-0.0754591351	-0.0279870493	-0.0716989999	-0.0244038428	-0.0014579638	0.0268075217	-0.0358587435	-0.0124044022	0.0072352819	-0.0098186734	-0.0605953312	0.0299295268	0.03849199	-0.1188962934	0.059840823	-0.0167377683	0.0765884477	0.0663085827	0.0113567378	-0.0779303028	0.0539102708	0.019263775	-0.073416671	-0.0590118759	-0.1343548933	0.0101893521	0.0113726573	0.0056163775	-0.0299970015	-0.0832299784	-0.0388332717	0.0359676299	0.040545732	-0.0269322823	-0.0276410971	0.0084327	-0.0334894914	0.010140879	0.0022137254	0.0141789399	0.095576714	0.0424243894	0.0801112263	-0.0499393588	0.0083026619	-0.0875447592	0.0856592302	-0.0229652265	0.0335164072	-0.0458496719	0.051757229	-0.0301194796	0.0280948149	-0.0213960497	-0.0272085842	-0.0177604691	-0.0645723978	-0.1061427158	0.0331100143	0.0067224025	-0.0935038695	0.0850079043	0.0670341672	0.0398385309	0.0071623028	-0.0264992443	-0.0565152869	0.0267627768728999	0.011162135677111	0.0001245932728742	0.0007162462259486	0.010075764940467	0.015549042977156	0.0001015210391355	0.0002417727375054	0.0045320196370965	0.015595183567484	0.0002432097505035	2.0539201991028288e-05	0.000524552217311	9.595386329810002e-05	2.7515502868588657e-07	9.207143881830466e-09	0.0006469577204826	8.003142060509995e-05	4.18554292092042e-07	6.405028284070417e-09	-0.0001621700450796	0.0001844513393074	3.4022296572293616e-08	2.6299123521119493e-08	0.0	0.0	0.0	0.0	0.0	0.0	0.0	0.0	0.0	0.0	0.0	0.0	0.0	0.0	0.0	0.0
3978.582492939408	0.8170327199040912	0.6675424653938772	15829118.653123954	4809.060239730343	29.36707921182005	23127060.38935526	862.4253414333136	4525.91265978132	-2.5438595726373023	6.471221525298438	20483885.403968822	4641.194033847012	3441.030415492776	1.014428	18.223864	0.0352097826609809	0.0177861317575225	-0.0132961341	0.100775811	-0.021083251	-0.0347605417	-0.0260715974	-0.0043849202	-0.0690574094	0.1026537244	0.1146539895	0.0013656379	0.014890283	-0.016833133	0.0430569076	0.0926125702	-0.002830597	0.0941793453	-0.0551861472	0.0346484094	0.0533466868	0.0425006472	0.0132984076	-0.0545793319	0.0396475712	-0.0928839769	0.0372364728	-0.0129765462	-0.0394970077	-0.0485974341	-0.0385647752	-0.0009472419	-0.0123305274	0.0081210936	-0.0034550393	-0.1148382296	0.0555866811	-0.0181884777	-0.0359084315	-0.0893912414	-0.0025013857	0.0359846353	0.132789774	0.035840233	-0.0445489108	0.0508659188	-0.0215192749	-0.027683723	-0.0280900994	0.0541789806	-0.0122413587	-0.0816685561	-0.0464434746	-0.0142932841	0.0776174321	0.0345144254	-0.0360148151	0.0259690602	-0.0723763169	0.0136537144	0.0088209352	-0.0526493745	-0.0521523861	-0.1088584385	0.0893979041	-0.023557644	-0.016061117	-0.07864231	-0.0063580763	-0.0472552233	-0.006402585	0.107271062	0.0325949092	0.0754545164	0.0098780438	0.0105863885	-0.0070974352	0.0017721009	-0.045066147	-0.166719727	0.0889991433	0.0781165512	-0.0145191911	0.0845651116	0.0653891221	0.036583196	0.0023896175	-0.0321558829	-0.0619657467	0.0207734046041991	-0.0059893722687008	3.587258017308218e-05	0.0004315343388497	0.0016170621595961	-0.0084587027808709	2.614890027997603e-06	7.154965273511311e-05	0.0129156696206607	0.0083836499835641	7.0285587046916e-05	0.00016681452175	0.0003100492907044	-0.0002145029266065	9.613056266630157e-08	4.6011505522796424e-08	0.0006139743367457	-3.29833837369e-05	3.769644861823223e-07	1.087903602735599e-09	-0.0001620952028662	7.484221339998614e-08	5.6013569066090646e-15	2.6274854792234536e-08	0.0	0.0	0.0	0.0	0.0	0.0	0.0	0.0	0.0	0.0	0.0	0.0	0.0	0.0	0.0	0.0
3975.5501956028247	-3.032297336583269	9.19482713744999	15804999.357757658	4804.265168220766	-4.795071509576701	23080963.806579307	22.99271078195418	4524.19450378418	-1.7181559971404567	2.9520600305097173	20468335.90807098	4642.699412184496	3431.565052358802	0.955689	17.168648	0.0470419507156992	0.0235422852993486	-0.0164948979	0.0627452279	-0.0229712205	-0.0056729691	0.0217611381	-0.0816687389	-0.0579373142	0.061961898	0.0556963872	0.0677989677	-0.0331265714	0.0042910029	-0.0193953975	-0.0534202634	0.0137437413	0.1031642031	0.0179158105	0.0002468154	-0.0324619759	0.0449241433	-0.0412169292	-0.0270137965	0.0349168937	0.0274113112	0.1014271441	-0.0558538215	-0.1598597452	-0.0092590399	0.0128829383	-0.0152102178	-0.0524588705	0.1071307983	0.0025025831	0.05219717	0.0024947476	-0.0005893777	0.0049453621	0.0585521132	-0.0420815901	0.0330440627	0.087019047	0.0644430956	0.0041709547	-0.0317190991	-0.0521504154	0.0673002058	0.0288992055	0.0069983805	0.0415273161	-0.1159252077	-0.0767416582	-0.0472596816	0.1063690362	-0.1170710765	-0.0034959764	-0.056673619	-0.0156973069	0.0071926939	-0.0223099889	0.0521034656	0.0948649836	-0.1009535785	0.0096855954	0.0351603277	-0.0261773171	-0.0722016236	0.0179269541	-0.1131542456	0.0158045661	0.0372969062	0.0167779747	0.0233968847	-0.1160085244	-0.0182099538	-0.0231563765	0.0241136027	-0.0187433568	-0.0882227293	0.0484330167	0.1436157917	-0.0560194027	0.0841078291	0.0636992625	0.0332714524	-0.0023896175	-0.037674825	-0.0670341672	0.0100198260432335	-0.0107535785609656	0.0001156394518668	0.0001003969139366	-0.0097850652614681	-0.0114021274210641	9.574750217118977e-05	0.0001300085097261	0.0130070279916623	9.135837100160069e-05	8.346351952066113e-09	0.0001691827771758	0.000542971709953	0.0002329224192485	2.948182778092848e-07	5.4252853388620575e-08	0.0006250241615211	1.104982477539995e-05	3.906552024851541e-07	1.2209862756704256e-10	8.983028036315698e-05	0.0002519254832293	6.346644910034502e-08	8.069479270123386e-09	0.0	0.0	0.0	0.0	0.0	0.0	0.0	0.0	0.0	0.0	0.0	0.0	0.0	0.0	0.0	0.0
3969.3236824351393	-6.226513167685425	38.76946622735999	15755530.495940454	4807.642395019531	3.3772267987651503	23113425.39838913	11.405660850297505	4523.399576459612	-0.7949273245676522	0.6319094513442856	20461143.728315	4642.580515968407	3410.165888378402	1.031368	18.528194	0.0368975801746458	0.018103698868683	-0.0084340875	-0.0050384902	-0.1266424544	0.0048201504	0.0386012059	-0.0935930317	-0.0607279319	-0.023753607	0.0431092996	0.0701685119	-0.1174695016	-0.0155215676	-0.0317028138	0.0892449811	-0.0509208956	0.0443487309	0.0414130337	-0.0005790536	0.0967607842	-0.0379731029	-0.0430783587	-0.0075217301	-0.0289158296	0.0635091304	0.1704990752	0.0712080228	0.0088696097	0.1167240978	0.0838168701	-0.0941946862	-0.0397153771	-0.0260726336	-0.0197906203	0.0517218066	-0.0826996818	-0.0214059437	0.0432718573	-0.0808168212	-0.026409827	0.0537896242	0.0337393831	0.020528544	-0.0936103944	0.0352198571	-0.0268914732	0.1136897156	-0.0140198857	-0.0330489954	0.0145555087	-0.0808588295	-0.1557921554	-0.0822758423	0.0114083434	0.0691584419	0.0843273555	0.1250275867	0.0403749864	0.0103307466	-0.0226847553	-0.1011976055	-0.0188812465	-0.0624784951	-0.0662276267	-0.0002260205	-0.0293373198	-0.0819373146	0.0983348844	-0.0420147618	0.0076594581	0.0186279751	0.0647704277	-0.056230636	-0.0929025019	0.0539367272	0.0293578087	0.0104639411	0.0557115175	-0.0757774793	0.0715994733	0.0967177842	-0.0606627466	0.0836361352	0.0619657467	0.0299084066	-0.0071623028	-0.0430324377	-0.0716892996	0.0190891162157527	0.0090692901725192	8.225202423335336e-05	0.0003643943578985	0.0026928137711053	0.0124778790325734	7.251246005854346e-06	0.0001556974651515	0.0129531159617926	-5.391202986970017e-05	2.9065069646714436e-09	0.0001677832131196	0.0003599887521389	-0.0001829829578141	1.2959190166652236e-07	3.34827628503967e-08	0.0005530069543824	-7.201720713869992e-05	3.0581669159529786e-07	5.186478124058411e-09	3.89004665222857e-05	-5.092981384087128e-05	2.593845937865804e-09	1.5132462956514703e-09	0.0	0.0	0.0	0.0	0.0	0.0	0.0	0.0	0.0	0.0	0.0	0.0	0.0	0.0	0.0	0.0
3975.195529007333	5.87184657219359	34.47858216738161	15802179.49383989	4786.177621164629	-21.464773854901978	22907496.22133711	460.73651664208353	4525.401394798642	2.001818339030251	4.0072766624778335	20479257.7840455	4643.350901844738	3432.0935635637043	1.099079	19.744589	0.0463305629861552	0.0231567168992938	-0.0113243646	-0.0696546489	-0.0419327205	-0.0067141388	0.098695101	0.0131937883	0.0465021566	-0.0482991817	0.1092049888	-0.028164918	-0.0735902693	-0.0021848722	0.0687198772	-0.0916888694	-0.0749344313	-0.0781657034	0.1092230451	-0.0374596047	0.0902671651	-0.007032436	0.0502097583	-0.0032822005	0.050836609	-0.1104214308	0.0006852929	0.0023168123	0.0124389358	0.0565290122	-0.0048492756	0.0092728085	-0.0193016536	-0.1115296578	0.0073407931	0.0969163968	0.0857484286	-0.0021400439	-0.0708400859	0.0761287657	-0.0139077196	0.0520352218	-0.114923351	0.0757357377	-0.022281482	0.1423200616	-0.0399698927	0.0399736668	-0.0649376389	0.0213924864	0.0220541439	-0.0165540589	-0.0576944803	0.0506743789	0.0313000317	0.0578295346	-0.0282676119	0.0293291076	0.0212550799	0.0077719577	0.021091774	0.086988065	-0.0024246266	-0.0221813369	-0.0702186888	-0.1050054178	0.0210931034	-0.0517976871	0.0634278573	-0.0712025006	-0.0304355158	0.1005082129	-0.0290211274	0.0351702638	-0.1289457702	-0.0489309722	0.0071041858	-0.0366963015	0.045623125	0.0072517891	0.0455374693	0.0054717943	-0.0340886465	0.0831501106	0.0601897627	0.0264992443	-0.0119153566	-0.0482057789	-0.0759024438	3.871540441480192e-05	-0.0190504008113378	0.0003629177710726	1.4988825390016638e-09	0.0049876836245346	0.0022948698534293	2.4876987938450605e-05	5.266427644178617e-06	0.0234849443523614	0.0105318283905688	0.0001109194092483	0.0005515426112335	0.0003600376937058	4.894156690001981e-08	1.296271408889915e-07	2.395276970629115e-15	0.0004649707964545	-8.803615792790003e-05	2.161978415555321e-07	7.750365102706155e-09	-0.0001620837125993	-0.0002009841791215	4.039464025717764e-08	2.627112988997248e-08	0.0	0.0	0.0	0.0	0.0	0.0	0.0	0.0	0.0	0.0	0.0	0.0	0.0	0.0	0.0	0.0
3971.371474750885	-3.8240542564476527	14.62339095625541	15771791.39046502	4758.485383064516	-27.692238100113173	22643183.140838653	766.8600509933597	4524.683787027995	-0.7176077706471915	0.5149609124932322	20472763.372594	4642.052457771721	3403.07538534969	1.00473	18.049641	0.0344126428568859	0.0185491116284159	-0.0080322449	-0.0001284951	0.0744113224	0.0065954365	0.0849986134	0.0706397868	-0.0390141503	-0.0581694335	-0.0439949809	0.1111581974	-0.0105569627	-0.0021648352	-0.0925825611	0.0290897977	0.0289877347	-0.1280557142	-0.0178392461	0.016432973	0.0356980759	-0.0459279301	-0.0491878642	-0.0640666643	0.0316525474	-0.0031778192	0.0484646419	0.0388658217	-0.0845859517	-0.0268710248	-0.0170410934	-0.0668960179	-0.0310088518	-0.0165730466	-0.0231190928	-0.0513887766	0.0396382429	0.0001138336	0.096486828	-0.0238054992	-0.0161863834	-0.1016336225	-0.0879912229	-0.0030670984	-0.0320454076	-0.0133758607	0.0076745569	0.0868849605	0.0227556145	0.037200306	0.0559858125	-0.0644456544	0.0219678183	0.0085276406	0.0388311395	0.0105216336	0.0248675917	0.0127901805	-0.0599971772	0.0102210162	0.0036222505	-0.0940589166	0.0304282738	0.0720362481	0.0047051619	-0.0572284099	-0.0392637482	-0.0947629896	0.0349544214	-0.081465553	0.0292199604	-0.0234735028	-0.0421111509	-0.0029485661	-0.0713974773	-0.059755345	0.0118188598	-0.0451292006	-0.0258652465	-0.055664519	0.0260001453	0.0258686586	0.0205297585	0.0826498387	0.0583725276	0.0230492221	-0.0166357513	-0.0531726956	-0.0796476241	0.0064319663365353	0.0063932509321204	4.087365748105962e-05	4.1370190954323336e-05	-0.0090100968568123	-0.0139977804813469	8.118184536913889e-05	0.0001959378584039	0.0129642207377429	-0.0105207236146185	0.0001106856253751	0.0001680710193369	0.0003600433765061	5.682800299994586e-09	1.2963123296591328e-07	3.229421924961856e-17	0.000534970264399	6.999946794450005e-05	2.861931837911361e-07	4.899925512513091e-09	-0.0001620963184305	-1.260583119998466e-08	1.5890698024250672e-16	2.627521644872205e-08	0.0	0.0	0.0	0.0	0.0	0.0	0.0	0.0	0.0	0.0	0.0	0.0	0.0	0.0	0.0	0.0
3976.321733390596	4.9502586397106825	24.50506060003025	15811134.527434394	4796.680869810043	38.19548674552698	23008147.36680163	1458.895207727727	4524.56382279169	-0.1199642363053499	0.0143914179923258	20471677.786515348	4644.174964586195	3401.5501663072973	0.987426	17.738777	0.0534801590630833	0.0241514764242243	-0.0126229284	0.0893057998	0.0104495563	-0.0219507264	-0.0373751994	0.0383987033	-0.0710422481	-0.0252882405	0.0112910454	-0.0070446948	-0.0343209504	-0.0160695957	0.0708215162	-0.0255063834	-0.0338288944	-0.0519648391	-0.0742636208	0.018091013	0.0727011514	0.0232026187	-0.0855125876	0.014261395	0.0009791692	-0.0208761814	-0.1110640903	0.0020779081	-0.0111160455	0.0248946126	0.075182931	0.1222544201	0.0309156585	-0.0091225595	0.0972355202	0.0657506981	-0.0412599066	-0.0150855122	-0.0845166489	0.0102250951	0.0368047354	-0.0474743937	-0.0145853622	-0.080827251	-0.0936068172	-0.0126575145	-0.0341513485	-0.002700256	-0.0937093826	-0.0066007604	-0.021404796	-0.025867954	-0.0607507947	0.0877907186	-0.0403598764	-0.0507940906	0.0013862688	-0.0616718908	0.1043455457	0.0199170323	-7.69295e-05	0.0632782675	-0.05866324	-0.0019583528	0.0783000217	-0.0328906871	-0.0473388381	-0.0951579577	0.0832746399	0.0059863853	0.0222615705	-0.0252920966	-0.0014157474	-0.070635325	-0.000863143	-0.0788289293	-0.0331158237	-0.0455014337	-0.0407176513	0.0272506702	0.0230230756	0.0583613475	-0.0339746788	0.0821354052	0.0565152869	0.0195636596	-0.0213105486	-0.0579119187	-0.0829017503	-3.654666259933492e-05	-0.0064685129991346	4.184166041997376e-05	1.335658547149626e-09	0.0058025423300307	0.014812639186843	3.36694974917981e-05	0.0002194142796795	0.0045180334874572	-0.0084461872502857	7.13380790668887e-05	2.0412626593784668e-05	0.000112061310245	-0.0002479820662611	1.2557737253826144e-08	6.149510518712459e-08	0.000761991068465	0.0002270208040659	5.806303884204323e-07	5.1538445478773145e-08	-0.0001620427962212	5.352220929999365e-08	2.8646268883523267e-15	2.6257867807185348e-08	0.0	0.0	0.0	0.0	0.0	0.0	0.0	0.0	0.0	0.0	0.0	0.0	0.0	0.0	0.0	0.0
3982.6921109518025	6.370377561206624	40.581710272324855	15861836.450637724	4814.779399256552	18.09852944650902	23182100.66350529	327.55676812615405	4527.7886643182665	3.2248415265767107	10.39960287153361	20500870.188728992	4643.234579702524	3429.5037093936166	1.005747	18.067923	0.0988119055973283	0.0438989245025812	-0.0160805618	0.0988858129	-0.028732876	-0.0124923319	-0.0689717778	0.0323112758	-0.0005155984	-0.0175746001	-0.0535342557	-0.0191233815	0.0306974453	0.002388455	-0.0895392872	-0.0194542863	-0.0828795947	0.0179545221	-0.0376690181	0.0224490797	-0.0418929939	0.0159191031	0.0148155664	-0.0486189139	0.0634535176	-0.0191982717	-0.0430009346	-0.0420590443	0.0044283428	0.0906469794	-0.0003369836	-0.1573553319	-0.006321787	0.0010991305	0.0962898474	-0.0175528908	0.2033448477	0.0003504253	0.0867161639	0.0333877889	0.0997319542	0.0275077023	0.0132114966	0.0338857123	0.0252314594	0.000231817	0.0257820193	-0.0261442002	-0.0509090825	0.0694405031	0.0764703767	-0.0222602583	0.0127853891	0.060345003	0.0503872795	-0.0429717879	0.1805942539	0.035893541	-0.0095244481	0.009304352	-0.0268951812	-0.050101521	0.1131881688	-0.0720104997	0.0503296155	-0.0332911293	0.01659392	-0.078120162	0.0057618939	-0.0326235122	0.0314358968	0.0851858613	-0.0540832994	0.0451688241	-0.0130876799	-0.0448860848	-0.0127742766	-0.0366584312	-0.1026567389	-0.0083461212	0.0261048502	0.0712699998	0.0406629362	0.0816068982	0.0546193134	0.0160479313	-0.0259269352	-0.062403154	-0.0856447597	0.0103483948427083	0.0103849415053076	0.0001078470100686	0.0001070892758205	0.0127916446476064	0.0069891023175757	0.0001636261727906	4.884755120554203e-05	0.0262659861824872	0.02174795269503	0.0004729734464252	0.0006899020301386	0.0003599447789709	0.0002478834687259	1.2956024390841005e-07	6.144621406758424e-08	0.0003200615554357	-0.0004419295130293	1.0243939926791967e-07	1.9530169448631426e-07	0.0003419424036119	0.0005039851998331	2.5400108165080975e-07	1.1692460738788353e-07	0.0	0.0	0.0	0.0	0.0	0.0	0.0	0.0	0.0	0.0	0.0	0.0	0.0	0.0	0.0	0.0
3980.748313481453	-1.9437974703496368	3.778348605737646	15846357.135285432	4805.030661306074	-9.748737950478244	23088319.656091485	95.03789162709477	4524.392416454497	-3.3962478637695312	11.534499552159104	20470126.73807096	4642.140529758328	3415.9301732156127	1.053737	18.93005	0.0655625597926297	0.0325549256286842	-0.0066608197	0.0765987921	-0.0503405425	0.0016770568	-0.0568836801	-0.058989829	0.0153732447	-0.0600922678	-0.0334379083	0.1007718365	0.0142683762	-0.0142311682	0.0886873145	0.0680574085	0.014207047	0.0662461644	-0.0030961313	-0.0421950317	-0.0742979044	-0.0508575741	0.0219892398	0.0486915199	-0.0319409155	0.066467275	0.007020125	0.0764424284	-0.0161494733	-0.0174839967	-0.0191038726	-0.1159167094	-0.0714706757	-0.0200517703	0.0290894369	-0.0997900467	0.046135189	-0.0091714213	-0.0753926016	-0.0795834963	0.002739031	0.047327096	0.0328714096	-0.0312983178	0.0501596676	-0.0707517788	0.0593071102	0.0155078362	0.0907616319	-0.0577279988	0.0108974247	-0.0477104068	0.079686931	0.0016436328	-0.0511783062	0.0170406444	-0.0133176811	0.0186235802	-0.0579896616	-0.0034740727	-0.0085485174	-0.0336532076	-0.0641532669	-0.141591665	-0.0140501342	0.0596341075	-0.0506261823	-0.0881049869	-0.0289849581	-0.1038609677	0.0280606447	-0.0670384422	0.0417036828	-0.0260091561	0.0808550899	-0.1104386285	-0.1148132476	0.1070186399	-0.0307903724	0.0482620359	0.0391485455	0.0593104368	-0.007264653	0.0810644083	0.0526859066	0.0125074584	-0.0304722578	-0.0666271694	-0.0878597406	6.059053362150735e-05	-0.0102878043090867	0.000105838917502	3.671212764539012e-09	3.7727289594613454e-06	-0.0127878719186469	1.4233483801558286e-11	0.0001635296682077	0.0108871752317512	-0.015378810950736	0.0002365078262584	0.0001185305845268	0.0003600228315684	7.80525975000129e-08	1.2961643925052854e-07	6.09220797649902e-15	0.0002819708262402	-3.80907291955e-05	7.950754685058107e-08	1.450903650644916e-09	-0.0001620502668783	-0.0005039926704902	2.540086119078433e-07	2.6260288995328257e-08	0.0	0.0	0.0	0.0	0.0	0.0	0.0	0.0	0.0	0.0	0.0	0.0	0.0	0.0	0.0	0.0
3976.6321463791865	-4.116167102266445	16.94283161378054	15813603.227616336	4797.972414078251	-7.058247227822903	23020539.28625588	49.8188539290697	4522.176365806943	-2.216050647553857	4.910880472523869	20450079.08346289	4637.256189098987	3387.1523471258383	1.095372	19.678003	0.0576399303310791	0.03151209494238	0.0459566154	0.0661238725	-0.016694753	0.0383011822	-0.0419181607	-0.0537742768	-0.0170935834	0.0342318292	-0.0124962886	0.0714893984	0.0376231693	0.0108131831	-0.0438504158	-0.0745218263	0.0094608968	0.0761842348	0.0060096051	-0.0362944167	-0.0809683043	0.0355461515	0.0386785145	-0.1227414391	0.0101362001	-0.0049993699	0.024889319	0.0487216422	-0.1289278263	0.0232899382	-0.0034143364	0.0386408029	-0.0013138664	0.0813478401	-0.01035423	0.0453144232	0.0136541077	0.013224251	0.038115975	0.0797076104	0.032239068	0.0317150211	0.0664758494	0.0543539001	0.0943409415	-0.0216607997	-0.013483981	0.002337054	0.1053875447	0.0814216137	0.0282106635	-0.1164703546	-0.0316171389	0.0695004792	0.0108301988	-0.0092031026	-0.0698218733	0.0158032421	-0.0239173341	-0.0298310853	-0.0223287988	0.0133327253	0.1036900115	-0.1041964962	0.0005741098	0.0062604602	-0.0637105938	0.0121568789	-0.0308677388	-0.1458955797	-0.114636979	-0.0377291927	-0.0415338427	-0.1048463984	-0.0212916393	0.0417697265	-0.2000043986	0.1101051736	-0.0599695816	-0.0178155426	0.046805072	-0.0759834496	0.0673243782	0.0805080284	0.0507163915	0.0089476998	-0.034934058	-0.0705658771	-0.089533037	6.555603040681035e-05	4.965496785303003e-06	2.4656158324854455e-11	4.297593122698643e-09	0.0143824805194014	0.0143787077904419	0.0002068557458909	0.0002067472377229	0.0375439979140495	0.0266568226822982	0.0007105861955154	0.0014095517793701	0.0004080022571293	4.797942556089997e-05	1.6646584182260341e-07	2.302025277153941e-09	0.0001089895961066	-0.0001729812301336	1.18787320594798e-08	2.9922505978533496e-08	-5.1022235341728514e-05	0.0001110280315365	1.2327223786885917e-08	2.6032684992667302e-09	0.0	0.0	0.0	0.0	0.0	0.0	0.0	0.0	0.0	0.0	0.0	0.0	0.0	0.0	0.0	0.0
3981.977340351888	5.345193972701509	28.571098605804536	15856143.539075896	4810.656891853579	12.68447777532765	23142419.731138334	160.89597643278108	4524.8160734630765	2.639707656133396	6.968056509849268	20473960.49866981	4641.740847677713	3418.504959196468	1.07563	19.323336	0.0898647230345843	0.039700293959961	0.0174774275	0.0076652494	-0.1254929206	0.0348580212	-0.0438489005	-0.0627606066	0.0662163449	-0.0517125974	-0.0404503227	0.0717156663	-0.0563475348	0.0038383745	0.0042275999	0.099233129	-0.0941737337	0.0159696541	0.029206973	-0.0365830074	-0.0011348209	0.0036465719	0.0820879835	-0.0147762575	-0.0583376466	0.0678420868	0.0458136048	0.0706061197	0.0416654652	0.0704152565	0.0085611138	-0.0305532706	-0.0443198399	-0.0386862883	-0.0046793699	-0.0230405046	-0.101440877	0.0121937273	0.0070027413	-0.0972895241	0.0873251276	0.060603778	-0.043348093	1.25127e-05	0.0025700033	0.0207042558	-0.0358665181	0.0225252387	0.1339155695	-0.0525952242	-0.0013624201	0.003334264	-0.0103316494	-0.0245209784	-0.0487529126	0.0958867795	0.0082709574	0.0570935861	0.0366423806	-0.0245489299	-0.0028638689	-0.107009712	-0.028324441	-0.1135603304	-0.0454973891	-0.0300388013	-0.0011258171	-0.0310802696	0.0638111106	-0.031015667	-0.0854213612	-0.0618956685	-0.0296346765	-0.0812775654	-0.0179689492	0.1636772146	-0.0085188219	0.0177537858	0.035301941	-0.0092142483	0.0346702312	-0.0646849864	0.0383374581	0.0799378539	0.0487121179	0.0053741445	-0.0393001065	-0.0742024108	-0.0906543325	-0.0174955353096777	-0.0175610913400845	0.0003083919290547	0.0003060937557721	0.0403630803387784	0.0259805998193769	0.0016291782544346	0.0006749915669746	0.0412640807821773	0.0037200828681277	1.3839016545737949e-05	0.001702724362798	3.497158365742711e-05	-0.0003730306734718	1.223011663508423e-09	1.3915188335087908e-07	0.0003920025191623	0.0002830129230557	1.5366597502958939e-07	8.009631461653157e-08	0.0001449931482706	0.0001960153836123	3.8422030612688313e-08	2.10230130454202e-08	0.0	0.0	0.0	0.0	0.0	0.0	0.0	0.0	0.0	0.0	0.0	0.0	0.0	0.0	0.0	0.0
3976.1324359328014	-5.844904419086561	34.1629076682576	15809629.148076912	4764.835896153604	-45.820995699974446	22703661.11727392	2099.563646937077	4499.252063206264	-25.564010256812253	653.518620410402	20243269.128265824	4615.051983173077	3358.6576197576383	2.43461	43.736969	0.0983209461160529	0.0494166691782989	0.2687755908	-0.1060603468	0.0120027123	0.2925999424	0.1051828794	0.0248735402	0.0601360018	-0.0402961481	0.0295404399	-0.0523275161	-0.0070362417	0.2634179257	0.0556777461	-0.0782064566	-0.0593310357	0.0672200987	0.1234740303	0.2926953556	0.149158843	-0.0664069073	-0.0589043658	-0.055631853	0.1563633595	0.0288413175	-0.0109926278	-0.0837688512	-0.0777031536	0.0061113865	9.75484e-05	0.0701511635	0.0214471031	0.0056956814	-0.0480770896	0.112413147	-0.0672925059	0.2670151211	-0.0479847524	0.0737176059	-0.0555137545	0.0748201931	-0.0092764656	0.1190370744	-0.2813660749	0.0098232388	0.106430682	-0.0933058703	-0.0250298039	0.1403753954	0.148678333	0.1005923211	0.085396565	0.0475235492	0.0961912852	-0.0041181167	-0.0215504837	0.059949106	-0.0198769921	-0.2450339024	0.059206148	0.0916651018	0.031010197	-0.0558709503	-0.0778487002	-0.2456273558	-0.1896134905	0.1324184181	0.0454588677	0.0467641242	0.1747603945	0.1059090049	-0.0378101097	-0.0111415531	0.060844405	-0.1020958314	0.2254826567	0.3276961464	0.0954099288	0.152768713	-0.0006531255	-0.0362677574	0.2414459241	0.0793539824	0.0466744595	0.0017923027	-0.0435584361	-0.0775211985	-0.0912167139	-0.0348866800541856	-0.0173911447445078	0.0003024519155244	0.0012170804452031	0.0676627946820502	0.0272997143432718	0.0045782537841852	0.0007452744032242	0.0310388069923277	-0.0102252737898495	0.0001045562240773	0.0009634075395069	0.000351079303249	0.0003161077195915	1.232566771698033e-07	9.992409038538449e-08	0.0003949290876303	2.926568468000041e-06	1.559689842565012e-07	8.564802997892107e-12	-0.0004040688284383	-0.0005490619767089	3.014690542674846e-07	1.6327161811550033e-07	0.0	0.0	1.0	0.0	0.0	0.0	0.0	0.0	0.0	0.0	0.0	0.0	0.0	0.0	0.0	0.0
3986.1104358043976	9.97799987159624	99.56048143757457	15889076.406428725	4781.2900557979465	16.454159644342326	22860734.59767233	270.7393696015036	4523.331622169131	24.07955896286694	579.8251598461856	20460528.964115225	4642.751338614999	3415.7116772136856	2.364306	42.47398	0.090770854783455	0.0444145715235613	0.0287519458	-0.0691564476	0.0855674486	0.0394352109	0.0220266692	0.1225951719	0.0477534912	-0.0384626812	-0.049957103	0.0344133124	0.080354244	0.0343236952	-0.0547529694	0.049568758	0.0299423194	-0.131826944	0.0420059298	-0.0520583552	-0.0055757748	-0.0396385217	0.0528565743	-0.0368156193	-0.0067682664	0.1042181036	-0.0718417906	0.016547145	-0.0393229062	-0.0567826324	-0.0237720152	-0.0125519493	-0.0238700646	-0.2020511922	-0.0971923701	0.1753046532	-0.0552059916	0.0361425762	0.0721831241	-0.0508394655	-0.040164598	-0.0261896996	-0.1442581501	-0.0932747757	0.0337419015	0.0457759129	0.0967347283	-0.0860879237	0.0646256476	-0.0038060685	-0.0396714627	-0.0348383325	0.0040295891	0.1426371605	0.0110092148	0.1141000434	0.0480068417	0.0373701213	0.0204453774	-0.0717672291	0.0787592359	-0.0855163404	-0.0084255995	0.0575431015	-0.0307633869	0.0271512922	-0.0028393777	-0.1893328472	-0.131119034	-0.006560295	-0.1233362144	-0.0784147199	-0.1040096093	0.0948550168	0.1139062053	0.1041583501	-0.2191279384	-0.0334543807	0.098397316	0.0578634276	0.1816430583	-0.1612386964	0.253623383	0.0787565141	0.0446048127	-0.0017923027	-0.047697375	-0.0805080284	-0.0912167139	-0.0243706391530338	0.0105160409011517	0.0001105871162346	0.0005939280527273	0.0427776985857661	-0.0248850960962841	0.0018299314962946	0.0006192680077212	0.0114740864065154	-0.0195647205858123	0.0003827782916009	0.0001316546588641	0.0001759999995574	-0.0001750793036916	3.09759998442048e-08	3.06527625811355e-08	-2.2703998237005866e-08	-0.0003949517916285	5.154715359459655e-16	1.5598691771059134e-07	-0.0002579999797543	0.000146068848684	2.1336108555869284e-08	6.656398955321921e-08	0.0	0.0	0.0	1.0	0.0	0.0	0.0	0.0	0.0	0.0	0.0	0.0	0.0	0.0	0.0	0.0
3986.329536492709	0.2191006883113004	0.0480051116184856	15890823.173514176	4798.169620636971	16.87956483902417	23022431.70840353	284.919709154821	4524.219993591309	0.8883714221774426	0.789203783741572	20468566.55041134	4643.10063288762	3425.2991196511416	1.164934	20.927662	0.1104837974794028	0.049985991045739	-0.0149753453	0.0246470922	0.0639302213	0.0287935741	-0.0784901774	0.1211302175	0.0160544421	-0.0918283119	-0.0416186761	0.0402701171	-0.0712058256	-0.0099514862	0.0916570052	-0.0523971276	0.007124109	-0.0762662785	-0.1067699161	-0.0039311998	0.0048237576	0.0061973755	-0.049982086	0.0241653311	-0.0552325874	0.0628250799	0.0074946115	-0.0944553994	0.0239705821	0.0790361697	-0.0919135641	0.1008064643	0.0242401637	-0.0182744799	0.0737008834	-0.0196747588	0.0142858253	-0.0042004352	-0.0905054056	0.0395912529	0.0816948466	-0.1072383202	-0.0369176722	-0.0632149965	-0.0037008698	-0.0377319221	0.0203346308	0.0367357645	0.0247003621	-0.060096245	0.0057612588	0.145988916	-0.1009271381	0.0118007678	0.036491082	-0.0382957814	0.004899868	-0.0364720896	0.0518901355	0.0060327581	0.042035995	0.0862574544	-0.0547129914	0.0585078013	0.0481482801	0.0335653507	0.0283631508	0.0072307159	0.0576362588	0.0760168173	0.0441516356	-0.0506971205	-0.1231970631	-0.1135623306	0.0804108022	-0.0230890553	-0.0140993818	0.018856415	0.1047339731	0.0555512459	0.0046861786	-0.0186580489	0.01238892	0.0781455512	0.042504596	-0.0053741445	-0.0517055788	-0.0831501106	-0.0906543325	-0.0349809989664748	-0.010610359813441	0.0001125797353706	0.0012236702886925	0.0389887740083167	-0.0037889245774494	0.0015201244986715	1.4355949453600114e-05	-0.0114528354166552	-0.0229269218231706	0.0005256437442857	0.0001311674390809	0.0008091470068954	0.000633147007338	6.547188787677845e-07	4.008751329010655e-07	0.0005227709457089	0.0005227936497071	2.732894616773777e-07	2.7331320017410865e-07	-0.000565211148016	-0.0003072111682617	9.437870190471855e-08	3.1946364184156466e-07	0.0	0.0	0.0	0.0	0.0	0.0	0.0	0.0	0.0	0.0	0.0	0.0	0.0	0.0	0.0	0.0
3992.211326283744	5.881789791034862	34.59545114592193	15937751.27370821	4826.709409652218	28.539789015247152	23297123.725225262	814.519557034822	4527.98052687872	3.7605332874118176	14.141610605732332	20502607.65179289	4645.877979857057	3443.7698531024225	1.029971	18.503092	0.0618740096811842	0.0293068710271906	-0.0075539078	0.0529737145	-0.0030784568	0.0197404062	-0.1194232388	0.0508827232	0.0753633584	-0.0286813717	0.0016800035	0.0133977785	0.0542835168	-0.0037427827	-0.0844825601	0.005259506	-0.0722124329	-0.0061096681	-0.090269059	0.0025124128	-0.0253893174	-0.0634305068	0.0602251651	-0.0119151521	0.0035422532	0.0354282621	-0.036290322	-0.1206173939	-0.0005877998	0.0086609792	-0.1044568046	0.033276255	0.1122556346	-0.0723338467	0.0441938367	-0.0640593744	0.0733415163	-0.0012317214	0.0863906677	0.00853971	0.1167307339	0.0245047731	0.0010239248	-0.0447255154	0.0336574533	0.0053714239	0.1179835845	-0.0287740317	-0.0033032621	0.0019498062	0.0166954759	0.0844199578	-0.0911840526	0.0096643073	0.053057433	-0.0721450706	-0.0403107259	-0.0249364866	0.001549587	0.0036815016	-0.0147872945	-0.0578384521	0.0755551351	-0.0062816764	0.0159040864	0.0874726909	0.024949425	0.0115339727	-0.0270176753	0.0467069963	0.0859288462	0.0664622076	-0.1296006582	-0.1020784234	0.1250044572	-0.0235456866	-0.0119536487	-0.0551268941	0.0433223533	0.1041608737	-0.0186264018	-0.0725485774	-0.0265367679	0.0775211985	0.0403752488	-0.0089476998	-0.0555720611	-0.0854361313	-0.089533037	-0.0349045586381606	7.644032831419928e-05	5.843123792782576e-09	0.0012183282137247	0.0543164649506877	0.0153276909423709	0.0029502783647392	0.0002349381096248	-0.0138949934167342	-0.002442158000079	5.964135697349865e-06	0.000193070842051	0.0005280253351693	-0.0002811216717261	2.788107545806516e-07	7.902939431407717e-08	0.0003379606160602	-0.0001848103296486	1.142173780077899e-07	3.4154857944861164e-08	-0.0001505887411824	0.0004146224068336	1.7191174024848733e-07	2.267696897089985e-08	0.0	0.0	0.0	0.0	0.0	0.0	0.0	0.0	0.0	0.0	0.0	0.0	0.0	0.0	0.0	0.0
3999.4825878996776	7.271261615933781	52.87124548735194	15995860.970912702	4830.815931750882	4.106522098663845	23336782.56645814	16.86352374681451	4528.876429239909	0.895902361188746	0.8026410407835703	20510721.71132483	4643.429213169643	3472.271119761959	1.082774	19.451675	0.0118425453735213	0.0070543659935365	-0.0059201085	-0.0624388936	-0.1128191096	0.0059905746	-0.0853257243	-0.0657595878	0.1335917571	0.0288449508	-0.0412846544	-0.0262378553	-0.0374147368	-0.0117985402	0.0808094277	0.0432410414	-0.0818830949	0.0571055156	0.0346290849	-0.0249853439	-0.106141548	0.0552984953	-0.0368603722	0.0284882313	-0.0534524042	0.0229700987	0.0492394285	-0.0131180116	-0.0052480371	0.0885020544	-0.0554109491	0.0800983696	0.0212978156	0.0475355672	0.0236821923	0.0308151438	-0.0323039206	-0.0059876763	-0.0795636883	-0.0552389447	0.0647152054	0.0887289219	-0.0174263279	0.0431041594	0.0751120914	-0.1037844647	-0.0697320398	0.015173293	0.0490085283	-0.0452658228	0.0491986948	0.0934270585	-0.0310468733	0.0164749685	0.014360091	-0.0093641344	-0.0255558836	-0.019665972	0.0267945441	-0.0029881153	0.0181166557	0.0253035696	-0.0844173946	-0.0329464805	-0.0725728629	-0.0013015915	0.1200777719	0.0216953307	0.0617712844	0.1001907334	0.0548783963	0.0023396572	-0.0524127979	-0.0802682323	0.1261549884	0.0542418964	-0.0013998162	-0.049359265	-0.0180022668	0.0693374652	-0.0029037985	-0.0680636921	-0.0469858221	0.0768835629	0.0382182304	-0.0125074584	-0.0592862243	-0.0873563013	-0.0878597406	-0.0348271084816502	7.74501565104016e-05	5.998526743485704e-09	0.0012129274851926	0.0544038660678296	8.740111714190119e-05	0.0029597806431263	7.638955277652333e-09	-0.0128931946798402	0.001001798736894	1.003600709242415e-06	0.0001662344690522	0.0006350412987346	0.0001070159635653	4.032774510985275e-07	1.1452416457809627e-08	0.000377931272959	3.9970656898800016e-05	1.4283204708041016e-07	1.5976534129215892e-09	-0.0002171200279778	-6.65312867954e-05	4.426412122651766e-09	4.7141106549080657e-08	0.0	0.0	0.0	0.0	0.0	0.0	0.0	0.0	0.0	0.0	0.0	0.0	0.0	0.0	0.0	0.0
3991.610294580157	-7.872293319520395	61.97300210856544	15932952.74379829	4792.813358429939	-38.00257332094225	22971059.888744477	1444.1955790135914	4530.357155936105	1.4807266961961432	2.192551548827945	20524135.96034148	4646.416434420072	3447.269076727133	1.102063	19.798195	0.0847241509934923	0.0452443708330306	-0.0105112548	-0.0982108836	0.0146104069	-0.0448951663	0.0815896613	0.0146815629	0.1304657366	0.114575549	-0.0428873716	-0.0414153586	0.0871208304	0.0002709212	-0.0671343617	-0.0721725764	0.0045199912	-0.0545896464	0.1240704066	-0.0060109348	-0.0517067251	0.0894679816	0.0136568474	-0.0080741773	0.015269574	-0.0899259653	-0.0995792102	-0.0774185005	0.0012725386	-0.0202974302	-0.0709057438	-0.0582580906	-0.0755604736	0.0505855424	-0.0183037189	0.0971754402	-0.0609959066	-0.0021234385	0.0646255759	0.0806339046	-0.0471370381	0.0277299181	-0.0715680255	0.0661739085	0.0667167431	0.000323624	-0.0624205849	-0.0993263107	-0.0372548445	0.0628573495	-0.0515759369	0.0719130936	0.0006681057	0.087491809	0.018296287	-0.0248460903	0.0537598129	-0.0331361754	-0.0544245338	-0.0042241022	0.0062539229	0.0081299037	0.0846299157	0.0472634516	-0.0218978801	-0.0759562487	0.1147148972	0.0074646652	-0.059380581	0.0181520085	0.0624694989	0.0621090945	-0.0502772567	-0.0110135912	0.0034988005	0.0122826878	-0.0322939683	-0.0394094799	-0.0029191657	-0.0492684991	0.0542243936	-0.047213467	-0.1738871032	0.0762327537	0.0360350191	-0.0160479313	-0.0628378881	-0.0889023983	-0.0856447597	-0.0055802564968274	0.0292468519848228	0.0008553783510221	3.113926257038441e-05	0.0542325611631611	-0.0001713049046684	0.002941170690316	2.9345370363482836e-08	-0.0118820624220106	0.0010111322578295	1.0223884428235834e-06	0.0001411834074005	0.0008659996881677	0.0002309583894331	7.499554599065537e-07	5.334177764953147e-08	1.1258002197145345e-07	-0.000377818692937	1.267426134709294e-14	1.4274696473264464e-07	0.0002600001265755	0.0004771201545533	2.276436418809649e-07	6.760006581927604e-08	0.0	0.0	0.0	0.0	0.0	0.0	0.0	0.0	0.0	0.0	0.0	0.0	0.0	0.0	0.0	0.0
3983.98272722284	-7.627567357317275	58.179783790412046	15872118.370809937	4788.115487375567	-4.6978710543726265	22926049.920445763	22.069992443512174	4525.48045821417	-4.87669772193567	23.78218067113256	20479973.37767833	4646.027659120665	3412.0040152895767	1.063479	19.105045	0.058643086261592	0.0275719853560639	-0.012386878	-0.0074174422	0.0857372343	-0.0402784654	0.0367225638	0.0430387084	-0.0140368027	0.0029024403	0.0461557482	0.0110472703	-0.021912286	-0.0185988889	0.040674062	0.1025343538	0.143796735	-0.0306068987	0.0406583154	0.0499210971	-0.0662242967	0.0503938662	-0.0327022453	0.0509535506	-0.0330226601	0.0779935911	0.0275984442	0.0696640623	0.0127470986	0.0394601909	0.0718386976	-0.007201999	0.0429271438	0.0767358818	-0.0449465868	0.0227616763	0.0293626175	-0.0255312337	-0.0265125087	-0.1048461747	-0.1336515297	-0.0899217968	0.0182544146	0.0462242055	0.0072597349	-0.1051539551	-0.0088329046	-0.0521831572	0.0397750718	-0.0780659995	-0.0302810494	-0.0388811581	-0.0318564283	-0.0864926587	-0.06437403	-0.0649926307	0.0180700603	0.0865369988	0.0387899984	0.0107402878	-0.0188885862	-0.0428149884	-0.0909474131	0.0647814654	0.0329562648	-0.0147634607	0.0204767581	-0.0333140442	-0.0844549707	0.0381222705	0.0863520394	-0.0740345364	-0.0106111237	-0.0490132798	-0.023958617	0.0770961906	0.0281083986	0.0415763855	-0.0138756907	-0.0888796088	0.0016643087	-0.0173849175	-0.1310220561	0.0755688824	0.0338271112	-0.0195636596	-0.0662173176	-0.0900678015	-0.0829017503	-0.014143506474042	-0.0085632499772146	7.332925017226584e-05	0.0002000387753812	0.0401796702043242	-0.0140528909588369	0.0016144058977282	0.0001974837443009	-0.02495389193556	-0.0130718295135494	0.0001708727268313	0.0006226967227316	0.000634999918618	-0.0002309997695496	4.032248966448667e-07	5.336089353201449e-08	1.0159999064285332e-08	-1.0242002290716813e-07	1.0322558098627882e-16	1.0489861092304844e-14	3.1999999908284484e-05	-0.0002280001266672	5.1984057760266326e-08	1.023999994130207e-09	0.0	0.0	0.0	0.0	0.0	0.0	0.0	0.0	0.0	0.0	0.0	0.0	0.0	0.0	0.0	0.0
3979.095990020917	-4.886737201923097	23.88020048065918	15833204.89780054	4808.331683743385	20.21619636781816	23120053.58089049	408.694595582184	4524.9383701142815	-0.542088099888133	0.2938595080403264	20475067.25333249	4643.161137105082	3419.602217525156	1.02183	18.356838	0.0865311559445748	0.0456615977704775	-0.013588374	0.0541930561	0.0343434302	0.0037998419	-0.0386432737	0.0022471767	-0.0954325822	-0.0493650747	0.125864012	-0.0245339679	-0.0514119298	-0.0163903266	-0.0092053785	-0.0969935468	0.0530237542	0.0060499208	-0.0443931306	0.0839879357	0.0304997544	0.0772938849	-0.0034179137	-0.0413790605	-0.0127151231	-0.0170162828	-0.0080609097	0.0556430245	-0.1080642767	0.0015017712	-0.1313567258	0.0336645354	-0.0103780748	-0.0177949751	0.0132526547	0.026766523	-0.1349368869	-0.017751306	-0.0037776121	0.0985702569	-0.0150833125	-0.0840948851	0.0484828744	0.0782719232	-0.0519752286	0.0086623449	-0.0691776623	-0.0225006064	0.0204399905	-0.0022812943	-0.0017970246	-0.0508341696	-0.036111918	0.0509486709	-0.0222523696	0.0277324685	-0.0823702672	-0.1014410815	0.0093964821	0.0111551899	-0.0144145519	0.0884018282	0.0502097389	0.0403821688	0.0886087135	-0.0038688269	-0.012101401	-0.0252909857	0.0408354105	0.0745112291	-0.0391924904	-0.0046934025	0.0132646588	-0.0306826596	-0.0101938825	0.0823909465	0.0953491789	0.0312136487	-0.0696632836	0.0235551991	0.030220591	0.0327098158	-0.1351227237	0.0748920628	0.0315960199	-0.0230492221	-0.06941525	-0.0908475206	-0.0796476241	-0.0252125734418484	-0.0110690669678064	0.0001225242435377	0.0006356738595605	0.0542167518759981	0.0140370816716739	0.0029394561839835	0.0001970396618572	0.0002357867129489	0.0251896786485089	0.0006345199104151	5.559537400324698e-08	0.0008849927485746	0.0002499928299565	7.832121650296252e-07	6.24964150297095e-08	0.0004740141771775	0.0004740040171784	2.246894401652624e-07	2.246798083012948e-07	3.129027391160651e-05	-7.097259966779728e-07	5.03710990360542e-13	9.79081241463363e-10	0.0	0.0	0.0	0.0	0.0	0.0	0.0	0.0	0.0	0.0	0.0	0.0	0.0	0.0	0.0	0.0
3976.7948809412887	-2.301109079628077	5.295102996346775	15814897.52508084	4804.159786101311	-4.171897642074328	23079951.250392992	17.404729935945333	4527.043827601841	2.105457487559761	4.432951231921461	20494125.81702793	4645.50858704284	3409.9751458857263	0.968452	17.397924	0.0756585739433066	0.0355870412733496	-0.0031517373	0.0577547888	0.0344787484	0.0137361499	-0.0241101677	-0.0068286245	-0.1295587429	-0.1156825482	0.1383374499	0.0024506091	0.0506915407	-0.0148076695	-0.0366233514	0.0764732212	0.0499504467	0.0622366856	-0.0461808592	-0.0203549751	0.1115623119	0.0397567431	0.0325506869	0.102493906	-0.091459733	-0.0789295175	0.0175218492	-0.0490933592	0.0209141514	-0.082947249	0.0217023011	0.1785663331	-0.0527887267	0.0663644636	0.0104372507	-0.0262712002	0.1019715829	-0.0132760697	0.0326070502	-0.0684248293	-0.0438474249	-0.0085890794	0.1215540396	-0.0659213878	-0.0516534823	0.106406215	-0.0194741935	-0.0348621338	-0.0592389987	-0.0906931943	-0.1450131906	-0.0187466901	-0.1587531926	-0.0006691786	0.0584083162	-0.0356540126	-0.0790311664	0.0142708537	-0.1437675101	0.0159395929	-0.0521029051	-0.0569025115	-0.0536713398	0.0520750427	0.0874004454	0.0324972959	-0.0429275881	0.0546892734	-0.0417378558	0.1490468244	-0.0780028214	0.0490807638	0.0485199239	0.03976051	0.0015242269	0.005950283	0.0281909124	0.0836556049	0.0501284478	0.0107159162	0.0841207839	0.0788430748	-0.0518325831	0.0742024108	0.0293432743	-0.0264992443	-0.0724229201	-0.0912382167	-0.0759024438	-0.0437845503662117	-0.0185719769243632	0.000344918326879	0.0019170868507713	0.0346390738218929	-0.0195776780541052	0.0011998654352385	0.0003832854779901	-0.0065479521113189	-0.0067837388242678	4.601911243587828e-05	4.287567685212564e-05	0.0006930928503774	-0.0001918998981972	4.803776992442689e-07	3.6825570928095744e-08	0.0004738647090958	-1.4946808170004282e-07	2.2454776252644717e-07	2.2340707447090674e-14	-0.0003911639626209	-0.0004224542365325	1.7846758196426296e-07	1.5300924565328486e-07	0.0	0.0	0.0	0.0	0.0	0.0	0.0	0.0	0.0	0.0	0.0	0.0	0.0	0.0	0.0	0.0
3966.757372256716	-10.037508684572911	100.75158059287664	15735164.050353006	4809.12851149036	4.968725389049723	23127717.04002949	24.688231991787323	4520.236455281575	-6.80737232026604	46.34031790672425	20432537.61165654	4640.709490631439	3396.760979711482	0.984612	17.688236	0.0259276265849371	0.0150288707971575	-0.0069319908	0.0499673154	-0.005597569	0.0156588023	-0.0093339302	-0.0524527109	-0.0950786855	-0.1286003123	0.1727756997	-0.032455115	0.0042313883	-0.012179084	0.0615869748	-0.0466632449	0.0747466006	0.0771209894	-0.0532060763	-0.0619655453	0.035435781	-0.1120878353	0.0280901653	-0.0522119975	0.0539694581	-0.0930562449	0.0074922724	0.1513117375	0.0705703198	-0.1081535001	0.0452484681	0.024512547	0.0144023884	-0.0300998513	0.0809550496	-0.0267144441	-0.0032615411	-0.0156094469	-0.0757066705	0.0435966363	-0.0742524681	-0.0062520425	0.1053615899	-0.0150039412	0.0139842436	0.0683605999	0.0710222985	0.1021743569	-0.0398860407	0.0466183817	-0.0176211207	-0.1386790234	-0.1023017915	-0.1106682959	-0.1259867849	0.0770460362	0.0065356492	-0.0503978476	0.0122827049	0.0164897477	-0.074657965	0.0932517873	-0.0281985853	-0.0087732812	-0.0142190983	0.1533775925	-0.0844172585	0.0090805511	-0.0704288882	0.0238706121	0.0130272646	0.040448561	-0.0375698955	-0.0492451533	-0.0804652862	0.0044582612	0.0620627062	0.0247476681	-0.0329659447	0.1213001131	-0.0406074271	0.1036598329	0.0189608835	0.0735000446	0.0270704183	-0.0299084066	-0.075232084	-0.0912382167	-0.0716892996	-0.0519566054453974	-0.0081720550791857	6.678248421724486e-05	0.0026994888494086	0.0356949098577388	0.0010558360358459	0.001274126589752	1.1147897345907849e-06	-0.0182452999831994	-0.0116973478718804	0.0001368279472357	0.0003328909714769	0.0006300840239535	-6.300882642389994e-05	3.970058772414349e-07	3.9701122073171515e-09	0.0004738886950275	2.3985931700033772e-08	2.2457049527486693e-07	5.7532491951868495e-16	-0.000354149023016	3.70149396049e-05	1.3701057539543942e-09	1.2542153050318732e-07	0.0	0.0	0.0	0.0	0.0	0.0	0.0	0.0	0.0	0.0	0.0	0.0	0.0	0.0	0.0	0.0
3979.31842828298	12.561056026264396	157.7801284949531	15834975.153672528	4789.82438610446	-19.30412538590008	22942417.64972097	372.6492569145519	4525.793566385905	5.557111104330033	30.881483825868163	20482807.405540053	4642.464158278245	3423.202684205542	1.196444	21.493727	0.0776768256252514	0.0366763870551375	-0.0024377678	-0.0275287223	-0.1170616807	0.0149923965	0.085243165	-0.0839097555	-0.0142434077	-0.025797263	0.0102425459	0.0484572048	-0.0374656783	0.0061595885	-0.0572371387	0.034241472	-0.0937507375	-0.0483608402	0.0375369133	-0.0835286301	0.0391162396	0.0078538881	-0.1116994981	0.0184917058	-0.0155732736	-0.0760961155	-0.0756771817	-0.0272339799	-0.0059991609	0.0249317484	0.0030783775	-0.028863629	0.018257136	0.0044579561	0.0429850566	-0.0632998562	-0.0848462171	-0.0002751238	0.0686999401	-0.0281009088	0.0130250565	0.0524402525	-0.0725741886	0.0001169166	-0.0094027419	-0.0006532554	-0.1280634917	0.1206013694	-0.0644190347	0.0301100897	-0.0218915799	-0.0027687109	0.0146033135	0.0651000688	-0.0102388	-0.0702259779	-0.046309152	0.0057266459	0.0287450345	0.0027562492	-0.0615536735	-0.0777337693	0.0275209141	0.0089522474	-0.0820062228	-0.0470315033	0.068272293	0.0359426282	0.0493309127	0.1512426476	-0.084417883	-0.0416289405	-0.0006796749	0.0331296523	-0.0808479146	0.0074231635	0.0699471501	0.0273222621	-0.0437932043	0.0680858276	0.0104180955	0.1017926599	0.0433858766	0.0727850846	0.0247790096	-0.0332714524	-0.0778350419	-0.0908475206	-0.0670341672	-0.033624657485106	0.0183319479602914	0.0003360603160188	0.0011306175909906	0.0507231272025592	0.0150282173448203	0.002572835633207	0.0002258473165631	-0.018320378889939	-7.507890673959933e-05	5.636842237213453e-09	0.0003356362826709	0.0002064746621003	-0.0004236093618532	4.2631786089433066e-08	1.7944489144967537e-07	0.0004740109859131	1.222908855999733e-07	2.246864147663091e-07	1.4955060700825754e-14	0.0001069509525132	0.0004610999755292	2.126131874330289e-07	1.1438506243480761e-08	0.0	0.0	0.0	0.0	0.0	0.0	0.0	0.0	0.0	0.0	0.0	0.0	0.0	0.0	0.0	0.0
3972.3516602387817	-6.9667680441984885	48.53585698166523	15779577.712601803	4773.115944154801	-16.708441949659573	22782635.81634477	279.1720323851438	4519.656223842076	-6.137342543829618	37.666973500301005	20427292.38171441	4641.181534786015	3409.668894674925	1.162634	20.886337	0.0987585767923704	0.040687499712967	0.0039905529	-0.1053622467	0.0212843522	-0.0166385812	0.1433702056	0.0184140005	-0.0655967159	-0.0921881197	0.0681906218	-0.0118505507	0.0839862286	0.0087311619	0.0694740073	-0.0008912609	0.1114118094	-0.0149173466	0.0482442641	-0.1027801937	0.0137575804	-0.0575042372	-0.0794528861	0.1031589535	0.1137889472	-0.158901403	-0.0698903588	-0.0366731139	0.0084354713	-0.0328289474	-0.0349463571	-0.0036569009	-0.0289578507	-0.0587945278	0.0816994267	-0.0506188178	-0.012422809	0.000180895	-0.0779256407	-0.0067548177	-0.1696483561	-0.018241396	-0.0095105083	-0.0855762617	0.0452274766	0.0311155438	-0.015955344	0.0477596327	-0.2187700069	0.0200351	0.0123457005	0.0063004626	-0.0257260719	0.0501525732	-0.0166703515	-0.0300235002	-0.0513957118	-0.0954328348	0.0320970853	0.0112837672	-0.0653246364	0.0782317963	-0.1130609569	0.0833176478	-0.0725755632	0.0181066029	-0.0373204987	0.0439087261	-0.068386869	0.0581958998	-0.0305258022	0.065125965	0.0011228558	-0.0084636525	-0.0260270522	-0.1018784342	-0.059412079	-0.0249042753	-0.0104802728	0.0038506763	0.0250569739	-0.0442011611	0.0029511733	0.0720576532	0.0224706185	-0.036583196	-0.0802246594	-0.0900678015	-0.0619657467	-0.0497133314673448	-0.0160886739822388	0.0002588454305067	0.002471415325582	0.0280833673285201	-0.022639759874039	0.0007886755205085	0.0005125587271541	-0.0402623351150666	-0.0219419562251276	0.0004814494429854	0.0016210556289179	0.0006300545536582	0.0004235798915579	3.969687405854337e-07	1.7941992453220238e-07	0.0004739269308622	-8.405505090000382e-08	2.246067357964645e-07	7.065251581802232e-15	-0.0002311488350973	-0.0003380997876105	1.1431146638226521e-07	5.342978396683879e-08	0.0	0.0	0.0	0.0	0.0	0.0	0.0	0.0	0.0	0.0	0.0	0.0	0.0	0.0	0.0	0.0
3968.0036904676463	-4.347969771135468	18.90484113070781	15745053.28756486	4753.16737710276	-19.948567052040744	22592600.11475393	397.9453274297656	4522.759158179873	3.1029343377977057	9.628201504684084	20455350.40289992	4640.306271597056	3386.5135567364086	0.953528	17.129812	0.0561132315102034	0.0313508306490797	0.0013358029	-0.0465427507	0.0821066367	-0.0091814022	0.1227140052	0.0766462042	-0.0458010429	-0.0298846208	0.049065761	0.0637229856	0.0598184803	-0.0054741799	-0.093632615	-0.0359667483	0.1549297199	-0.0412050802	0.0351794787	-0.0364309708	-0.0431719327	0.014559495	-0.0583512122	-0.0835884541	0.071481139	-0.0416195903	-0.0217245282	0.0185758245	0.0087418108	0.0656313031	0.0105222372	-0.1145242445	0.0163311824	0.0463951015	0.0873931095	-0.0511944348	0.0960567714	-0.0129478026	0.0850565725	0.0497971163	-0.1093319906	-0.1091465994	-0.0068841868	0.0197339507	0.0928341527	-0.0399754824	-0.0406334859	0.0512450376	-0.0047593037	0.0918797528	0.072979924	-0.0308104981	0.0523454448	0.0042465509	0.0019879986	-0.0404592507	0.0757924451	0.0139910614	0.0355055577	0.0120896837	-0.0703789859	0.0003426669	0.0463154626	0.1523347588	-0.0339248748	0.0368487767	-0.0674539436	-0.0042723568	-0.0814937781	0.0326658411	-0.0376145697	0.0211310906	-0.0738574112	-0.0278794617	-0.0313698852	-0.0007380122	0.0493814254	-0.0076066601	-0.1487309988	0.0264999378	-0.0136836773	0.0513631193	0.0192476591	0.0713178751	0.0201468273	-0.0398385309	-0.0823943867	-0.0889023983	-0.0565152869	-0.0497454575782683	-3.212611092349993e-05	1.0320870030690214e-09	0.0024746105496712	0.0343950622991684	0.0063116949706483	0.0011830203105636	3.9837493402507055e-05	-0.01268794726316	0.0275743878519066	0.0007603468654073	0.0001609840057527	0.0003460921979614	-0.0002839623556968	1.1977980948975286e-07	8.0634619452876e-08	0.0004739318272501	4.896387900004979e-09	2.246113768806186e-07	2.3974614467315168e-17	-0.0003910820345471	-0.0001599331994498	2.5578628286249508e-08	1.5294515774549915e-07	0.0	0.0	0.0	0.0	0.0	0.0	0.0	0.0	0.0	0.0	0.0	0.0	0.0	0.0	0.0	0.0
3976.5448797845775	8.541189316931195	72.95191494765957	15812909.18094094	4772.815011301348	19.647634198588094	22779763.132103488	386.0295296015284	4525.46406010219	2.7049019223168216	7.316494409353237	20479824.9592766	4642.413840761289	3402.587098979669	1.01528	18.239182	0.0527809841210207	0.0283059866132929	-0.003144384	0.052448208	0.0413819253	0.0177856618	0.0220580351	0.0698419452	-0.0691237693	-0.0517885171	0.0099950737	0.0654588547	-0.0104940708	-0.0139150016	0.0733540574	0.052609333	-0.0192724005	-0.0946085256	-0.0459576393	0.0553675806	0.0117375519	0.1553164424	-0.0618179502	-0.0035935097	0.0221247328	-0.0257831999	-0.0378750743	-0.0110418781	-0.0208888074	-0.0005792765	0.0379332439	0.0427569719	0.0456811551	-0.019858047	0.0672723603	-0.0387129691	0.0362541867	-0.0139172234	-0.0712045816	-0.0663464224	0.0440032108	-0.0948773848	-0.0474263864	0.0017099205	-0.0408323528	-0.0582872339	-0.1404334393	-0.0577293844	-0.0378841647	0.0125195874	0.0379515881	-0.0348502159	0.0315325678	0.0214860489	0.0045867214	-0.0452385284	-0.0138822979	0.0015685734	0.0350382534	0.013577304	-0.0236118035	0.0094953213	-0.1149674856	0.0463161834	0.0602785519	-0.0155177138	-0.0042544031	0.0270412357	0.0477829234	0.0957022573	-0.0563698146	-0.0573002725	-0.0326344698	-0.0148972269	-0.0558375464	-0.0285640827	0.0538473787	0.0608643231	-0.1710378567	0.0244029435	0.0376445593	-0.0272733352	-0.0043195036	0.0705658771	0.0178092284	-0.0430324377	-0.0843382767	-0.0873563013	-0.0507163915	-0.0308836214834684	0.0188618360947999	0.000355768860867	0.0009537980759341	0.0283988101912484	-0.00599625210792	0.0008064924202785	3.595503934173508e-05	0.0040801259249008	0.0167680731880608	0.0002811682784401	1.6647427563047604e-05	0.0001230926853704	-0.0002229995125909	1.5151809191696286e-08	4.972878261582356e-08	0.0004739759183076	4.4091057500015615e-08	2.2465317113553274e-07	1.9440213514696827e-15	-0.0003910291835908	5.2850956300005015e-08	2.79322358182504e-15	1.5290382241968756e-07	0.0	0.0	0.0	0.0	0.0	0.0	0.0	0.0	0.0	0.0	0.0	0.0	0.0	0.0	0.0	0.0
3978.290501218845	1.7456214342673777	3.047194191773696	15826795.312088087	4784.615869337513	11.800858036164756	22892549.017116364	139.26025038971426	4525.839857555571	0.3757974533809829	0.141223725967632	20483226.416238632	4646.028770631225	3408.088554224785	1.04552	18.782431	0.095953977094866	0.0435738601813527	0.0069666071	0.0561972173	0.0440230947	-0.0106420983	0.0085769621	-0.0108277865	-0.1390536325	-0.105590323	0.0077951689	0.0161998071	0.1024088009	0.006661708	-0.0294425101	-0.0694428871	0.0749203541	0.1162161594	-0.0684949214	-0.0456899206	-0.0019574571	0.0074021336	-0.0129637569	0.0794401722	-0.0285766329	-0.0034004278	-0.0288156858	-0.0432341414	0.1222072841	-0.0496574574	0.1260810768	-0.0908427327	-0.0254943674	-0.0956773384	-0.048916168	0.0561467478	0.0791744864	0.0046173057	0.021683557	0.0824277093	-0.0412625021	0.0194138732	0.1212322575	-0.1522367839	0.0174901859	0.0215099063	0.0630808265	-0.117337847	-0.0336552687	-0.028512521	-0.0724484688	0.0539268959	0.0191932969	0.0041983934	-0.0011514872	0.0718896436	0.1860336079	0.075149363	0.0609814304	0.0075474617	-0.0782635904	0.0756601368	0.0466461064	0.0576534985	0.0535551053	0.1057388221	-0.0448841333	0.1446093959	-0.1023057735	0.1056721728	-0.0903567397	0.0493373517	0.0046339413	0.0699931203	0.0312989311	-0.0549214382	-0.0300513318	0.0335698242	-0.0147890486	-0.0761735661	0.1261807404	0.0174980272	0.0637195511	0.0698017879	0.0154594239	-0.0461599916	-0.0860510014	-0.0854361313	-0.0446048127	-0.0479433686477079	-0.0170597471642395	0.0002910349733077	0.00229856659729	0.0340801154255245	0.0056813052342761	0.001161454267417	3.2277229165013005e-05	-0.0110762103114296	-0.0151563362363303	0.0002297145281087	0.000122682434863	0.0006302844703623	0.0005071917849919	3.972585135798851e-07	2.572435067632698e-07	0.0006717329342917	0.000197757015984	4.512251350121373e-07	3.9107837370935566e-08	-0.0008472121518152	-0.0004561829682244	2.08102900498024e-07	7.177684301833415e-07	0.0	0.0	0.0	0.0	0.0	0.0	0.0	0.0	0.0	0.0	0.0	0.0	0.0	0.0	0.0	0.0
3971.7658533997633	-6.524647819081565	42.57102916304582	15774923.99423235	4788.159095025831	3.543225688318671	22926467.51927859	12.55444827836132	4522.016053336008	-3.823804219563499	14.62147870955162	20448629.18662856	4637.5905037345465	3389.1082985351923	1.008156	18.111195	0.038268887902143	0.020630297235291	0.0149354787	0.0141545167	-0.0507178718	0.0342736592	0.0064863928	-0.0707027856	-0.0330922258	-0.0578510846	-0.0322639733	0.1200001026	0.0776654861	-0.0118026635	-0.0113618414	0.1049988866	0.0821669874	0.1173604538	-0.0190518176	-0.0804315455	0.0403790541	0.007471237	0.042626576	-0.0062277023	-0.0267491595	0.0025036832	-0.0435106518	0.0315290495	0.0507961769	0.0312341924	0.1146063159	-0.0043457974	0.0403517865	0.0140521544	-0.0064679172	0.0748662393	-0.1425478219	-0.0100393732	0.025523585	-0.0946111521	-0.0555866888	0.0176752405	0.1064776847	-0.0605881796	0.0459640972	0.0538756237	-0.0244660405	0.0211779088	0.0748544508	-0.0090844906	0.0067805437	0.0478429433	0.0439687716	0.009225618	-0.0784565702	-0.0130181556	0.0599486387	-0.0332950888	0.1547641384	0.0092653789	-0.073381071	-0.0632563714	-0.0786742643	0.0298344974	-0.0495816128	0.1610728798	-0.0773712638	0.090942784	-0.0336765999	0.059524259	-0.0393589449	-0.0433455744	0.0590849618	-0.0361816074	-0.0484196181	-0.0067785128	0.0784529519	0.063895728	0.0629854824	0.0320056772	0.0972061063	-0.0193108737	-0.0598726994	0.0690257386	0.0130990243	-0.0492163702	-0.0875278662	-0.0831501106	-0.0382182304	-0.0402618829056393	0.0076814857420686	5.900522320560323e-05	0.0016210192151074	0.03471727125509	0.0006371558295655	0.0012052889233994	4.059675511493005e-07	-0.0168290040576835	-0.0057527937462538	3.309463588693796e-05	0.0002832153775735	0.0005199425610378	-0.0001103419093245	2.703402667785464e-07	1.2175336953376193e-08	0.0010452799151334	0.0003735469808416	1.0926101009812878e-06	1.3953734689594936e-07	-0.0008472723133341	-6.016151890000324e-08	3.619408356355447e-15	7.178703729425174e-07	0.0	0.0	0.0	0.0	0.0	0.0	0.0	0.0	0.0	0.0	0.0	0.0	0.0	0.0	0.0	0.0
3973.922095983624	2.156242583860603	4.649382080453851	15792056.824946878	4793.446287093624	5.287192067792603	22977127.30725165	27.954399961729017	4522.156345549084	0.1402922130764636	0.0196819050498918	20449898.013589848	4637.971330378606	3416.7507943797605	1.037502	18.638393	0.1179425999297408	0.0489088229426393	0.0064115635	-0.0760355587	-0.0839695183	0.0081838158	0.0923225889	-0.0732419829	0.0241338559	-0.010385541	-0.0074327693	-0.0015017622	-0.0487128379	0.0036547515	0.0317436749	-0.0892265759	0.0018421046	0.0214218831	0.058718216	-0.076415913	0.0784900886	0.0056697397	0.0098787721	0.0160703293	-0.0677418953	0.0018309434	-0.0209244535	0.0981679225	-0.0777320356	0.0851128604	-0.0409695323	0.0010439995	0.0442338484	0.0614661352	-0.0900327019	-0.0193128215	0.053979282	0.0001389522	-0.0469546942	0.0850290873	-0.0360526554	0.0336790871	-0.0019678705	0.0223410075	0.0279339868	0.0673693488	-0.1014964775	0.0987565703	0.0431717983	-0.0416822372	0.0485288969	0.0625963868	0.0625455305	0.0602875709	-0.0789330049	0.0326440382	0.0223609149	0.0343730951	-0.060616518	0.0051563674	-0.0528042998	0.0952527226	-0.0059270454	0.0495270374	-0.1042724894	0.0294545435	0.0303001917	0.0242174607	0.0096123267	0.0481271042	-0.0872608501	0.0307125994	0.0549061535	-0.0310176742	-0.0599364414	0.0509595244	0.0734743809	0.0194638883	-0.0759605285	0.0953509166	-0.0143246156	-0.0101576461	-0.0018434819	0.0682378621	0.0107296473	-0.0521968607	-0.0887648233	-0.0805080284	-0.0315960199	-0.0310134884858683	0.009248394419771	8.553279934365136e-05	0.000961836468063	0.0543962653881493	0.0196789941330592	0.0029589536881779	0.0003872628100889	0.004016235346377	0.0208452394040605	0.0004345240058125	1.613014635748798e-05	0.0002590749084796	-0.0002608676525582	6.711980820371313e-08	6.805193215122574e-08	0.000473959028405	-0.0005713208867283	2.2463716060661162e-07	3.264075556121251e-07	-0.0003160614131637	0.0005312109001704	2.821850204598468e-07	9.98948168910351e-08	0.0	0.0	0.0	0.0	0.0	0.0	0.0	0.0	0.0	0.0	0.0	0.0	0.0	0.0	0.0	0.0
3979.445283505233	5.523187521609088	30.505600398858345	15835984.764412044	4770.342826597152	-23.1034604964716	22756170.68326691	533.7698869120237	4528.249247233073	6.092901683989112	37.12345093075736	20505041.245066896	4646.704168902386	3423.0571317869653	1.059961	19.041851	0.099599844862313	0.0451050894438711	0.00730006	-0.0942461755	0.0554595592	-0.036517247	0.1354179117	0.0391191541	0.0309986449	0.0239642599	-0.1059759478	0.0712009873	0.0892398919	0.0124122616	-0.0813130162	0.0565300395	0.0553975138	-0.0919641889	0.0585665516	-0.0483147412	0.0633437781	-0.0144572913	0.0304360195	0.0220918717	-0.0103670629	-0.0042228603	-0.0944914471	0.0016677875	0.059715969	-0.1915726925	0.0138532189	0.051867582	-0.0624944909	-0.035889525	0.0038000039	-0.0167502848	-0.01026131	0.0084950926	0.0850517663	-0.0414105905	-0.1044472054	-0.0205904581	-0.0977491974	-0.0957930658	-0.0054732654	0.0884531118	0.0504040637	-0.0589850869	-0.0348930452	-0.0006080743	-0.0702821407	0.01912324	0.0601016554	0.0514280498	-0.0276511469	0.0675953051	0.0328623003	-0.1352555082	-0.0181228587	0.0070161941	-0.0612655214	-0.0706434037	-0.0367842311	0.1269816593	-0.0373808243	-0.0299801964	0.011606238	0.0510058724	-0.1138710784	0.0503035109	-0.0504487185	-0.0146107489	0.0057255813	0.1180439109	-0.0533129402	-0.0954909696	0.0405491876	-0.0714431107	0.0154253912	0.0028758405	0.0090244639	0.0460068772	0.0140411078	0.0674382934	0.0083529168	-0.0550968674	-0.0897584821	-0.0775211985	-0.0247790096	-0.0397773941246697	-0.0087639056388014	7.680604204581497e-05	0.0015822410833493	0.0342618662182161	-0.0201343991699331	0.0011738754767549	0.0004053940299342	-0.0195943358596082	-0.0236105712059852	0.0005574590726728	0.0003839379977791	0.0008799985666252	0.0006209236581456	7.743974772624066e-07	3.855461892449139e-07	0.0004740018957218	4.2867316799987544e-08	2.246777971478602e-07	1.8376068496304937e-15	4.791438325764332e-06	0.0003208528514894	1.0294655230892025e-07	2.2957881229603297e-11	0.0	0.0	0.0	0.0	0.0	0.0	0.0	0.0	0.0	0.0	0.0	0.0	0.0	0.0	0.0	0.0
3970.238775473122	-9.206508032110833	84.75979014532128	15762795.934270317	4774.936754780431	4.5939281832788765	22800021.01215308	21.10417615312396	4518.687299455915	-9.561947777157911	91.43084529309512	20418534.910264198	4638.505155391484	3388.4748224129016	1.071864	19.255695	0.0551100968882571	0.0282853953391605	0.0068333772	0.0090349654	0.108737041	-0.0279772103	0.0473363998	0.0918031881	-0.0460026553	0.0246432303	-0.0918883044	0.0223138494	0.0148303393	0.0141426832	0.0769532344	-0.0123111783	0.164457688	-0.0552032242	-0.0635577446	-0.0616163109	0.036920023	-0.0601837324	-0.1020149468	0.0229957199	0.0322445357	0.0675891036	0.0079601049	0.0270816633	0.09298938	0.0591887175	-0.0310050924	0.071985295	0.0229311386	0.0784783795	0.018625903	0.0592424171	-0.0524441738	0.0135377323	-0.0813879588	0.0053640746	-0.072916164	-0.1595361793	0.0063897512	-0.1309681935	0.0223562128	-0.0337272159	0.0224423901	0.0594752706	-0.0058984658	-0.0171945258	0.0217775251	0.1024641356	-0.0094003824	-0.031151454	-0.0926465815	0.014130811	0.0429135623	0.0300297962	-0.0344753741	0.016859811	-0.0666997518	0.0932683725	-0.0948434849	0.1196586973	0.0274396348	0.0776373458	-0.032653301	-0.0110902741	-0.0798409356	-0.0250109111	0.023611081	-0.1224844678	0.1097451432	-0.028217071	-0.0318117602	-0.0764342467	0.067448119	-0.1047213156	0.0065117058	0.0165375137	-0.0633471545	-0.0315309389	0.0886133947	0.0666271694	0.0059704615	-0.0579119187	-0.0905061192	-0.0742024108	-0.0178092284	-0.0307635817634235	0.0090138123612462	8.124881328375479e-05	0.0009463979629148	0.0175470336988325	-0.0167148325193836	0.0003078983916279	0.000279385626151	-0.0317783828334725	-0.0121840469738642	0.0001484510006613	0.0010098656155107	0.000630020899842	-0.0002499776667832	3.969263342377234e-07	6.248883389037258e-08	0.0004739721700879	-2.972563389999541e-08	2.246496180178332e-07	8.836133107565559e-16	-8.914926993239616e-05	-9.394070825816048e-05	8.824856668044824e-09	7.947592329479235e-09	0.0	0.0	0.0	0.0	0.0	0.0	0.0	0.0	0.0	0.0	0.0	0.0	0.0	0.0	0.0	0.0
3986.902435160401	16.66365968727905	277.6775541734489	15895391.027487935	4865.922880111202	90.98612533077085	23677205.475189697	8278.47500270674	4530.956144060408	12.268844604493095	150.52454792919937	20529563.579398766	4650.980913300567	3423.6788884615826	1.570807	28.21903	0.3028983362910522	0.1488869555392234	0.0100797216	0.0842095877	0.0185834839	-0.0779075624	-0.0744094502	-0.0152499085	-0.3131620442	0.0165632266	-0.1635537914	-0.4889135464	-0.3045929351	-0.0269439054	-0.0741332184	0.0025458502	-0.0136542371	-0.0063443734	-0.105052421	0.0354864767	-0.0766883124	0.0017397982	0.037842243	-0.0770441552	-0.0554148376	-0.1586102777	-0.0064410851	-0.1202290374	0.0874774206	0.0076030822	-0.0948749112	-0.1009300509	0.2087803901	0.1144955112	-0.1264179948	-0.1838197581	-0.1370865601	-0.025125528	0.0638035125	-0.0039623625	0.1467819319	-0.0709476247	0.0541731262	0.072006998	0.0868992025	0.0556279828	-0.0824672066	0.0427962384	-0.0017824224	0.1716444491	-0.2847583342	0.1613219816	0.4780500718	-0.3008203644	-0.0711295931	-0.1689633426	-0.2475111599	0.0828251021	0.00058133	-0.0041500651	-0.0750728232	-0.0561924374	0.1019030313	-0.0628828065	0.1476610747	-0.0802663426	0.2368176573	-0.1043119518	-0.0434166852	-0.0757335709	0.0495389331	0.0392314923	0.1969076821	0.0516791414	-0.0427130722	0.1596265974	0.065573474	-0.0776733241	-0.0585175425	0.1224079845	-0.4585313256	0.0491306681	0.1717049768	0.0658046293	0.0035839144	-0.060637674	-0.0910056853	-0.0705658771	-0.0107296473	-0.0194590243099099	0.0113045574535135	0.0001277930192197	0.0003786536270936	0.0631947104723735	0.045647676773541	0.0039935714316871	0.0020837103948216	0.0176889569202103	0.0494673397536827	0.0024470177023062	0.000312899196925	0.0015501586324106	0.0009201377325686	2.402991785637102e-06	8.466534468964846e-07	-0.0001352086826564	-0.0006091808527443	1.828138786567908e-08	3.711013113502726e-07	0.002311107390961	0.0024002566608933	5.761232038163114e-06	5.34121737255456e-06	0.0	0.0	0.0	0.0	1.0	0.0	0.0	0.0	0.0	0.0	0.0	0.0	0.0	0.0	0.0	0.0
3991.7807669922895	4.8783318318883175	23.798121462014823	15934313.691729551	4834.631719773815	-31.291160337386827	23373663.86584312	979.1367152600506	4527.78462037586	-3.171523684548447	10.058562481651755	20500833.56851217	4652.043017309838	3437.0233477027014	1.418547	25.483738	0.1114404696244597	0.0595006236769944	0.0081380642	0.0762411474	-0.0439370878	-0.0193721734	-0.062836021	-0.1133368329	-0.0959617819	0.0626173607	-0.1652402103	-0.1859804974	0.0070176246	0.0062187291	0.0854011006	0.0174306003	-0.0750352487	-0.0403526172	-0.0556513969	-0.0673827248	-0.126295266	0.0284486979	0.0546737694	-0.0150265699	0.033117169	0.046777602	-0.0470921767	0.0228490283	0.0682998087	-0.1548622842	0.1207000885	0.0824542546	-0.000376083	0.0755578734	0.1373695804	-0.0112964166	-0.0462112117	0.0068222987	-0.092590858	-0.0204874736	0.0369705461	0.0919233963	-0.0493471009	-0.1290251055	0.0596850772	-0.057096424	0.0643338881	-0.1233826549	-0.029138722	0.0185107769	-0.1705283593	-0.1586200655	0.0433381776	-0.1542185377	-0.1047114825	-0.1295664557	-0.1313762503	0.0145118508	-0.065626707	-0.0038125118	-0.0617830924	-0.0119699108	-0.0497712784	-0.1262147921	0.036554199	0.014997688	0.1486578333	-0.0312537409	-0.0464094861	-0.0731385125	0.0833498073	-0.0757804455	0.0405405497	-0.0187270843	-0.0953520449	-0.0759459348	0.0044689483	-0.0940572131	-0.0610686839	-0.0449408601	-0.0494706771	-0.0374019864	-0.0376080836	0.0649708138	0.0011949111	-0.0632699305	-0.0912558111	-0.0666271694	-0.0035839144	-0.0226087516921893	-0.0031497273822793	9.920782582680625e-06	0.000511155653079	0.0457757967894139	-0.0174189136829596	0.0020954235717057	0.0003034185538943	0.025533338563676	0.0078443816434657	6.153432336834166e-05	0.0006519513782073	0.0008010194140659	-0.0007491392183447	6.416321017104777e-07	5.612095684621082e-07	-2.4895220458898137e-05	0.0001103134621975	6.197720016971404e-10	1.2169059941999673e-08	0.0015100111331881	-0.0008010962577728	6.417552142177444e-07	2.2801336223520097e-06	0.0	0.0	0.0	0.0	0.0	0.0	0.0	0.0	0.0	0.0	0.0	0.0	0.0	0.0	0.0	0.0
3984.888088822031	-6.892678170258478	47.50901235875776	15879333.0804357	4819.333702825731	-15.298016948084296	23225977.339191973	234.0293225438744	4525.796663193476	-1.98795718238398	3.951973758992052	20482835.4365732	4643.572574690934	3438.731695979746	1.11169	19.971148	0.1126437953588378	0.0502082661877861	0.0109438767	-0.0675466948	-0.0988956983	-0.0056744256	0.0132125203	-0.1387992568	0.0795256553	0.0517966093	-0.0881636727	-0.0390453862	0.0431940425	0.0084516218	-0.0664889721	-0.0693175341	-0.0510704944	0.0016362784	0.0225566778	-0.1147949215	-0.0391725081	0.1067090421	-0.0790115218	0.0794852498	0.1148043717	0.0986403198	0.0003367776	0.0088063442	0.1276543056	-0.0855639308	-0.100729937	-0.001194716	-0.0432250978	0.0635439382	-0.0351694921	0.0281058445	-0.0295121565	0.0065748989	0.0549245149	0.0824272225	0.0059611315	0.0672155458	-0.0251371707	-0.1172039736	0.0724722244	-0.0532640082	-0.124981126	-0.0566127761	-0.0607439926	-0.016290182	0.1002337948	0.0440613932	0.0118494193	-0.0664785587	-0.0570900207	0.0223421937	-0.0097726652	-0.0328320404	-0.1103070219	-0.0038185004	-0.0863682367	0.024319375	0.0730855618	0.0245683208	-0.0685093344	-0.0423237747	0.1761700126	0.0059241071	-0.0148649626	-0.000863115	0.0054663099	-0.0644574801	0.1813671794	-0.0014863805	0.0025076879	-0.0660542272	-0.0264712658	-0.046159522	-0.0840794255	-0.065849662	-0.087457184	-0.0187167373	-0.0026581189	0.064125866	-0.0011949111	-0.0658046293	-0.0912558111	-0.062403154	0.0035839144	-0.0306089856410096	-0.0080002339488203	6.40037432358569e-05	0.0009369100019715	0.0322564704252528	-0.0135193263641611	0.0010404798842952	0.0001827721853407	-0.0157363158822505	-0.0412696544459265	0.0017031843780861	0.0002476316375459	0.0011467481452465	0.0003457287311805	1.3150313086262877e-06	1.1952835556374752e-07	0.0003892297470986	0.0004141249675574	1.514997960264401e-07	1.714994887544989e-07	0.0012727732199276	-0.0002372379132604	5.62818274881965e-08	1.619951669364871e-06	0.0	0.0	0.0	0.0	0.0	0.0	0.0	0.0	0.0	0.0	0.0	0.0	0.0	0.0	0.0	0.0
3981.454154207716	-3.433934614315149	11.79190693539173	15851977.182057878	4799.117017192225	-20.21668563350613	23031524.144704	408.7143780040132	4525.065445672898	-0.7312175205779567	0.5346790624001746	20476217.28762286	4644.63168422154	3410.724026615289	1.098827	19.740076	0.0688041766621201	0.0382090998083714	0.0113126725	-0.0362510943	0.1061533812	-0.0145403318	-0.0049119751	0.0157104674	0.012774444	-0.0988339963	-0.0599684901	-0.0621910264	0.1132761591	0.0100490723	0.029578725	0.0903201707	0.1107572298	-0.0639387191	0.0393041366	-0.0212014081	0.0022626201	0.1232333377	-0.0357893583	0.0738367779	0.0532979262	0.1480019852	-0.0325999435	-0.0651639364	0.0161921563	-0.0733130363	0.0933300775	0.0223596352	0.1126758075	0.1230053665	0.024771429	0.063294967	0.0330124397	0.0084635241	-0.023361635	-0.0893066779	-0.1146517574	-0.0768727089	-0.0190100247	-0.0770148457	0.0067907277	-0.0382289123	-0.0539008544	-0.0993287587	0.0243799342	-0.0437749893	0.0535619532	-0.0344545202	0.0169498275	-0.0874855794	0.0130900412	-0.2075983018	0.0458721617	-0.063743625	0.0313326059	0.0028353819	-0.0620418922	-0.0344568605	-0.1049959737	0.0829244718	0.018458494	-0.0243858762	0.0632678976	0.0276934513	-0.1326459693	-0.072147399	0.0268456294	-0.1305612884	0.0623887656	0.1041911606	-0.0202275122	-0.0461785639	0.0346005856	0.0137843824	-0.0341391868	-0.1096866326	-0.0288692289	-0.0019483116	-0.0497756503	0.0632699305	-0.0035839144	-0.0682378621	-0.0910056853	-0.0579119187	0.0107296473	-0.0308037851281142	-0.0001947994871045	3.7946840176214714e-08	0.000948873178219	0.0235056822110237	-0.0087507882142291	0.0005525170962056	7.657629437029095e-05	-0.0363188247647769	-0.0205825088825264	0.0004236396718992	0.0013190570322945	0.0010308484510559	-0.0001158996941905	1.0626485290443485e-06	1.3432739113474552e-08	0.0004543445456708	6.511479857220003e-05	2.064289661808057e-07	4.239936993098183e-09	0.0006682661111252	-0.0006045071088024	3.654288445926367e-07	4.465795952783982e-07	0.0	0.0	0.0	0.0	0.0	0.0	0.0	0.0	0.0	0.0	0.0	0.0	0.0	0.0	0.0	0.0
3974.105189152732	-7.348965054984092	54.00728737937733	15793512.05445067	4803.465218820879	4.348201628654351	23073278.10842192	18.90685740343235	4521.083372206915	-3.982073465983376	15.856909088488855	20440194.85844585	4636.937513280177	3402.207321887171	1.127337	20.252247	0.1181200153736399	0.0584721147626437	0.0259665702	0.0658747653	0.0326420248	-0.0115822294	-0.0556153787	0.0268184935	-0.0412348027	-0.0197881929	-0.0298354451	-0.0593988763	0.0790767605	0.0065125208	0.0096951631	-0.0764470866	0.0940950059	0.0746731948	-0.0658165345	-0.1093696313	-0.0025902384	0.0288720641	0.046149977	0.022505073	-0.1082658234	0.0488362364	-0.112286929	-0.1376783289	-0.0004860674	0.0124633782	0.030863528	-0.0576026923	-0.0555533702	0.0466843162	-0.0390704027	0.014604199	-0.0197175091	0.0074650164	-0.0124887411	0.0829757001	0.013774505	-0.0490225829	0.1268860939	-0.0390381747	0.1257261198	0.0632446162	-0.0199738026	-0.0137596418	0.0548276724	-0.0413838816	-0.0651147345	0.0964089806	0.0034278331	0.0996506521	0.0107147616	-0.1219369461	0.1041965635	0.0235310645	-0.0463628463	0.001734312	-0.0871039562	0.0960756159	0.0263878652	0.0576277108	0.1092785363	0.0685032058	0.0514895292	0.0529411318	-0.0487275542	-0.0360082929	-0.0713927815	0.0799455567	0.1171630475	-0.0180362528	0.0198554758	0.0631708235	0.0288823644	0.0461441284	0.0478202138	0.0361582422	0.0503058413	-0.0540144773	-0.0876730746	0.062403154	-0.0059704615	-0.0705658771	-0.0905061192	-0.0531726956	0.0178092284	-0.0329024641265789	-0.0020986789984646	4.404453538596794e-06	0.0010825721456008	0.0540954518298235	0.0305897696187998	0.0029263179086727	0.0009357340053312	0.0069239524732935	0.0432427772380704	0.0018699377832613	4.794111785242717e-05	0.0007698871519028	-0.0002609612991531	5.927262266650052e-07	6.81007996556738e-08	0.0006946257417199	0.000240281196049	4.825049210599211e-07	5.7735053174786e-08	0.0003257328159613	-0.0003425332951639	1.1732905829583946e-07	1.0610186739407817e-07	0.0	0.0	0.0	0.0	0.0	0.0	0.0	0.0	0.0	0.0	0.0	0.0	0.0	0.0	0.0	0.0
3974.519893620428	0.4147044676960831	0.1719797955270916	15796808.384784536	4804.818182176159	1.352963355279826	23086277.76377061	1.8305098407300444	4524.573098682222	3.4897264753071795	12.17819087245987	20471761.72531884	4640.028815569196	3402.9111301568405	1.064725	19.127443	0.0525073366521549	0.0338791949198165	0.0164089418	-6.67008e-05	-0.0833825883	-0.0032472198	-0.0094496187	-0.0644445635	0.0185432204	0.042671957	-0.0968037408	0.028498471	-0.0145350184	-0.0087017614	-0.0369448205	0.0733874792	-0.0094070573	0.0434272441	0.0061354069	-0.1571623933	0.0191896566	-0.0395284558	0.0517376005	-0.009626854	-0.1760220625	0.0065695371	-0.0647924475	0.051905297	-0.0421282606	0.0198521015	-0.0040920006	-0.0165738096	0.0150029166	0.062339441	-0.0154807323	0.0225222172	0.0196069162	-0.0045463272	0.0446876731	-0.0746426567	0.034747827	0.0348868977	0.0346238899	0.001136146	0.0944416954	0.0465616153	-0.0664617224	0.1315029797	0.127430821	-0.050929996	-0.085881005	0.0156320399	0.0426022947	0.1056512239	-0.073101484	-0.0422921985	0.0567321961	-0.0146141041	-0.0446462447	-0.0033797397	-0.0357630952	-0.0907664889	-0.0209553668	-0.0138771968	-0.0204336656	0.113344579	0.0483421948	0.0328702827	-0.0036547394	-0.1097161655	-0.0673881183	-0.0627020335	0.0972735821	0.0093557553	-0.0205199357	0.0630898999	0.1795622484	-0.0053765692	0.0356428262	0.0918715128	-0.0261541172	-0.0737073581	-0.0391645818	0.0615256851	-0.0083529168	-0.0727850846	-0.0897584821	-0.0482057789	0.0247790096	-0.046861652105349	-0.01395918797877	0.0001948589290266	0.0021960144380427	0.0540216481751798	-7.380365464369765e-05	0.0029183384715629	5.446979438766193e-09	0.0359467736276997	0.0290228211544062	0.0008423241477606	0.001292170534241	0.0007043666564485	-6.552049545429999e-05	4.961323867164393e-07	4.292935324576946e-09	0.0008181149843573	0.0001234892426374	6.693121276299452e-07	1.5249593047158662e-08	0.0003257120767663	-2.0739195000013186e-08	4.301142092485719e-16	1.060883569514161e-07	0.0	0.0	0.0	0.0	0.0	0.0	0.0	0.0	0.0	0.0	0.0	0.0	0.0	0.0	0.0	0.0
3981.2901699417175	6.770276321289657	45.83664146661541	15850671.41727455	4789.547250070879	-15.270932105279826	22939762.86066152	233.20136736406613	4522.480631147112	-2.0924675351097903	4.378420385488441	20452831.05910078	4640.567829106928	3436.854147176827	1.122486	20.165096	0.0288635771148218	0.0205243261757168	0.0239998829	-0.0535978725	0.0100674072	-0.0146815768	0.0519184191	0.0562213961	0.1205657432	0.0566659397	-0.0005613923	-0.0896115373	0.0589933599	0.0246019399	0.0487357575	-0.0720112989	-0.0362061215	-0.1484102677	0.0683212487	-0.1039807865	0.0836248448	0.0076405148	0.0940303252	-0.0500139255	-0.0211820877	-0.0835565135	0.1735305905	-0.0555979934	0.0732292834	-0.0014439628	0.0974233755	-0.0041139647	-0.034916946	-0.0036228074	-0.0893789013	0.0361135219	0.0955042506	0.0266616468	-0.0537886305	0.0615855684	-0.0046922898	-0.009356094	-0.1581429	-0.0010510985	0.0629045844	0.167538121	-0.054451657	0.0353335488	-0.0049056835	0.0139815938	-0.0009763416	-0.004146438	-0.0104677029	-0.11769993	0.1415913468	0.1099287045	0.0721265307	0.0107119916	0.0006688563	-0.0140562759	-0.0090868424	0.0785026761	-0.0304125752	0.0290391028	-0.0304203109	-0.0354368123	0.1256518403	0.099450308	0.0194289497	-0.099855642	-0.115253829	0.0151786586	-0.0664518828	0.1095296994	-0.0467986007	-0.0184935707	0.060281413	-0.0674619781	0.0356644571	0.0434490749	-0.0027618794	-0.1052627108	-0.0644154557	0.060637674	-0.0107296473	-0.0748920628	-0.0887648233	-0.0430324377	0.0315960199	-0.0469612471527511	-9.9595047402104e-05	9.919173467027343e-09	0.0022053587341417	0.0540508788339195	2.9230658739699825e-05	0.002921497502719	8.544314103567896e-10	0.0562040003418147	0.020257226714115	0.000410355234147	0.0031588896544227	0.000647885303664	-5.648135278450001e-05	4.1975536670379366e-07	3.1901432123671472e-09	0.0007051057400599	-0.0001130092442973	4.971741046654193e-07	1.2771089296669431e-08	0.0003257719735757	5.989680940002382e-08	3.5876277763027816e-15	1.061273787674066e-07	0.0	0.0	0.0	0.0	0.0	0.0	0.0	0.0	0.0	0.0	0.0	0.0	0.0	0.0	0.0	0.0
3983.399442701142	2.1092727594245844	4.4490315736506005	15867471.120111767	4799.951233894594	10.403983823714952	23039531.84776624	108.2428794041224	4529.168873741513	6.688242594401345	44.73258900156444	20513370.68686897	4649.707582310268	3401.53763112206	1.5109	27.142826	0.0657675535178198	0.0318520214567253	-0.0562663372	0.017748658	0.0776848042	-0.0483252931	-0.0681260485	0.1103227988	0.0503582048	0.118777178	-0.026896813	0.0494058513	-0.0068681412	-0.021368098	-0.0699651065	0.0361165019	-0.086717795	-0.0408605183	-0.0452076156	0.1216954947	0.0383713423	-0.0213944451	-0.0665296587	-0.0556694397	-0.1071118437	0.0215218071	-0.0175207268	-0.0722835275	-0.04936673	-0.0026663925	0.0571410145	0.0993257248	-0.0268281723	-0.1728981639	0.0057281811	-0.0034148417	0.0172504678	-0.0241446176	0.0766135031	-0.0238504629	0.0955978453	-0.034341424	-0.051743034	-0.0016541224	-0.1763909351	-0.075734929	0.0634663033	-0.0201071525	0.0280852522	0.0081718073	-0.0349630698	0.0210850884	-0.0477633263	0.0564850682	0.0697003841	0.0545759156	-0.0171286123	-0.0551970218	0.1437005805	0.026828228	0.1648716651	-0.0619598746	0.0726371082	0.0360968995	0.0664190609	-0.0726465732	-0.0836878427	0.072519475	0.1235766139	0.1031682093	0.013688524	-0.0954296466	-0.0426636876	0.0560741258	0.0882890412	-0.0526888365	-0.0696992058	-0.036583012	0.0782958588	0.0082307595	-0.019768712	0.1798903134	0.0040987316	0.059739273	-0.0130990243	-0.0768835629	-0.0875278662	-0.037674825	0.0382182304	-0.0352419684122935	0.0117192787404575	0.0001373414941965	0.001241996337573	0.0419324648932928	-0.0121184139406266	0.0017583316120272	0.0001468559564363	0.0722524580275703	0.0160484576857556	0.0002575529940914	0.0052204176910258	0.0005453179966641	-0.0001025673069999	2.973717174857474e-07	1.0520052465211741e-08	0.0011200889640765	0.0004149832240166	1.254599287445967e-06	1.7221107621521169e-07	0.0003256944415726	-7.753200310001326e-08	6.011211504700464e-15	1.0607686927128777e-07	0.0	0.0	0.0	0.0	0.0	1.0	0.0	0.0	0.0	0.0	0.0	0.0	0.0	0.0	0.0	0.0
3975.121675129201	-8.27776757194124	68.52143597508197	15801592.332081985	4815.000011813256	15.048777918661472	23184225.11376165	226.4657168451931	4524.038255600703	-5.130618140809929	26.323242506807933	20466922.138138656	4640.933425802713	3392.1027053337884	1.086872	19.525307	0.0411133715153238	0.020553190970162	-0.0519935744	0.0134740454	0.0270232729	-0.0186074054	-0.114045676	-0.0076446328	0.040351162	0.0374122777	0.0584555577	-0.0257566284	0.0527289122	-0.032365499	0.0767458966	0.0257729606	0.0056186081	0.1185144193	-0.0450330279	0.0833854151	-0.153192638	-0.1691264262	0.0076438095	-0.0016689727	-0.0126303627	-0.0402190595	0.0923245004	-0.0043075685	-0.0995630043	-0.0934428449	0.0207188589	0.0383779145	-0.0278026056	-0.0375279982	-0.1030370894	0.0037542799	-0.0578215551	-0.0313817287	-0.0701324803	-0.0328615286	0.0188473847	0.0577219552	0.095877191	0.0577523785	0.0199005895	-0.0943191362	0.223747595	0.0587951219	-0.0061184072	-0.0008496249	0.001756261	-0.0303835544	0.0351631631	-0.010402184	0.0702949793	0.1297693723	-0.0634705588	-0.0356170136	0.035332182	0.0246807877	0.1408543638	0.0291030098	-0.0230372769	-0.0995994159	0.0111209562	0.122558525	-0.1123754683	0.0652396904	0.0240015029	0.0078958042	0.0995823253	0.0500963247	-0.0696139855	-0.0088793054	0.0609084413	0.0154843502	-0.1154355319	-0.0208185732	0.0667680392	-0.0292814762	-0.114847242	0.1722008694	0.0230768043	0.058830636	-0.0154594239	-0.0787565141	-0.0860510014	-0.0321558829	0.0446048127	-0.0468739055857412	-0.0116319371734476	0.000135301962407	0.0021971630248609	0.0382557210283778	-0.003676743864915	0.001463500191401	1.351844544819012e-05	0.0571790073709692	-0.0150734506566011	0.0002272089146969	0.0032694388839293	0.0007043090733942	0.00015899107673	4.960512708653966e-07	2.5278162479796534e-08	0.0011751144376108	5.502547353429988e-05	1.3808939414813463e-06	3.027802737673936e-09	0.0003250861954298	-6.08246142800022e-07	3.699633702311048e-13	1.056810344590221e-07	0.0	0.0	0.0	0.0	0.0	0.0	0.0	0.0	0.0	0.0	0.0	0.0	0.0	0.0	0.0	0.0
3972.687150121157	-2.4345250080436927	5.926912014790142	15782243.192737762	4809.292886057207	-5.707125756048299	23129298.063880462	32.57128439534987	4527.526592436291	3.4883368355876883	12.168493878517928	20498497.04521777	4643.595566567222	3413.64908408556	1.072537	19.267775	0.0716002608603436	0.0355306710419725	-0.0417356912	-0.111885805	-0.0681725493	-0.0344650252	-0.0040803944	-0.0898718308	0.0751719263	0.106961553	-0.0055164829	-0.0189255018	-0.1159259337	-0.0275783487	-0.0980684377	-0.0522406994	-0.0388456522	0.0647750158	0.0624436556	0.0739216924	-0.1092706015	-0.0454275216	2.52299e-05	-0.0086422816	-0.0641493154	-0.0523167126	0.103541448	0.0716499531	-0.0081111666	0.108172602	-0.0325078201	0.0533149345	0.0323015953	-0.0816809248	-0.0439476688	-0.0279165175	0.0662278091	-0.0332863433	0.0885511013	0.0554645962	0.0081636826	0.0722620538	0.0244356275	0.1324818109	-0.0005643811	-0.1126166166	0.0194154235	0.0573442665	0.0075732228	-0.0421620513	0.0074878518	0.0500826131	-0.038989842	-0.0109493591	-0.018366162	0.1472650737	-0.0562770209	0.0106218327	0.0881079039	0.0134073379	0.1455351324	-0.0096357585	0.1136615253	0.0169517707	-0.103286677	0.0469302551	-0.0727580386	0.0484971033	0.1267072398	0.0367082991	-0.0378100954	0.0629889757	-0.0141922552	-0.0981195128	0.105067025	0.07820209	-0.0785577347	0.0073181066	-0.010326867	-0.0014158924	-0.1089242746	0.1233844437	0.0425413822	0.0579119187	-0.0178092284	-0.0805080284	-0.0843382767	-0.0264992443	0.0507163915	-0.0467902413223839	8.366426335729843e-05	6.9997089631193894e-09	0.0021893266830069	0.0540848268838658	0.015829105855488	0.0029251684990577	0.0002505605921842	0.0734326602974775	0.0162536529265083	0.0002641812334553	0.0053923555983647	0.0003780809188035	-0.0003262281545906	1.429451811632988e-07	1.0642480884765364e-07	0.0011749742027482	-1.4023486259989032e-07	1.3805643771237685e-06	1.966581668841012e-14	-0.0001372221714167	-0.0004623083668465	2.1372902605627802e-07	1.88299243283142e-08	0.0	0.0	0.0	0.0	0.0	0.0	0.0	0.0	0.0	0.0	0.0	0.0	0.0	0.0	0.0	0.0
3973.564865101777	0.8777149806196576	0.7703835872041659	15789217.737171302	4795.022384151335	-14.270501905872152	22992239.664512355	203.64722464550076	4529.75564793178	2.229055495488865	4.968688401969109	20518686.22996986	4646.594118893801	3403.2986184629367	1.057733	19.001835	0.0296614112394349	0.0197443119287957	-0.0430241092	-0.0926652254	0.0985527786	-0.05059453	-0.0045075469	0.0966563323	0.1077071582	0.0807148493	-0.0156352495	-0.0610184411	-0.0817164079	-0.0455512743	0.0589267853	0.0601841485	0.0224165503	-0.0236256821	0.0754172812	0.1724659905	-0.1213819146	-0.0283196378	0.0874459101	-0.0373478887	-0.0433537273	-0.0747198423	0.0675000743	0.1124187008	-0.022382164	0.0379979214	-0.0135738035	0.0047486869	-0.0518965496	0.0139422273	-0.0008461364	-0.0253262396	0.0737948962	-0.042584781	-0.0501099164	-0.0726903202	-0.0239689905	-0.0136591809	-0.0318733026	0.2247081897	0.0176810555	-0.04813719	0.0922629806	-0.0277447935	0.0178239929	0.0144886883	0.0205658714	-0.0554382902	0.0182123326	-0.0051332056	-0.0022597022	0.0859104178	0.0179884158	-0.0755981067	-0.0017865778	0.0242413501	0.1955937471	-0.0133256081	-0.0632094312	-0.0038945021	-0.0459103016	-0.0079063699	-0.1138324352	0.0239208718	-0.0269725547	-0.0555812622	-0.0320553353	0.0263863464	-0.1082301748	0.0934527237	0.0675447693	0.0898925619	0.0127952456	-0.0193905058	-0.0859137794	-0.0687732501	-0.1214619028	0.1391437002	0.0384120567	0.0569832784	-0.0201468273	-0.0821354052	-0.0823943867	-0.0207291319	0.0565152869	-0.0447276390577968	0.002062602264587	4.254328101879829e-06	0.0020005616956845	0.040434393229944	-0.0136504336539218	0.0016349401558737	0.0001863343389401	0.0732879762843765	-0.0001446840131009	2.093346364700992e-08	0.0053711274678593	0.0003610625686397	-1.701835016380002e-05	1.303661784726981e-07	2.8962424229771216e-10	0.000915975438718	-0.0002589987640302	8.390110043346327e-07	6.708035976917121e-08	-0.0001371654594542	5.6711962500010126e-08	3.216246690602554e-15	1.881436326728178e-08	0.0	0.0	0.0	0.0	0.0	0.0	0.0	0.0	0.0	0.0	0.0	0.0	0.0	0.0	0.0	0.0
3980.547100489846	6.982235388069057	48.751611014403856	15844755.21921812	4804.749728295111	9.727344143775554	23085619.95155194	94.62122409144456	4531.622771853492	1.8671239217119364	3.486151739028961	20535604.94638113	4650.918361521291	3417.6850465757657	1.083319	19.461477	0.063264961620776	0.0313564293017238	-0.040742823	0.0403321494	0.0382639172	-0.0271379036	-0.1037193457	0.0578932041	-0.0278344624	0.065759119	-0.0206618428	-0.0350719643	-0.0233880508	-0.0325447716	-0.0293703033	-0.0877512872	-0.0792036816	0.0328364148	-0.0568200675	0.1902339842	-0.0203437326	0.035398181	0.0478198442	-0.0699545081	-0.034116128	-0.0585035174	-0.0440799214	0.1224735073	0.0907840888	0.0033814531	0.020569232	0.0991123531	-0.052793363	-0.2226561839	0.0305269787	0.0629940175	-0.1617380531	-0.0319877757	0.0230566389	0.0886293373	0.1200633382	-0.0153135436	0.0283193809	0.0772377576	-0.1175856203	-0.0259621603	0.0415580356	-0.1507782065	0.0166953603	0.0179209806	-0.0593654189	-0.0129536824	-0.0382392156	0.0299473451	-0.0880106221	0.2096879101	0.0006605849	-0.0776366779	0.1309364321	0.0268042105	0.1424800882	0.0574272421	0.0860681982	-0.005969503	0.0633955766	-0.0182214637	-0.0520185684	0.1071412243	0.0779563372	0.0845635071	-0.0550927245	-0.0127069453	-0.0038480669	0.1281599571	0.0456889202	0.0325868197	-0.0261995529	-0.0015675847	-0.0225635205	-0.071947366	-0.0364037781	0.0105511771	-0.025319345	0.0560448744	-0.0224706185	-0.0836361352	-0.0802246594	-0.0148702542	0.0619657467	-0.0378992765424328	0.0068283625153639	4.662653464122816e-05	0.0014363551624397	0.0420922407581656	0.0016578475282216	0.0017717567320433	2.7484584268304766e-06	0.0692391012406261	-0.0040488750437503	1.63933891199048e-05	0.0047940531406096	0.0008089511975657	0.000447888628926	6.544020400429803e-07	2.0060422392121218e-07	0.0012680317445008	0.0003520563057827	1.607904505061742e-06	1.2394364244143232e-07	7.748713650579993e-05	0.0002146525959599	4.6075736952366984e-08	6.004256323868473e-09	0.0	0.0	0.0	0.0	0.0	0.0	0.0	0.0	0.0	0.0	0.0	0.0	0.0	0.0	0.0	0.0
3974.942567394334	-5.60453309551167	31.410791218685617	15800168.41408346	4810.667224514869	5.917496219758505	23142519.145021595	35.01676151085619	4529.4644931611565	-2.158278692335444	4.658166913789192	20516048.59480765	4646.148197383671	3406.795253607376	1.083759	19.46937	0.0261848304876404	0.0145485400288125	-0.0326500926	-0.0389905007	-0.07404247	0.0039508961	-0.0761242068	-0.0714137824	0.0456306192	0.0374697844	-0.029096024	0.0532302036	-0.0141514396	-0.0319575073	0.0044109197	0.1106896527	-0.074600073	0.0885652964	0.0488028389	0.0331577558	0.0591359107	-0.0126969738	0.0474766168	0.0163728475	-0.0881649919	0.0645169046	0.0128794369	0.1049583696	0.0177225556	0.0273721139	-0.0101049339	-0.0998499406	-0.0473297435	-0.0375678724	0.0522561373	0.0084613635	-0.0393610357	-0.0239387879	0.0070545673	-0.105369246	0.0307096022	0.1031067751	0.0119005369	0.0189142409	-0.0916682456	0.0034929345	0.0045039464	0.0370011241	0.1176254339	-0.0935819825	0.000142928	0.0025854473	0.0060921173	0.0080182627	-0.0249662851	0.0492314024	0.0488089183	-0.0635780032	0.0323845525	0.0151339509	0.1524823863	-0.0962042322	-0.0260978051	-0.0636784363	-0.0669732964	0.0530397732	-0.0832777164	0.0613093274	0.0972705628	-0.0391023	-0.0109331686	-0.0478647758	0.0417536291	0.0417056341	-0.0147327797	0.0354995002	0.0513661485	-0.0475133064	0.094174812	-0.1121955205	0.0314120101	0.0179414633	0.0038391121	0.0550968674	-0.0247790096	-0.0850079043	-0.0778350419	-0.0089476998	0.0670341672	-0.0262492285540645	0.0116500479883683	0.0001357236181312	0.0006890219996835	0.0372995637625876	-0.004792676995578	0.0013912574568793	2.296975278394261e-05	0.0734543430885281	0.004215241847902	1.7768263836304326e-05	0.0053955405185671	0.0008089447919748	-6.405590900044299e-09	6.543916764631524e-07	4.103159477873033e-17	0.0011750384651425	-9.299327935829992e-05	1.3807153945644423e-06	8.647750005810812e-09	9.502472467244308e-05	1.7537588166643148e-05	3.075669987027818e-10	9.029698299073613e-09	0.0	0.0	0.0	0.0	0.0	0.0	0.0	0.0	0.0	0.0	0.0	0.0	0.0	0.0	0.0	0.0
3972.5476437201046	-2.3949236742296307	5.7356594053855545	15781134.781626156	4788.878953503025	-21.7882710118447	22933361.631304223	474.728753685592	4526.018189566476	-3.446303594680103	11.877008466704998	20484840.652286604	4644.016837386246	3411.721311000948	1.097468	19.71566	0.0518900021029489	0.0298021864307048	-0.0307166391	-0.1083107864	0.089507332	-0.0403213232	0.054549203	0.046822055	0.1055640136	0.0295750518	0.0479133214	-0.0424690619	-0.0132935282	-0.0134252013	0.0513966717	-0.0669610744	0.0602899052	-0.0063746592	0.0312589775	0.0189148765	-0.0141512703	-0.097830142	0.1425446164	0.0006152064	-0.05937174	0.0115160032	0.0488589682	0.054473965	0.0380364508	0.0016584062	0.0013124146	-0.0542373553	-0.0132546035	-0.0499617353	0.0172198714	0.0329243178	0.0445505373	-0.0153106264	-0.0511527812	0.0602630014	-0.0446082381	-0.001250701	-0.0191108491	0.0695017939	0.0142046171	0.0624740377	0.1426773613	-0.0124982003	0.0735114533	-0.05866049	-0.0103737056	-0.0281769744	-0.0408174814	-0.0192909286	0.0169459867	0.0785348082	0.0404621401	-0.0360071584	0.0800986337	0.0202266751	0.150290994	0.0921123216	0.0165689581	0.0282483497	-0.0666178056	0.0162113177	-0.1005747815	0.0095768299	-0.0194234511	-0.1461741315	-0.0271342439	0.0425343293	-0.0027325801	0.0921486535	0.0732105764	0.0155389655	0.0172219983	-0.1035597392	0.0591636814	-0.0102039722	-0.0464944627	0.0074000352	-0.0003062024	0.0541394198	-0.0270704183	-0.0862485974	-0.075232084	-0.00298683	0.0716892996	-0.0362728892006458	-0.0100236606465813	0.0001004737727578	0.0013157224909623	0.0246929363700587	-0.0126066273925288	0.0006097411065757	0.000158927054214	0.0734281454678082	-2.6197620719911607e-05	6.86315331384342e-10	0.0053916925468416	0.0004349323414706	-0.0003740124505042	1.8916614165709864e-07	1.3988531313215666e-07	0.0013830218298751	0.0002079833647325	1.91274938191107e-06	4.32570800054937e-08	9.769923829802026e-05	2.6745136255771777e-06	7.15302313339798e-12	9.545141164013351e-09	0.0	0.0	0.0	0.0	0.0	0.0	0.0	0.0	0.0	0.0	0.0	0.0	0.0	0.0	0.0	0.0
3975.153889215189	2.606245495084295	6.792515580647181	15801848.442942642	4787.766333795363	-1.1126197076619064	22922706.46702429	1.2379226138776662	4526.008491152808	-0.0096984136680475	9.405922767657208e-05	20484752.861987323	4641.985710261419	3399.20504598702	1.029711	18.498413	0.0573137018672183	0.028648761772997	-0.032060047	0.0282605276	0.0654933151	-0.0263543778	-0.0478205398	0.0820959258	0.06961523	0.089464099	-0.0550395195	0.0446506504	-0.1258899605	-0.0340834344	-0.079894493	0.0645798778	-0.035360307	-0.0348657113	-0.0632488843	0.0904701364	0.0629078491	-0.0234088199	-0.0118214506	-0.0085111704	-0.040195315	0.0090677309	0.0834425053	0.0278791645	-0.0412120684	0.0459587852	-0.0771575914	0.0203792483	-0.0502311414	-0.0441182598	-0.056808653	-0.0353664079	0.0878674091	-0.0266963871	0.0812584661	-0.0586946146	0.1015815879	-0.0709627181	-0.0010427525	0.0538193332	-0.0893435944	-0.0065042172	0.0124308056	0.0892068129	0.0420704039	-0.020002794	0.0310739968	0.0333832861	-0.0117333874	0.0038713445	0.0564525748	0.0557806594	-0.0603273798	0.0022859098	-0.0849498559	0.0262162113	0.1442475032	-0.0854794076	0.0311782275	0.0317078014	0.0732340306	0.0147507864	-0.0876565884	-0.0013024407	0.0798359183	-0.0516972482	-0.0426549938	-0.0502775719	0.0905278107	0.0361861051	0.089793986	-0.0110493498	0.0660389591	-0.0203121977	0.0034133959	0.0959681513	-0.0550403776	-0.0257218328	0.0154563498	0.0531726956	-0.0293432743	-0.0873563013	-0.0724229201	0.00298683	0.0759024438	-0.0235549698812604	0.0127179193193854	0.0001617454718143	0.000554836606107	0.0355484570678044	0.0108555206977456	0.0012636927999015	0.0001178423296191	0.0734369038067015	8.75833889329991e-06	7.670850016988991e-11	0.0053929788407147	0.000812850530151	0.0003779181886803	6.607259843667617e-07	1.4282215733547438e-07	0.0015880779503762	0.0002050561205011	2.5219915764710724e-06	4.204801255496168e-08	0.0001893549993404	9.165576104237977e-05	8.400778532257818e-09	3.5855315775202896e-08	0.0	0.0	0.0	0.0	0.0	0.0	0.0	0.0	0.0	0.0	0.0	0.0	0.0	0.0	0.0	0.0
3978.1386561603854	2.984766945196497	8.908833717137632	15825587.167637557	4805.902991510206	18.13665771484375	23096703.56380675	328.9383530654013	4524.943054925828	-1.065436226980637	1.1351543537627355	20475109.650321484	4644.11052004636	3405.0841819290567	1.069665	19.21619	0.0611919462364709	0.0311068555134547	-0.0306778166	0.0543505913	-0.0275685736	-0.0122328241	-0.0734095391	-0.0398560169	0.0167903064	0.0395254596	0.0601761765	0.0134720584	-0.0623767084	-0.0258101523	0.0731287866	-0.0356862951	-0.1137900245	-0.021053333	-0.0386404114	0.0201624195	0.0009230283	-0.1226679835	0.0341865225	-0.0570137652	0.0672278139	-0.0056068843	0.11758794	0.1054695169	-0.0318659414	0.0180770949	0.1209107148	0.0774005206	0.0804240657	0.0369380896	0.0716720342	0.0027851517	-0.0189765697	-0.02137514	-0.0703709021	0.0282849773	0.0743696143	0.0709610272	-0.0472702528	-0.0031943718	-0.0491305814	0.0274557967	0.1375339658	0.0596258941	-0.0200748694	0.0365085491	0.0349183105	-0.1358398523	-0.0289533332	-0.0773976199	-0.0022415404	0.070265091	0.0173631113	0.0353121103	0.038521578	0.0226426075	0.0776644565	0.0449216251	-0.0124836485	-0.151223504	-0.00126963	0.0382159232	-0.0442828068	0.0443954519	0.023902652	-0.0511536055	0.0231657647	-0.0449133216	-0.0916736655	0.1201852852	-0.045240768	-0.0198513151	-0.0213043199	-0.0603705961	-0.036651084	0.066390772	-0.0863144727	-0.0769726967	-0.0114415323	0.0521968607	-0.0315960199	-0.0883293083	-0.06941525	0.0089476998	0.0796476241	-0.0075084252287211	0.0160465446525393	0.0002574915952859	5.637644941529551e-05	0.0403986624283874	0.0048502053605829	0.0016320519260027	2.352449203982804e-05	0.0733252761195828	-0.0001116276871186	1.2460740531470004e-08	0.005376596118013	0.0004380236886017	-0.0003748268415492	1.918647517762391e-07	1.4049516114582404e-07	0.0016161311015079	2.8053151131699925e-05	2.611879737261138e-06	7.869792884179968e-10	0.000590146377384	0.0004007913780435	1.6063372871408784e-07	3.4827274673945854e-07	0.0	0.0	0.0	0.0	0.0	0.0	0.0	0.0	0.0	0.0	0.0	0.0	0.0	0.0	0.0	0.0
3977.325655803306	-0.8130003570795452	0.660969580611468	15819119.372311195	4777.495885049143	-28.40710646106345	22824466.93166149	806.9636974901928	4526.83756292434	1.8945079985123807	3.5891605564273883	20492258.32110278	4647.895313841432	3433.0782266802494	1.092521	19.626781	0.0620945264719277	0.0334105475119296	-0.0228088629	-0.0844170185	-0.0231356256	-0.0062931059	0.0896764001	-0.0157845614	0.1274744952	0.0854440343	0.108860409	0.0254928188	0.0161967763	-0.012166801	-0.0941552886	-0.0188879179	-0.0400152695	-0.0407982669	0.0830489267	0.0120772372	0.0083326855	-0.0287752446	-0.0182063191	0.0304435997	0.0613277032	0.0148142472	0.0061025789	-0.0797550853	-0.0514935922	-0.0557515963	-0.0706490854	0.0298425511	0.0780245142	-0.0447497444	-0.1202326958	0.0853066702	0.0515996129	-0.015868425	0.0954039986	0.0266738342	-0.0299974819	0.0665728954	-0.0891792121	-0.0259554441	-0.028094076	-0.0119213658	0.0402603064	-0.0764911107	-0.0728538379	0.0168582222	0.0118450435	0.0666582704	0.002256781	0.0591716341	0.1043758019	0.0423886963	-0.1495077625	0.0116075069	-0.0395261703	0.0127340135	0.0888772105	-0.05538917	0.0721411291	0.0269922903	-0.0664817013	-0.0735338564	-0.0006666235	0.065841896	0.0895231624	-0.0215976958	-0.0277247691	0.0522045543	0.0307860106	0.1008424039	0.0527633428	-0.1715947514	-0.0868613349	-0.0513764026	0.0285783757	-0.0165219229	0.0172239944	-0.1212553683	-0.0470834924	0.051212082	-0.0338271112	-0.0891661178	-0.0662173176	0.0148702542	0.0829017503	-0.0026925909021429	0.0048158343265782	2.3192260261048906e-05	7.250045766302715e-06	0.0540479916158744	0.013649329187487	0.0029211853977096	0.0001863041872683	0.0733851832536203	5.990713403750125e-05	3.5888647085871404e-09	0.0053853851211674	0.000839237235203	0.0004012135466013	7.043191369511756e-07	1.6097230997639354e-07	0.0013441656669093	-0.0002719654345986	1.8067813400977231e-06	7.39651976164054e-08	0.0003919362421074	-0.0001982101352765	3.928725772636806e-08	1.5361401787727049e-07	0.0	0.0	0.0	0.0	0.0	0.0	0.0	0.0	0.0	0.0	0.0	0.0	0.0	0.0	0.0	0.0
3970.809682531576	-6.515973271729763	42.45790767789667	15767329.534886517	4773.093049080141	-4.402835969001899	22782417.25517716	19.38496456993689	4522.949286324637	-3.888276599703204	15.118694915799509	20457070.246664543	4641.037470354353	3392.941572431266	1.122853	20.171696	0.0987075586121865	0.0548748631779017	-0.0272182589	0.0412586812	0.0819060753	-0.0040658101	-0.0489004701	0.0664098863	-0.0375436132	0.0357381419	0.0686760221	0.0932816537	-0.0200927269	-0.0291949823	0.0965574319	0.0365186326	0.0697091046	-0.0040597147	-0.055936143	0.0831613027	-0.0457577646	0.0023974107	-0.1525814995	-0.0013242635	-0.0195196215	0.0447490084	0.0113965776	0.0492425348	-0.0909644596	-0.0756467779	-0.0885858483	0.0429176561	-0.0140579435	0.015676135	-0.0158167821	-0.0389815925	-0.09778153	-0.022663024	-0.0918864108	-0.0502951214	0.0066233235	-0.0907667208	0.0436088966	-0.0134189968	-0.0453050615	-0.1485623729	0.0066467535	0.0173052751	0.0262990956	-0.0107115432	0.0279289163	-0.0107962372	0.0264575563	0.0783537793	0.0470425606	0.0398194165	-0.0787094158	-0.0599790771	-0.0683154015	0.0298303085	0.0583964267	0.0157376624	-0.0663944109	0.0150887011	0.066857723	-0.0105639667	-0.061072925	-0.0291967741	0.0631113956	-0.0529679721	0.0831113806	-0.0800531617	0.0639425946	-0.017153636	0.0409709781	-0.0700807814	-0.0421248109	-0.0390709513	-0.0325090435	-0.0845763424	-0.0568353342	-0.0761339339	-0.0260287886	0.0502185284	-0.0360350191	-0.0898654396	-0.0628378881	0.0207291319	0.0856447597	0.0043135084400205	0.0070060993421634	4.908542799226243e-05	1.8606355062128087e-05	0.0405845084875267	-0.0134634831283476	0.0016471023291741	0.0001812653779473	0.0301256860193248	-0.0432594972342954	0.001871384100964	0.0009075569581349	0.000852966136898	1.3728901694999984e-05	7.275512306946977e-07	1.8848274175097347e-10	0.0011753883218199	-0.0001687773450893	1.381537707070601e-06	2.8485792215426393e-08	0.0009089995734706	0.0005170633313632	2.673544886404104e-07	8.262802245697327e-07	0.0	0.0	0.0	0.0	0.0	0.0	0.0	0.0	0.0	0.0	0.0	0.0	0.0	0.0	0.0	0.0
3968.45755071101	-2.3521318205662283	5.5325241013202	15748655.331795229	4791.855766050277	18.762716970136356	22961881.68262929	352.0395481014427	4525.300594874791	2.3513085501544992	5.528651898029653	20478345.473974142	4641.435624141484	3383.8272855415457	1.070729	19.235306	0.0551458691533419	0.0249409793517838	-0.0241529987	0.057299121	-0.0416727369	0.0351338242	-0.0693031585	-0.0404674128	-0.0018115596	0.0331291606	0.1050663412	0.0632195309	0.0429294038	-0.0218063564	-0.0459269311	-0.0574884166	0.0146164234	0.0826789553	-0.0252980935	-0.0099794834	-0.0236069296	-0.0768269708	0.0374975714	-0.0025360777	0.0188086012	0.0524021158	0.0636152123	-0.0620677703	-0.0151353184	0.0618052052	0.0132922047	-0.0483818344	-0.009107411	-0.032939601	0.0260350704	0.0866221696	-0.09850852	-0.0192420725	0.0389427488	0.0640851507	0.0116506222	0.0424458331	0.076393756	-0.0054980416	0.0406207027	-0.0263017412	0.0914289226	0.0160116982	0.045208935	0.0072651227	0.03358825	0.019623347	-0.0553657288	-0.0075638499	0.0514650434	-0.0041171316	0.0692777725	0.0509904634	0.0080350404	0.022383848	-0.0219082212	0.0064342185	0.1200417788	-0.0605598375	-0.0117941692	0.0840474359	-0.0660754909	-0.0245404675	0.0084338577	-0.0649454877	0.1121333222	0.0235800324	-0.0141221424	-0.0122432374	0.041068679	0.0051290189	-0.0421686886	-0.031533481	-0.0144394616	0.029639897	-0.0370124684	-0.1166514428	-0.055282981	0.0492163702	-0.0382182304	-0.0904261954	-0.0592862243	0.0264992443	0.0878597406	-0.004563532653151	-0.0088770410931715	7.880185856985546e-05	2.0825830276375404e-05	0.0540656750982719	0.0134811666107452	0.0029230972238318	0.0001817418531866	0.0300541451867246	-7.154083260020247e-05	5.1180907291301925e-09	0.0009032516429047	0.0006551974916514	-0.0001977686452466	4.292837530662864e-07	3.9112437042675535e-08	0.0013608869870911	0.0001854986652711	1.852013391633892e-06	3.440975481739669e-08	0.0011800546752893	0.0002710551018187	7.347086822194584e-08	1.3925290366721351e-06	0.0	0.0	0.0	0.0	0.0	0.0	0.0	0.0	0.0	0.0	0.0	0.0	0.0	0.0	0.0	0.0
3980.77260602308	12.315055312069944	151.66058733934216	15846550.540863782	4782.517303466797	-9.338462583480576	22872471.75795932	87.20688342306674	4527.609881446475	2.309286571683515	5.332804470157802	20499251.238571763	4646.435436743433	3428.0137484165066	1.145118	20.571674	0.0288906290285177	0.019095711647554	-0.0209291066	-0.0620154002	-0.0188295508	-0.0127121026	0.0750986162	0.0133519936	0.1249715327	0.0291326598	0.0865537594	-0.0059215178	-0.0146383084	-0.0191204786	0.0454647963	0.0630828283	-0.0599518402	-0.0682172181	0.1063716009	0.0630062371	-0.0081740472	0.103427617	-0.0161210836	0.0147871878	0.0624107386	-0.0734748754	-0.0596164835	-0.043713811	-0.024340252	-0.0264920848	-0.0157889869	-0.0129011637	0.0649249794	-0.0335004836	0.0275788114	-0.0421778891	-0.0489182202	-0.0171088026	-0.0390284935	-0.0754682489	-0.0259529557	0.0527375284	-0.0915762552	0.0554047954	-0.0364723283	-0.0156082463	-0.0729204016	-0.1327405854	-0.0866981404	0.0483781729	0.0352199288	0.0134567976	0.0265174054	0.0518510084	0.0358958458	-0.0070275776	-0.0240056507	-0.0395575699	0.0651473322	0.0133615247	0.017119651	-0.0528677474	-0.06102046	-0.0379867381	-0.0440549708	-0.1455513171	0.0489583165	0.0231383559	0.0117345025	0.0562841095	0.0338688336	0.02609865	0.0067868454	0.1309830508	-0.0129449044	-0.0259467183	-0.1162280361	0.026744892	-0.0242479246	-0.0470005489	-0.0076588281	-0.0673714111	-0.1042613185	0.0482057789	-0.0403752488	-0.0908475206	-0.0555720611	0.0321558829	0.089533037	-0.0046350609678995	-7.152831474850022e-05	5.116299810760514e-09	2.148379017614545e-05	0.0541006029778543	3.492787958240401e-05	0.0029268752425674	1.2199567721229147e-09	0.0301210442852664	6.689909854180193e-05	4.475489385705724e-09	0.0009072773088349	0.0003492585679956	-0.0003059389236557	1.2198154731833717e-07	9.35986250076694e-08	0.0011752216802736	-0.0001856653068175	1.3811459977851035e-06	3.447160615563642e-08	0.0012627959195289	8.27412442396e-05	6.846113498317141e-09	1.59465353437884e-06	0.0	0.0	0.0	0.0	0.0	0.0	0.0	0.0	0.0	0.0	0.0	0.0	0.0	0.0	0.0	0.0
3970.678014126283	-10.094591896796828	101.90078556287618	15766283.891865842	4771.904118691721	-10.613184775075752	22771068.91798701	112.63969106989973	4523.493632362002	-4.116249084472656	16.94350652542198	20461994.64201958	4641.515671011118	3389.4643901723675	1.15539	20.75621	0.0679716687178875	0.0309314256132716	-0.0226701086	0.0580049124	0.0567709171	-0.020218387	-0.0028269815	0.0446369839	-0.0688165324	0.0354362247	0.0421745315	0.0568286819	0.000898727	-0.0057875546	0.0171060532	-0.0971024498	0.04212579	0.0371288186	-0.0970864418	0.0349313526	0.042493125	0.0347352436	0.0184828683	-0.0017804332	-0.019222169	0.0501439913	-0.044426934	-0.0176817144	0.0513807639	-0.0836111861	-0.1028561651	0.0205148082	-0.0302638328	-0.0004813707	0.0358939917	0.0491012103	-0.0711618493	-0.0060837557	-0.0299623614	0.089375792	0.0174140783	-0.082018856	0.0794975273	-0.0383485698	-0.0533415208	0.0139850201	-0.016570662	-0.0501868884	0.0355253787	-0.0387804835	0.0287641142	0.0144503557	-0.0139490045	-0.0036567462	-0.0297068106	-0.0208508196	-0.0636704344	-0.1062982348	-0.0537704588	0.0224586048	-0.0154809578	0.0844079674	0.042068414	0.0407368934	0.0659598298	-0.0135804061	-0.0392318974	-0.0609231936	0.0176534135	-0.0072567016	0.0726292514	-0.0679693806	0.0895100044	-0.0115095249	0.0413894743	0.0225464898	-0.027574135	0.0391541396	0.0481991787	-0.0668290769	0.0020427647	-0.0330771283	-0.0439650182	0.0471869279	-0.042504596	-0.0911287655	-0.0517055788	0.037674825	0.0906543325	-0.0047203799275905	-8.53189596910003e-05	7.279324882754535e-09	2.2281986660799296e-05	0.0442768748790882	-0.0098237280987661	0.0019604416490584	9.650563375848667e-05	0.006876523277846	-0.0232445210074204	0.0005403077568644	4.72865723907579e-05	0.0006851436769908	0.0003358851089952	4.694218581204738e-07	1.128188064447174e-07	0.0014529060748689	0.0002776843945953	2.1109360623909537e-06	7.710862300175832e-08	0.0011800034100792	-8.279250944970003e-05	6.854599620978668e-09	1.3924080477985406e-06	0.0	0.0	0.0	0.0	0.0	0.0	0.0	0.0	0.0	0.0	0.0	0.0	0.0	0.0	0.0	0.0
3968.653275844761	-2.024738281521877	4.099565108660164	15750208.823873354	4791.805788101688	19.90166940996733	22961402.710884843	396.0764453036292	4524.6596763247535	1.166043962751246	1.359658523068629	20472545.186559223	4641.208975253262	3388.985938418228	1.023814	18.392483	0.0729565580366406	0.032956851652123	-0.0187196085	0.0481943196	-0.0389722386	-0.0013320314	-0.0368458953	-0.0381534253	0.0152717796	0.0197307651	0.0569149274	0.0852346628	0.0175213404	-0.0167386195	-0.0509579879	0.0652515951	-0.0112876428	0.0935918363	-0.0292026656	-0.0048406289	0.0140512363	-0.0921511153	0.0803154261	0.091282831	-0.0327243254	0.0409658858	-0.0657058282	-0.080744398	-0.0724814083	0.0487602328	-0.0526105743	-0.0196083692	-0.080275544	0.040020581	0.0737503202	-0.1008650736	-0.0204028621	-0.018443376	0.057222904	-0.0584239272	0.008606239	0.0501333122	0.0728805536	0.0123089873	-0.0027057297	0.0569377997	0.0805199688	0.0697530432	0.0347085082	-0.1086110958	0.0557512473	0.0445973474	0.000152056	0.0709106513	0.0132755738	-0.1093781639	0.0344798619	-0.050345594	-0.0417500514	0.0178514077	-0.0340628167	-0.0975245533	0.0145451374	-0.0714919383	-0.0021966522	0.0648859478	-0.045102332	-0.0620399166	-0.0217550642	-0.0531006108	0.1289131657	0.0421779761	0.0338695702	-0.0468343172	-0.0169446779	0.0638645242	-0.0001390524	0.0041795692	0.0528652892	0.0843734706	-0.0332120055	-0.0365366976	-0.0613387437	0.0461599916	-0.0446048127	-0.0912694965	-0.047697375	0.0430324377	0.0912167139	-0.0045919397396687	0.0001284401879218	1.6496881873387336e-08	2.108591057274865e-05	0.0540920598923548	0.0098151850132666	0.002925950943398	9.633785684465328e-05	0.0300530445768032	0.0231765212989571	0.000537151139521	0.0009031854883353	0.0005350899891828	-0.000150053687808	2.863212965236491e-07	2.2516109224780743e-08	0.0011754155862124	-0.0002774904886565	1.3816018003110398e-06	7.70009712948232e-08	0.0015491874643446	0.0003691840542653	1.3629686592383777e-07	2.399981799682451e-06	0.0	0.0	0.0	0.0	0.0	0.0	0.0	0.0	0.0	0.0	0.0	0.0	0.0	0.0	0.0	0.0
3977.83674287036	9.18346702559893	84.33606661026285	15823185.152929476	4790.487055624685	-1.3187324770033229	22948766.230107665	1.7390553459033191	4527.213463919504	2.553787594750247	6.521831079100252	20495661.74789403	4645.319900277945	3431.096053672048	1.110838	19.955833	0.0389713284928147	0.0256196358707619	-0.0128565841	-0.0537529052	-0.0766900614	-0.0029579395	0.0413310146	-0.0518527621	0.057521598	0.0048516593	0.0944546115	-0.0278032679	-0.0502087032	-0.0123299081	0.0581170745	-0.0930226588	-0.0979326889	-0.0105221997	0.1116924406	-0.0034074606	0.0396130428	-0.0889461232	0.0099320184	-0.0127701278	-0.0228552059	0.0345446816	-0.0420897608	0.064048523	0.0690463839	0.0238133448	-0.0871199696	-0.0472879223	0.0452893322	0.0466486534	-0.1652615486	-0.0158009136	0.0155094458	-0.0099234579	-0.0621757627	0.0791060214	-0.002009327	0.0921153649	-0.0890303166	0.0395768523	-0.0482819667	0.0300897346	-0.0009667842	0.0549964333	-0.0023777044	0.0238343181	0.0145844303	0.083819958	0.0276140192	0.0158985034	-0.1098671853	0.0280932542	-0.0006040351	0.0236330315	-0.0743043147	0.0098148759	-0.006626974	0.0664092643	-0.0073234721	-0.0663038248	-0.070015226	-0.1415764866	0.0829558091	-0.0360097964	0.0360381315	0.0291214248	0.0142889164	0.0022787759	0.0010604518	0.0460416058	-0.0833082862	0.0325560851	-0.0540096657	0.0323533658	0.0079684785	0.0656564027	-0.0023883095	-0.034137356	-0.0140706651	0.0451251461	-0.0466744595	-0.0912694965	-0.0435584361	0.0482057789	0.0912167139	0.0179330258360437	0.0225249655757124	0.000507374074187	0.0003215934156362	0.0540518846999305	-4.017519242430212e-05	0.0029216062396145	1.6140460863297022e-09	0.0232096405505402	-0.006843404026263	4.683217866667263e-05	0.0005386874144852	0.0003490866982282	-0.0001860032909546	1.218615228798664e-07	3.459722424594158e-08	0.0011752724592726	-1.43126939800009e-07	1.3812653535246651e-06	2.0485320896515402e-14	0.0015542967204185	5.109256073900035e-06	2.6104497628684398e-11	2.4158382951037047e-06	0.0	0.0	0.0	0.0	0.0	0.0	0.0	0.0	0.0	0.0	0.0	0.0	0.0	0.0	0.0	0.0
3971.696479267297	-6.1402636030629765	37.702837115099925	15774372.923424242	4762.039031982422	-28.44802364226325	22677015.74212408	809.2900491507689	4524.043834504627	-3.1696294148769084	10.046550627652932	20466972.61651933	4642.477467698317	3394.7771283715174	1.0559	18.968893	0.044487419462083	0.0257328926673306	-0.01390475	0.0051904211	0.0734110068	-0.0148494372	0.0515073468	0.046429093	-0.0265385149	0.0167549897	0.0102798841	0.0911681926	-0.0019936249	-0.0173105056	-0.0896433344	0.0151663463	0.0282245591	-0.0951398886	-0.0117691226	0.047016219	0.0326493677	-0.0247932409	-0.0291802122	0.0279408461	-0.0158910464	0.0800998537	0.016085776	-0.0299451279	-0.0483374191	-0.0402208795	0.0115691453	-0.0390793565	-0.034761817	0.1351311869	-0.0031748292	-0.0897776703	0.1097985372	-0.0203059946	0.0958695806	-0.0154730556	-0.0299146002	-0.0857121517	-0.0519192897	-0.0070354337	-0.0585527664	-0.0279720341	0.0156497244	0.0378562998	0.0100126516	-0.0293583194	0.0297520148	-0.0485392811	-0.0297765257	-0.0073971766	0.0411022126	-0.1392350522	0.0036538479	0.0529228048	-0.1106602902	0.0100511676	0.0126200086	-0.090422267	0.0497670729	0.048397489	0.0332501482	-0.0741622373	-0.0235505843	-0.0385217275	0.0135629526	-0.0328861691	0.0479559455	-0.0804528941	-0.038819928	0.0254230203	-0.0463410542	-0.0504084024	-0.0062000623	-0.0211996216	0.0544826213	-0.0549510695	0.0142925842	-0.0391154637	0.0286351478	0.0440825686	-0.0487121179	-0.0911287655	-0.0393001065	0.0531726956	0.0906543325	0.0126936252848395	-0.0052394005512042	2.7451318135958897e-05	0.0001611281228719	0.0539906389883668	-6.124571156369829e-05	0.0029149890983721	3.7510371849437266e-09	0.0300692749100903	0.0068596343595501	4.705458354672033e-05	0.0009041612936185	0.0003491466690243	5.997079609998271e-08	1.219033964907641e-07	3.596496384865702e-15	0.0014477063294906	0.0002724338702179	2.0958536164471457e-06	7.422021364195807e-08	0.0011802477846373	-0.0003740489357812	1.3991260635904828e-07	1.3929848331412544e-06	0.0	0.0	0.0	0.0	0.0	0.0	0.0	0.0	0.0	0.0	0.0	0.0	0.0	0.0	0.0	0.0
3965.973680300907	-5.722798966390201	32.75042800971675	15728947.23283952	4780.2098733225175	18.17084134009565	22850406.43301008	330.179475006929	4518.503824143183	-5.540010361443819	30.69171480490488	20416876.80879657	4635.307803512405	3399.584316512477	1.019584	18.316502	0.0272653465654978	0.0156427061253763	-0.0082648606	0.0685926636	0.0186187976	0.011729162	-0.051532117	0.0298954068	-0.0605785794	0.0038928384	0.0218189138	0.008538932	-0.0181330462	-0.0095882991	0.0982046335	0.018400115	0.0124564261	0.0599737545	-0.0826617284	-0.035246992	-0.0421823668	-0.0623717971	-0.0331731255	0.0161229424	0.0151950323	0.0086060871	0.0766894673	-0.0956968555	-0.002917729	0.0069066468	0.0071689157	-0.0231065918	-0.1234120929	0.0117269152	-0.0759441543	0.1179706994	0.1861537924	-0.0041044698	-0.0944478027	-0.0262774559	0.0575936119	-0.0294546002	0.1021025165	-0.0285067177	0.0509857038	-0.0231992946	0.0232744244	0.056948612	-0.0590352683	0.0237504759	0.0390356336	0.0434016525	-0.0234422534	0.000725475	0.0956124552	0.0258524482	0.0280893669	0.0528130071	-0.0674567956	0.0138947029	0.002190766	0.0512394182	-0.0676487611	-0.0544711758	0.0870420363	0.0183679008	-0.0124221075	-0.0435705747	0.0254079385	-0.0327078244	0.0456713618	0.091669784	0.0560376493	-0.0449904427	0.0353645777	-0.0036329096	-0.0779371099	-0.0241352288	0.0248598276	0.0168643243	0.0184315512	-0.0360362664	0.0200147811	0.0430324377	-0.0507163915	-0.0908475206	-0.034934058	0.0579119187	0.089533037	0.0083975900847406	-0.0042960352000988	1.845591844048879e-05	7.051951923133364e-05	0.0493539773775921	-0.0046366616107747	0.0024358150829878	2.1498630892831853e-05	0.0301203276299446	5.1052719854297046e-05	2.6063802045213356e-09	0.0009072341365352	0.0003492525987352	1.0592971090003573e-07	1.2197737772329064e-07	1.1221103651365146e-14	0.0011752278357026	-0.0002724784937879	1.3811604658102176e-06	7.42445295769771e-08	0.0012732953018338	9.30475171965e-05	8.657840456432964e-09	1.6212809256720277e-06	0.0	0.0	0.0	0.0	0.0	0.0	0.0	0.0	0.0	0.0	0.0	0.0	0.0	0.0	0.0	0.0
3973.059103468458	7.085423167551198	50.203221463271255	15785198.639653588	4804.836284022177	24.626410699659573	23086451.716256045	606.4601039483075	4523.551791599819	5.047967456635888	25.481975443255	20462520.81128593	4641.98670828683	3416.220946455424	0.982445	17.649298	0.0260111047964225	0.0141856856374322	-0.0075044627	0.0551633547	-0.0406067091	0.0034630006	-0.0714377772	-0.0468741282	-0.0160604104	0.0025507394	-0.0136054545	0.0118759184	0.0445882188	-0.0051461194	-0.0648615772	-0.0142926261	-0.036545562	0.0451170484	-0.0120307674	0.0181180947	-0.0396329386	-0.0728565893	-0.0649861175	-0.0375533521	0.0888014897	-0.0174282993	0.077249194	0.0115812162	0.0523408032	0.0911033531	-0.0094296906	-0.0549663487	-0.0551714843	-0.0268877998	0.0240652222	0.085947343	-0.0094843099	-0.0053487481	0.0670251645	0.0235570185	0.0228767909	0.0298916117	0.0304870675	0.0211456566	0.0016685045	-0.0571977828	0.0319550599	0.0587192129	-0.0470666248	0.0722592013	0.0841415844	-0.0166430373	-0.028026344	-0.0726686856	-0.0145216431	0.016493719	0.0675051246	0.0376880403	0.0288227702	0.0097748146	-0.0566982763	-0.0396642454	0.1053322706	-0.0534220144	-0.0060883283	0.0658231088	-0.0155876388	0.0027473566	-0.0293390989	0.0156082074	0.05823484	0.0161702933	-0.0746916849	-0.0311733583	-0.009402007	-0.0407141348	-0.0506383967	0.0488548589	-0.052899577	0.040500469	0.0198511663	-0.0034128652	-0.016185263	0.0419749335	-0.0526859066	-0.0904261954	-0.0304722578	0.062403154	0.0878597406	-0.0047626236074336	-0.0131602136921742	0.0001731912244236	2.2682583626083836e-05	0.0539986746210132	0.0046446972434211	0.002915856860826	2.157321248304362e-05	0.0301212886948718	9.610649271997451e-07	9.236457942934514e-13	0.0009072920326398	0.0003493489603507	9.636161549996186e-08	1.2204469609811494e-07	9.28556094176249e-15	0.0011042066057169	-7.102122998570008e-05	1.2192722281088371e-06	5.044015108681704e-09	0.001180308237517	-9.298706431680004e-05	8.646594130256706e-09	1.3931275355504866e-06	0.0	0.0	0.0	0.0	0.0	0.0	0.0	0.0	0.0	0.0	0.0	0.0	0.0	0.0	0.0	0.0
3975.918519675274	2.859416206816149	8.176261043802857	15807928.075096823	4797.020297142767	-7.815986879410047	23011403.73119968	61.08965089911001	4524.908973693848	1.357182094028758	1.8419432363522843	20474801.22021511	4644.843595467033	3411.5614641577795	0.994472	17.865374	0.0101660682908559	0.0073217735309712	-0.0049678471	-0.0129659851	-0.1099524174	-0.0093336238	0.0059713652	-0.0853618811	0.0325455836	-0.0802382344	-0.009959703	-0.0035388971	-0.0289995381	-0.0136041492	0.0678284952	0.0712028883	-0.1114019365	0.0025384634	0.0902562185	0.012097933	-0.0011459048	0.1465169366	-0.0987479694	-0.0378012292	0.0516006626	0.0279408182	0.0190779536	-0.0562117233	-0.0685390062	-0.0439346559	0.0724423137	-0.0282354357	0.0184535393	0.0207729571	-0.0223198839	0.0053950617	0.0076524221	-0.0088909415	-0.0530052614	-0.0791465105	0.0326280104	0.1044131113	-0.0577486841	0.0005583605	-0.0497124315	-0.0658435787	-0.1293952322	-0.0578214416	-0.0003404201	0.0554062607	0.0491316101	-0.0439456296	-0.0125608997	-0.0156390289	0.0865576563	-0.0399059302	0.0034501065	0.0079410904	0.0320721104	-0.0038854301	-0.007936476	-0.0352439273	-0.0788440425	-0.0688246374	-0.0754726552	-0.0321680093	0.07566135	-0.0016966344	0.0349811474	0.0541804374	0.0062679477	-0.0094638811	0.0003011956	-0.0661366749	0.0167262334	0.0404195301	-0.0503847375	0.0584403546	-0.0509358853	-0.0322961216	0.059824407	0.012860605	0.043241414	0.0409102371	-0.0546193134	-0.0898654396	-0.0259269352	0.0666271694	0.0856447597	-0.0046311818720852	0.0001314417353483	1.7276929791398755e-08	2.1447845532330576e-05	0.0542321140459449	0.0002334394249316	0.0029411221938923	5.4493965112440914e-08	0.0302209527390076	9.966404413580196e-05	9.93292169350308e-09	0.0009133059844533	0.0002268058155346	-0.000122543144816	5.1440877960315016e-08	1.5016822341419652e-08	0.0011751346765072	7.09280707903001e-05	1.380941507929682e-06	5.0307912260338225e-09	0.0011808674836394	5.592461224000408e-07	3.1275622541948146e-13	1.3944480139168483e-06	0.0	0.0	0.0	0.0	0.0	0.0	0.0	0.0	0.0	0.0	0.0	0.0	0.0	0.0	0.0	0.0
3972.1718687741086	-3.7466509011655935	14.03739297520496	15778149.355080394	4786.6282958984375	-10.392001244329547	22911810.44309558	107.9936898621469	4526.342399233863	1.433425540015378	2.054708778768378	20487775.515102163	4645.711984353537	3407.958145726747	0.977735	17.564688	0.0587636512432591	0.0380454353925932	-0.0031723517	-0.0951640135	-0.0559686832	-0.0305621865	0.0854938666	-0.0800662644	0.0184421077	-0.1344217614	-0.026905263	-0.0280795732	0.0716463998	-0.0062488943	-0.0394476105	-0.0847649879	0.0378429326	0.0615528898	0.1060545707	-0.0100457862	0.0083231248	0.0488979405	0.0009819801	0.0572458467	0.0200365567	0.0635827441	-0.0985622116	0.0538077259	0.0994945601	-0.0525337174	-0.0163718726	0.0176623696	-0.0473168634	-0.0750819666	0.0737207931	-0.0225595738	-0.0437998641	-0.0100608859	0.022573857	0.0923631514	-0.0986289008	0.0604937653	0.0269659226	-0.0186415881	-0.0035563564	-0.0162145745	-0.0308072004	-0.0945182478	-0.0017277156	-0.0315640643	-0.0120173176	0.0437861454	-0.0306946404	0.0280665584	-0.0794999322	0.0436858217	0.0018535547	-0.0029281564	-0.0737639819	-0.0012932286	-0.0463128669	0.055613425	0.0651442749	0.0401597895	-0.0972857499	-0.0173175659	0.029738504	0.0140560486	-0.0183919704	0.0104582243	-0.0201509045	0.0068519016	0.0491368523	-0.0392933215	0.035365204	0.0077707335	-0.076803879	0.0857746962	0.0292384803	-0.0459136823	0.04588157	-0.016176711	0.0088256957	0.0398385309	-0.0565152869	-0.0891661178	-0.0213105486	0.0705658771	0.0829017503	-0.0075543138358824	-0.0029231319637972	8.544700477772874e-06	5.7067657531004255e-05	0.0539991219501985	-0.0002329920957463	0.0029159051713924	5.42853166802988e-08	-0.0067095027714429	-0.0369304555104505	0.0013638585442093	4.501742743999996e-05	0.0003491596327131	0.0001223538171784	1.2191244911634688e-07	1.4970456578149797e-08	0.0014257064174707	0.0002505717409634	2.032638788817138e-06	6.278619736947935e-08	0.0011802516083161	-6.158753232999876e-07	3.793024138498642e-13	1.3929938589327406e-06	0.0	0.0	0.0	0.0	0.0	0.0	0.0	0.0	0.0	0.0	0.0	0.0	0.0	0.0	0.0	0.0
3966.626763608239	-5.5451051658697	30.74819130055483	15734127.881773172	4771.895389679939	-14.7329062184981	22770985.61004866	217.05852564306	4524.47437613351	-1.8680231003527297	3.4895103034514245	20470868.38028872	4641.0096848707935	3403.563549750674	0.8827089999999999	15.857585	0.0586887985560417	0.0395154435094784	0.0021734976	-0.0814205618	-0.0097106135	-0.0107419272	0.0819779928	-0.0058412575	0.0444103752	-0.0733840895	0.0424534462	-0.0045669174	-0.0430711919	-0.0108532312	-0.0163024808	0.0776511118	0.0127272693	0.044608182	0.1030441298	0.0267173978	0.0447147496	0.0547471869	0.0155651006	0.0209000713	0.028091242	0.0228099182	-0.1093732291	-0.0507160357	-0.0140881373	0.0824723431	0.0374431714	-0.0123527866	0.0281876115	0.0134522872	0.0293802235	0.0199071545	0.0112183037	-0.0107448352	0.0237445138	-0.0738143902	-0.0626496581	0.0419434093	0.0175112858	0.0546297596	-0.0227196769	0.0418997689	-0.0501696405	-0.0417993443	-0.002549722	0.0128229066	-0.0040653682	0.0486579776	-0.0330794311	0.0576164172	-0.0254393978	-0.1038748038	0.0409483224	0.0670569944	-0.0115631185	-0.0012710067	0.0154824326	-0.0723634608	-0.0536612475	0.0191226553	-0.0608385565	-0.0510765124	0.00162696	-0.0407248696	-0.0055597136	-0.0579094418	-0.0189056818	0.1105027457	0.0335603845	-0.0620359628	-0.0178755931	0.0146567337	0.0007497057	0.0459959457	0.0501337812	0.006199284	0.0488207419	-0.0045013249	-0.0151203999	0.0387599986	-0.0583725276	-0.0883293083	-0.0166357513	0.0742024108	0.0796476241	0.008325236595482	0.0158795504313644	0.0002521601219022	6.930956437075272e-05	0.0540055291935601	6.4072433616016444e-06	0.0029165971834764	4.105276749478834e-11	0.0286876921314629	0.0353971949029058	0.0012529614069943	0.0008229836798295	0.0003492469725018	8.73397887000125e-08	1.2197344780167305e-07	7.62823869016283e-15	0.0012777065172322	-0.0001479999002385	1.6325339441776382e-06	2.190397047060597e-08	0.0011802772878571	2.5679540999927825e-08	6.59438825966974e-16	1.3930544762313114e-06	0.0	0.0	0.0	0.0	0.0	0.0	0.0	0.0	0.0	0.0	0.0	0.0	0.0	0.0	0.0	0.0
3968.9584184373134	2.331654829074523	5.436614241946544	15752630.92728442	4782.962129654423	11.066739974483426	22876726.73370837	122.4727336628294	4523.370579674131	-1.103796459379737	1.2183666237392432	20460881.40106148	4641.409617933336	3409.983274476718	0.897606	16.125204	0.0135374466589856	0.0127428364727213	-0.0016893313	-0.0649919836	0.0205397894	0.0116764391	0.0406622928	0.0243399947	0.0175230403	-0.0741147981	0.0406876815	-0.0499654236	-0.0436808965	0.0038049487	0.031788256	-0.0812166253	0.0037180982	-0.0690112314	0.0782448246	-0.0324428808	0.0585350284	0.0085433556	0.1394928508	-0.043545967	-0.0150910295	-0.0766100919	0.0622209376	-0.0286677692	0.0168095751	0.0789865896	0.0093717049	-0.1091581699	0.1065353617	0.0247874502	0.0685157264	-0.0205608313	0.1364687614	0.0045979486	-0.0448560674	0.0756526924	-0.027191811	-0.0008973693	-0.0788935743	0.1198915015	0.055388401	0.1387221563	-0.039531443	0.0572718508	0.0488544705	0.0040787683	0.0017148485	-0.0012532726	0.0262882896	-0.0783339631	0.0521118449	-0.0418130204	0.0679083118	0.0140558756	0.08539943	-0.0039516149	0.0150581318	0.0913588947	0.001342939	0.0209468758	-0.0309030543	-0.0581183144	0.0141275141	-0.0281710145	-0.0211335203	-0.0726436032	-0.0300503982	0.0529261934	-0.0946593895	0.0041454243	-0.0899189656	0.0963906519	0.032802867	0.0678363973	0.0166410451	0.0427949743	0.071944234	0.0194822802	0.010312001	0.037674825	-0.0601897627	-0.0873563013	-0.0119153566	0.0775211985	0.0759024438	-0.0047068801747514	-0.0130321167702334	0.0001698360675129	2.215472097946777e-05	0.0540092997065642	3.7705130040976975e-06	0.0029170044547934	1.4216768314069844e-11	0.0286865122500898	-1.1798813730999611e-06	1.3921200545882498e-12	0.0008229159850745	0.0003492528536523	5.881150499974577e-09	1.2197755578427488e-07	3.4587931203351223e-17	0.001267707146354	-9.999370878200017e-06	1.6070814089170018e-06	9.998741795979454e-11	0.0011802796257159	2.3378588002130607e-09	5.4655837697336524e-18	1.393059994880065e-06	0.0	0.0	0.0	0.0	0.0	0.0	0.0	0.0	0.0	0.0	0.0	0.0	0.0	0.0	0.0	0.0
3967.1378695825338	-1.820548854779645	3.3143981326394765	15738182.876275845	4759.856006253151	-23.10612340127227	22656229.200264197	533.892938634822	4522.060735066732	-1.3098446073981904	1.7156928955301196	20449033.29163228	4643.671670834049	3396.4708086312	0.958063	17.211294	0.0514997314578503	0.0289950441143815	-0.0021381155	-0.027071449	0.084050691	-0.0170263395	0.045791999	0.0446403046	-0.0333716459	-0.0118723674	-0.0005916764	0.0642416501	0.0727129793	0.0094798701	-0.0873462617	0.0421182493	0.0736368717	-0.0850481817	-0.0031176586	-0.0019342655	0.0687678699	-0.0340006353	0.006437064	0.0321003791	0.0514285559	-0.0098889387	0.0485062607	0.0670324471	-0.0174991469	-0.0654238036	-0.0521478383	0.0168842194	0.0411258848	0.0740814731	0.005569312	0.0002113114	0.09537576	0.0017622531	0.0906654222	-0.034352936	-0.0687641198	-0.0880079151	-0.0554094297	-0.0360255328	-0.0488867026	0.0463489045	0.0307634073	0.009226681	-0.0165806622	-0.0341751575	0.0053797951	-0.0685251768	0.0322211077	-0.0389650975	-0.0048397649	-0.0101098835	-0.0786761663	-0.0081728934	-0.1066318628	-0.0030690895	-0.000305788	-0.0883357938	-0.0013147879	0.0802052637	0.0136296677	-0.038121896	-0.0218440303	-0.0153076553	-0.0415903445	-0.0080237735	-0.0248887755	-0.0444910227	-0.0417943487	0.0064106128	-0.0510334354	-0.0352831085	0.0157128967	0.032477943	0.0838172477	-0.0338825582	0.0424996455	0.0409610586	0.1015749364	0.036583196	-0.0619657467	-0.0862485974	-0.0071623028	0.0805080284	0.0716892996	-0.0045360079763554	0.000170872198396	2.9197308184681994e-08	2.057536836155981e-05	0.0539946378289784	-1.4661877585801786e-05	0.0029154209142825	2.1497065434103678e-10	0.0117837248542613	-0.0169027873958285	0.0002857042217485	0.0001388561714409	0.000628011673975	0.0002787588203227	3.943986626488817e-07	7.770647990770336e-08	0.0016768715153396	0.0004091643689855	2.811898078957326e-06	1.674154808473842e-07	0.0011799746153034	-3.050104125002125e-07	9.303135173354976e-14	1.3923400927604066e-06	0.0	0.0	0.0	0.0	0.0	0.0	0.0	0.0	0.0	0.0	0.0	0.0	0.0	0.0	0.0	0.0
3960.334773003675	-6.803096578858913	46.28212306128184	15684251.514262067	4754.955177553238	-4.900828699912381	22609598.740540348	24.01812194588488	4514.546566917783	-7.514168148949466	56.46272297068664	20381130.70486914	4634.217802546575	3389.57316877427	0.925115	16.61939	0.0152036310720835	0.0101093456416728	0.0084459459	0.046709637	0.0644298638	0.0042293977	0.026104263	0.0489901916	-0.0758313228	-0.046449384	0.0215470637	0.0408741173	0.0465819379	0.0113458335	0.088657776	-0.0274476319	0.0649691181	-0.0778863283	-0.0769026735	-0.0424713665	0.0619256794	-0.0177951115	-0.1214808028	-0.0181221344	0.0040912096	-0.0194156177	0.0556074171	-0.0314959053	-0.0111683762	0.1242683359	-0.0217686329	-0.0005629096	0.0113654949	-0.0191000771	-0.0169473181	-0.0198339515	-0.0707822484	0.008584751	-0.0958588254	0.0193902441	-0.0172137363	-0.1065008606	-0.004012972	-0.0564780526	-0.0346157693	-0.0231487873	-0.0589279615	0.1270570486	-0.0048355285	-0.0015814209	-0.0067858898	0.0048796626	-0.0133100571	0.0345987117	0.0528360659	0.0077262056	0.0008794533	0.079838083	0.0088456374	-0.0022339601	-0.0254390857	0.0782183682	-0.0703662523	0.0512106532	0.0514803326	0.0294159127	0.0005908513	-0.0406787469	0.0317577549	-0.06095877	-0.01933237	-0.0434865924	0.0044515215	-0.1100239509	-0.0401998731	-0.0436775126	0.0477464553	0.0355361299	0.0338670999	0.0409894265	0.043350222	-0.0051783052	0.1276640856	0.0354852986	-0.0636992625	-0.0850079043	-0.0023896175	0.0831501106	0.0670341672	-0.004594161823789	-5.815384743359988e-05	3.3818699713304113e-09	2.110632286316027e-05	0.0460654778648432	-0.0079291599641352	0.0021220282509163	6.287157773684453e-05	0.012500884152736	0.0007171592984747	5.143174593887239e-07	0.0001562721046001	0.0006160810003017	-1.1930673673300036e-05	3.795557989327432e-07	1.4234097429877456e-10	0.0015588653296567	-0.0001180061856828	2.430061116005692e-06	1.3925459859427069e-08	0.001180020915188	4.6299884600082073e-08	2.143679313980917e-15	1.392449360281125e-06	0.0	0.0	0.0	0.0	0.0	0.0	0.0	0.0	0.0	0.0	0.0	0.0	0.0	0.0	0.0	0.0
3964.386514066086	4.051741062411111	16.416605636828315	15716360.432909053	4772.061705558531	17.106528005292603	22772572.92165819	292.6333003958601	4520.855550856817	6.308983939034079	39.80327834298996	20438134.91171289	4636.789248556619	3400.9137456213125	0.925988	16.635075	0.10797708742722	0.0550779234900228	0.0117035261	0.0742012458	0.0078452088	-0.0050936989	0.0058795292	0.0469116197	-0.0462910223	0.0238024267	-0.0425986335	-0.0060317444	0.0262791021	-0.0016042302	-0.0733106454	-0.0047475917	-0.0004278792	-0.0212999174	-0.095233773	-0.0042696979	-0.0144696265	0.0317847609	-0.0612850436	-0.0072525209	0.0298745761	-0.0962468559	0.0087388663	-0.0090247993	0.0346747499	0.0524383867	-0.0268452363	-0.102238946	0.0981095278	0.0267486513	-0.0332398571	-0.0373506583	-0.0826226235	0.0001433559	0.0681561968	0.0139655738	0.091542919	-0.0877755325	0.0494772882	0.0538715004	0.0308289175	0.0034507675	-0.0844790629	0.0830284284	-0.0822777233	0.0490406286	0.0049291362	0.0078597597	0.1039528222	0.0017636328	0.023558466	0.0123460154	0.0117088404	0.001144629	0.0426709831	-0.0108390921	-0.0143240316	-0.0518487486	0.0768813497	0.0278340755	0.102055465	-0.0170492821	0.0476403893	-0.0530794665	0.0760068983	-0.0604089918	-0.0484218169	0.0723718439	0.0329619665	-0.0732948717	-0.0427096673	-0.0403041926	0.0180545351	0.0746266104	-0.0844461732	0.1135853957	0.0576066563	-0.0382010448	0.037911787	0.034381321	-0.0653891221	-0.0836361352	0.0023896175	0.0854361313	0.0619657467	0.0309174562759864	0.0355116180997754	0.0012610750200642	0.0009558891025775	0.0542019528642043	0.0081364749993611	0.0029378516942934	6.62022254152283e-05	0.0361655050241296	0.0236646208713936	0.0005600142809867	0.0013079437536503	0.0006172774395209	1.1964392192000389e-06	3.810314373414784e-07	1.4314668052399989e-12	0.0010049442681845	-0.0005539210614721	1.0099129821568804e-06	3.068285423424887e-07	0.0014381908836304	0.0002581699684424	6.665173260554981e-08	2.068393017757591e-06	0.0	0.0	0.0	0.0	0.0	0.0	0.0	0.0	0.0	0.0	0.0	0.0	0.0	0.0	0.0	0.0
3968.400821216592	4.014307150505829	16.114661898602225	15748205.07783252	4777.784893405053	5.723187846521796	22827228.48764953	32.75487912657479	4522.061373392741	1.2058225359241987	1.4540079881426655	20449039.064730644	4641.114753471626	3418.215377492539	0.918767	16.505354	0.0423284231321622	0.020539375332253	0.0097124005	0.074093462	-0.0014972498	0.0012257787	-0.0280269388	0.0136533839	-0.0519152326	-0.0534631433	-0.0130626518	0.0037764445	0.095581736	0.0157800011	0.0876656175	0.0358692808	-0.0420096461	-0.0037495786	-0.0449536872	-0.0098267804	-0.0307456218	0.018110717	-0.0676614074	-0.0244387431	0.0051876198	0.0226123874	-0.0215908184	0.0216406956	0.0248190884	-0.0991993951	0.0365415373	-0.1323212661	0.0683808546	0.0132032576	-0.0879194131	0.0575733208	-0.0564525881	0.0190675767	-0.0773348869	-0.0467233132	0.0370221152	0.0284283152	0.0064738756	-0.0556723984	-0.0110844447	-0.0169279026	0.0246140574	-0.0790352908	-0.0443568101	0.0597029164	-0.0474523104	-0.0630717257	0.0914855041	0.0430900536	0.0245045154	0.0964176257	0.1592703769	0.0818401896	-0.0889599307	-0.0086137154	-0.0289390186	0.0070477895	-0.0836510808	-0.0789511117	0.080212766	-0.0063699723	0.0503272125	0.0157848232	-0.0176387209	-0.0137361071	-0.0325739775	0.0703400602	-0.0406292541	0.0283429748	-0.0586567459	-0.0384218293	-0.0393662624	0.0733710981	-0.0610751567	-0.0611943075	0.1021283358	-0.0218205894	0.1001349904	0.0332714524	-0.0670341672	-0.0821354052	0.0071623028	0.0873563013	0.0565152869	0.0281244163910656	-0.0027930398849208	7.801071798758398e-06	0.000790982797338	0.0540371032586364	-0.0001648496055679	0.0029200085285845	2.71753924558932e-08	0.027930722186916	-0.0082347828372136	6.781164837606767e-05	0.0007801252418826	0.0004228068526336	-0.0001944705868872	1.7876563463393078e-07	3.7818809164290886e-08	0.0011752507990965	0.0001703065309119	1.3812144407769618e-06	2.900431447128e-08	0.0011802529853405	-0.0002579378982898	6.653195937421075e-08	1.3929971094051626e-06	0.0	0.0	0.0	0.0	0.0	0.0	0.0	0.0	0.0	0.0	0.0	0.0	0.0	0.0	0.0	0.0
3965.362542363653	-3.0382788529386744	9.231138388214347	15724100.092380734	4774.091559625441	-3.693333779611749	22791950.219686877	13.640714407621203	4518.62067885626	-3.4406945364808053	11.838378893368864	20417932.839387413	4640.147197614398	3393.7568076254697	0.989662	17.778948	0.0634223204330648	0.0305971516176155	0.0133035051	0.0410260192	-0.0551041247	0.0102296279	0.0181950516	-0.0850845092	-0.0338408443	-0.0188274497	-0.1133395954	0.0598736622	0.0967080025	0.0202022085	-0.0651593916	-0.0549017099	0.0048600244	0.070749715	-0.0080522447	-0.0660000931	-0.069848939	0.0363527954	-0.0637953763	0.0137345402	0.0436196798	0.054605528	0.0055960966	0.0015566187	-0.0505123992	-0.0169649954	-0.0174260291	0.0292236174	-0.0137335323	0.1173073768	-0.0664745031	0.0518576848	0.0140244967	0.016168069	0.0539406414	0.0720719083	-0.0081856463	0.0425979682	0.0377484629	-0.0835504122	0.0515107569	-0.0853240311	-0.0342269611	-0.0326800187	0.0168209883	-0.0196260853	0.0218373507	-0.0270345054	-0.0105613062	0.0140489185	-0.0046861006	0.0089075425	-0.0030751452	0.0516166361	-0.0793564497	-0.0094453916	-0.075562618	0.0155849447	0.0942396762	-0.013699868	-0.0374796843	0.1034873444	0.0052454244	0.0153763213	-0.0093991976	-0.0412786538	0.0124958988	-0.032797572	0.0243030301	-0.0806239741	-0.0547531312	-0.0073653091	0.0030469531	0.0947036299	0.0115782639	-0.0320832157	0.0930231068	-0.0254767391	0.0016264095	0.0321558829	-0.0686332704	-0.0805080284	0.0119153566	0.0889023983	0.0507163915	0.0149367104007467	-0.0131877059903188	0.000173915589287	0.0002231053175957	0.0462166886312189	-0.0078204146274174	0.002135982308035	6.115888494472556e-05	0.0040492893454526	-0.0238814328414634	0.0005703228345613	1.6396744203195945e-05	0.0006016938720005	0.0001788870193668	3.62035515602954e-07	3.200056569797363e-08	0.0013668557576447	0.0001916049585481	1.8682946622064667e-06	3.671246014025743e-08	0.0011800896237783	-1.6336156220017432e-07	2.6687000004481423e-14	1.3926115201492094e-06	0.0	0.0	0.0	0.0	0.0	0.0	0.0	0.0	0.0	0.0	0.0	0.0	0.0	0.0	0.0	0.0
3969.151856280442	3.7893139167890695	14.35889995997132	15754166.45821448	4787.038582094254	12.947022468812976	22915738.386458963	167.625390807948	4520.890732174828	2.2700533185679888	5.153142069141539	20438453.01226425	4637.877711570656	3426.931703595637	1.026179	18.434963	0.0701593199180459	0.0379884686741353	0.0174817809	-0.0499653778	-0.0801387995	0.0321564363	0.0379981575	-0.0613834494	0.0037467632	-0.0801469159	-0.0470041482	0.0110189941	-0.0575756771	7.2469e-06	0.0330703118	0.0883361759	-0.01584604	0.0283925727	0.0274518971	-0.0416159332	-0.0006901428	0.1375660444	0.0121163989	0.0162527451	0.0252470267	-0.0052758854	0.0188627092	-0.0324638423	0.0672465344	0.130348561	0.0187447861	-0.0513372087	0.052718697	-0.0487284222	0.0570031199	-0.0063251741	-0.026431487	0.0025011199	-0.0206351955	-0.0920652855	0.0030791764	0.0454007201	0.0088259069	0.0370400107	0.0550436604	0.0237683311	-0.120440811	-0.0350930254	0.0223019943	-0.0206141898	0.0353308903	0.0519749572	-0.0009031762	-0.0305015243	-0.0010708925	-0.017201328	0.0606057168	0.1052747441	0.0722770176	-0.0126480174	-0.0208666961	-0.0497883464	-0.087615706	0.0018486987	-0.0751844481	-0.0104240521	0.0205287099	-0.0260830164	0.0533321556	-0.0047404439	-0.0279623618	0.0948664197	-0.0114779671	-0.096454524	0.0313833584	0.0370400838	-0.0054431405	0.089642195	-0.0755546552	0.0106148966	0.0544350618	-0.0567398637	0.0162781395	0.0310348036	-0.0701853358	-0.0787565141	0.0166357513	0.0900678015	0.0446048127	-0.0045463792790201	-0.0194830896797668	0.0003795907834698	2.066956454870333e-05	0.0539832336852441	0.0077665450540252	0.0029141895191156	6.031922207620331e-05	0.0099975681489965	0.0059482788035438	3.5382020724689645e-05	9.99513688938293e-05	0.0003489074142081	-0.0002527864577924	1.2173638368938266e-07	6.390099324322883e-08	0.0018532084524236	0.0004863526947789	3.4343815681342744e-06	2.365389437186979e-07	0.0011801785988212	8.897504290002017e-08	7.916558259060428e-15	1.3928215251155707e-06	0.0	0.0	0.0	0.0	0.0	0.0	0.0	0.0	0.0	0.0	0.0	0.0	0.0	0.0	0.0	0.0
3972.838626598404	3.686770317961873	13.59227537740469	15783446.752992293	4775.75	-11.288582094253798	22807788.0625	127.43208569870744	4524.863788423084	3.9730562482554888	15.78517595180198	20474392.303782504	4644.900609278417	3414.815669957164	0.97505	17.516453	0.0592116220328794	0.0338800441768533	0.0135234184	-0.0494310812	0.025095407	0.0246089996	0.0525834884	0.0249964407	0.0010994651	-0.1323696703	-0.0793800375	-0.0180049833	-0.0335931027	0.012712086	-0.0070262923	-0.0667394714	0.0509041958	-0.0353594216	0.0789495046	0.0167983113	0.0306484744	0.060223289	0.0909928547	-0.0420469401	0.0493787362	-0.0473178079	0.0289973757	-0.0666188291	0.0334279335	-0.0515729121	0.0984128063	-0.0706320207	-0.0092027219	-0.0083977652	0.0778461159	0.0398998306	-0.0306096866	0.0123735087	0.0013833753	0.0679819087	-0.0569144443	-0.0035785791	-0.0701025066	0.0383898893	0.0297511458	0.10755287	0.0080495568	-0.0948354274	0.0451909979	0.0458001133	-0.0239900801	-0.0349897332	0.0376442952	-0.0593035503	0.0565288869	-0.0059557182	0.070526345	0.0029173725	0.064356831	-0.0148094681	-0.0545320921	0.0816758198	0.0288917094	0.025815102	-0.0349323568	-0.0754715916	0.0272741065	-0.0515608076	-0.0442314698	-0.0316786192	0.006765614	0.0126049857	-0.105567998	0.0532012548	-0.0247153494	0.1169469883	0.032390796	0.003729188	0.0136848713	-0.0008638926	0.0341378426	0.0007500987	-0.0366978251	0.0299084066	-0.0716892996	-0.0768835629	0.0213105486	0.0908475206	0.0382182304	0.0117268237518572	0.0162732030308773	0.0002648171368841	0.0001375183953071	0.054243085781465	0.0002598520962208	0.0029423123550953	6.752311191039443e-08	0.0016768415662653	-0.0083207265827311	6.923449086456962e-05	2.8117976383550644e-06	0.0002583547350723	-9.05526791358e-05	6.67471691342783e-08	8.199787698671147e-09	0.0018702304686581	1.7022016234500073e-05	3.4977620058970963e-06	2.8974903668758406e-10	0.0017597607099119	0.0005795821110907	3.359154234963527e-07	3.0967577561496345e-06	0.0	0.0	0.0	0.0	0.0	0.0	0.0	0.0	0.0	0.0	0.0	0.0	0.0	0.0	0.0	0.0
3974.54083084114	1.7022042427361157	2.897499283988833	15796974.81602338	4803.560865832913	27.810865832912896	23074196.99176144	773.4442583762819	4523.830033801851	-1.033754621233129	1.06864861692085	20465038.17472765	4645.395747928829	3411.798217795943	0.993877	17.85467	0.0297845352174635	0.0157267406113504	0.0185204577	0.0730586922	0.015530851	0.0155505807	-0.0282439515	0.0441453392	-0.0366087462	-0.0989568513	-0.1427026074	-0.035610665	-0.1232879455	0.0090525124	-0.0367561189	0.0795810986	-0.066543608	-0.0514146055	-0.0775018752	9.27704e-05	0.0705735021	0.0210954637	-0.001464375	-0.0094516047	-0.0508725123	0.0415412652	-0.0128683396	-0.0050672323	0.0365554353	-0.0044993611	-0.0236574743	0.0137293987	-0.0820192239	-0.0205882484	-0.0351839739	-0.012711673	-0.0146104149	0.0181865187	0.0417788135	-0.0757328243	0.1117860497	-0.0563321972	-0.0353012873	-0.0570435413	-0.0610289788	0.0409369799	-0.029146642	-0.011876544	0.0248983389	0.0172414196	-0.06773891	0.0360229104	-0.0739422487	-0.0451868788	-0.0620676651	-0.0062484953	-0.0069263907	0.0173955448	0.0258271159	-0.0121085058	-0.0325056194	-0.0810752982	-0.0237255595	0.0409253521	0.0936071159	-0.053990319	0.0120427287	-0.0358899389	0.0593359284	0.050894995	-0.0292057279	-0.0166876688	-0.0052630529	-0.0453760261	0.021666782	0.0170065085	0.0360664593	0.0257286752	0.0562937295	0.0370009641	0.0325000638	-0.0137081227	-0.0041792639	0.0287768851	-0.0731441312	-0.0748920628	0.0259269352	0.0912382167	0.0315960199	0.0088355355900375	-0.0028912881618197	8.359547234678742e-06	7.806668916281931e-05	0.054185246197548	-5.783958391700206e-05	0.0029360409054888	3.345417467691923e-09	0.0098722987538621	0.0081954571875967	6.716551851373203e-05	9.746228268550716e-05	0.0003480201821118	8.966544703950004e-05	1.2111804715713046e-07	8.039892392793386e-09	0.0019287694851468	5.8539016488699976e-05	3.720151726833452e-06	3.4268164514642876e-09	0.0015351661677575	-0.0002245945421543	5.0442708365544556e-08	2.3567351626272487e-06	0.0	0.0	0.0	0.0	0.0	0.0	0.0	0.0	0.0	0.0	0.0	0.0	0.0	0.0	0.0	0.0
3972.9579860265344	-1.582844814605778	2.5053977071244	15784395.158732016	4815.775951754662	12.21508592174905	23191698.01749852	149.20832407571186	4518.0035560244605	-5.82647777739021	33.94784329042196	20412356.132249672	4637.727542281937	3406.4931071008555	1.054229	18.938879	0.0339044139548889	0.0223983834416299	0.0188492271	0.0233626345	-0.0954494892	0.0424025961	-0.0943718774	-0.1033918019	-0.0170889402	-0.0338934116	-0.0686754366	0.0001874857	-0.0497931549	0.0195778537	0.0733571363	-0.0597914666	-0.0060824027	0.0389583085	-0.0248085954	-0.1019723973	0.0199258629	-0.0520421813	0.0426405964	0.0058874729	-0.0215181962	-0.0342662055	0.0503459105	0.0856414679	-0.019160787	-0.0848317099	0.0021268773	0.0767918889	-0.0074673869	-0.0073702496	0.0237609795	-0.1030752733	0.0990869102	0.0192492708	-0.08045311	0.0495444554	0.0024941429	0.0512647849	0.0212190056	-0.0824480942	0.0434561805	0.01733994	0.030663208	0.0916102188	0.0595238567	-0.0242007629	-0.0441892427	-0.078585201	0.0030378135	-0.0744275972	-0.0261121384	0.047954228	-0.0898275734	0.0129157372	-0.0582512757	-0.0138536872	-0.0633791592	0.0761992215	-0.0262071162	-0.0628435451	-0.0316398037	0.0873262363	-0.0003220837	-0.0087304292	-0.0098500099	-0.0205512596	0.0431273209	-0.0448285989	-0.0018396537	-0.0682856243	-0.0383485178	0.0190135799	0.0446695731	-0.0403227986	0.149672183	0.0145102466	0.0376131975	-0.0221333704	0.0069005605	0.0276404327	-0.0745488335	-0.0727850846	0.0304722578	0.0912382167	0.0247790096	0.0086165741391823	-0.0002189614508552	4.7944116960614414e-08	7.424534989602519e-05	0.0390892787563075	-0.0150959674412404	0.0015279717136883	0.0002278882329869	-0.0067649404971561	-0.0166372392510181	0.0002767977298956	4.576441993006262e-05	0.0003480583021231	3.812001129999913e-08	1.2114458167681517e-07	1.453135261512061e-15	0.0019287627574968	-6.727650000027535e-09	3.72012577470666e-06	4.5261274522870503e-17	0.0014961660991833	-3.900006857420011e-05	1.521005348792311e-09	2.238512996345372e-06	0.0	0.0	0.0	0.0	0.0	0.0	0.0	0.0	0.0	0.0	0.0	0.0	0.0	0.0	0.0	0.0
3974.701279292876	1.743293266341425	3.0390714124713543	15798250.259612424	4788.310755575857	-27.465196178804945	22927919.891963437	754.3370011402418	4521.854445321219	3.850889296758396	14.829348375888374	20447167.62467127	4638.857891107916	3417.902011815074	1.094185	19.656679	0.0761490445430889	0.0412597947129947	0.0177683617	-0.0194581898	0.0417160993	0.0006405962	0.0150594927	0.0458787626	0.0722055974	0.0295107785	-0.0240261761	-0.0539144875	0.0343406008	0.0133919823	-0.0850821646	0.0200203728	0.0598138608	-0.0782091603	0.0121895841	-0.0139557033	-0.0318764438	-0.0170619162	0.0169246129	0.0248337331	-0.0183882451	-0.0118285928	0.0204573149	-0.0887392502	-0.0721567135	0.018416223	0.0127156968	-0.0088875425	0.0162189286	-0.0250405693	0.0065652109	-0.0476457052	-0.0233117919	0.0107208592	0.0891560123	-0.0122396212	-0.0342495526	-0.0590391588	-0.0481433882	0.0315726119	0.0730875807	0.0076693381	0.0283207027	0.0438737887	-0.0213526958	-0.0165586929	-0.0108241818	0.0352830213	0.0496567966	0.0433606366	0.097667433	-0.0136692967	-0.0038454639	-0.01270015	0.0625535106	-0.0156484082	-0.0496725915	-0.0757634592	0.0268861753	0.0534645985	-0.0026273781	-0.0542476085	0.017052418	-0.0718234747	-0.0198245422	-0.0410446148	0.0175207867	0.0731820147	-0.0673831443	-0.032332337	-0.0057491134	-0.0380781054	0.0005755012	-0.0366962382	0.02067714	0.0679738774	0.0379371468	0.0024541259	-0.0704580489	0.0264992443	-0.0759024438	-0.0705658771	0.034934058	0.0908475206	0.0178092284	0.0406639070793204	0.0320473329401381	0.001027031548576	0.0016535533389556	0.0541388782155962	0.0150495994592887	0.0029310181344431	0.000226490443885	0.007138830840411	0.0139037713375671	0.0001933148574073	5.096290576800322e-05	0.0002832361052168	-6.482219690630005e-05	8.02226912983822e-08	4.201917211759135e-09	0.0016907135084787	-0.000238049249018	2.8585121677523554e-06	5.666744495808135e-08	0.0014962614693808	9.537019750012825e-08	9.095474571213466e-15	2.238798384753591e-06	0.0	0.0	0.0	0.0	0.0	0.0	0.0	0.0	0.0	0.0	0.0	0.0	0.0	0.0	0.0	0.0
3975.949613583978	1.24833429110231	1.558338502341907	15808175.329758584	4795.811201526272	7.500445950415269	22999805.080684867	56.25668945510081	4517.783269246419	-4.071176074799951	16.574474632023534	20410365.66788286	4637.41552399017	3413.420602016393	1.039609	18.676241	0.0227811043874529	0.0112583392183287	0.017841737	0.0853469643	-0.0020910859	0.0147423593	-0.0902686676	0.0437514105	-0.0907912942	-0.0394875376	-0.0140893896	-0.0272332303	-0.0058142471	0.0126593274	0.109964777	-0.016709709	-0.0338607665	-0.0773734979	-0.0616317153	-0.0022638513	-0.0267108169	-0.0558474429	-0.110828866	0.0115003905	0.0038256507	-0.0542825908	-0.0318191668	-0.013312998	-0.007546096	0.0126909844	0.0830439892	-0.0085693402	-0.1502222103	0.0377308812	-0.0812476928	0.0369543377	0.022589735	0.0155149306	-0.1023387283	0.0053291451	0.0645895548	-0.0491062924	-0.0276236919	-0.0316373756	-0.0150755232	-0.0523491267	0.012926232	0.0499506357	-0.1043211145	0.0362061266	-0.0510793985	-0.0127488341	0.0142594964	0.0395589752	-0.020214127	-0.0119998811	0.0588791429	0.0542692868	-0.0332425879	-0.0136644782	-0.0237767441	0.0593569437	-0.0853127374	-0.0348418721	0.1169996306	-0.0388064906	0.0154977337	-0.0164169557	0.0593624878	0.0626236912	-0.0268226683	-0.007335293	-0.0282845634	-0.0097389533	-0.0115593463	-0.0368336959	-0.0295393547	0.0318269162	-0.0306698501	0.0315317911	0.0682828167	-0.0404634224	-0.0372037551	0.0253535154	-0.0772040342	-0.0682378621	0.0393001065	0.0900678015	0.0107296473	0.0351525814314328	-0.0055113256478875	3.037471039706362e-05	0.0012357039812935	0.0457787555921953	-0.0083601226234009	0.0020956944635699	6.989165027829963e-05	0.0098950482578104	0.0027562174173994	7.596734451975818e-06	9.791198002439664e-05	0.000348192235525	6.495613030820001e-05	1.212378328798971e-07	4.21929886461586e-09	0.0017487611640472	5.8047655568499966e-05	3.0581656088797182e-06	3.369530316999205e-09	0.0014961964812822	-6.498809860004326e-08	4.223452959648945e-15	2.2386039106012367e-06	0.0	0.0	0.0	0.0	0.0	0.0	0.0	0.0	0.0	0.0	0.0	0.0	0.0	0.0	0.0	0.0
3970.1859240443455	-5.763689539632651	33.22011710927084	15762376.271479852	4802.256758166897	6.445556640625	23061669.97135964	41.54520040750504	4520.507884797596	2.724615551176612	7.423529901713433	20434991.536517236	4641.501631047176	3406.16292916357	1.032691	18.551964	0.0649421142363117	0.0317067345726131	0.0186444596	0.0663759827	-0.0318939571	0.0142408173	-0.0297730132	-0.0906908116	-0.0691771246	-0.0064067957	0.0139342693	0.0144103895	0.087378114	0.0214918076	-0.0829394335	-0.0208972077	0.0145744952	0.0622306072	0.0162964525	-0.0319478037	-0.0411041752	-0.0310293183	-0.120222926	0.008110374	0.0673813033	0.018131369	0.0037669852	-0.05116557	-0.0208768167	0.0008200357	0.1316984898	0.0250540657	-0.0823209211	-0.0756306047	0.0921560973	-0.0072922004	-0.0128955267	0.0125955388	0.0790505109	0.0426801429	-0.0752468311	0.0609598604	0.0549857575	-0.0896921191	0.0078916413	-0.0931155244	0.0363670275	0.0095104836	-0.0801058812	0.0263933857	-0.0031402751	-0.0656309308	-0.1220808851	0.0073877668	0.0405437605	-0.0365524644	0.0668124353	0.0653582117	0.051482791	-0.0164987706	-0.1034343688	-0.0207075483	0.0946414103	-0.0274409464	0.0134441701	0.0774804816	-0.0094556954	0.0112929437	-0.0508168002	0.0262381245	0.0189037084	0.0110093029	-0.0574013481	-0.0256013603	-0.0327163685	-0.0835926118	-0.0765884026	0.0876142117	-0.0332979001	-0.0267299996	0.0600402844	0.0716777214	0.0036687458	0.0242034423	-0.0784527129	-0.0658046293	0.0435584361	0.0889023983	0.0035839144	0.0197453053723535	-0.0154072760590793	0.0002373841555606	0.0003898770842474	0.0538910600393478	0.0081123044471525	0.0029042463521645	6.580948344329028e-05	-0.0123151572820745	-0.0222102055398848	0.0004932932301239	0.0001516630988822	0.0005520582311994	0.0002038659956744	3.047682906350102e-07	4.15613441923145e-08	0.0019289153512609	0.0001801541872136	3.720714432329961e-06	3.245553117062884e-08	0.0014959701003664	-2.263809158000764e-07	5.124831903848128e-14	2.237926541190257e-06	0.0	0.0	0.0	0.0	0.0	0.0	0.0	0.0	0.0	0.0	0.0	0.0	0.0	0.0	0.0	0.0
3962.181459886999	-8.00446415734632	64.07144644624192	15698881.921072273	4781.750694028793	-20.506064138104197	22865139.699844845	420.49866643604287	4516.337563650949	-4.170321146646529	17.39157846616722	20397304.988844592	4636.954293253134	3418.5642918274466	1.040303	18.688696	0.0535439034584979	0.0309750301564547	0.0243362563	-0.0641460113	-0.0737730511	0.0095206874	0.1020951453	-0.0829334821	-0.0074259821	-0.0604046245	0.0599414017	0.0337689011	-0.0458236144	0.015523221	0.0424182444	0.0802454767	0.0623671154	0.1020170799	0.0604603367	-0.0335970849	0.0259471618	0.1165425558	-0.0138403956	0.0063622905	0.109476603	-0.0134399355	0.0323277907	-0.0437446821	0.0565747008	0.0228319307	-0.024165088	-0.0090727897	0.065654207	-0.0998598858	0.0606831278	-0.0391254898	-0.0193861907	0.0092778412	-0.0358310853	-0.0768749087	-0.1178828084	0.0607586722	0.0634237495	-0.0287781096	0.0130237607	-0.0014423701	-0.0856433934	-0.0581396837	-0.0207062487	0.0243460088	0.0549520912	0.0318681524	-0.0445841755	-0.0736390053	0.0381743629	0.0097600476	-0.0623562503	0.0245474606	0.0884178413	-0.0144289699	-0.0743704887	-0.016394188	-0.1057372878	0.0174064749	-0.0877950193	0.0113447601	0.0053722431	-0.0570580733	-0.001407339	0.044813943	-0.0054564514	0.0710900088	0.0425363158	-0.1219606885	0.0314788852	-0.0220860041	-0.0536793506	0.0536387603	-0.0498465134	-0.0204626181	0.009065058	0.0496453864	0.0474186211	0.0230492221	-0.0796476241	-0.0632699305	0.047697375	0.0873563013	-0.0035839144	0.0198087142155429	6.340884318940115e-05	4.020681394618065e-09	0.000392385158873	0.0424390415503808	-0.011452018488967	0.0018010722477149	0.0001311487274716	-0.030596632214106	-0.0182814749320315	0.0003342123256904	0.0009361539028452	0.0002391785082791	-0.0003128797229203	5.720635882261551e-08	9.789372101468372e-08	0.0017671796285236	-0.0001617357227373	3.122923839468809e-06	2.6158444009356783e-08	0.001496294678595	3.245782286000979e-07	1.0535102648117741e-13	2.2388977651917146e-06	0.0	0.0	0.0	0.0	0.0	0.0	0.0	0.0	0.0	0.0	0.0	0.0	0.0	0.0	0.0	0.0
3965.882162950115	3.700703063115725	13.69520316135411	15728221.330405882	4758.901635939075	-22.8490580897178	22647144.780543607	522.0794555872984	4517.043267386301	0.7057037353515625	0.4980177620891481	20403679.879439905	4636.64075283847	3395.568219030149	1.033111	18.559498	0.0639768200408118	0.0307113339106813	0.0190788325	0.0067280179	0.0566173085	-0.0008059864	0.0590732787	0.0550064862	-0.0340446973	-0.0281438272	-0.0369221173	0.0181199456	0.0010472098	0.0175438105	-0.03003986	-0.0771588449	0.0760579361	-0.0498167412	-0.0124993739	0.0261301151	-0.045863414	0.0909244012	-0.0066185872	-0.1188394762	0.1010366613	-0.0197051182	0.0669191494	0.094964518	-0.0784310324	0.0683605994	-0.0472538129	0.0048415789	-0.0232421579	0.1023810265	-0.0214042403	-0.0632873822	-0.0245702772	0.0145374123	0.0200501085	0.0814878977	-0.0397211451	-0.098712668	-0.0185837538	0.0537647881	0.0473965698	-0.0372855473	-0.0578273469	-0.0062298021	0.043167192	0.0824810387	0.1053495388	-0.0855614361	-0.0259638869	-0.0476661051	-0.0425168787	0.0042817863	-0.0113868732	0.0415754567	-0.063431346	-0.0124152613	-0.0831114102	0.0627327051	0.067128958	0.0674510436	-0.0004024522	-0.04090925	-0.0147744233	-0.0712838714	-0.084234996	0.0150947688	0.0369223134	-0.0260329538	-0.1031163117	-0.0555576381	-0.0256464333	0.11471139	0.0059427545	0.0388647277	-0.0723350139	-0.0124577176	-0.0115964875	0.0022234798	-0.0250396222	0.0218910524	-0.0807879487	-0.060637674	0.0517055788	0.0854361313	-0.0107296473	0.0198293936840769	2.067946853399893e-05	4.2764041884865205e-10	0.0003932048538781	0.0541517851799255	0.0117127436295446	0.0029324158381727	0.0001371883633314	-0.0124119871986678	0.0181846450154382	0.0003306813143375	0.0001540574262198	0.0002020418140329	-3.71366942462e-05	4.0820894617704956e-08	1.3791340595357443e-09	0.0015316942863838	-0.0002354853421397	2.3460873869407784e-06	5.5453346362698626e-08	0.0019048476807549	0.0004085530021598	1.6691555557386721e-07	3.6284446868773215e-06	0.0	0.0	0.0	0.0	0.0	0.0	0.0	0.0	0.0	0.0	0.0	0.0	0.0	0.0	0.0	0.0
3975.687901700951	9.8057387508361	96.1525124496487	15806094.291731313	4783.772841915007	24.871205975931844	22884482.603043582	618.5768866972278	4518.782891773042	1.739624386741525	3.026293006945828	20419398.82298073	4638.925935112251	3420.799910531284	1.048287	18.832129	0.0404600087558969	0.0245413157117005	0.0191731174	0.0786995138	0.0074653058	0.0132504443	-0.0161037542	0.0770473051	-0.0749943363	-0.0146561588	-0.0574027251	0.0200405483	0.0213612049	0.0232394722	-0.0093918244	0.0818531663	-0.0243240285	0.0303362778	-0.0786684839	0.0035878962	0.0882026816	0.0541709077	0.0719948372	0.0169769191	0.0725609588	-0.0344733169	-0.0390195354	-0.0333914824	0.0729256529	-0.090444621	0.0341997459	0.0743710394	-0.0519527312	0.055249937	-0.0624815725	0.0036442662	0.0389356547	0.020341556	0.0130266841	-0.0829481513	0.0512438097	-0.0186678066	0.0639776441	-0.0676517475	-0.0229108369	0.1255531245	-0.0113785375	-0.1288451706	-0.0816628893	0.0201429912	-0.0056575765	-0.0010392295	-0.0283405607	-0.0542179837	-0.0370853149	-0.016502613	-0.0052227159	0.0252827316	-0.0423059122	-0.0110675668	-0.0606333734	-0.0647793358	-0.043282846	-0.0462397956	0.0967474712	-0.0279987715	0.0173979073	0.0210002706	-0.03561085	0.1163956149	-0.0151428304	0.039344687	0.0405366625	0.1108006944	0.0192213425	0.0537114172	-0.0073939147	-0.0112821006	0.0519230977	-0.086352583	-0.008083358	0.0311466878	0.0522834519	0.0207291319	-0.0818729053	-0.0579119187	0.0555720611	0.0831501106	-0.0178092284	0.0200095174234036	0.0001801237393267	3.2444561469033456e-08	0.0004003807875174	0.0451259230429315	-0.009025862136994	0.0020363489304765	8.146618731602193e-05	-0.012436339975359	-2.4352776691199257e-05	5.930577325714177e-10	0.0001546625519827	0.0004251676200933	0.0002231258060604	1.807675051758007e-07	4.9785125330103234e-08	0.0019289064166179	0.0003972121302341	3.720679964069708e-06	1.577774764051117e-07	0.0019005922149917	-4.2554657632000274e-06	1.8108988861767596e-11	3.612250767687056e-06	0.0	0.0	0.0	0.0	0.0	0.0	0.0	0.0	0.0	0.0	0.0	0.0	0.0	0.0	0.0	0.0
3973.7853853761167	-1.9025163248343235	3.6195683662611	15790970.289028812	4788.222827542213	4.449985627205933	22927077.846196342	19.80237208233938	4518.101840064639	-0.6810517084031744	0.4638314295188825	20413244.23719548	4637.828428163633	3416.976575598253	1.054021	18.935144	0.0219521244028899	0.0136230329940828	0.0214741833	-0.0126444223	-0.1057543996	0.0392093474	-0.0009675453	-0.0666216995	0.0063882333	0.071190557	-0.0248031156	0.0419154006	-0.0374739971	0.0275190648	0.0500965744	-0.0629160625	-0.0387699144	0.0505934117	-0.0266957911	-0.0777484545	0.0351427702	0.0336605171	0.0860377831	0.074527273	0.0034777467	0.0240503493	0.0017835302	0.0847514006	0.0022318643	-0.0687843073	-0.1186313168	0.0415110764	0.0085618875	0.0373219905	0.0564260106	-0.1394605047	0.0245256707	0.0295636601	-0.0583697909	0.0658522017	0.024943363	0.0601447063	0.0102417372	-0.0728516597	0.0243836239	0.0493435481	-0.0308027085	0.0014976405	0.0709373775	-0.1018513653	0.0307618929	-0.0110423878	-0.0034407669	-0.0346542731	-0.0747517873	-0.0212293189	-0.1261751507	-0.0686559565	-0.0508744168	-0.0175124915	-0.0352321729	0.0828819776	0.0146076379	-0.0700677043	-0.077194448	0.0229376337	0.0162951035	-0.0443705457	-0.0278425642	0.0067083919	-0.0063802142	-0.1030595266	0.0729941996	-0.0003949023	0.0429836366	0.0361841401	0.1047289896	-0.1136524833	0.0669597432	-0.0620644956	-0.0323217651	0.0967908459	0.0213520271	0.0195636596	-0.0829017503	-0.0550968674	0.0592862243	0.0805080284	-0.0247790096	0.019993955738883	-1.5561684520600666e-05	2.421660251187024e-10	0.0003997582660884	0.0411008804114345	-0.004025042631497	0.001689282370595	1.6200968185368294e-05	-0.0124258510158767	1.0488959482300372e-05	1.1001827102133888e-10	0.0001544017734687	0.0004316965835405	6.528963447200006e-06	1.8636194024053995e-07	4.2627363694873786e-11	0.0017449484158145	-0.0001839580008034	3.044844973853533e-06	3.3840546059583725e-08	0.0020681258732889	0.0001675336582972	2.8067526662442986e-08	4.277144627766975e-06	0.0	0.0	0.0	0.0	0.0	0.0	0.0	0.0	0.0	0.0	0.0	0.0	0.0	0.0	0.0	0.0
3973.9080936087767	0.1227082326599884	0.0150573103625378	15791945.53644934	4777.02252984816	-11.200297694053006	22819944.250676915	125.44666843540908	4515.2455822172615	-2.856257847377492	8.158208890705504	20387442.667732496	4632.013526732057	3413.2015596913025	1.082062	19.43889	0.0581762886152694	0.0314622708926869	0.0248126815	-0.0661846851	0.0526929891	0.0251346825	0.0575541679	0.0698963088	0.0945659557	0.0613537151	0.0146295459	0.0079653661	0.0451259802	0.0483974488	-0.0870091236	0.0475379226	0.1065401285	-0.0716401643	0.0060057823	-0.071374411	0.0025620388	-0.1136596267	0.099546132	0.0450275486	0.0283156138	-0.0103526053	-0.0329059936	-0.0383529064	-0.0781897849	0.0262123893	-0.0633627468	0.0035067884	-0.1523176985	-0.0233330715	0.0116788426	-0.0160188044	-0.054207806	0.0444462265	0.0896829977	-0.0474329688	-0.069005997	-0.0503784012	-0.0376341856	-0.0210167982	0.1149741821	0.1033734548	0.1040274417	0.0522369518	-0.0122628383	-0.0488504085	0.0423165556	0.0372515157	0.0097007305	0.1022141328	0.0129910349	0.0108732158	-0.0623237312	-0.0319957698	-0.0119916418	-0.0134306067	-0.0521437454	-0.0646727643	-0.0017552058	0.077783645	-0.0224340346	-0.0395140539	0.0096523113	-0.0534234888	-0.0785890793	-0.0205015655	0.0401674782	0.0941575954	-0.0148647025	-0.0304048899	0.0273003557	-0.0224590859	-0.0392551125	-0.0763573326	0.1109024793	0.0139845738	-0.02186377	0.0962217427	-0.0338830014	0.0183948351	-0.0838737786	-0.0521968607	0.0628378881	0.0775211985	-0.0315960199	0.034450753626956	0.014456797888073	0.0002089990051765	0.0011868544254652	0.0216515918929189	-0.0194492885185155	0.0004687914314975	0.0003782748238764	-0.0291585260889775	-0.0167326750731008	0.0002799824151019	0.0008502196436815	0.0002942101252723	-0.0001374864582682	8.655959781274248e-08	1.89025262071335e-08	0.001731805753443	-1.3142662371500156e-05	2.9991511676582767e-06	1.7272957421124606e-10	0.0020682472953608	1.214220719000618e-07	1.4743319544503775e-14	4.277646874767264e-06	0.0	0.0	0.0	0.0	0.0	0.0	0.0	0.0	0.0	0.0	0.0	0.0	0.0	0.0	0.0	0.0
3973.717937402552	-0.1901562062248558	0.0361593827658299	15790434.24603479	4800.722085275957	23.69955542779735	23046932.540056337	561.6689274752388	4515.755580720447	0.5099985031856704	0.2600984732516243	20392048.464807864	4636.4064007769575	3406.796487813854	1.050274	18.867826	0.0735308971525017	0.0377706927887021	0.0246756249	0.0851285334	0.0260950196	0.0234133702	-0.0639808353	0.073577526	0.0057864356	0.0696625146	0.0079337331	-0.0245538642	-0.0729062582	0.0224760714	0.0952784838	-0.0262643681	0.0147104413	-0.0130277964	-0.0893461713	-0.0091784744	0.0045440501	-0.0109835603	0.0280723939	0.0206633437	0.0084346567	-0.0012931638	-0.0521263328	0.0190839769	0.0438165754	0.0961603302	0.0189953355	0.1333917836	0.1035824476	-0.0663736787	0.1069960724	0.0222166866	-0.0177485677	0.0258778906	-0.0966633482	0.0123915379	0.0726544205	-0.0813002381	0.0239311232	-0.0323845544	0.020117517	0.0339149851	0.0180572515	0.0204090386	-0.0042878351	-0.0355662917	-0.0121767504	0.0330965286	-0.0642927869	-0.0150224425	-0.0993768588	-0.0563822515	-0.0610876593	0.0039597325	0.1494508427	-0.0151524917	-0.0388790488	0.0906598959	-0.060636917	0.0083426012	0.0939814334	-0.0022472268	0.0079607714	-0.0530494988	0.0245469242	0.0725899503	0.0146146994	-0.0237425129	-0.0094378805	-0.1099932349	0.0159435015	0.0247645678	0.0066743415	-0.0313660704	0.0501532102	0.1072199892	-0.0267563124	0.0325992163	0.0095427625	0.0172228587	-0.084788324	-0.0492163702	0.0662173176	0.0742024108	-0.0382182304	0.0197092249974133	-0.0147415286295427	0.0002173126663356	0.0003884535499986	0.0496101797133121	0.0279585878203932	0.0024611699311871	0.0007816826329106	-0.0209205952331217	0.0082379308558558	6.786350478586108e-05	0.0004376713049081	0.0004477993764935	0.0001535892512211	2.0052428158796733e-07	2.3589658090688878e-08	0.001825920993044	9.411523960100016e-05	3.333987472838788e-06	8.857678325153666e-09	0.0018640947892488	-0.000204152506112	4.167824575181026e-08	3.474849383304528e-06	0.0	0.0	0.0	0.0	0.0	0.0	0.0	0.0	0.0	0.0	0.0	0.0	0.0	0.0	0.0	0.0
3981.489288137084	7.771350734532007	60.39389223911116	15852256.951550342	4794.767879363029	-5.954205912928046	22989799.016971443	35.4525680535473	4522.038285391672	6.282704671224565	39.47237798582697	20448830.25454805	4640.5695559323485	3423.826860838584	1.078746	19.37932	0.0556198908977197	0.0294433589424102	0.0229412056	0.0579195503	-0.0601687378	0.02983144	-0.0506773355	-0.0229903071	0.0187709899	0.0652587587	-0.0368838744	0.0665308096	0.0137235323	0.0271435978	-0.0724423214	0.0081180352	-0.1013881564	-0.0094530379	0.0105884098	-0.0163562133	-0.0845255513	-0.0956423315	-0.0204677846	-0.0007215883	-0.088983709	0.0256408945	-0.1295345238	0.0590727131	-0.0486300673	-0.0421430878	0.032949562	-0.1386175134	0.075865526	-0.0306344794	0.0120158876	0.0685956426	0.0363796184	0.0255602354	0.0771879154	0.0043053227	0.0570369496	0.0738821498	-0.0535315879	-0.0161246444	0.0097699664	-0.057807073	0.0593297813	0.0181898456	0.0148760992	0.0096112764	-0.0437323167	-0.0598015885	0.0829636792	0.1269576063	-0.0379120892	-0.0505703119	0.1476465072	-0.0532988165	0.0270421324	-0.0278006339	-0.0682388993	-0.0565125191	0.0937875504	-0.0629573489	-0.0104178714	0.0126900234	0.0658946378	0.0690090839	-0.012995655	0.1023841017	0.0260438314	-0.0898194999	-0.0902067702	0.0312482911	-0.0947151537	-0.0342170215	-0.03471287	0.0691538408	-0.0226373933	0.0678550302	0.0075410724	0.0243298176	-0.0380205418	0.0160479313	-0.0856447597	-0.0461599916	0.06941525	0.0705658771	-0.0446048127	0.0313182970325129	0.0116090720350995	0.0001347705535161	0.0009808357290167	0.0540460587357074	0.0044358790223952	0.0029209764648635	1.967702270132666e-05	-0.0350185134319716	-0.0140979181988499	0.0001987512975414	0.0012262962829851	0.0004472384095577	-5.609669357999644e-07	2.00022194983701e-07	3.1468390306080137e-13	0.0015148734444052	-0.0003110475486388	2.294841552564075e-06	9.67505775142067e-08	0.0016661628719959	-0.0001979319172528	3.91770438674088e-08	2.7760987160176263e-06	0.0	0.0	0.0	0.0	0.0	0.0	0.0	0.0	0.0	0.0	0.0	0.0	0.0	0.0	0.0	0.0
3975.174068993409	-6.315219143674767	39.88199283263626	15802008.878797617	4785.635580739668	-9.132298623361748	22902307.911641497	83.39887814625489	4517.38091023763	-4.657375154041802	21.691143325485896	20406730.28817936	4640.868513773824	3436.090191506355	1.136741	20.421173	0.0998247556610684	0.0441657660362796	0.0218938267	-0.0841624417	-0.0047047257	-0.0117531556	0.0909369079	-0.0145823076	-0.012206044	-0.0726737768	0.0573412203	-0.1333387929	0.1169480527	0.0164980118	0.0745431044	0.0360832946	0.0382144196	0.0095221917	0.0831340819	-0.0116276738	-0.0208599799	0.037105461	-0.0670257543	0.0621228486	0.0796784443	-0.0667656461	-0.0692019563	-0.0205536706	-0.0552649396	-0.0896493167	-0.0412950142	0.0376051932	0.1030818998	-0.1002104209	-0.033047799	0.0613053409	-0.0457186982	0.0107158186	-0.0666551791	-0.0487028429	-0.1313373276	0.0671293434	-0.0253744841	-0.0711171741	-0.0088289208	-0.051367134	-0.0168176928	-0.1164397838	-0.1405359768	0.0290989957	-0.0370739204	-0.0034455638	0.0423418976	0.0412850923	0.0438018623	0.0126554623	-0.131137463	-0.0470080195	0.0569538285	-0.0178031675	-0.0542835386	0.0277440744	-0.108210986	0.0362085126	-0.0610229141	-0.0313919198	0.0391258806	0.034647563	-0.0539321972	0.0945666689	0.0111495148	0.054239464	0.0062809665	-0.0129123398	0.0129381999	-0.1037785658	-0.1232927273	0.044194733	-0.0035494053	-0.0442314782	0.0044743548	0.0274359168	-0.0137914528	0.0148702542	-0.0864424987	-0.0430324377	0.0724229201	0.0666271694	-0.0507163915	0.0197892248679494	-0.0115290721645634	0.0001329195049757	0.0003916134208742	0.0379158587039398	-0.0161302000317676	0.0014376123412571	0.0002601833530648	-0.0662625183768739	-0.0312440049449023	0.000976187844997	0.0043907213416455	0.000813929949947	0.0003666915403893	6.624819634207259e-07	1.344626857930776e-07	0.0019291654566395	0.0004142920122342	3.7216793590910896e-06	1.716378714011453e-07	0.0016287168542228	-3.7446017773100056e-05	1.402204247063325e-09	2.6527185912294136e-06	0.0	0.0	0.0	0.0	0.0	0.0	0.0	0.0	0.0	0.0	0.0	0.0	0.0	0.0	0.0	0.0
3970.95171305457	-4.222355938838973	17.828289674248747	15768457.507411024	4758.034817603327	-27.600763136340905	22638895.32552552	761.8021257083949	4516.381522769019	-0.999387468610621	0.998775312415945	20397702.059209406	4634.105526968149	3412.056937001096	1.044055	18.756113	0.0812783919953469	0.0379841292389309	0.0243260786	0.0483170588	0.0599892391	0.0251664258	0.0552679668	0.0571342157	-0.0697748054	-0.0371197606	0.0294750993	0.0643292258	-0.0174758495	0.0119574218	-0.0440499823	-0.0731742289	0.0623430943	0.0087732271	-0.0305459118	0.023590416	0.0579153946	0.0909813356	-0.0333011834	-0.0291690316	-0.0816414781	0.0373018699	-0.0415632636	-0.0159721426	-0.00304363	0.011295682	-0.0206246976	0.063875767	-0.1098926675	-0.0512661706	0.0262973234	-0.0677972332	-0.0223332598	0.0101845282	0.0362523448	0.0708594291	-0.0274556879	-0.0870215617	0.0439378643	0.0032266885	-0.0372618718	-0.0327299544	-0.1042007889	0.0090542528	0.08490339	-0.0102961793	0.0106285832	0.0236320528	-0.053147878	0.0600379612	-0.0002463493	-0.0507504872	-0.0370120741	0.0155180308	-0.0640419407	-0.0146673058	-0.0529688008	0.0589166636	0.0641446745	0.1049689094	0.0511083142	0.018247629	-0.031407474	0.0009831333	-0.0177510732	0.0834452999	-0.0029828002	-0.0679829945	-0.058211748	-0.1129258169	0.0325351245	0.0390585886	0.0081555781	0.0658908954	-0.0551148034	-0.073460545	0.0203134469	0.0340100558	0.0225862478	0.0136900291	-0.0871809944	-0.0398385309	0.075232084	0.062403154	-0.0565152869	0.0246931151955038	0.0049038903275543	2.404814034468158e-05	0.0006097499380584	0.0539533915746801	0.0160375328707403	0.0029109684624107	0.00025720246058	-0.0494057037705317	0.0168568146063421	0.0002841521986725	0.0024409235650615	0.0003713419512545	-0.0004425879986925	1.3789484476149945e-07	1.958841365866324e-07	0.0019287244474399	-4.410091995999625e-07	3.7199779941523473e-06	1.944891141317995e-13	0.0012021427783007	-0.0004265740759221	1.819654422487936e-07	1.4451472594205258e-06	0.0	0.0	0.0	0.0	0.0	0.0	0.0	0.0	0.0	0.0	0.0	0.0	0.0	0.0	0.0	0.0
3974.750442709205	3.798729654634826	14.430346989002024	15798641.08181702	4786.207709527785	28.172891924457872	22907784.2387432	793.7118393871835	4518.919520786831	2.537998017811333	6.441433938414255	20420633.63534828	4633.377533294342	3421.843014922465	1.035946	18.610426	0.0616713028084426	0.0376816927764454	0.0207058446	0.0660259076	-0.023818255	0.0466718375	-0.0234956474	0.0215171327	-0.0531573423	-0.0804736684	0.0938991478	0.0660054322	-0.0571263129	0.0036388524	0.0386284748	0.0846380411	-0.0353693883	0.0277136846	-0.0424293368	-0.0215686041	-0.0505408483	0.0443990886	0.0675976033	-0.0671871941	0.0466486915	-0.0792428104	-0.0223492758	0.0971930457	0.0464633781	-0.048077427	-0.0412169806	-0.0562026383	0.0114292445	-0.0052528564	0.000488926	-0.0313995021	0.0687065958	0.0093413641	-0.0275263557	-0.084570468	0.0538650204	0.0030676865	0.0684734637	0.0833455954	0.0623395408	0.0476567279	-0.0301918766	-0.0096223286	-0.0068082273	0.0616853424	0.018018853	-0.0907097675	0.025871918	-0.0065137475	-0.0529492726	0.0346457728	0.0449287816	-0.0469409693	-0.0679328765	-0.0157838592	-0.0195163924	-0.0649368455	-0.0533350853	-0.0899214073	0.0363840606	0.0403149886	-0.009141347	0.029160223	-0.0294921369	0.0611762123	-0.0120171666	0.0680736505	-0.0738497517	0.0500723263	-0.0018923059	0.093173297	0.0331551956	0.039404858	-0.0913562176	-0.022831742	-0.0752520434	0.0804714305	0.0080321696	0.0125074584	-0.0878597406	-0.036583196	0.0778350419	0.0579119187	-0.0619657467	0.0304879103976958	0.005794795202192	3.357965143534744e-05	0.0009295126804179	0.0539749489544618	2.155737978170452e-05	0.0029132951146367	4.6472062305264284e-10	-0.0161607767227778	0.0332449270477539	0.0011052251744104	0.0002611707042834	0.0003710949758308	-2.469754237000065e-07	1.3771148108686204e-07	6.099685991179773e-14	0.0018192932273954	-0.0001094312200444	3.3098278472467707e-06	1.1975191920427753e-08	0.0015446650464068	0.0003425222681061	1.1732150414854713e-07	2.3859901055909216e-06	0.0	0.0	0.0	0.0	0.0	0.0	0.0	0.0	0.0	0.0	0.0	0.0	0.0	0.0	0.0	0.0
3976.8829040344167	2.132461325211807	4.547391303524096	15815597.632401217	4788.402194115423	2.1944845876387262	22928795.5726094	4.81576260538391	4517.944869995117	-0.9746507917134296	0.949944165787615	20411825.8483152	4638.130806254293	3438.9865604726965	1.023971	18.395298	0.0669628117517296	0.0374221888664846	0.0222123966	-0.0224220321	-0.1201104022	0.028056384	0.0228853686	-0.0989105073	-0.0587899523	-0.0376389707	0.0063396128	0.0301395316	-0.0576496537	0.0334275152	0.0126929645	-0.0938362766	-0.0926089283	0.0198504971	0.0466329695	-0.0038409616	0.0578898142	0.0820957039	0.0460710178	0.0002805932	-0.030542237	0.0577432473	-0.0592361607	0.0708529375	-0.0055021858	0.0058633887	0.0256941974	0.0171445131	0.0584946538	0.0352044551	-0.0136097362	-0.080130697	0.0317624006	0.0298504103	-0.0179544816	0.0911730584	0.0052176121	0.0866106713	-0.0323299701	0.001550621	-0.0614950098	0.0275409348	-0.0838868065	-0.0430657336	0.0530167783	-0.0487072588	-0.0026655671	-0.0624159941	-0.04792674	0.0419636698	-0.0719656095	-0.0414151144	-0.0584015388	-0.0015761193	-0.017533986	-0.0226211884	-0.0004323641	0.0748305144	0.0472579564	-0.0612377108	-0.1104125772	-0.0199474027	0.0148761152	0.0073437099	-0.0084880212	0.0714164251	-0.0997538953	-0.1116844493	0.0254299812	0.0720678234	0.0579850576	0.0555715377	0.0568711426	-0.0548128062	-0.0616750476	-0.1100108208	0.0019407214	0.0885911813	0.0586364842	0.0113227445	-0.0884782721	-0.0332714524	0.0802246594	0.0531726956	-0.0670341672	0.0200182250666074	-0.0104696853310884	0.000109614310932	0.0004007293348173	0.0347799169682048	-0.019195031986257	0.0012096426243152	0.0003684492529534	-0.0228497560393421	-0.0066889793165643	4.4742444297425015e-05	0.0005221113510574	-0.000101028228553	-0.0004721232043838	1.0206702964557205e-08	2.2290032011762737e-07	0.0018734201371191	5.412690972369984e-05	3.509703010163347e-06	2.9297223562375527e-09	0.0016305972346557	8.593218824889991e-05	7.384340977244372e-09	2.658847341666816e-06	0.0	0.0	0.0	0.0	0.0	0.0	0.0	0.0	0.0	0.0	0.0	0.0	0.0	0.0	0.0	0.0
3976.807376988304	-0.0755270461127111	0.0057043346945115	15814996.913668595	4769.29146945092	-19.110724664503323	22746141.12057732	365.21979720245565	4518.14160555885	0.1967355637325454	0.0387048820371624	20413603.5678819	4637.695172052069	3441.6106902716083	1.091243	19.603828	0.0495563950695103	0.0323444895316184	0.0233574591	-0.0816901049	0.0687628009	0.0089933226	0.0696280253	0.0473637908	0.0350962567	-0.0241679208	0.0158494897	0.016342006	0.0724614966	0.0248671726	-0.0603954308	0.0800308344	0.0647759009	-0.0511891079	0.0306769859	-0.0320737796	0.0524065888	-0.0323311386	0.0860857881	0.0204293626	0.0070905329	0.0488430546	-0.0730984328	-0.0145008399	-0.0010193098	-0.005484988	-0.0168295072	0.0507462383	0.0222464209	-0.0366238156	0.0073960094	-0.0307535792	-0.0668531642	0.0233203824	0.0676716607	-0.0755418757	-0.0783643546	-0.0264347267	-0.0481258684	-0.0142199651	0.0302033484	0.1006539491	0.0579196224	-0.0218169771	0.008936193	-0.0451778879	0.0310591331	0.0107353203	-0.0257059026	0.040430129	-0.0478012138	-0.0211079151	-0.0204830008	-0.0668368835	0.0396598714	-0.0153314082	-0.0021408255	-0.0742616011	-0.0375376913	0.0778651162	-0.0358633519	-0.0263993106	-0.0301032293	0.0314909097	-0.0837597328	0.0279783409	-0.0128768213	0.0383122405	-0.0785199945	0.0391201111	0.0511566152	0.0094723511	-0.0064701156	-0.1134815995	0.0673713845	-0.0539862287	-0.0624696064	0.0765205118	-0.0005234876	0.0101360905	-0.089036165	-0.0299084066	0.0823943867	0.0482057789	-0.0716892996	0.0197537817822279	-0.0002644432843795	6.993025065341827e-08	0.0003902118946998	0.0355099834359293	0.0007300664677244	0.0012609589236199	5.329970472957276e-07	-0.0300723540748535	-0.0072225980355114	5.2165922382573125e-05	0.0009043464796033	0.0004886759921383	0.0005897042206912	2.388042252923518e-07	3.4775106790113335e-07	0.001769866888333	-0.000103553248786	3.132428802417536e-06	1.0723275334155912e-08	0.0014970689584952	-0.0001335282761605	1.7829800534394758e-08	2.2412154664899025e-06	0.0	0.0	0.0	0.0	0.0	0.0	0.0	0.0	0.0	0.0	0.0	0.0	0.0	0.0	0.0	0.0
3976.263964202205	-0.5434127860989975	0.2952974560958747	15810675.113013037	4801.337171985257	32.04570253433667	23052838.639087383	1026.9270509191915	4517.9690348307295	-0.172570728120263	0.0297806562039577	20412044.199689317	4639.392138135302	3414.3711757603646	1.052082	18.900309	0.0449384386729941	0.0217774353523753	0.0159310503	0.0702343174	0.0368077082	0.0345793572	-0.0748163503	0.0599315709	-0.0204545453	-0.0094877051	-0.0071434405	-0.003604536	-0.0478507831	0.0196640531	0.0778432295	-0.0512045494	-0.0209220913	-0.0266271296	-0.0908919057	0.0392432905	0.0542702042	-0.0705095347	-0.0218055448	0.0005752466	-0.0871428039	0.0522997848	-0.0281772145	-0.0329526419	0.0811952901	0.0978763205	0.0585272279	0.0748259452	0.1143188383	-0.0880093969	0.0289257992	-0.0948053727	-0.0272285509	0.0243020176	-0.0858941018	0.0382240089	0.0674266848	-0.0700314045	-0.0013241891	-0.039403359	-0.0752021956	-0.0156725409	0.0402967905	0.0540035673	-0.0058085464	-0.0180215311	-0.0148825027	0.0862328362	-0.0692448009	-0.0478646602	-0.052085904	-0.0932870638	-0.0162093307	-0.0246730392	0.1887968543	-0.0105572028	0.0203007286	0.0964455494	-0.0313862224	0.0254103368	0.0846607744	0.0024377177	-0.0140138629	-0.0165648469	0.0470037459	0.0392749952	0.0167985682	-0.0519976347	0.0037265776	-0.0441477066	0.0350438333	0.0257462494	0.0335894855	-0.107776629	0.0449431319	0.0198558801	-0.0811139103	0.0342751993	-0.0002649897	0.0089476998	-0.089533037	-0.0264992443	0.0843382767	0.0430324377	-0.0759024438	0.0382818944128757	0.0185281126306478	0.0003432909576539	0.0014655034398385	0.0374922510841031	0.0019822676481737	0.0014056688913534	3.929385028996469e-06	-0.029377917500291	0.0006944365745625	4.822421560901005e-07	0.0008630620366539	0.0006203873716016	0.0001317113794633	3.848804908427418e-07	1.7347887480125417e-08	0.0019810083094216	0.0002111414210886	3.9243939219974265e-06	4.458069969931357e-08	0.0016288885943355	0.0001318196358403	1.7376416393069345e-08	2.653278052756281e-06	0.0	0.0	0.0	0.0	0.0	0.0	0.0	0.0	0.0	0.0	0.0	0.0	0.0	0.0	0.0	0.0
3980.069870341366	3.805906139160925	14.484921540102818	15840956.172799136	4831.008139333418	29.67096734816096	23338639.642305728	880.3663033756336	4520.546275547573	2.5772407168433347	6.6421697125551455	20435338.62936703	4636.557749452696	3429.913665568934	1.021206	18.345634	0.0679322740680432	0.0311815608803362	0.0170594593	0.0631217275	-0.0367549538	0.0152869169	-0.1272741958	-0.0293322832	0.0509890176	0.0794573123	-0.0236295959	0.0195809863	-0.0054946682	0.01184365	-0.0775472906	0.0309234662	-0.0598640401	0.0289712943	-0.021403676	0.0030585149	-0.0652117154	-0.1380103351	0.0082151075	-0.0376201284	0.0249328503	-0.053198161	-0.0554983631	-0.0431836345	-0.0965702322	0.0584011622	0.0381935109	-0.0120307584	-0.0300994695	0.0281393307	-0.0061924634	-0.0011504052	-0.014159728	0.0158409193	0.0859824864	-0.0226923802	0.0751992344	0.0351240251	0.0201538243	0.0869246613	0.0516071199	0.002864587	0.0958987263	0.1059351701	-0.0181668326	0.0521216501	0.0082049387	-0.018921563	0.0114379775	0.0572077946	-0.0125640585	-0.1175100359	-0.0157451669	0.0482708195	-0.0150247082	-0.0198223007	0.0142277067	-0.0975544047	0.0838082849	-0.0834414098	0.0290186506	0.0682915923	-0.0154692622	0.01850415	-0.0077544355	0.007114691	0.0039326376	0.01826065	-0.0773056274	0.0229011122	-0.018296375	-0.039942957	0.0769225522	-0.1284147553	-0.0545678775	0.0635816539	-0.0708980411	-0.0100306515	-0.001332843	0.0077577759	-0.0899685475	-0.0230492221	0.0860510014	0.037674825	-0.0796476241	0.0450861240906164	0.0068042296777406	4.6297541507447295e-05	0.0020327585855144	0.0540269097846248	0.0165346587005217	0.0029189069808759	0.0002733949383427	-0.0054796703886452	0.0238982471116458	0.0005711262150092	3.002678756819504e-05	0.0003480006718406	-0.000272386699761	1.2110446760150898e-07	7.419451420668916e-08	0.0018402861324062	-0.0001407221770154	3.386653049126569e-06	1.9802731103953623e-08	0.0016296824891218	7.938947862999764e-07	6.302689317142851e-13	2.6558650153502258e-06	0.0	0.0	0.0	0.0	0.0	0.0	0.0	0.0	0.0	0.0	0.0	0.0	0.0	0.0	0.0	0.0
3979.8189232720674	-0.2509470692984905	0.0629744315895014	15838958.66203444	4812.61269944714	-18.395439886277927	23161240.994879887	338.39220860966486	4520.138968694778	-0.4073068527950454	0.1658988723338048	20431656.29631309	4639.348885404147	3445.6840683928635	1.017805	18.28454	0.0381965145323565	0.0171888505041749	0.0142514796	-0.0448421468	-0.0961976527	-0.010282571	-0.0239478685	-0.0775154289	0.0560131604	0.0881301825	-0.024122421	-0.1030085311	-0.0038130033	0.0167368192	0.0784359466	-0.0184697973	-0.124058553	-0.0234725279	0.0986165396	0.0097525194	-0.0551996274	-0.0195248956	-0.1018735679	0.0211833317	-0.0507877804	0.0071855468	-0.030429519	0.054334689	-0.0429849979	0.0329871962	-0.0375670797	0.0519394417	-0.0302045363	0.082717584	0.0223708459	-0.0502800457	-0.0127953226	0.0157169076	-0.084857341	0.0041980255	0.0306201385	0.0892766654	-0.0923114775	0.0578249375	-0.0158795207	-0.0905000017	-0.0544144694	0.0812632694	-0.0454665291	-0.0077303161	0.0081117053	0.0322813908	0.0078821895	0.0477220793	-0.0797036336	-0.0128362466	-0.0028116083	-0.0542677499	-0.0449294346	-0.0214067851	0.0473058398	0.0373188419	-0.0686473743	-0.064854339	-0.078152887	-0.030682905	0.0459822182	0.0340124234	0.0739711839	0.1018208337	-0.0425547226	-0.0355379661	-0.0210467567	0.005278858	0.0107302151	-0.0182861993	0.0449194406	-0.1094203493	-0.0979552593	-0.0002391718	-0.0594044151	-0.0042064094	0.046914717	0.0065665228	-0.0903423981	-0.0195636596	0.0875278662	0.0321558829	-0.0829017503	0.0379119630619726	-0.0071741610286438	5.146858646491148e-05	0.0014373169432123	0.049050478715344	-0.0049764310692808	0.0024059494622044	2.4764866187303245e-05	-0.0166087695088421	-0.0111290991201969	0.0001238568472271	0.0002758512245978	0.0003251093109801	-2.289136086049999e-05	1.0569606408595537e-07	5.240144020456309e-10	0.0019287369417626	8.845080935640016e-05	3.7200261905197473e-06	7.823545675802246e-09	0.001442688193054	-0.0001869942960678	3.496686676189206e-08	2.081349222377416e-06	0.0	0.0	0.0	0.0	0.0	0.0	0.0	0.0	0.0	0.0	0.0	0.0	0.0	0.0	0.0	0.0
3977.4947260619615	-2.324197210105922	5.40189267146415	15820464.295850718	4785.730953093498	-26.88174635364157	22903220.7553972	722.628287021522	4519.3589230492	-0.7800456455779567	0.6084712091851313	20424605.075344425	4642.134944035457	3425.616801416628	1.051974	18.898375	0.0490195291921349	0.0322857322650233	0.0105632463	-0.0186265403	0.0895663569	-0.0259852641	0.0295050195	0.0231895123	0.0005578009	0.0855580354	-0.0496485996	-0.0658078109	0.1196298975	0.0148940829	-0.096416611	-0.0559976552	0.0456223546	-0.0715161661	0.0027810128	0.0318194477	-0.0546337069	0.0173792143	-0.0984672606	-0.0534843578	-0.004396154	0.0710577348	0.0332175781	0.0498730521	-9.21158e-05	0.0270770806	0.1051349963	0.0397635462	0.0115222686	0.0346502461	0.0456345173	0.0658696418	0.0578332497	0.0095061683	0.0861948396	0.0629499092	-0.0691346308	-0.0663927795	-0.0571722533	-0.0422036349	-0.0297115148	-0.1352326473	0.0122518521	-0.0363801346	0.0016367946	0.032139246	-0.0079398593	-0.087991946	-0.0623434427	-0.0357597475	-0.0150150938	-0.0260782085	0.0485926829	0.0866647473	0.000293717	-0.0130364657	0.0272597221	-0.0066166807	0.0800205715	0.0939429015	-0.0054704555	-0.0201653086	-0.0330750475	0.0476082253	-0.0235025839	0.0236963872	0.0144000537	-0.0568640767	-0.0992298152	0.0619859813	-0.0060344273	-0.0440073696	0.0041451677	-0.1052938882	-0.050764533	-0.1635139451	-0.0008953524	-0.0151615872	0.0126202186	0.0053741445	-0.0906543325	-0.0160479313	0.0887648233	0.0264992443	-0.0856447597	0.036164850219805	-0.0017471128421676	3.0524032832669542e-06	0.0013078963914209	0.0170364745703324	-0.0320140041450116	0.0002902414657855	0.0010248964613968	-0.0242690038292678	-0.0076602343204257	5.867918984382781e-05	0.000588984546865	0.0004766088359632	0.0001514995249831	2.2715598251819645e-07	2.2952106070104943e-08	0.0019288466093108	1.0966754819996713e-07	3.72044924224977e-06	1.202697112819211e-14	0.0014430425582133	3.5436515930008586e-07	1.2557466612577522e-13	2.0823718248147856e-06	0.0	0.0	0.0	0.0	0.0	0.0	0.0	0.0	0.0	0.0	0.0	0.0	0.0	0.0	0.0	0.0
3972.268247962207	-5.226478099754331	27.316073327211644	15778915.033768743	4795.922541464529	10.191588371030775	23000873.023727585	103.86847352452972	4515.224562872024	-4.1343601771759495	17.09293407461835	20387252.85316286	4632.576812677069	3418.655513077007	1.049639	18.856422	0.0385118887328516	0.021410203806704	0.0126345128	0.0615975897	0.0367412939	0.0096106089	-0.0733924556	0.0422375208	-0.0397779984	0.0447603101	0.0566460367	-0.0417007231	0.0510389361	0.0102021091	0.0557054514	0.0923335134	0.015198632	0.0935803706	-0.0571177284	0.0571119251	-0.0305147836	0.0829605994	0.0276633487	-0.0347885343	-0.0023694026	0.0132368083	0.0176086385	-0.0780449961	0.0342636731	0.0371063652	0.0075248656	-0.0312597951	0.0408390414	-0.0813864543	-0.0560777297	-0.0055807257	0.0844880133	0.0085157236	-0.0469122488	-0.0941477945	0.0498531302	-0.0235832814	0.1369194661	0.0533150817	0.0320958056	-0.0100659436	-0.0283646137	-0.0871048509	-0.0063115095	0.0383976751	0.0299501897	0.0651652452	0.0007383058	-0.024821017	0.0807018036	0.034961584	0.0480115309	0.0494885616	0.0167604018	-0.0092260631	0.0583160649	-0.0151263279	-0.0769159419	-0.0224161485	0.1032782616	0.0724852576	-0.05220813	0.054964499	0.0043246592	0.031829826	-0.019902263	0.115858139	0.0580251404	0.0188101229	0.034706902	0.0022500475	0.0320592945	-0.0979795667	-0.0545023935	-0.1359140823	-0.0050055764	-0.0058256231	0.0199381111	0.0041808454	-0.090904137	-0.0125074584	0.0897584821	0.0207291319	-0.0878597406	0.0333817662727824	-0.0027830839470225	7.745556256174883e-06	0.0011143423194906	0.0216033160883455	0.0045668415180131	0.0004667032660129	2.0856041450648196e-05	-0.0144787829958019	0.0097902208334659	9.584842396802976e-05	0.0002096351570395	0.0005789226115317	0.0001023137755685	3.3515139014268365e-07	1.0468108671081392e-08	0.0019288251376381	-2.1471672700034906e-08	3.720366411584636e-06	4.610327285374241e-16	0.0011179429567675	-0.0003250996014458	1.05689750860218e-07	1.2497964545860603e-06	0.0	0.0	0.0	0.0	0.0	0.0	0.0	0.0	0.0	0.0	0.0	0.0	0.0	0.0	0.0	0.0
3973.805969206499	1.537721244291788	2.364586625146285	15791133.880901204	4798.289001464844	2.366460000314873	23023577.341578487	5.600132933090271	4515.003781273252	-0.2207815987721915	0.0487445143564049	20385259.14491176	4635.234045544299	3434.1956268130502	1.067093	19.169975	0.0533485743545147	0.0246441871111771	0.0257819063	-0.0261538707	-0.102505295	0.0253726008	-0.0256417234	-0.0871567602	-0.0179407653	0.0197917435	-0.0095358946	-0.0125965067	0.0579625516	0.0124018688	-0.0156152944	-0.0702626606	-0.0150159819	0.0600910216	0.0323548904	-0.0561672841	0.0124371102	0.1199866029	0.0237192004	-0.0906410665	-0.079521021	0.018102925	0.0452075711	0.0033868465	-0.1234836167	-0.0238050209	-0.0724312969	0.0585806119	-0.0359298313	0.0912398775	0.0218393368	-0.0236324121	-0.0135541772	0.0131804216	0.0060427454	0.076958648	-0.0148947508	0.0693679875	0.0206283366	-0.0168034174	0.0103115315	0.0015947251	-0.1011342608	-0.0122074196	0.1355375337	0.0092174717	-0.0369060791	-0.0639645191	-0.0597840837	0.0266976033	0.0326176067	-0.001390552	-0.0633503467	-0.0498842652	-0.0631619873	-0.0214823691	-0.0064941637	0.0499950201	0.0771817724	-0.0102514806	-0.0658839076	0.0866006067	0.0220092601	0.0229167082	0.0461912567	-0.0561428654	-0.053637449	-0.0354938993	0.0401622774	-0.0403291168	0.0050631511	0.0589183777	0.1663485392	-0.0854116569	-0.0235211723	-0.134573643	0.0755944755	0.0392895963	0.0161976594	0.00298683	-0.0910916402	-0.0089476998	0.0905061192	0.0148702542	-0.089533037	0.0456547206136548	0.0122729543408724	0.0001506254082531	0.0020843535143108	0.0346137265387227	0.0130104104503772	0.0011981100648974	0.0001692707800872	-0.022032908936822	-0.00755412594102	5.706481873279279e-05	0.0004854490762182	0.0005626505685244	-1.6272043007299988e-05	3.1657566226083054e-07	2.6477938363142036e-10	0.0018649101144259	-6.391502321220007e-05	3.4778897348880234e-06	4.085130192216073e-09	0.0014479775629929	0.0003300346062253	1.0892284130635473e-07	2.0966390229308577e-06	0.0	0.0	0.0	0.0	0.0	0.0	0.0	0.0	0.0	0.0	0.0	0.0	0.0	0.0	0.0	0.0
3977.302122457852	3.496153251353008	12.223087556946204	15818932.173307734	4775.847469206779	-22.4415322580644	22808719.0491288	503.622370089745	4518.395976475307	3.392195202055518	11.506988288848476	20415902.200228244	4637.334757308122	3426.7005008483707	1.08023	19.405972	0.0619431773225642	0.0359397238306711	0.0157346168	-0.0744600179	0.0587476174	0.0317278111	0.077592511	0.0671456728	0.0712473776	0.014975864	0.0621657534	-0.0266860197	0.0011334528	0.0056926702	-0.0175454872	0.0811601776	0.0152158219	-0.0848932424	0.0196136101	-0.0286229322	0.0201106461	0.0088703549	0.1326058445	-0.0173338145	-0.0192574231	0.0160673282	-0.1516244578	0.0570024723	-0.0094104982	0.046090219	-0.028392044	0.086561282	-0.0882119665	0.1096930451	0.0305560013	0.109702257	-0.0230735928	0.0028638899	0.0284720719	-0.0846111927	-0.0425941958	-0.0229821552	-0.0752897172	0.0335295961	0.0412643997	0.126282049	0.0171172652	-0.061101213	-0.0021538278	-0.0187994684	0.0167531254	-0.0317844571	-0.0489312701	0.0861697916	-0.1468333532	-0.0295834516	0.0281094647	-0.0735299126	-0.004694655	-0.0052189384	0.0170716668	-0.0683389775	-0.0627836203	0.0603563057	-0.0543738712	-0.0167448819	-0.0335992355	0.0245718837	-0.0894089798	-0.0138871516	-0.0552950182	0.0303417226	-0.0314057101	0.1173247673	0.0456175627	0.0192369623	0.126299171	-0.0404657799	-0.0175439069	0.0194298058	0.0131794844	0.036643415	-0.0363037976	0.0017923027	-0.0912167139	-0.0053741445	0.0910056853	0.0089476998	-0.0906543325	0.0506732297496199	0.005018509135965	2.5185433947765156e-05	0.0025677762132577	0.0353542573754737	0.0007405308367509	0.0012499235145712	5.483859201791333e-07	-0.0500850267302652	-0.0280521177934432	0.0007869213126972	0.0025085099025713	0.0004785444714293	-8.41060970951e-05	2.2900481113554815e-07	7.073835568570388e-09	0.0017282657971435	-0.0001366443172824	2.9869026655760573e-06	1.86716694455732e-08	0.0011060875862423	-0.0003418899767505	1.168887562025257e-07	1.2234297484393176e-06	0.0	0.0	0.0	0.0	0.0	0.0	0.0	0.0	0.0	0.0	0.0	0.0	0.0	0.0	0.0	0.0
3980.762089408188	3.459966950335911	11.971371297416784	15846466.81246944	4804.061489966608	28.2140207598286	23079006.799380187	796.0309674360392	4517.291552589053	-1.104423886254153	1.219752120528727	20405922.971092418	4636.061329734718	3426.787057882213	1.106993	19.886766	0.1845921708232883	0.0917515653344992	0.0144291643	0.0780100034	0.0126128019	0.0456741237	-0.0810507528	0.060415553	-0.0341341661	0.0318506716	0.0643772187	0.0054849886	-0.1005625631	0.0205357098	0.0113164583	-0.0542618745	-0.0641429174	0.0099459278	-0.1370460555	0.0346416204	0.023985776	0.0738977745	0.0163728111	0.0538057816	-0.0249577468	0.0141699234	-0.0220643814	0.0147042698	-0.0608163361	-0.0646655898	-0.0336506212	-0.0165008459	-0.0003256918	0.0925916372	0.0606550217	0.1924407909	0.0130428561	0.0259814293	-0.0245251776	0.0598329032	0.1414260712	-0.059484956	0.0501381803	0.0258386591	-0.0256810129	0.0529924571	-0.0537205549	-0.0251645747	-0.0379655715	-0.0677171191	0.0160943455	-0.0404556991	-0.0129418075	-0.0204862189	-0.0094308625	-0.0914301837	0.0274072054	-0.2428654751	0.1237170938	-0.0166114497	0.0381206121	0.0760982264	0.0371256898	-0.0738189361	0.0948448617	-0.0847610617	0.0185875809	-0.1278422166	-0.0189889645	-0.0176201336	-0.1217015858	-0.0959933792	0.0571826344	0.0954646684	0.0640726987	-0.0405026922	0.0782237301	0.0145650272	0.0002804469	0.0865074132	0.0680305835	-0.0224634307	-0.0184542139	0.0005974684	-0.0912792721	-0.0017923027	0.0912558111	0.00298683	-0.0912167139	0.0929037131478338	0.0422304833982139	0.0017834137280468	0.0086310999166549	0.0222613711383274	-0.0130928862371463	0.0004955686449583	0.0001714236700188	-0.0113568279770106	0.0387281987532546	0.0014998733786715	0.0001289775416994	6.384673187228088e-06	-0.000472159798242	4.076405170770927e-11	2.229348750759941e-07	0.0017360116776488	7.74588050529994e-06	3.013736544933001e-06	5.999866480238563e-11	0.0024369939561884	0.001330906369946	1.7713117655631046e-06	5.9389395424987886e-06	0.0	0.0	0.0	0.0	0.0	0.0	0.0	0.0	0.0	0.0	0.0	0.0	0.0	0.0	0.0	0.0
3977.452826665298	-3.3092627428900414	10.95121990148012	15820130.988347769	4809.646126039566	5.584636072958347	23132695.85772741	31.188160067387624	4518.247735159738	0.9561825706850868	0.9142851084819412	20414562.596276104	4640.111517803485	3422.986405791786	1.109913	19.93922	0.1267104080010875	0.07371349144176	0.0170779704	-0.0031626387	-0.0887609151	0.0462245787	-0.0594010063	-0.0921377593	0.022730672	0.0535939687	-0.0012893276	0.0396674947	-0.0345903456	0.0201069744	-0.0681015336	0.0620829213	-0.0558038611	0.0080201558	0.0138640652	-0.0784860283	0.0352436436	-0.0733872004	-0.0069921912	0.0233388997	-0.0613288907	0.0625780128	0.0195173334	0.046865412	-0.0066042571	-0.0197599849	-0.0145415652	0.0432501022	0.1241638642	-0.111749494	-0.1021331412	-0.0302457484	0.0238316699	0.0188421334	0.0782385438	-0.0511620978	0.0104015767	0.076731764	-0.0248030448	-0.0737175732	-0.0338774962	0.0028936939	0.0437430529	0.0637741438	0.0633662786	-0.0554653557	-0.0785214556	0.0012190498	0.0262885605	-0.0098989905	-0.0187277945	0.0695776829	-0.0840798847	0.0420793393	0.0379403827	-0.0141174811	0.033597976	-0.1066158871	0.026230183	-0.0431627741	-0.0360394775	0.0735036321	-0.0121745389	0.0284896411	0.0191003413	-0.0286228228	-0.0232253158	-0.0521162159	0.0321387121	-0.0091106863	-0.0147997783	-0.0790945525	0.1147987992	-0.1099345546	0.0738594668	-0.0486851474	0.0955872017	0.0276309665	-0.0241398896	-0.0005974684	-0.0912792721	0.0017923027	0.0912558111	-0.00298683	-0.0912167139	0.0668135781263288	-0.026090135021505	0.0006806951454403	0.004464054222043	0.0315346006338757	0.0092732294955482	0.000994431037138	8.599278527710693e-05	-0.0134357975719012	-0.0020789695948905	4.322114576479579e-06	0.0001805206563931	0.0005619276428014	0.0005555429696141	3.1576267574433786e-07	3.086279910877328e-07	0.0017528456074709	1.6833929822100127e-05	3.0724677236300283e-06	2.83381193255392e-10	0.0012240093778418	-0.0012129845783465	1.4713315873066786e-06	1.4981989570446704e-06	0.0	0.0	0.0	0.0	0.0	0.0	0.0	0.0	0.0	0.0	0.0	0.0	0.0	0.0	0.0	0.0
3977.170446103676	-0.2823805616217214	0.0797387815817988	15817884.757360514	4804.247511340725	-5.398614698840902	23080794.150223557	29.145040666541043	4518.54306320917	0.2953280494321006	0.0872186567813693	20417231.41407571	4636.790813068767	3440.9019378166986	1.082218	19.441696	0.0602949915746332	0.0324411801038783	0.0092641666	-0.0900678561	0.0175061049	0.0044643352	0.0186351134	-0.000434052	0.1315662243	0.0290896092	0.1489286683	-0.0767365372	-0.0551803397	-0.0005697547	0.0791498419	-0.0176218398	0.0017308567	-0.0498919846	0.0736911439	-0.0236163761	-0.0506324154	-0.1118193682	0.0286200129	-0.081414592	-0.0377300896	-0.128938327	-0.0063074149	-0.0106778166	-0.0324859798	0.0362254385	0.015231757	0.0248870913	-0.0148964377	-0.0524710092	-0.0288250982	0.0816031321	-0.0430950513	0.0052244952	-0.0849631333	0.0059044958	-0.0196661427	0.0199333752	-0.0665095178	0.0712116788	0.0568634356	0.0057445457	0.0638356161	0.0825096219	-0.0263904753	0.0728874731	-0.0727738152	0.0161783132	-0.0192585641	0.0736181289	0.0276398987	0.0936288814	-0.0461011129	0.0017643751	0.0364664038	-0.0100121021	0.1039592695	0.0646287568	-0.0512193951	-0.0058096987	-0.0602706097	-0.0053392699	0.0131901328	0.0179573387	0.0347376638	-0.0954235572	-0.0086907941	0.1261568219	-0.0431111845	-0.0428511147	-0.0381067932	-0.031332948	0.0210141657	-0.0929899128	0.0194246041	0.0609863246	0.0210230556	-0.0428366129	-0.0776715407	-0.0017923027	-0.0912167139	0.0053741445	0.0910056853	-0.0089476998	-0.0906543325	0.0669478413891084	0.0001342632627796	1.802662373222744e-08	0.0044820134666612	0.0495503995968249	0.0180157989629492	0.002455242100205	0.0003245690122734	0.0022133355456332	0.0156491331175343	0.0002448953673303	4.898854237563415e-06	0.0008333996854682	0.0002714720426667	6.945550357384946e-07	7.369706994968483e-08	0.0019289771195769	0.0001761315121059	3.7209527278511938e-06	3.1022309556745995e-08	0.0011416970079872	-8.231236985460004e-05	6.775326231080469e-09	1.3034720580469243e-06	0.0	0.0	0.0	0.0	0.0	0.0	0.0	0.0	0.0	0.0	0.0	0.0	0.0	0.0	0.0	0.0
3979.457224803424	2.2867786997480835	5.229356821621535	15836079.804040171	4798.904415991999	-5.34309534872682	23029483.593827505	28.54866790558617	4522.396243140811	3.853179931640625	14.846995585598052	20452067.77997412	4642.331151270604	3429.6872417933823	1.03944	18.673195	0.0287413894109718	0.017304258591815	0.0033369909	0.0309299925	0.0511505816	0.0117804461	-0.0483194304	0.0755526158	0.029532825	0.0319409856	-0.0184665659	0.0280895372	-0.122856825	-0.002456286	-0.0900432138	-0.011661415	-0.0471159498	-0.1193730225	-0.0516391816	0.0722120165	-0.0159376365	-0.0307662336	-0.0695963534	-0.0190475978	-0.0261495032	0.0061770412	0.0827444127	0.0592895517	0.0248590807	0.067205376	0.0763666975	0.0456924063	-0.1159179124	0.0561795948	0.0026360705	-0.0277810775	0.0909830458	0.0035023033	0.0874713047	0.0145114618	0.0916366054	-0.0861499226	-0.0853593881	0.0409730329	-0.0631471704	-0.0946755582	-0.0045979314	0.0410508955	-0.0119967697	0.0058649023	0.0097070287	-0.0155947305	-0.070679834	-0.0378906422	-0.0204584265	0.000155866	0.0231304948	0.0493011797	-0.0218379236	-0.0110974562	0.0731650741	-0.0463666024	0.0930081827	0.064873722	0.05922635	-0.0390177959	-0.0054809149	-0.0063793827	0.0729106753	-0.0117916012	-0.0383478708	-0.0478442916	-0.0725473261	-0.0519689007	-0.0076133557	-0.0277471225	0.0696224985	-0.0594791762	-0.0829066748	-0.0289326938	-0.0272230093	-0.0924229998	0.0415350024	-0.00298683	-0.0910916402	0.0089476998	0.0905061192	-0.0148702542	-0.089533037	0.0697678365181815	0.002819995129073	7.95237252799596e-06	0.0048675510124277	0.0537816573437908	0.0042312577469659	0.0028924666666449	1.7903542121258954e-05	0.006605645422411	0.0043923098767778	1.929238605363981e-05	4.36345514466194e-05	0.0008130861354436	-2.031355002459997e-05	6.611090636506082e-07	4.1264031460192537e-10	0.001929098789952	1.216703751001115e-07	3.721422141394271e-06	1.4803680177001834e-14	0.0014672183207506	0.0003255213127634	1.0596412506320734e-07	2.1527296007462106e-06	0.0	0.0	0.0	0.0	0.0	0.0	0.0	0.0	0.0	0.0	0.0	0.0	0.0	0.0	0.0	0.0
3979.552347699478	0.0951228960539083	0.0090483653536826	15836836.888080427	4810.659378543977	11.75496255197868	23142443.656373125	138.1791445984211	4519.293482462565	-3.102760678245432	9.627123826466049	20424013.580628622	4638.49323489011	3428.243902515873	1.074354	19.300423	0.0361119354096194	0.0242780188041832	0.0044508036	0.0479003643	0.0394713056	-0.0115760052	-0.0832446194	0.0134636652	-0.0428992809	0.0415179087	0.065601747	-0.0749270251	0.0757885509	-0.0036413689	0.0670705355	0.0699821721	-0.0041917573	0.064165872	-0.0280858259	0.0509520471	-0.0132425967	0.0758424941	-0.0274292437	0.0253002874	-0.0054246333	-0.0445090379	0.071160305	-0.0411013486	-0.0389123328	-0.1395276157	0.0946990198	-0.0524259599	0.0268276585	-0.0108315081	-0.044428226	-0.0064992407	-0.038531259	-0.0016399389	-0.0625968854	-0.0684307525	0.0096981838	0.026218616	0.0883971374	-0.0272760394	-0.0255032798	-0.0308190201	-0.0020795706	-0.1122587084	-0.0531009935	-0.0136097688	-0.0664559335	-0.0428614874	0.0711225489	-0.0133459285	0.1638574134	0.0429375661	0.0366218136	0.0161797443	-0.0574581575	-0.0076520666	0.0629315178	0.0014969664	-0.0789892656	-0.0850376176	0.0958141792	0.0268052746	-0.0084757552	-0.0249945433	-0.0788825306	-0.0273052213	-0.0912643275	0.0206316516	0.0727632086	0.0852834713	0.1616414865	-0.093898005	0.0028288187	0.0434508176	-0.0467009721	0.0187024871	0.0685963577	-0.0598081093	0.0025178681	-0.0041808454	-0.090904137	0.0125074584	0.0897584821	-0.0207291319	-0.0878597406	0.0670719269800201	-0.0026959095381614	7.267928237949616e-06	0.0044986433888131	0.0369937864884519	-0.0167878708553389	0.0013685402387531	0.0002818326078555	0.0066342418879301	2.8596465519100354e-05	8.177578401850954e-10	4.401316542756634e-05	0.0005530167628819	-0.0002600693725616	3.058275400283757e-07	6.763607854463628e-08	0.0019289279301508	-1.708598012001468e-07	3.720762959715849e-06	2.919307166615368e-14	0.0015389692593997	7.175093864909983e-05	5.148197197026889e-09	2.3684263813772608e-06	0.0	0.0	0.0	0.0	0.0	0.0	0.0	0.0	0.0	0.0	0.0	0.0	0.0	0.0	0.0	0.0
3973.3211601468793	-6.23118755259884	38.82769831566272	15787281.041670945	4805.469417448967	-5.189961095010403	23092536.322037317	26.935696167721584	4520.4461008707685	1.152618408203125	1.3285291949287057	20434432.950877734	4642.003736156422	3410.513592880384	1.005776	18.068434	0.1220896608844297	0.0616921940936619	-0.0005146269	0.0313765609	-0.0159620241	0.0112190744	-0.0423500367	-0.0954835923	-0.0391819388	-0.0011726166	0.0668730834	0.016528332	0.0545981238	-0.0089648726	-0.0491137977	-0.0738787646	0.0306774634	0.113303111	0.0183217833	-0.0036549882	-0.0713657832	0.0150533732	-0.0183235974	-0.0507762579	-0.031594494	-0.0097203371	0.1202599391	-0.0360937842	0.0042160539	-0.0269499828	0.04431303	-0.0112053003	-0.0687712415	0.0924615727	0.0506741048	-0.0003130811	-0.0829252755	-0.0133837285	0.041275951	0.0821628672	-0.0526596903	0.0597000385	0.0756281113	-0.017792065	0.0139249682	-0.075268174	0.0283816737	-0.0039295268	0.0484550842	0.0273869527	-0.0534065433	-0.0518535272	-0.0491675725	-0.0986657115	0.0502867107	-0.0121547891	0.0138521717	-0.0155453893	-0.0281593369	-0.003202005	0.0019392114	0.0235471684	0.098174724	-0.0422589013	-0.0388379906	0.1452841318	-0.0764307745	-0.0074609694	-0.0905065364	-0.0756599709	-0.0315787716	-0.0959783997	0.0283833193	0.0315464534	0.1094112732	-0.0773348915	0.0362608662	0.1211036971	-0.0338871921	0.042275383	0.0121211224	-0.0233901447	-0.0253084612	-0.0053741445	-0.0906543325	0.0160479313	0.0887648233	-0.0264992443	-0.0856447597	0.0507727778790041	-0.016299149101016	0.0002656622614171	0.0025778749735506	0.0328329391349484	-0.0041608473535034	0.0010780018922392	1.7312650699157076e-05	-0.0476459235371251	-0.0542801654250552	0.0029463363585713	0.0022701340297055	0.0007790739462483	0.0002260571833663	6.069562137228991e-07	5.1101850151550184e-08	0.0023339840406892	0.0004050561105384	5.447481502191886e-06	1.6407045268449673e-07	0.0012230925732074	-0.0003158766861922	9.977808087982873e-08	1.495955442635099e-06	0.0	0.0	0.0	0.0	0.0	0.0	0.0	0.0	0.0	0.0	0.0	0.0	0.0	0.0	0.0	0.0
3971.0178648371098	-2.30329530976951	5.305169284006222	15768982.88285548	4798.62159187563	-6.847825573337104	23026769.182015	46.89271508284964	4519.747961498442	-0.6981393723262954	0.4873985831921537	20428121.635469325	4637.469249012706	3417.033054925699	1.053678	18.92898	0.085201499202132	0.040543067311298	-0.0027892622	-0.076084994	-0.0739954208	-0.002026829	0.0438054606	-0.066996088	0.0275012374	0.064163855	0.0760125092	-0.0156775707	-0.0425040893	-0.0094162084	0.0347416142	0.0945431573	-0.0356264224	0.0627581588	0.059108456	0.0136642204	-0.0123136582	0.0755204005	0.042588607	0.0656799023	-0.0295218814	-0.0273651315	-0.0345976293	-0.031781704	0.067423766	0.1342393639	-0.0506187111	0.0428958741	0.0390600735	-0.088199351	0.0609528351	-0.0002468768	-0.0360784461	-0.0112850139	-0.0205807653	-0.0932698041	-0.0093740188	0.0740797869	0.0302494741	0.0745611931	0.0063884955	0.0037312938	-0.0753236538	-0.0227411099	0.0023884146	-0.0866398347	0.0319500412	0.0993110964	-0.0487914653	-0.0034841727	-0.0313547199	0.0083361922	0.0031363053	0.0159764482	0.0781936106	0.0017085916	-0.0006354452	-0.0553757523	-0.0784122749	0.018778764	-0.0904328706	0.0309075278	0.0257992629	0.0191895735	0.0480472752	0.0653643142	0.0421331522	0.0661064518	0.0489487935	-0.0717705931	0.0564149609	0.1131093535	-0.0220553075	0.0842366821	-0.0536626579	0.0491808142	-0.0528549188	-0.0006125511	-0.0532798985	-0.0065665228	-0.0903423981	0.0195636596	0.0875278662	-0.0321558829	-0.0829017503	0.0474289220862118	-0.0033438557927922	1.11813715629906e-05	0.0022495026502599	0.0524289431254061	0.0195960039904577	0.002748794077247	0.000384003372394	-0.0700071640746671	-0.022361240537542	0.0005000250783778	0.0049010030217773	0.0011741223478012	0.0003950484015529	1.378563287606202e-06	1.5606323956950136e-07	0.0023809306419722	4.694660128299992e-05	5.668830721882152e-06	2.2039833720249696e-09	0.0015791055479983	0.0003560129747909	1.2674523821946608e-07	2.4935743317190114e-06	0.0	0.0	0.0	0.0	0.0	0.0	0.0	0.0	0.0	0.0	0.0	0.0	0.0	0.0	0.0	0.0
3979.609995537157	8.592130700047164	73.82470996669298	15837295.716579253	4786.796042165449	-11.825549710180894	22913416.349290807	139.84362594795942	4520.217151096889	0.4691895984469738	0.2201388792908325	20432363.09307048	4638.513778116415	3414.831982772962	1.055559	18.962769	0.0713433653556619	0.0395449314662473	-0.0096751504	-0.0747846725	0.0578114168	-0.0095025124	0.0661213406	0.0746711371	0.0955036532	0.0074417485	0.0104760567	-0.039627826	-0.0009649285	-0.0062279935	-0.0061103797	-0.0933752129	0.0112336873	-0.071523147	0.0734428486	0.0527978655	-0.0001706571	0.0124995721	0.143519932	-0.0052649232	0.0306912244	0.0401098079	0.0826601013	-0.0739466875	-0.0685447847	0.0170983088	0.0689041305	-0.0260945085	0.0015160154	0.0238010148	0.07905993	-0.0088797234	-0.0949304008	-0.0030387108	-0.0034043563	0.0909860649	-0.0121826281	-0.0127040395	-0.0881734473	0.0926617988	0.0310568165	0.0826801762	0.0479960476	-0.0582373206	0.0615595498	-0.0051581757	0.0463210018	-0.0139256668	0.0081069493	-0.0694790532	0.0977388416	-0.045874613	-0.009396726	-0.0159946976	0.0563184492	-0.003118018	0.0643607891	0.0726319399	0.0502927913	0.0193621825	-0.0435888211	-0.0645076251	0.0191999913	-0.0095808485	-0.084830514	-0.071465612	-0.0169105887	-0.0501201219	-0.049160695	0.1265497637	0.0314716029	0.0540700548	0.0342464794	0.0381107986	-0.0180817202	0.0526705079	0.0111833133	-0.0155460829	-0.0972837505	-0.0077577759	-0.0899685475	0.0230492221	0.0860510014	-0.037674825	-0.0796476241	0.0668115104048894	0.0193825883186776	0.0003756847299313	0.0044637779225826	0.0466391391250908	-0.0057898040003152	0.0021752092983295	3.3521830362067035e-05	-0.0382919301471531	0.031715233927514	0.0010058560630769	0.0014662719143944	0.001164886403342	-9.2359444592001e-06	1.3569603326910605e-06	8.5302670053429e-11	0.0026309430251958	0.0002500123832235	6.921861201826428e-06	6.25061917651442e-08	0.0016089720024986	2.9866454500299943e-05	8.920051044184868e-10	2.588790904824355e-06	0.0	0.0	0.0	0.0	0.0	0.0	0.0	0.0	0.0	0.0	0.0	0.0	0.0	0.0	0.0	0.0
3978.461782822052	-1.148212715104819	1.31839243912838	15828158.15737562	4790.95650359123	4.16046142578125	22953264.219303105	17.30943927541375	4516.701242719378	-3.5159083775115505	12.361611719055905	20400590.11598277	4634.940623121996	3404.8444086035443	0.985594	17.705873	0.0289883617952156	0.0154114990848177	-0.0133426532	0.021165056	0.0788561979	-0.010525391	-0.0190305148	0.0968996225	0.0331036305	0.0621291539	-0.0339265633	0.0393147964	-0.0080256695	0.0041624262	-0.0387052206	0.0593144869	-0.0237298858	-0.0705064877	-0.0721397082	0.0873498198	0.0978118347	0.0040980104	-0.0038655085	0.0115124381	0.011059031	0.0958628	0.0948175562	0.0225630062	-0.0623620912	0.0170487545	-0.0700708222	-0.0040503208	-0.0141094332	0.0037187359	-0.0450856443	-0.0419414276	0.0663348496	0.005082464	0.0477251721	-0.0563850593	0.0695783158	-0.09713144	-0.0216923853	0.0048817393	-0.1019331206	0.0202637312	-0.0176692895	0.0298060134	0.0367537987	-0.0342107219	0.1016607104	0.0268407272	-0.0005884476	-0.0088554889	0.0736665252	0.0570272639	-0.0244983155	-0.0159305447	-0.078027143	-0.0019816019	0.0792233296	-0.0798636778	-0.0173803758	0.0481162777	0.0612760875	-0.035065845	-0.0120344839	-0.0209399798	0.0183396136	0.0018434138	-0.0173136616	-0.1000979966	0.0681057767	0.001399267	0.0586174919	-0.0292567976	0.045156513	-0.0017216445	0.0433302881	0.0359163966	-0.0104170357	-0.0603452724	-0.0048822377	-0.0089476998	-0.089533037	0.0264992443	0.0843382767	-0.0430324377	-0.0759024438	0.056878111234127	-0.0099333991707624	9.867241908570328e-05	0.0032351195375617	0.0433691862403691	-0.0032699528847217	0.0018808863151518	1.0692591868299802e-05	-0.0404617260955646	-0.0021697959484115	4.708014457742979e-06	0.0016371512786324	0.0011790771037004	1.4190700358400045e-05	1.390222816470524e-06	2.0137597666189507e-10	0.0023809571054975	-0.0002499859196983	5.668956738219033e-06	6.249296004740493e-08	0.0016170996582683	8.127655769699961e-06	6.605878831073707e-11	2.6150113047714525e-06	0.0	0.0	0.0	0.0	0.0	0.0	0.0	0.0	0.0	0.0	0.0	0.0	0.0	0.0	0.0	0.0
3975.475556215331	-2.986226606721175	8.917549346689462	15804405.898065597	4789.09282758159	-1.863676009639676	22935410.111193437	3.4732882689064644	4512.8039467221215	-3.897295997256151	15.188916090228815	20365399.46155076	4630.853035392343	3402.9625463570114	0.952024	17.102808	0.1287981117249006	0.0584562974988955	-0.0163692934	0.0511356771	0.0549517774	-0.0166201592	-0.030477891	0.0686244646	0.018891999	0.0800111808	0.0322100375	-0.020109866	0.061560289	-0.0052333947	0.0923438293	-0.0522954935	0.0271590835	0.0252472559	-0.0858809458	-0.0004509047	0.0031558155	-0.0757486327	0.0284191074	0.0636711373	-0.0095782605	0.0515920165	-0.0333061015	-0.1158452781	0.0056070256	0.0648776807	-0.0910122684	-0.012598916	-0.0431932753	0.1158259739	-0.0364004758	0.0338098245	0.0923262099	-0.0006813795	-0.0925055334	0.0427744786	0.0563410637	-0.0472986258	0.0816980817	-0.0135407605	0.01238259	0.0322420132	0.0811349193	0.0329792508	-0.0313366984	-0.0498703595	0.0382722794	0.1152213315	-0.0403573518	0.0618599559	0.027816636	-0.0747576682	0.0195354931	-0.0320991705	-0.0960785961	0.0088421298	0.0422493817	0.0937553039	-0.0138042288	-0.0288151424	0.0974971859	0.0148619572	0.0323851124	-0.0039956089	-0.0249313831	-0.0109299477	0.0795827931	0.0349026758	0.1232173752	0.0132326785	0.0212657488	0.0210950181	-0.0344748068	-0.0267565244	0.1094320064	0.079410821	-0.0223042946	-0.0397526228	-0.0438476285	-0.0101360905	-0.089036165	0.0299084066	0.0823943867	-0.0482057789	-0.0716892996	0.0827295724484855	0.0258514612143585	0.0006682980469174	0.0068441821575092	0.0491617579203875	0.0057925716800184	0.0024168784418227	3.3553886668151257e-05	-0.0734568448936983	-0.0329951187981337	0.0010886778645029	0.0053959080617368	0.0016030600399788	0.0004239829362783	2.569801491776832e-06	1.7976153025525373e-07	0.0019246234089951	-0.0004563336965024	3.70417526645192e-06	2.082404425635445e-07	0.0020199622261353	0.0004028625678669	1.622982485883931e-07	4.080247395013477e-06	0.0	0.0	0.0	0.0	0.0	0.0	0.0	0.0	0.0	0.0	0.0	0.0	0.0	0.0	0.0	0.0
3980.2979379650633	4.822381749732358	23.25536574015172	15842771.674968936	4814.640776603453	25.547949021862223	23180765.807732698	652.697699223671	4523.822156270345	11.01820954822324	121.40094164855778	20464966.90156247	4639.572514058207	3405.495803112829	1.018243	18.292402	0.0772408796976794	0.0458412332290952	-0.0187589849	0.032910707	-0.0329951611	-0.0213643157	-0.0725649987	-0.0524295023	0.0550901242	0.0408367215	-0.04025163	0.0385259973	0.0654346452	-0.0164202067	-0.0772143681	0.0399090819	-0.0578341616	0.010844139	0.0277239281	0.0180530491	-0.073660426	-0.0902837654	-0.0068051145	0.0188354674	-0.1565985198	-0.0611942555	-0.1106627754	-0.0114497156	-0.0651024483	-0.0233851841	0.0199950304	-0.1501281442	0.0549161656	0.0606834794	0.0323120831	0.0233955257	-0.0294506291	-0.014203065	0.0833627753	-0.0238111717	0.0510831798	0.0549043651	0.0119584138	0.0825984572	0.0182035692	-0.043208039	0.0456498832	0.0717053704	0.012302413	-0.0314772031	-0.1154049144	-0.0297538371	0.0949515965	0.1071586603	-0.0052720914	-0.085795753	0.0977692129	-0.02503732	-0.0319311409	0.0012894063	0.0341353392	-0.1106907922	0.0878934121	-0.0792301838	0.0091400783	0.0316095855	0.0245957354	-0.0135163725	0.0072680173	-0.0608394519	0.0853000423	-0.019631415	0.0179083455	-0.0318851506	-0.0952776133	-0.0547740553	-6.78845e-05	0.0148497919	-0.0030200512	0.1503326388	-0.0108272122	-0.0655743277	-0.0945835014	-0.0113227445	-0.0884782721	0.0332714524	0.0802246594	-0.0531726956	-0.0670341672	0.1041553281254152	0.0214257556769296	0.0004590630063274	0.0108483323769129	0.0600220683594869	0.0108603104390994	0.0036026486901509	0.0001179463428336	-0.0343047365156579	0.0391521083780404	0.0015328875904458	0.0011768149474087	0.0015624842787627	-4.057576121609986e-05	2.441357121380595e-06	1.6463923982659539e-09	0.0020000819037624	7.545849476729987e-05	4.000327621757826e-06	5.693984432546621e-09	0.0020199423780465	-1.9848088799682282e-08	3.939466290000731e-16	4.08016721062815e-06	0.0	0.0	0.0	0.0	0.0	0.0	0.0	0.0	0.0	0.0	0.0	0.0	0.0	0.0	0.0	0.0
3979.617061158709	-0.680876806354263	0.4635932254311805	15837351.95346548	4812.395753922001	-2.245022681451701	23159152.892366502	5.040126840232586	4525.638120742071	1.8159644717261472	3.297726962571625	20481400.39991382	4645.368899167239	3421.5517577674887	1.029858	18.501066	0.0499025269173511	0.0276535833364307	-0.0216236139	-0.088651532	-0.0620544807	-0.0242204045	0.0396770729	-0.0751005653	0.052574707	-0.0941787998	0.0219211656	-0.1003203218	0.0527987988	-0.0154666435	0.0908136571	4.02841e-05	-0.0244944337	0.0067382073	0.1262965723	-0.012012841	-0.0398896384	0.0063166986	-0.121526971	0.0619589773	-0.1126298953	-0.0771190438	-0.0410339076	-0.0685787699	0.0196728541	-0.063360815	0.0359436629	0.0308350812	0.0417777125	0.0185394303	-0.0071292396	0.0938041495	-0.0138637229	-0.0175974916	-0.0901191025	-0.0099811939	-0.0805543517	0.1071046263	-0.0494271357	-0.0246520547	-0.021917857	-0.1053600587	-0.029069458	0.0002235291	-0.0595514726	-0.019065633	-0.1431967731	0.0508525592	0.0113519879	0.0807659597	0.0636632764	-0.0001226898	0.0284803234	0.0007953961	-0.021257565	0.0018022168	0.0571382656	0.0315400266	-0.0678522715	-0.0472761542	-0.069686199	-0.070026517	0.0817155443	-0.0151083448	0.0480595254	0.0004395559	0.0437365908	-0.0062984956	0.0884482158	-0.0421179142	-0.0546404905	-0.0833905493	-0.0764455813	0.0083232339	-0.0432366029	0.0287770256	-0.0392041633	0.0067820432	-0.0142103294	-0.0125074584	-0.0878597406	0.036583196	0.0778350419	-0.0579119187	-0.0619657467	0.0987446908651463	-0.0054106372602689	2.9274995562210143e-05	0.0097505139740533	0.0476530770853997	-0.0123689912740872	0.002270815755707	0.0001529919451384	-0.057473222643523	-0.0231684861278651	0.000536778749457	0.0033031713210319	0.0016246024437821	6.211816501939995e-05	2.6393331003427714e-06	3.8586664253774044e-09	0.001883145601919	-0.0001169363018433	3.5462373580268728e-06	1.3674098688810723e-08	0.0020199761562863	3.3778239799837906e-08	1.1409694839753537e-15	4.080303671965175e-06	0.0	0.0	0.0	0.0	0.0	0.0	0.0	0.0	0.0	0.0	0.0	0.0	0.0	0.0	0.0	0.0
3968.575450028393	-11.04161113031614	121.9171763531213	15749591.10256806	4796.908642184349	-15.487111737651505	23010332.5214629	239.85062997450297	4520.583181472051	-5.054939270019531	25.55241102358559	20435672.30060797	4642.783469533396	3401.452055714475	0.973763	17.493341	0.0599330417132062	0.0314333668452419	-0.0237511735	-0.1236128618	0.0400794371	-0.0274352836	0.1228406717	-0.0354820288	0.0045178015	-0.1006620356	0.0835971373	-0.093151468	0.0268519121	-0.0127653672	-0.0905423966	-0.0465842629	0.1004027264	0.0480603438	0.1070551165	0.0068366737	-0.1026487092	-0.0413170416	-0.1146951026	0.0273769972	0.0016303482	-0.1406746436	-0.0065682025	0.0034126018	0.0320358015	-0.021753336	-0.025474245	0.0531904831	-0.0657071362	0.0262324119	-0.0516874379	0.0303618833	0.0293421823	-0.0239418483	0.0815958588	0.0563756429	-0.1294884965	0.014975303	0.0416029288	0.0718391669	0.0507616302	-0.0839049026	-0.0119194554	0.0372066977	-0.1423885525	0.0591091946	-0.0961509384	0.0411003161	-0.0285255502	-0.033990448	-0.0359768041	0.0217921291	-0.0414316482	-0.0186503167	-0.0141186938	0.0124434934	0.0250458429	0.0035885317	0.0841986012	0.0861404468	-0.062771105	-0.0416608704	0.0023335681	0.0214285528	-0.0397191661	-0.0395334265	0.0051635573	0.0799088836	0.0617128234	-0.012091158	-0.0730253282	-0.0635038336	-0.0766716728	0.0758700641	-0.0360975774	-0.024658631	0.0044790553	0.020937534	-0.0340976148	-0.0136900291	-0.0871809944	0.0398385309	0.075232084	-0.062403154	-0.0565152869	0.0787110885161439	-0.0200336023490023	0.0004013452230779	0.0061954354553962	0.0461658059818006	-0.001487271103599	0.0021312816419492	2.2119753356008845e-06	-0.0733675854304678	-0.0158943627869447	0.000252630768403	0.0053828025918969	0.0016029273966834	-2.167504709870002e-05	2.5693762390382217e-06	4.698076667308642e-10	0.0019268088013992	4.366319948019993e-05	3.712592157149421e-06	1.906474988847731e-09	0.001634958293392	-0.0003850178628942	1.4823875474769394e-07	2.6730886211312816e-06	0.0	0.0	0.0	0.0	0.0	0.0	0.0	0.0	0.0	0.0	0.0	0.0	0.0	0.0	0.0	0.0
3963.1484893748575	-5.426960653535389	29.45190193502125	15706545.948834214	4773.886497251449	-23.02214493290012	22789992.288639717	530.0191573114586	4514.708774384998	-5.8744070870534415	34.5086586244237	20382595.31750889	4634.8734263661145	3370.464061275696	0.912327	16.389652	0.0546870568246416	0.0252975608392184	-0.0299801114	-0.0912406078	0.0964817288	-0.020409341	0.0901692487	0.0135168476	-0.0551363862	-0.1026916467	0.0739111651	-0.0248689908	0.026275969	-0.0193175239	0.0324653256	0.0804830625	0.1581165694	0.0177272153	0.0726529305	0.0782918495	0.0144396066	0.0382724236	0.0457278797	0.0492430134	0.027355258	0.0028563275	0.0530539772	-0.0308721481	0.0046576431	-0.0188987393	0.0555966067	-0.0533379644	-0.0532215045	-0.0351884906	-0.021465337	0.030435751	0.1115562839	-0.025949035	-0.020219005	-0.0808746716	-0.1543789034	-0.0529788823	0.0369425876	0.0827670925	0.006251537	0.0197782336	0.0233476597	-0.0624961285	-0.0105251615	-0.029475731	0.003783509	-0.03036262	0.0020865902	-0.03917575	0.0784421804	0.0287059507	0.045096362	0.0533511444	0.0231147933	0.0242744766	0.0301073092	-0.0223016496	-0.0874393698	0.0641943514	-0.0276126409	-0.0034059195	-0.0649519388	-0.0379386449	-0.0682766528	-0.0684335659	0.0623845121	0.0739525273	0.0177450401	-0.0214485675	-0.057098044	0.0544698231	-0.0346586827	0.1078425448	-0.0883035231	-0.0494648725	-0.0509500769	0.0724568631	-0.0024825424	-0.0148702542	-0.0864424987	0.0430324377	0.0724229201	-0.0666271694	-0.0507163915	0.0709982060628959	-0.0077128824532479	5.948855573762087e-05	0.0050407452641494	0.0353882176746793	-0.0107775883071213	0.0012523259501904	0.0001161564097177	-0.0658405248401905	0.0075270605902773	5.665664112970568e-05	0.0043349747112317	0.0014180644046114	-0.0001848629920719	2.0109066556258847e-06	3.41743258378123e-08	0.0021262986262364	0.0001994898248372	4.521145847934801e-06	3.9796190213576746e-08	0.0018239959859627	0.0001890376925706	3.5735249212454483e-08	3.3269613568080424e-06	0.0	0.0	0.0	0.0	0.0	0.0	0.0	0.0	0.0	0.0	0.0	0.0	0.0	0.0	0.0	0.0
3964.522586948299	1.374097573441304	1.88814414133728	15717439.342423232	4758.025432955834	-15.861064295615506	22638806.02065455	251.573360589649	4517.220706394741	2.51193200974285	6.309802421570753	20405282.9102814	4636.53562736092	3366.5917135143	0.940117	16.888889	0.0612072577999317	0.0296462871711834	-0.0347573623	-0.0080404978	0.098208732	-0.0354717346	0.0509062986	0.0334490609	-0.0923435622	-0.0493836798	0.0205224082	0.0863721245	0.0054400277	-0.0148402776	-0.0121580452	-0.1056649137	0.1100322422	-0.020180973	0.0071639531	0.0813791451	0.0321722698	0.0356942838	-0.0124038921	-0.0060898898	0.0066746819	0.0548780618	0.0783226312	0.0124586615	-0.0023472348	-0.0553503995	-0.0738593216	-0.0557877067	0.0306113529	-0.0081610938	0.0495950009	0.0550576522	0.024236067	-0.0187919863	-0.0017742682	0.1018277184	-0.0621287099	-0.1102268066	0.0162104486	0.0408332434	-0.0668109431	-0.0411312528	-0.0136817951	-0.0206241034	0.0876267473	-0.0342685434	0.0426571305	-0.0118569372	0.0463194722	-0.0130456134	0.0539614031	0.0290055557	0.0010291496	-0.0162351912	-0.1323832619	0.0284862586	0.0192302071	0.0689237826	0.0552727115	0.0964772478	0.0175177493	0.0222644284	-0.070134542	-0.0001706588	-0.0077076922	-0.0338853007	0.0380232443	-0.0712700811	0.0783013905	-0.0253252662	-0.075853159	0.0420864725	-0.0058093508	0.098913489	-0.053343498	-0.0302402864	-0.0307262114	-0.0396793849	0.071909212	-0.0160479313	-0.0856447597	0.0461599916	0.06941525	-0.0705658771	-0.0446048127	0.0789359832431699	0.0079377771802739	6.300830656367861e-05	0.0062308894505659	0.0289070936556896	-0.0064811240189896	0.0008356200636188	4.200496854952516e-05	-0.0871713842516186	-0.0213308594114281	0.0004550055632301	0.0075988502323433	0.0014323310616809	1.4266657069499911e-05	2.051572270255934e-06	2.0353750393871182e-10	0.0022700624768823	0.0001437638506458	5.153183648949002e-06	2.0668044752536632e-08	0.0014728765498933	-0.0003511194360694	1.2328485838569346e-07	2.1693653312255908e-06	0.0	0.0	0.0	0.0	0.0	0.0	0.0	0.0	0.0	0.0	0.0	0.0	0.0	0.0	0.0	0.0
3978.547587439287	14.025000490988075	196.7006387722158	15828840.90551897	4791.352221089025	33.32678813319126	22957056.10653473	1110.6748072746177	4518.780209859212	1.5595034644711632	2.4320510556975603	20419374.585015263	4639.3718775487205	3403.563130606592	1.056395	18.9778	0.0572155116139397	0.0348767667420806	-0.0293206876	0.0462967507	0.0295246157	-0.0216079548	-0.0059229943	0.0824747885	-0.0660018298	0.0010060339	-0.0756416833	-0.0045756297	0.0255459224	-0.0169542737	0.0064360413	0.0679465682	-0.0113246265	0.0369409402	-0.0915706166	0.040685854	0.1220074485	-0.0011975865	-0.0124174104	-0.0202459654	0.0367355008	-0.0445909888	0.0724770476	-0.0104199192	0.1431371311	-0.1581951083	-0.0477445598	-0.0220421412	-0.0357379024	-0.0114197723	-0.1923864197	0.1028378691	0.0583627715	-0.0165184404	0.0011759281	-0.065070768	0.0602089419	-0.0305943503	0.0451698939	-0.081127708	-0.1072925445	0.0859535805	0.005007332	-0.0771200754	-0.0470673995	0.0561954474	-0.009259455	0.048277661	0.0374561439	-0.0899656873	0.0156521326	0.1580975296	0.0307110504	0.022926234	-0.0893686517	0.0258746053	0.0285330978	-0.0708623501	-0.0373294824	0.0166584973	0.0925315144	-0.0403298959	0.00702993	0.0779552864	0.0268949384	0.1064690418	-0.0042157597	0.0067299721	0.0798860173	0.1121969467	-0.0576619839	-0.0079494266	-0.0950098966	0.0783034535	0.0619020825	0.0209912872	0.0153761545	-0.026659128	-0.0242002095	-0.0172228587	-0.084788324	0.0492163702	0.0662173176	-0.0742024108	-0.0382182304	0.0790067361931647	7.075294999479842e-05	5.005979932966446e-09	0.0062420643638963	0.0318035277563666	0.0028964341006769	0.0010114643777499	8.389330499564569e-06	-0.0546404276419707	0.0325309566096479	0.0010582631379387	0.0029855763328974	0.0012560738303808	-0.0001762572313	1.5777214673674948e-06	3.1066611585576926e-08	0.0023810211281996	0.0001109586513172	5.669261612932895e-06	1.2311822302154158e-08	0.0016200080263483	0.000147131476455	2.1647671363828223e-08	2.6244260054329147e-06	0.0	0.0	0.0	0.0	0.0	0.0	0.0	0.0	0.0	0.0	0.0	0.0	0.0	0.0	0.0	0.0
3975.978862936063	-2.5687245032240758	6.598345573463773	15808407.918514349	4790.281458700857	-1.0707623881680777	22946796.45357321	1.1465320919154045	4516.232777550107	-2.5474323091048063	6.489411369471045	20396358.501017954	4634.313794213599	3389.837561323228	1.008902	18.124596	0.0419809328352049	0.023568142777333	-0.0314758923	0.0038600924	-0.0263627644	-0.0093342091	-0.0274363693	-0.0470792514	-0.0233630439	-0.0549333641	-0.1046085531	0.0724112516	0.0218231425	-0.0121317216	0.0565188013	-0.0735186219	-0.031447703	0.0665111997	-0.0441855629	-0.0298531695	0.049681515	-0.0358019528	0.0635157297	-0.0630266663	0.0303164334	0.0314317029	0.1657134364	0.0104986011	0.016744933	-0.1567358161	0.0305194341	0.1360124843	0.0881427069	-0.0120691859	0.0622870191	-0.1014819641	-0.0018614296	-0.00655109	-0.0614523188	0.0699021474	0.0451725519	0.0403844965	0.0172391095	-0.0659646032	-0.02480153	0.0479589095	0.053578135	0.0359539882	0.1259298604	0.0289370754	0.06113719	-0.024550192	-0.0126592927	-0.1697450303	0.0749378907	0.0590758555	-0.1281462568	-0.0627693933	-0.0076169603	0.0170549303	0.0340244209	0.067244348	0.0285058459	-0.0656216313	-0.0388730611	0.0810340584	0.0028381074	0.0514770497	-0.0188657123	-0.0519581275	0.0724483652	-0.109464577	0.0749745197	0.0267995123	-0.0723930899	0.0070445684	-0.017466219	-0.009934157	0.1271099126	0.0578588342	0.0058118323	-0.0421891072	0.0094069676	-0.0183948351	-0.0838737786	0.0521968607	0.0628378881	-0.0775211985	-0.0315960199	0.0789356457057124	-7.109048745229662e-05	5.0538574062051435e-09	0.0062308361629777	0.0374121241288776	0.005608596372511	0.0013996670318345	3.145635326974357e-05	-0.0726623800300174	-0.0180219523880467	0.000324790767877	0.0052798214716266	0.0014292310694946	0.0001731572391137	2.042701450008678e-06	2.9983429457513675e-08	0.0021886616440531	-0.0001923594841464	4.790239792149219e-06	3.7002171141107524e-08	0.0016199388778647	-6.914848360009204e-08	4.781512784192198e-15	2.6242019680175435e-06	0.0	0.0	0.0	0.0	0.0	0.0	0.0	0.0	0.0	0.0	0.0	0.0	0.0	0.0	0.0	0.0
3980.7157537667713	4.736890830708489	22.438134742050163	15846097.912286954	4792.013013285975	1.7315545851179197	22963388.71950213	2.9982812812428903	4523.981488182431	7.748710632324219	60.0425164634944	20466408.505417325	4639.605655074905	3420.2792294482565	1.062619	19.089596	0.0376861990576166	0.0186010029387602	-0.0299642105	-0.116081008	0.0288370028	-0.048001911	0.0397415957	0.0048873486	0.1189332589	0.0459217036	-0.1048081742	0.0258497962	0.0378372204	-0.0217078616	-0.0809748562	0.0347796822	0.0295109962	0.0035673839	0.0196846959	-0.0107373147	-0.0463188028	-0.1700860502	0.1098092215	0.0698438768	0.0701291739	0.0404124069	0.0362865452	-0.100107053	0.0311412782	-0.0509473309	-0.0990254514	-0.0222376088	-0.0187408945	0.043220357	0.03877348	0.060547192	-0.1556448353	-0.0232309407	0.0896861565	-0.0335418915	-0.0397976635	0.0303301105	-0.0312501087	-0.0188869085	0.0696104393	0.0433596492	0.1558538078	0.0156426607	-0.0175082273	-0.0580328411	0.0608101251	0.1186629485	0.0627396921	-0.0177678972	0.0273415807	-0.0053201443	-0.0522183699	-0.0867861585	-0.0781247761	0.0280654323	0.0143364582	-0.0667586771	0.023835363	0.0830008879	-0.051959242	-0.0134391865	0.014630232	0.0575106877	-0.0224002036	-0.0187010597	0.0759102404	0.1128170193	0.0959212992	-0.0183965821	-0.0048753245	-0.0564297707	-0.0948365467	-0.0363540727	0.1393242982	0.1038337248	-0.0127541028	0.0141801624	-0.0321238734	-0.0195636596	-0.0829017503	0.0550968674	0.0592862243	-0.0805080284	-0.0247790096	0.0786121047675578	-0.0003235409381546	1.0467873866196305e-07	0.0061798630159854	0.028902425139563	-0.0085096989893146	0.000835350178948	7.241497688874197e-05	-0.0815616700600898	-0.0088992900300723	7.91973630393459e-05	0.0066523060229909	0.0017088272653522	0.0002795961958576	2.9200906228110784e-06	7.817403273804149e-08	0.0020698876199201	-0.000118774024133	4.284434759098496e-06	1.4107268808746503e-08	0.0016192357158538	-7.031620109000398e-07	4.944368135729877e-13	2.621924303496568e-06	0.0	0.0	0.0	0.0	0.0	0.0	0.0	0.0	0.0	0.0	0.0	0.0	0.0	0.0	0.0	0.0
3985.3705065476993	4.654752780927993	21.66672345155688	15883178.074460264	4807.456115722656	15.443102436681327	23111634.30459917	238.4894128698328	4521.95702071417	-2.0244674682617188	4.098468530050013	20448095.29718617	4639.47699631911	3402.792862883711	1.037051	18.63028	0.0454674245838179	0.0231792572842401	-0.0370532036	-0.0163855419	0.090663652	-0.0408276713	-0.0322119149	0.09622228	0.047744232	0.0758102369	-0.0926464665	-0.0630825936	-0.0910391546	-0.0394666778	0.0882937809	-0.0386722538	0.0455990323	-0.1000993954	0.0111442199	0.0191050659	-0.0745509786	-0.0845443534	-0.0404920801	-0.0039377551	-0.1045716981	0.0386697144	-0.0973705519	0.0146077018	0.1053225101	0.0700272831	-0.064416717	-0.0331238594	0.0867800933	0.0412718349	-0.0819500623	-0.1605229887	-0.0361743723	-0.0295216692	-0.0877117167	0.0201787222	0.0229251812	-0.0897622799	-0.077823188	0.019041788	0.0284048734	-0.0768592108	0.0499317048	0.0669582978	0.0794193993	0.0037771477	-0.0659894922	0.1584999195	0.0928952831	0.0258437233	-0.1101210473	-0.0145736776	0.0274041822	0.0690824263	-0.0393224184	0.0254066918	0.066924408	0.0521105035	-0.048112869	0.0332211674	0.0371231158	-0.0307534752	0.0402656271	0.0421564218	0.0424591702	-0.0380738811	0.1049879076	-0.071234646	-0.0389355227	-0.020927336	-0.0767892908	0.033818965	-0.0447295281	-0.0041675542	0.0119695724	0.0716100018	-0.0761919006	-0.0845909781	0.0368799748	-0.0207291319	-0.0818729053	0.0579119187	0.0555720611	-0.0831501106	-0.0178092284	0.0787548883073725	0.0001427835398147	2.0387139242016127e-08	0.0062023324323067	0.0439490277065033	0.0150466025669403	0.0019315170363469	0.0002264002488074	-0.0682375835419719	0.0133240865181178	0.0001775312815422	0.0046563678076475	0.0015741671626033	-0.0001346601027489	2.4780022558185244e-06	1.8133343272344328e-08	0.002274284290165	0.0002043966702449	5.172369032491319e-06	4.177799880720251e-08	0.0016192134496687	-2.2266185099916253e-08	4.957829989037324e-16	2.621852195588012e-06	0.0	0.0	0.0	0.0	0.0	0.0	0.0	0.0	0.0	0.0	0.0	0.0	0.0	0.0	0.0	0.0
3982.43326231004	-2.9372442376593426	8.627403711663012	15859774.688753389	4806.033951297884	-1.422164424771836	23097962.34102796	2.022551651086607	4525.9601651146295	4.00314440045986	16.02516509093313	20484315.416204445	4641.702895346841	3410.0762533452307	0.99464	17.868376	0.0433422744601185	0.0204610168803567	-0.0388801837	0.0536234862	0.0143156172	-0.0555909736	-0.0265667364	0.0220861915	-0.0126902448	0.1126934312	-0.0513094008	-0.0521554658	0.0344488823	-0.0527569772	-0.0779862563	-0.0299261607	-0.0469740611	-0.003273801	-0.040437015	0.0917978066	-0.0059772347	0.0269119672	-0.0726255351	0.0158842721	0.0437330682	-0.2143145545	0.0457522663	0.0167548578	0.1323359957	0.0295868976	0.0398092106	0.038803549	0.0597412272	0.0317619806	-0.1393826181	0.0118777668	-0.0513116396	-0.046389992	0.0679162691	0.0341720374	0.0830590345	-0.0263742163	0.0238215652	0.0619259319	-0.0428580527	-0.0035887062	-0.0383772811	-0.0037139846	-0.1642257932	0.0647270192	-0.0616874231	0.0762762781	0.0504130644	-0.0518848418	-0.0149561478	0.11682999	0.0033817902	0.0217627475	0.0467291089	0.0294886262	0.0223781247	-0.0167707803	0.0867423265	0.0105204777	0.095574242	-0.0429884482	0.0280979638	0.0396841228	0.0544754494	0.068911705	0.0408804523	0.0672483432	0.0450182183	0.0517901263	-0.0477615598	0.015487215	-0.082356263	-0.0048816928	-0.0162454426	0.0905048378	0.0088158883	-0.0905047071	-0.0428643379	-0.0218910524	-0.0807879487	0.060637674	0.0517055788	-0.0854361313	-0.0107296473	0.0894797184297999	0.0107248301224274	0.0001150219811549	0.0080066200102762	0.0446903842933039	0.0007413565868005	0.0019972304482831	5.496095887926352e-07	-0.0546555611396613	0.0135820224023106	0.0001844713325368	0.0029872303634912	0.001398948712685	-0.0001752184499183	1.9570575007230183e-06	3.070150519177184e-08	0.0022902588604913	1.5974570326299838e-05	5.245285648058909e-06	2.5518689710989925e-10	0.0017939017363957	0.0001746882867269	3.051599751961452e-08	3.2180834398435075e-06	0.0	0.0	0.0	0.0	0.0	0.0	0.0	0.0	0.0	0.0	0.0	0.0	0.0	0.0	0.0	0.0
3979.6562473919976	-2.7770149180423687	7.711811855029864	15837663.847406156	4823.172977570564	17.139026272679985	23262997.571566906	293.74622157561475	4515.606026785715	-10.354138328914814	107.20818053430288	20390697.78914347	4638.406325120192	3402.8870079468134	1.047431	18.816761	0.0641093714099342	0.0328301738067465	-0.0382730375	0.0308143548	-0.0212351881	-0.037368173	-0.0536847898	-0.1338271127	-0.044077349	-0.0337594993	-0.027138071	-0.0472042549	0.0800158414	-0.0345743605	0.092699625	0.0199944508	0.0335437271	0.0671346663	0.0433745724	0.0256926778	-0.0425849596	-0.0632144205	-0.0759769986	0.0169928791	-0.017149357	0.0429890052	-0.1161115109	0.0660187922	-0.0808023166	-0.1490324622	0.0564171207	-0.0418212294	-0.0510502286	-0.0127880482	0.0574275052	0.0307237073	0.0648272343	-0.0361601186	-0.0890275971	-0.0325564289	-0.0707816832	0.0932977961	0.0202366941	-0.0792280064	-0.0487043647	-0.1069187832	0.0982038362	-0.0393476803	0.0314449079	0.0027174921	-0.068877137	-0.0967286792	0.1065452047	0.0741559794	-0.0488474576	-0.0337607259	0.003260495	-0.0494384209	0.0145238914	0.0340806398	0.0206591961	-0.0054623246	-0.0707150331	-0.0774838081	-0.0162842266	0.0749612323	-0.0214230174	0.0855139544	0.0136560151	-0.0008568973	0.0918764057	-0.0814753567	0.0155322992	0.028617457	-0.0936401859	-0.0848126147	-0.1109476852	0.0525755001	0.0052717721	-0.0491481161	0.0089536792	-0.0234317476	-0.0354112532	-0.0230492221	-0.0796476241	0.0632699305	0.047697375	-0.0873563013	-0.0035839144	0.0790646401544563	-0.0104150782753436	0.0001084738554815	0.0062512173227536	0.0329606157301469	-0.011729768563157	0.0010864021893104	0.0001375874705452	-0.0799904463998899	-0.0253348852602286	0.0006418564111489	0.0063984715152536	0.0014073172660427	8.368553357700073e-06	1.9805418873018994e-06	7.003268530067317e-11	0.0022840412442082	-6.217616283099841e-06	5.216844405244144e-06	3.865875224386828e-11	0.0014758951198124	-0.0003180066165832	1.0112820819075789e-07	2.1782664046860582e-06	0.0	0.0	0.0	0.0	0.0	0.0	0.0	0.0	0.0	0.0	0.0	0.0	0.0	0.0	0.0	0.0
3969.700044038733	-9.956203353264756	99.12598521156036	15758518.439641118	4784.435010356287	-38.73796721427698	22890818.36832297	1500.630103894398	4519.038659958613	3.432633172898022	11.782970499679942	20421710.410200533	4637.600878772107	3410.2060863753686	1.106066	19.870123	0.0439616321418903	0.0201146380279576	-0.0365903622	-0.1275417217	-0.046951472	-0.0673898888	0.126875216	-0.060217817	0.0124683593	-0.0026488476	-0.0033913148	-0.0022180967	0.0242853134	-0.0396647781	-0.0513033848	-0.07970302	0.038641006	0.1142279892	0.0923738145	-0.0115997896	-0.0368671425	0.0177053801	-0.0271823867	0.0590652517	-0.0040203631	0.0199535118	-0.1238161034	-0.0178738977	0.1142965775	0.0345233898	-0.0399097016	0.0048360914	-0.0474643905	-0.1098482987	-0.0208474307	-0.0023216161	0.0518244616	-0.0448272742	0.0401288542	0.0865528872	-0.082934476	0.0721234259	0.0604743151	0.0296066119	0.0246531532	-0.048998806	-0.0352561867	-0.0345639024	-0.0312946365	0.0034061227	-0.0098325274	0.1481139918	0.0037054167	0.0535080134	-0.0966633001	0.0234137156	0.0115387645	0.0378945214	0.0190148251	0.0324961617	0.0364103696	0.0598428858	0.0576579511	0.0332380383	-0.127065108	0.0030787298	-0.0222740467	-0.0043605159	-0.0045075555	-0.0246803555	-0.0295921696	0.0440379133	0.1200329099	-0.034641855	0.0502659299	-0.0571958547	-0.0601987684	0.0399244382	-0.035662326	-0.0057235771	-0.0214062064	-0.0488551821	0.0105180872	-0.0242034423	-0.0784527129	0.0658046293	0.0435584361	-0.0889023983	0.0035839144	0.0673340003480973	-0.0117306398063589	0.0001376079102665	0.0045338676028775	0.0454599519360812	0.0124993362059342	0.0020666072300308	0.0001562334055889	-0.0724653111289228	0.0075251352709671	5.662766084635327e-05	0.0052512213170115	0.0013021954322508	-0.0001051218337919	1.6957129437748477e-06	1.105059993977185e-08	0.0023809919883821	9.695074417389976e-05	5.669122848739746e-06	9.399446795872957e-09	0.0015179529590192	4.205783920679983e-05	1.768861838745029e-09	2.3041811857951447e-06	0.0	0.0	0.0	0.0	0.0	0.0	0.0	0.0	0.0	0.0	0.0	0.0	0.0	0.0	0.0	0.0
3970.773392850414	1.0733488116811714	1.1520776715373826	15767041.337368788	4773.7336937689015	-10.701316587385918	22788533.37902448	114.518176703461	4518.119551159087	-0.9191087995259296	0.8447609853659953	20413404.278565988	4637.104847532838	3385.6519445908807	1.042829	18.734079	0.032607788042496	0.016720928021954	-0.0416954888	-0.0414026325	0.1004231985	-0.0448515726	0.0512333401	0.0464933211	0.0051394261	-0.0142880386	-0.0358550179	0.0429532247	0.0167003087	-0.0474775999	0.0015916427	0.105289114	0.0549378179	-0.0143075141	0.0241508103	0.0869472361	0.0180644822	0.0097039796	0.0443446616	-0.0398597187	0.086210734	0.1194484526	0.0358663613	0.0124416991	0.1302812345	0.097823647	0.0320923942	-0.0080557657	-0.0240987589	0.0493099939	-0.0148205518	-0.0651825927	0.0433692513	-0.0485371487	0.0105165294	-0.1037688329	-0.0614476005	-0.0501044071	-0.0021015889	0.0134167458	-0.0570379812	-0.0216029737	0.0269626668	-0.054398907	0.0864948937	0.0094259277	0.1124037852	-0.0015215902	-0.0425562079	-0.1328789869	-0.0884034555	-0.0504939831	0.0306533938	0.0955865786	-0.0396113127	0.0460886003	0.016435678	-0.049213755	-0.0678949398	0.0715807208	-0.0136944738	0.0032737672	-0.0687527303	-0.0253420482	-0.0601510441	-0.0280517537	0.1029630102	-0.0031092914	0.0008642883	-0.0423262984	-0.0225028739	0.1114439547	-0.0164055479	0.0176013909	0.0139981799	-0.0158713322	-0.0888872899	-0.0030412791	0.0255308801	-0.0253535154	-0.0772040342	0.0682378621	0.0393001065	-0.0900678015	0.0107296473	0.0733231813783277	0.0059891810302303	3.5870289412871646e-05	0.0053762889274391	0.0455478791218268	8.792718574560099e-05	0.0020746092924965	7.731189993141418e-09	-0.0804293991946778	-0.007964088065755	6.342669871910132e-05	0.0064688882548168	0.0014208954076155	0.0001186999753647	2.018943759382818e-06	1.4089684151580421e-08	0.0023812638892539	2.719008717999398e-07	5.67041771026461e-06	7.393008408556729e-14	0.001770312917998	0.0002523599589788	6.36855488957816e-08	3.1340078276305933e-06	0.0	0.0	0.0	0.0	0.0	0.0	0.0	0.0	0.0	0.0	0.0	0.0	0.0	0.0	0.0	0.0
3981.011144418003	10.23775156758893	104.8115571596696	15848449.731980337	4805.5706078314015	31.8369140625	23093508.866853066	1013.5890970230104	4518.781861441476	0.6623102823896261	0.4386549101590262	20419389.51129249	4634.661253541381	3412.7402311792066	1.100487	19.769884	0.0643703108248009	0.0340954947052602	-0.0413464568	0.062902371	-0.0001468098	-0.0290659049	-0.0668907005	0.0252090187	-0.0262637624	0.0298394664	0.0241249531	0.0168313705	-0.0828652499	-0.0359579059	0.0102055652	-0.0888242678	-0.0144820245	0.0340739963	-0.052798571	0.0441526515	0.0353248277	0.0649072796	0.0756348106	0.0166950558	0.038995294	0.0418809611	0.0170860976	0.0062740383	0.0128488277	-0.0025075761	-0.0185982276	-0.0278043997	0.0662168605	0.0092391682	-0.0610597168	0.0891851524	-0.0407304678	-0.0340474912	-0.0174254513	0.0864251409	0.0926273571	-0.0250843605	0.0722465475	0.0601483503	0.0156426799	0.0984336572	-0.0268096325	-0.0489900056	0.0234058296	-0.0247441666	0.075910295	0.0494226682	0.0735475469	-0.0005627387	0.0091961429	0.0392457813	0.0298230571	-0.0060598443	-0.0114687573	0.0372640923	0.0019798278	0.0774113091	0.0553157296	-0.0679857674	0.0820193913	-0.0394172583	0.0223199719	0.039351433	0.0058205501	0.030648208	-0.0230793931	0.0393489382	0.029102839	0.1288852421	-0.0505326635	0.1314211196	-0.0393064618	0.0031169623	0.0166961626	0.0347696338	-0.0198257173	-0.0360441169	0.0194965912	-0.0264992443	-0.0759024438	0.0705658771	0.034934058	-0.0908475206	0.0178092284	0.0876049071018485	0.0142817257235207	0.0002039676896418	0.0076746197483235	0.0454853565269104	-6.252259491639628e-05	0.0020689176583801	3.9090748750797815e-09	-0.054818102824619	0.0256112963700588	0.0006559385017549	0.0030050243972905	0.0015015652453679	8.066983775240001e-05	2.254698186096762e-06	6.5076227229985426e-09	0.0023130908051078	-6.817308414609974e-05	5.350389072674251e-06	4.647569401991196e-09	0.0021097653188256	0.0003394524008276	1.1522793242762173e-07	4.451109700519286e-06	0.0	0.0	0.0	0.0	0.0	0.0	0.0	0.0	0.0	0.0	0.0	0.0	0.0	0.0	0.0	0.0
3978.604987010307	-2.4061574076959005	5.789593470609856	15829297.642663283	4803.412786668347	-2.157821163054905	23072774.39912897	4.656192171727622	4522.775349934896	3.993488493420045	15.947950347078304	20455496.865978725	4643.948254528675	3406.9721250055813	1.060373	19.049248	0.0488594790268923	0.0252210231970876	-0.0416618175	-0.0210633013	-0.1080922954	-0.0322175195	0.0043158076	-0.1023824269	0.0051790834	0.0229558826	-0.0242659455	0.1101630758	-0.1306189092	-0.0375820219	-0.0457919986	0.0710704379	-0.1469483053	-0.0194135059	0.0155854476	-0.0109529513	0.0967050399	-0.1177220444	0.0097359159	0.0849931769	0.06325594	0.0378235853	0.0139469729	0.064961024	0.0987224357	-0.0369267098	-0.0461976892	-0.0722137442	-0.1666990725	-0.0528550716	-0.0312647067	0.03988192	-0.0449252545	-0.0399549995	0.0555402594	-0.0669556214	0.036083518	0.0951459274	-0.0898696025	-0.0630284979	-0.1223828063	0.0524713235	0.0336065676	0.0632701575	-0.0518381253	-0.0488927353	0.0254651819	-0.0255103201	0.0294837415	-0.0594452655	-0.088650945	0.0529863451	0.0284206391	-0.0261912866	-0.0529001195	0.0336620143	0.0084390703	-0.107574455	0.0066303474	-0.070288041	-0.0732330143	-0.0630367294	0.0287690601	-0.001588122	0.0201017305	0.0527625309	-0.0213933937	-0.0994822583	0.0825671325	0.0459428982	-0.0429708775	0.0377846938	0.0033596394	0.0168960612	0.0857132871	0.030437633	0.0346297621	0.0335379811	0.045732946	-0.0276404327	-0.0745488335	0.0727850846	0.0304722578	-0.0912382167	0.0247790096	0.0790265929777973	-0.0085783141240512	7.358747321089637e-05	0.0062452023976784	0.0455085528629837	2.3196336073297297e-05	0.0020710283836829	5.380700072253535e-10	-0.0719587703177069	-0.0171406674930878	0.0002938024821086	0.0051780646256364	0.0012683002161119	-0.000233265029256	1.6085854381894923e-06	5.441257387380256e-08	0.0023819454844022	6.885467929439995e-05	5.673664290664032e-06	4.740966860734669e-09	0.0022699916317488	0.0001602263129231	2.5672471352963143e-08	5.1528620082095785e-06	0.0	0.0	0.0	0.0	0.0	0.0	0.0	0.0	0.0	0.0	0.0	0.0	0.0	0.0	0.0	0.0
3976.34187671476	-2.263110295546994	5.121668209810803	15811294.72051546	4772.776670394405	-30.636116273941298	22779397.145461105	938.5716203504508	4516.760689871652	-6.014660063244264	36.1761356763855	20401127.129569843	4639.002600231799	3405.529437354884	1.117454	20.074694	0.0793546584360015	0.0397893405849909	-0.0476165323	-0.0705979222	0.089052224	-0.0515834787	0.0760557912	0.0576100033	-0.0415668961	-0.0548958837	0.0039625898	0.0107638887	-0.0558560527	-0.03991803	0.0703683801	-0.0631733254	0.0990544363	-0.0667764393	0.0303029866	-0.0094317802	-0.0025265293	-0.1409133716	0.0237883309	-0.0247847336	0.1013407755	0.0599055113	0.0719534301	0.0314735147	0.0982786945	-0.0467800106	-0.0678376495	-0.0108321275	0.0649789384	-0.0625732264	0.0256255467	-0.0080692592	0.0181720171	-0.0419235518	-0.0792086813	0.0519007474	-0.1004509428	-0.0602062924	-0.0547561192	-0.005382676	0.0201424753	0.0049209224	0.1345513526	0.0428203089	0.0005729503	0.0443254989	0.0458830287	0.003212051	0.031120133	-0.1133664795	-0.0248130543	0.0616195531	-0.0084530594	-0.0148381054	-0.0027408514	0.0464371252	0.0289709324	0.0840570294	-0.0394873137	0.0391211387	-0.0419929096	-0.0334746124	-0.0270192689	-0.0098225418	-0.0716679987	-0.0642283824	0.0710784771	-0.0178815087	-0.0374233376	0.0079791071	-0.0244632068	-0.0330761373	-0.0627404111	-0.0231531896	0.0438181636	0.0164674301	-0.0281476562	0.0142119874	0.0133093622	-0.0287768851	-0.0731441312	0.0748920628	0.0259269352	-0.0912382167	0.0315960199	0.0750856201440797	-0.0039409728337175	1.5531266876100098e-05	0.005637850352421	0.0455359442453868	2.7391382403103848e-05	0.0020735222183189	7.502878299530672e-10	-0.0895428347671227	-0.0175840644494158	0.0003091993225612	0.0080179192581322	0.001710085436982	0.00044178522087	2.924392201777917e-06	1.9517418137924293e-07	0.0021630229411766	-0.0002189225432256	4.678668244056269e-06	4.79270799323648e-08	0.0017746548004352	-0.0004953368313135	2.453585764557977e-07	3.1493996607076997e-06	0.0	0.0	0.0	0.0	0.0	0.0	0.0	0.0	0.0	0.0	0.0	0.0	0.0	0.0	0.0	0.0
3971.859198508757	-4.482678206003129	20.094403898575436	15775665.492778623	4795.1837512600805	22.4070808656752	22993787.2083487	502.0772729209076	4519.583517165411	2.8228272937585643	7.9683539303883	20426635.168633264	4636.799905026614	3386.563722998695	1.038883	18.663185	0.1072751710951921	0.0676149488308088	-0.0450250077	0.0568039187	0.0140645776	-0.0344120834	-0.0011194738	-0.0166007236	-0.0643773647	0.0941743947	0.0182329545	0.0417482197	-0.0666768599	-0.0527989497	-0.0830946165	0.0129836247	0.0460534828	0.006986534	-0.0943285242	0.0334366537	0.0315904562	-0.0702949412	-0.0702316025	0.0221700747	-0.0332409644	-0.0940432169	-0.0340569811	0.024868783	-0.0155609263	-0.0028790042	-0.0245564972	-0.048930414	0.1188993674	-0.0198561899	-0.0373273341	-0.0110881552	-0.108862299	-0.0512539017	0.0797695384	0.0063519723	0.0348883758	-0.0757273302	0.0890406458	-0.0206441042	-0.0452584168	-0.0165050722	0.0415174154	0.0852377477	-0.0717753462	4.03686e-05	-0.0551451237	0.0208394726	0.102846417	0.0517873161	0.0034647337	0.0469432006	-0.0123490759	-0.0294739618	0.0822453709	0.0550101767	0.0075530988	-0.0439252557	0.0577614352	0.0629034107	0.0829786883	-0.003534145	-0.0619611584	-0.015666297	0.1011361542	0.0301200575	0.0008803032	0.0798172581	0.0537358383	-0.061316219	0.0001832533	-0.0150693824	-0.0439034368	-0.0061014988	-0.0042715611	0.0769433466	-0.0016222534	0.0063615994	-0.0186824506	-0.0299084066	-0.0716892996	0.0768835629	0.0213105486	-0.0908475206	0.0382182304	0.0790654646160788	0.0039798444719991	1.5839162021301817e-05	0.0062513476949564	0.0454208625195633	-0.0001150817258235	0.002063054752021	1.3243803618515576e-08	-0.0279780483539582	0.0615647864131645	0.0037902229260985	0.0007827711896964	0.0014519414707338	-0.0002581439662481	2.1081340344366304e-06	6.663830731035178e-08	0.0025691725932703	0.0004061496520936	6.6006478140112376e-06	1.6495753989583354e-07	0.001606639249093	-0.0001680155513422	2.8229225492823472e-08	2.5812896767261186e-06	0.0	0.0	0.0	0.0	0.0	0.0	0.0	0.0	0.0	0.0	0.0	0.0	0.0	0.0	0.0	0.0
3972.704567558495	0.8453690497381103	0.7146488302551157	15782381.581100129	4816.103342363911	20.9195911038305	23194851.404328834	437.62929195146415	4519.542646862212	-0.0408703031989716	0.0016703816835758	20426265.73680629	4637.992776656937	3400.688169788822	0.998255	17.933317	0.0465463647754396	0.0281179300223169	-0.049730151	0.0603419602	-0.0461521748	-0.0429261356	-0.0385452568	-0.066457761	-0.0250572829	0.0285185303	0.0241230398	0.0066669002	-0.114471614	-0.0559549632	0.0863608084	0.0053329552	-0.0494909724	0.0146460938	0.0085507486	-0.0130086746	-0.0385747614	-0.0599833933	-0.055169182	-0.0629594591	0.0369280154	-0.09286908	-0.0281558611	0.1110589744	-0.0016010852	0.000204152	0.0850156603	-0.0004096224	0.0001819186	0.0241433507	-0.02993185	0.0089586838	0.0524217896	-0.0533717112	-0.0855598654	-0.0155904716	0.0258750426	0.0577364414	-0.0026467999	0.0389299011	0.0055505283	-0.0189071425	0.0329435093	0.0729083863	-0.0304077543	0.0786702208	-0.0269781708	-0.1090978234	0.0750744891	0.0076668663	-0.0688380473	0.0781820382	0.02949722	0.1009087783	-0.0501396946	0.0531524246	-0.0027267592	0.0055149867	-0.0458513733	-0.1274180368	0.0059384928	0.0329278827	-0.034520265	0.0170168903	0.0398196218	-0.005447739	0.0303172112	0.0192088584	-0.1060951562	0.013606724	-0.124445447	-0.0037181845	-0.064441548	0.0062914019	-0.0920850343	0.0322653318	-0.053933351	0.0044533885	0.0345538547	-0.0310348036	-0.0701853358	0.0787565141	0.0166357513	-0.0900678015	0.0446048127	0.079303308474337	0.0002378438582582	5.6569700911147736e-08	0.0062890147349758	0.0453976399919184	-2.322252764490329e-05	0.0020609457168358	5.392857902182976e-10	-0.0364887683911447	-0.0085107200371864	7.243235555136771e-05	0.0013314302187026	0.0012058018105377	-0.0002461396601961	1.4539580062959951e-06	6.058473232145161e-08	0.0026312443480862	6.207175481590024e-05	6.923446819335572e-06	3.852902745925234e-09	0.002053919401128	0.000447280152035	2.000595344044529e-07	4.218584906330003e-06	0.0	0.0	0.0	0.0	0.0	0.0	0.0	0.0	0.0	0.0	0.0	0.0	0.0	0.0	0.0	0.0
3972.536469348072	-0.1680982104230679	0.028257008347438	15781046.000300445	4792.77792063067	-23.325421733240542	22970720.196484853	544.0752990335304	4520.758858090356	1.2162112281439477	1.4791697514634097	20437260.65300242	4641.600335626288	3411.6321147817425	1.027755	18.463276	0.0604190759413309	0.0373498101040231	-0.0456711834	-0.0613972315	-0.1115322308	-0.0523368929	0.0792897492	-0.1177860775	0.008723852	-0.01036913	-0.0494032535	0.0453124816	-0.10346033	-0.0498320046	-0.0817092442	-0.0564041032	-0.0965846632	0.0123274803	0.075066006	-0.0062027011	0.0001070999	0.0078832905	-0.1072633114	0.0432199576	0.059380082	-0.0168586519	0.0353768851	0.0950472749	0.0524104593	9.72844e-05	0.050390964	-0.0260463148	-0.0340527955	-0.0170509309	-0.0368724177	-0.0688374964	0.0746411568	-0.053132279	0.0738833213	0.063582371	-0.0099494502	0.0962481492	-0.0525384307	-0.0157816505	-0.0708485278	-0.0690306212	-0.0729759695	0.0160901143	-0.0582286999	0.0035788673	0.0276772469	-0.0311877383	0.0258803009	-0.0319775961	-0.053805105	0.0868728363	-0.0103179534	0.0919665741	-0.0048191568	0.0467037491	0.0134023536	0.0007434645	0.0840934424	0.009534054	-0.1215416624	-0.040845897	-0.0268827796	0.0104058819	0.0873271353	0.0506240137	-0.0800602084	-0.0175637473	0.0327308339	-0.0094835817	0.0112105889	-0.0465993095	-0.0671429586	0.0079420289	-0.0890711353	-0.0297456895	-0.012501653	-0.0210692762	0.0851651838	-0.0321558829	-0.0686332704	0.0805080284	0.0119153566	-0.0889023983	0.0507163915	0.07905681640581	-0.000246492068527	6.075833984672147e-08	0.0062499802202219	0.0454833263699043	8.568637798590101e-05	0.0020687329776712	7.3421553723427005e-09	-0.0539099902419977	-0.017421221850853	0.0003034989707766	0.0029062870478922	0.0011112063186319	-9.45954919058e-05	1.2347794825674597e-06	8.948307088900274e-09	0.0024763140485737	-0.0001549302995125	6.132131267163469e-06	2.4003397707032973e-08	0.001450131679667	-0.000603787721461	3.645596125870662e-07	2.102881888373835e-06	0.0	0.0	0.0	0.0	0.0	0.0	0.0	0.0	0.0	0.0	0.0	0.0	0.0	0.0	0.0	0.0
3969.5225618461086	-3.013907501963331	9.083638430390844	15757109.369005293	4768.680584323021	-24.09733630764913	22740314.515299357	580.681617123945	4514.808165413992	-5.95069267636336	35.41074332852453	20383492.77048886	4635.20068694733	3388.513215011552	1.0673	19.173691	0.0474160844853417	0.0290814267514062	-0.0489656775	-0.0467002477	0.083333152	-0.0614254878	0.0694665488	0.0612953336	-0.0116770623	-0.0071930469	-0.0543723362	0.0425267127	4.70147e-05	-0.0569556005	0.0528823894	0.0917077153	0.096205285	-0.0149121943	0.0298974944	0.050193937	-0.0222894117	0.0415092596	-0.0185775499	0.0092765106	0.055615081	0.0781264292	-0.0856101245	-0.0146682235	0.0257023042	0.0993096859	0.0370744099	-0.0516909073	-0.0390659414	-0.0537600529	0.0301031723	-0.0484552447	0.0762422756	-0.059515743	-0.040425407	-0.0956865575	-0.0841027604	-0.0702402123	0.0127669668	0.0340056405	0.0024094556	-0.0430927766	-0.0033410663	-0.0449502752	0.0017900615	0.011856489	0.087240579	0.0116055842	-0.0017115585	0.0346930534	-0.0409473853	-0.0650506804	0.0339787949	0.0580001279	0.0713852796	0.0608121428	0.0009281418	-0.02642547	-0.1005346979	0.0682262454	-0.0249661305	-0.0126792925	-0.0798550107	0.0038537455	-0.0127899403	-0.0402812845	0.0630894192	0.0220969275	-0.0682033079	0.0003925554	-0.0206489113	0.0627209665	-0.0445218826	0.0362943671	-0.0243618329	-0.0727595209	-0.0465699749	0.0131946038	-0.01099624	-0.0332714524	-0.0670341672	0.0821354052	0.0071623028	-0.0873563013	0.0565152869	0.078869535667053	-0.0001872807387569	3.507407510936694e-08	0.0062204036563365	0.0452520619111567	-0.0002312644587475	0.0020477491072111	5.348324987981914e-08	-0.0767471537828399	-0.0228371635408422	0.0005215360385911	0.0058901256137668	0.0014871627934508	0.0003759564748189	2.211653174224387e-06	1.413432709582543e-07	0.0024301283406231	-4.6185707950599855e-05	5.905523751899583e-06	2.133119618898102e-09	0.0015111970118374	6.106533217039981e-05	3.728974793081266e-09	2.283716408586286e-06	0.0	0.0	0.0	0.0	0.0	0.0	0.0	0.0	0.0	0.0	0.0	0.0	0.0	0.0	0.0	0.0
3964.8303636376345	-4.69219820847411	22.01672402760765	15719879.812422937	4781.326962378717	12.646378055696005	22861087.52116969	159.93087792758945	4514.188667297363	-0.6194981166290745	0.3837779165069704	20377899.323955946	4632.520502312629	3373.1774873086483	0.995264	17.879585	0.0599258841270083	0.0410108913553832	-0.0514759929	0.0611273236	0.024756015	-0.0470536878	-0.0013690791	0.0049428785	-0.0647993422	0.1006850345	0.0235859832	0.0746270818	-0.0758666498	-0.0526773697	-0.0011186809	-0.0794634042	0.0470649801	0.0347284798	-0.0462502684	0.066792763	0.0796962417	0.0788376116	-0.0138192326	-0.0935779363	0.0172843471	0.0354393033	0.0039527285	0.0760675759	-0.1032768805	0.0232122037	-0.1319261826	-0.0304209372	0.026974328	-0.0125981648	0.034791374	-0.0317438998	-0.0860070178	-0.0504266576	-0.0115522238	0.0787519653	0.0118771234	-0.0756029773	0.0680384338	0.0177292544	-0.077606395	-0.0085749177	-0.073240201	-0.0053165748	0.0900702744	0.0280774216	0.0885474167	-0.0258534879	0.030358187	0.0794820044	0.0087830935	0.0468075871	-0.0712212464	-0.1035083091	-0.0192581882	0.0641201402	-0.0155061832	0.078567432	0.0583682881	0.0641125663	0.0563110098	0.018025432	-0.092510316	-0.0237492416	0.1098440561	0.0014529238	-0.0099437241	0.0340747565	0.02096405	-0.1000736196	-0.0080934745	0.0990458492	-0.0129109506	0.02919201	-0.0412474289	-0.0088399961	0.0014272227	-0.0105960171	-0.0346137581	-0.034381321	-0.0653891221	0.0836361352	0.0023896175	-0.0854361313	0.0619657467	0.0790432420659783	0.0001737063989253	3.017391302759725e-08	0.0062478341163008	0.0454835262879953	0.0002314643768385	0.0020687511635907	5.3575757745279456e-08	-0.0375169693135504	0.0392301844692895	0.0015390073734944	0.0014075229864738	0.001310934121515	-0.0001762286719358	1.7185482709523049e-06	3.105654481225583e-08	0.0025440712152773	0.0001139428746541	6.472298348402519e-06	1.2982978684462709e-08	0.0016268360428865	0.000115639031049	1.3372385501974713e-08	2.6465955104346056e-06	0.0	0.0	0.0	0.0	0.0	0.0	0.0	0.0	0.0	0.0	0.0	0.0	0.0	0.0	0.0	0.0
3966.739618898423	1.909255260788541	3.64525565084872	15735023.204138406	4767.968780517578	-13.3581818611392	22733526.29199028	178.44102263526835	4510.58818599156	-3.600481305803441	12.963465633440055	20345405.78360663	4626.337281480726	3323.942128229282	1.873459	33.656071	0.0277868219656785	0.0193413090900108	0.1630423157	0.1056220238	0.0189131535	0.004968734	0.0190204037	0.034820828	-0.0952747518	0.0303781342	-0.022150859	0.0817816023	0.041488634	0.003337325	-0.0160373465	0.1074807575	0.0345398825	0.1043408692	-0.0547544606	-0.1889462914	0.1275994512	0.0587296873	0.0771740378	-0.2523643086	0.0159464375	-0.1036208671	-0.1302553994	0.1180285276	0.0100743545	-0.0529782819	0.0826427228	0.0520005475	-0.0228915357	0.0305469104	-0.110145376	-0.0899212773	-0.0228422648	0.0076948063	0.0202294107	-0.0981399083	-0.003326799	0.0150345377	0.1305049541	-0.1133527053	0.072084511	0.1990376428	-0.1135336887	-0.0248955209	0.0829575461	0.2440361043	-0.0666722742	-0.0933577621	-0.0474842759	0.0964038505	-0.099192777	0.0475664686	-0.0006557605	0.003133848	-0.0208605159	-0.0369187439	-0.1362931208	-0.0728037337	-0.0670932825	-0.0356945582	0.1153145328	-0.0240897506	-0.0912233606	0.1854916374	-0.0840721901	-0.0990661702	-0.3183218403	0.067407086	0.067969587	-0.0429330172	-0.0507358491	0.0937309069	-0.0639536263	-0.0127199141	-0.0079853998	-0.1318116524	-0.0589328088	-0.1170111974	0.1027732144	-0.0354852986	-0.0636992625	0.0850079043	-0.0023896175	-0.0831501106	0.0670341672	0.0635719049283949	-0.0154713371375834	0.0002393622728247	0.0040413870962248	0.0452998738673073	-0.0001836524206879	0.0020520785723939	3.3728211624561306e-08	-0.0385757784914275	-0.0010588091778771	1.1210768751567862e-06	0.0014880906862196	0.0010904338299762	-0.0002205002915388	1.1890459375565642e-06	4.862037856869581e-08	0.0025433914289696	-6.797863076998985e-07	6.468839960956025e-06	4.621094241362611e-13	0.0016271164296306	2.803867441001414e-07	7.861672626707819e-14	2.6475078755738317e-06	0.0	0.0	0.0	0.0	0.0	0.0	1.0	0.0	0.0	0.0	0.0	0.0	0.0	0.0	0.0	0.0
3965.233135407375	-1.5064834910481295	2.2694925088005595	15723073.818132602	4757.650499897619	-10.318280619959296	22635238.279176064	106.4669149522276	4499.81260245187	-10.77558353969016	116.11320062084152	20248313.45718467	4620.519711940891	3409.0353879450345	1.940824	34.866264	0.020644007796263	0.0175387717508471	-0.0211357428	0.0631694973	-0.0453646698	0.1019527659	0.04189964	0.0282689908	-0.1329945638	-0.0216208752	-0.0395517368	0.1393841372	-0.1442479867	0.1316400657	0.0356190637	-0.0610501457	-0.0221223254	-0.0863669487	-0.0712514189	-0.0196242937	0.0023268928	0.0575570551	0.0874694722	0.3685746859	-0.0673301447	-0.0067173121	0.1592277399	0.078749625	-0.2833359428	-0.0669772371	0.0728942275	-0.1384416584	0.1030451621	-0.1709274942	0.1958480863	-0.0124209322	-0.01980381	0.1209223832	-0.0474997734	0.0564925438	0.0456081274	-0.0185308434	-0.0486316533	0.021694943	0.0360701219	0.0584486568	-0.0140035887	0.0324603195	-0.0381962601	-0.4211015147	0.018286678	-0.2438042239	0.2322761747	-0.0123272595	0.1981799276	-0.0334925674	-0.0085092316	0.0413130622	0.1327783962	-0.0656919262	-0.0132458199	0.0621509802	-0.0030629889	-0.0324136276	-0.0154855777	0.2066474678	0.0222750352	-0.1681926643	0.1294971331	0.0627782732	-0.0313942776	0.0741302648	-0.1832038039	0.1884895253	-0.2306566347	-0.0123143085	0.0463087394	0.0978151678	0.1288580444	-0.1536234251	-0.1916536575	0.0399891824	0.0571448138	-0.036583196	-0.0619657467	0.0862485974	-0.0071623028	-0.0805080284	0.0716892996	0.0599162986404593	-0.0036556062879355	1.336345733239428e-05	0.0035899628427727	0.0453290044455911	2.913057828379806e-05	0.0020547186440284	8.48590591148487e-10	-0.0382510382466989	0.0003247402447286	1.054562265463926e-07	0.0014631419269504	0.0014214351937699	0.0003310013637937	2.020478010087673e-06	1.0956190283328937e-07	0.0025441598733548	7.684443852000282e-07	6.472749461188713e-06	5.905067731454493e-13	0.0016261956241032	-9.208055273999486e-07	8.478828192902975e-13	2.6445122078523965e-06	0.0	0.0	0.0	0.0	0.0	0.0	0.0	1.0	0.0	0.0	0.0	0.0	0.0	0.0	0.0	0.0
3978.229928382281	12.99679297490593	168.91662763256411	15826313.363076488	4825.825642247354	68.17514234973532	23288593.129372086	4647.850034406675	4517.697032746814	17.88443029494465	319.852846974734	20409586.47968937	4640.786233956474	3436.3306061961307	1.341331	24.096571	0.0639618352841587	0.0325746798448452	-0.0121226279	-0.034858994	-0.1316515223	0.0050331556	-0.0186809758	-0.1043489943	0.0649132057	-0.1184062852	-0.1164014382	0.0104853451	-0.1824582494	-0.0205397707	-0.0679065424	0.033452216	-0.1444105285	-0.0777144692	0.008903359	-0.1394765509	0.0841697591	-0.0097919413	-0.0356137733	0.0040096664	0.0747995466	0.0237251141	-0.0214267008	-0.035366693	-0.0578804543	0.0886830974	0.0599563789	0.0571231377	-0.0189013817	-0.0364510463	0.0227646355	-0.0635535159	-0.0658161113	-0.0105008597	0.0746304155	-0.0337083465	0.0960762971	0.0660845403	-0.151847908	-0.1287260164	-0.0127353204	0.0607727823	-0.05318294	0.0289168852	-0.0029757207	0.0348847161	0.0347060704	0.0394837728	-0.0184320525	0.0142075878	-0.0091422931	-0.0241119125	-0.0670997113	0.1327007949	0.0724010412	0.0286358238	-0.080308772	-0.0815657651	0.008952247	0.0450188216	-0.0876715487	0.0153224483	0.0929607367	0.0549676001	0.1298530264	0.0478288738	-0.1561092572	0.0349851786	-0.070714064	-0.0470479403	0.0310791601	0.0133667412	0.0743529467	-0.0486973104	0.0715972389	-0.0495711115	-0.0300810704	0.034407111	0.0946824665	-0.037674825	-0.0601897627	0.0873563013	-0.0119153566	-0.0775211985	0.0759024438	0.0439545552942064	-0.0159617433462529	0.0002547772506516	0.0019320029311114	0.0629775137819592	0.0176485093363681	0.0039661672421568	0.0003114698817958	-0.0592081298092566	-0.0209570915625577	0.0004391996867614	0.0035056026355097	0.0012344337574553	-0.0001870014363146	1.5238267015452102e-06	3.4969537183723454e-08	0.0025440135831864	-1.4629016840007197e-07	6.472005111436907e-06	2.1400813370521414e-14	0.0016269377183998	7.42094296599799e-07	5.507039450459504e-13	2.6469263395519465e-06	0.0	0.0	0.0	0.0	0.0	0.0	0.0	0.0	0.0	0.0	0.0	0.0	0.0	0.0	0.0	0.0
3981.343666721664	3.1137383393829623	9.695366446143368	15851097.392544704	4803.997282951109	-21.828359296245253	23078389.89460164	476.4772695659765	4511.301257178897	-6.395775567917553	40.9059451151711	20351839.033023894	4631.300373991243	3428.068972607278	1.085176	19.494827	0.0750677764304973	0.0371278567423269	-0.0188411463	-0.0654272398	0.0520543097	-0.0070648535	-0.0335255993	0.0626234234	0.1244066227	-0.2010755011	-0.1109009577	-0.0332558619	-0.0522519585	-0.0324779359	0.0940657745	-0.0147004193	0.0520520014	-0.1357604786	0.0192292833	-0.1518084006	-0.1237221532	-0.0355534498	0.0467687612	-0.037836174	0.0100766123	0.0566335127	-0.0051590102	-0.0277105815	-0.0483746364	0.1390629279	0.054986306	0.044163047	-0.0571729558	-0.1452538971	-0.0651523266	-0.0305028233	0.0147536935	-0.0224401534	-0.0949313292	-0.0071768955	0.0008622254	-0.0366897226	-0.1476256991	-0.0983413197	0.1996435507	-0.0120214559	0.0773374826	-0.00163216	0.0578177297	0.0202527137	0.027867639	0.0467377279	-0.0894103593	0.1035830183	0.0190379004	0.0893932339	-0.0280836463	0.1196195208	0.1477742927	0.0364709839	-0.0551038518	0.068988947	-0.0933120161	0.0822573599	-0.0273304056	0.0296854937	0.0602357562	0.0498801924	0.0111663756	-0.0996608278	-0.0277259747	0.049587278	-0.1918403841	-0.0620536679	0.0686723336	-0.0066841844	-0.00574976	-0.0392456241	0.0673925427	-0.064337993	-0.0032850894	0.014341843	0.0301990927	-0.0387599986	-0.0583725276	0.0883293083	-0.0166357513	-0.0742024108	0.0796476241	0.0549911563198293	0.0110366010256229	0.0001218065621987	0.0030240272733919	0.0620317142280129	-0.0009457995539463	0.0038479335700658	8.945367962450251e-07	-0.0796923707211547	-0.0204842409118981	0.0004196041257366	0.0063508739511579	0.0015870158435132	0.0003525820860579	2.5186192875619137e-06	1.243141274089405e-07	0.0024619612367038	-8.205234648259998e-05	6.061253131032105e-06	6.732587563300638e-09	0.0012095494521597	-0.00041738826624	1.7421296479491657e-07	1.4630098772198302e-06	0.0	0.0	0.0	0.0	0.0	0.0	0.0	0.0	0.0	0.0	0.0	0.0	0.0	0.0	0.0	0.0
3979.053165226476	-2.290501495187982	5.246397099458381	15832864.091698837	4805.278037778793	1.2807548276841771	23090697.020359207	1.6403329286363262	4518.337695893787	7.03643871489021	49.51146978840578	20415375.53413477	4637.502767374227	3406.2851355898697	1.027942	18.46665	0.0371165832331314	0.0184780747385829	-0.0328854254	0.0576056527	0.0205598466	-0.0301152274	-0.0659730447	0.0638905388	0.0920321371	-0.0731532099	-0.0426907825	0.0158972894	0.0133264157	-0.0450285153	-0.1007569525	-0.0148934004	0.0013670114	-0.0754877613	-0.0863877255	-0.0548008012	-0.0495759313	0.0641707114	-0.0909245784	-0.0300361521	-0.0605990537	0.0232950172	0.0993412425	-0.1174869999	0.0836172575	0.0664594254	0.012625411	-0.0192795489	0.0509775399	-0.1026064273	-0.0458541297	-0.1014510669	0.0035359759	-0.0393558941	0.0895778169	0.0310435928	0.0738117675	-0.082234232	-0.027413621	-0.0942936808	0.0618398113	-0.0955302434	-0.0578586437	0.0026559082	0.0176821635	0.0117889819	-0.0348565566	0.1218837979	-0.0916262354	-0.0814560913	0.1156653058	0.0416470521	0.0599000213	0.0704896975	0.068206047	0.0481897802	-0.065693156	-0.0248507795	0.0510410501	0.1280114553	0.054298332	0.0384867618	0.0224379439	0.0170106605	0.102131126	-0.0413803019	-0.0182172781	-0.0249207142	-0.0537553802	-0.1040521129	0.1331950961	-0.0383972665	0.0634522799	-0.0368788337	0.0276046936	-0.0465080171	-0.0277638192	-0.0301736155	0.0821510455	-0.0398385309	-0.0565152869	0.0891661178	-0.0213105486	-0.0705658771	0.0829017503	0.0675152961993035	0.0125241398794742	0.0001568540797206	0.0045583152208796	0.0645554444398754	0.0025237302118625	0.0041674054068298	6.369214182267547e-06	-0.0924326704424345	-0.0127402997212797	0.000162315236988	0.0085437985651197	0.0016049139114735	1.7898067960300064e-05	2.575748663241169e-06	3.2034083671151966e-10	0.0026299746587081	0.0001680134220042	6.916766705446787e-06	2.8228509973594946e-08	0.001208892673714	-6.56778445699965e-07	4.3135792673606193e-13	1.4614214965593837e-06	0.0	0.0	0.0	0.0	0.0	0.0	0.0	0.0	0.0	0.0	0.0	0.0	0.0	0.0	0.0	0.0
3981.0928839638073	2.039718737331441	4.160452527420968	15849100.550747264	4810.901812153478	5.623774374685127	23144776.246181622	31.626838217365087	4519.134628659203	0.7969327654163862	0.6351018325942089	20422577.79194676	4636.806091174451	3415.393199774368	1.041378	18.708008	0.0542169825993714	0.0358074745010059	-0.0415648574	0.0866493224	-0.0170397368	-0.0536914971	-0.1134688143	0.0528631197	0.0453917271	-0.097670742	-0.0039551069	-0.0356381535	0.0689394926	-0.0621879055	0.065114653	0.0521974166	-0.0426387794	0.0200498323	-0.0606324521	-0.0161906328	-0.0644437889	0.0604973684	0.0009471715	-0.0655209166	0.0156137366	-0.0320358404	0.0803947792	-0.0243519523	0.0062984829	-0.0289449623	0.0045795285	-0.0561872164	0.0259590984	0.0494399063	0.0011179699	0.0581837021	-0.1450753569	-0.0529038678	-0.0610688531	-0.0592793919	0.0811667392	0.0190224189	0.0324309509	-0.0127696917	0.0694303913	-0.0121715877	0.0104102687	-0.0621749042	-0.0104197624	0.0829083436	-0.0128587324	-0.0107389578	0.0287559994	-0.0478775822	0.0939297417	0.0530236568	0.1308893903	-0.014749564	-0.0532733378	0.0528246	-0.0574272256	-0.0066279219	-0.0877160372	-0.0628246975	0.0708603133	0.0392485776	0.0655452649	0.0679085883	0.0258349202	-0.0234191694	0.0086025083	0.0973463184	-0.1046515436	0.0474259367	0.097907611	0.0160417775	0.0141896025	-0.0147656706	-0.037466355	-0.0727476066	0.0296782228	0.0009793049	0.0872647753	-0.0409102371	-0.0546193134	0.0898654396	-0.0259269352	-0.0666271694	0.0856447597	0.0839819631569724	0.0164666669576688	0.0002711511206947	0.007052970135699	0.0663828761205707	0.0018274316806952	0.004406686242039	3.3395065476088347e-06	-0.0849669370810772	0.0074657333613572	5.573717462288327e-05	0.0072193803969397	0.0015837435552686	-2.117035620490004e-05	2.508243648854825e-06	4.481839818423496e-10	0.0020829625948217	-0.0005470120638864	4.33873317142635e-06	2.9922219803725895e-07	0.0012098532656157	9.605919017001158e-07	9.22736801611845e-13	1.4637449243209738e-06	0.0	0.0	0.0	0.0	0.0	0.0	0.0	0.0	0.0	0.0	0.0	0.0	0.0	0.0	0.0	0.0
3977.217844278507	-3.87503968530018	15.01593256265132	15818261.780847374	4799.83551812941	-11.066294024068156	23038421.00109662	122.4628634271266	4516.892264956519	-2.242363702684088	5.028194975115093	20402315.733224034	4637.267014991844	3400.026800172519	1.043791	18.751368	0.1128520126177907	0.0584399662285423	-0.0432563863	0.0430457934	-0.1242403945	-0.0528801803	-0.0293685869	-0.0845121126	0.0305167478	0.0369674923	-0.0625719347	-0.0288870281	0.1054153503	-0.0254983306	-0.0489900857	-0.0787704251	-0.0266455592	0.0542951479	0.0356050823	-0.0819281433	-0.0009679845	0.1163099944	-0.0647450141	-0.0489172433	-0.0749174494	0.0251118824	-0.0235506435	0.0807263509	-0.010376831	-0.0318960073	0.0270705345	-0.0316850888	-0.0726970259	0.0265776098	0.0190169969	0.0542540996	0.0687490693	-0.0340050677	0.0388695104	0.0816625196	-0.0046715451	0.0853355577	0.0033419102	-0.0889758361	0.0093830702	-0.0588019022	-0.0863442266	-0.0395014945	0.0698931272	-0.0028061303	-0.0557394627	-0.0969368185	-0.0250300284	0.0366328337	-0.0189812445	0.0335455115	0.0355442898	0.0098496686	-0.0383798333	0.0486690935	-0.0825321822	0.026010988	0.0855172633	-0.064185211	-0.0635753831	0.0250943123	0.0249509028	-0.0167597245	0.0077241804	-0.0381558908	-0.0517877124	-0.1403243181	-0.0002952009	0.0352413546	0.1410349723	-0.0206644082	0.0657060499	0.0211333812	0.0496526232	-0.0533078873	0.1392875974	-0.0396285063	-0.025388668	-0.0419749335	-0.0526859066	0.0904261954	-0.0304722578	-0.062403154	0.0878597406	0.0835298358230574	-0.000452127333915	2.0441912607308897e-07	0.0069772334726269	0.0454604816711281	-0.0209223944494425	0.0020666553937709	0.000437746589498	-0.0756904777876741	0.0092764592934031	8.605269702216489e-05	0.0057290484277263	0.0011040698014642	-0.0004796737538044	1.218970126505198e-06	2.3008691008880426e-07	0.0025440618647971	0.0004610992699754	6.472250771914898e-06	2.126125367718469e-07	0.0019131008726565	0.0007032476070408	4.945571968086114e-07	3.659954948959062e-06	0.0	0.0	0.0	0.0	0.0	0.0	0.0	0.0	0.0	0.0	0.0	0.0	0.0	0.0	0.0	0.0
3968.636175579888	-8.581668698619069	73.6450376528583	15750073.09412136	4788.059497464088	-11.776020665321994	22925513.751256056	138.67466271009064	4514.822400047666	-2.0698649088535603	4.284340740903358	20383621.30397217	4631.904874227335	3404.866104441054	1.06409	19.116026	0.0853298470474881	0.0442045384548816	-0.0392723608	-0.0722091073	-0.0849186003	-0.0487600657	0.0752738097	-0.0213035741	0.0767937977	0.0025322915	0.054919803	-0.0631854852	0.1126832138	-0.0552144508	0.0029216985	0.0940667301	-0.0002134678	0.070234157	0.1109323817	-0.1087539416	0.0349786468	0.1138012025	-0.0036361357	0.0296295732	-0.0268334229	-0.0057450901	0.0042479331	-0.0464817445	-0.0357034387	0.1384811456	-0.0262030711	0.1188385083	-0.0210257351	0.0085843739	0.025978323	0.029115392	0.0339254258	-0.056349286	0.0058402278	-0.0982827748	-0.0643967216	0.0694226421	0.0343554704	0.0119922177	0.0633584375	0.0326359823	-0.1730283983	0.0226146133	0.0259002885	-0.0226476934	0.0157136817	0.0961688257	-0.1261345905	0.0169138488	0.0237303937	-0.0606824326	-0.0382974381	-0.0043754269	0.0416130428	0.0527075733	-0.0537648654	-0.0527446423	-0.075131619	0.0004649119	-0.0984310615	-0.0557432946	0.033837939	-0.0717263381	0.0317793295	-0.0835624505	-0.0530425952	0.0741720581	0.0770768235	-0.0182071823	0.1104129092	-0.0226172204	0.062314832	0.0347199179	0.008038881	-0.0125032816	0.0527958438	0.0135104779	-0.0419355882	-0.0430324377	-0.0507163915	0.0908475206	-0.034934058	-0.0579119187	0.089533037	0.0886483449496893	0.0051185091266319	2.6199135679414123e-05	0.0078585290623191	0.045723669906053	0.0002631882349248	0.0020906539896776	6.926804700288251e-08	-0.0947663472768454	-0.0190758694891712	0.0003638887967678	0.0089806605761956	0.0016198884397861	0.0005158186383219	2.624038557352645e-06	2.660688676402591e-07	0.0020222006744674	-0.0005218611903297	4.089295567816407e-06	2.723391019723315e-07	0.0020928666479401	0.0001797657752836	3.231573396331379e-08	4.380090806060031e-06	0.0	0.0	0.0	0.0	0.0	0.0	0.0	0.0	0.0	0.0	0.0	0.0	0.0	0.0	0.0	0.0
3966.631715277207	-2.0044603026808545	4.017861105023423	15734167.164643	4772.024716284967	-16.034781179120728	22772219.892834622	257.1142074622843	4515.967867170061	1.1454671223955302	1.3120949284890966	20393965.777312517	4633.041711828211	3384.0246216653018	0.988856	17.764475	0.0688378332722784	0.0356921979778119	-0.0442261708	-0.0275868427	0.0151761485	-0.0455404875	0.0768327423	0.0697119933	0.0289548186	-0.0494147507	0.0569793179	-0.057514917	0.036823976	-0.053540255	0.014376419	-0.0934075681	0.0941968638	-0.0220423501	0.0595122824	-0.0816216968	0.0276004211	0.0587135038	0.1459079721	-0.0786353322	-0.026085375	-0.0381384316	0.1002577543	-0.046261989	-0.0921770195	0.029850936	-0.120377088	-0.116316154	0.0528559155	0.0618992324	0.0292241502	-0.0265605572	-0.0363904622	-0.0550351881	-0.0222720262	0.0860211774	-0.0646800618	-0.0469151991	-0.0280896	0.1072287434	0.1209566103	0.1358991575	-0.0626066968	0.0508991395	0.1253395784	0.0141621355	0.0129299966	-0.0062781547	0.05143047	-0.0353638846	0.0906766583	-0.0273920373	0.0432671991	-0.0211193095	0.0026700419	0.0616651558	-0.0695539181	0.0801769975	0.0247417404	0.0314724014	-0.0318796016	-0.0591141173	-0.0235897221	-0.1158552803	-0.0043633523	-0.1761272	-0.0138074988	0.0551791809	-0.079823682	0.0130316888	0.0505227632	0.0979197848	0.115019356	-0.0236384843	0.0069943827	-0.0137437952	0.0796506458	0.0698241291	-0.0258907665	-0.0440825686	-0.0487121179	0.0911287655	-0.0393001065	-0.0531726956	0.0906543325	0.1076722920080044	0.0190239470583151	0.0003619105616775	0.0115933224662569	0.0457681439383748	4.447403232180069e-05	0.0020947229995637	1.9779395509605727e-09	-0.0678826043911939	0.0268837428856515	0.0007227356315418	0.0046080479789313	0.0017109990840107	9.111064422460004e-05	2.9275178654854547e-06	8.301149491021643e-09	0.0021490023024077	0.0001268016279403	4.618210895753596e-06	1.6078652848310322e-08	0.002332667761695	0.0002398011137549	5.75045741580905e-08	5.441338886451162e-06	0.0	0.0	0.0	0.0	0.0	0.0	0.0	0.0	0.0	0.0	0.0	0.0	0.0	0.0	0.0	0.0
3967.7614326131898	1.1297173359826047	1.2762612592196334	15743130.786132673	4771.086464174332	-0.9382521106354034	22763266.04862753	0.8803170231117892	4516.095560346331	0.1276931762695312	0.0163055472658015	20395119.11017984	4633.202258032495	3379.0180578991376	0.9078790000000002	16.309744	0.0126901100497874	0.0082228741764554	-0.0475942463	0.0185303138	-0.0018010557	-0.0192318571	0.0144771757	0.0601097607	0.0022270162	-0.1155911397	0.1275995069	0.0751045577	0.0032379857	-0.0463595157	-0.034643222	0.0754059598	-0.0140398089	-0.1302351512	0.0122641621	-0.010013415	0.1279847399	0.0550900923	0.0576074139	-0.0465438611	0.039235806	-0.0406604389	-0.0538993148	-0.016380653	-0.1327048359	0.0866621106	-0.0264257152	-0.1078116917	-0.131746513	0.0142481809	0.0385484903	0.0549750724	-0.0913825869	-0.0525552622	0.0484161129	-0.0743614507	-0.0092256254	-0.0580416718	-0.0965764234	0.0638012916	-0.0358594734	0.1399638994	-0.1021161971	0.0343947862	0.0157284924	0.0117832814	0.0436165807	-0.0995766172	-0.0115402267	0.1335395125	0.0474450141	-0.052834578	0.0355025954	0.0287391664	-0.0283829655	0.0619403434	-0.0917182324	-0.0960636211	0.000537457	0.0317633433	0.0249167802	-0.1168194053	0.0141591918	-0.0888461907	0.0606247475	-0.0496323211	-0.0069223738	-0.0053974264	-0.1120847541	0.0411698542	-0.0241822097	0.0776041583	0.1096805529	0.0255740099	-0.0043390587	0.0826220965	0.0435918991	0.088329189	0.0466400883	-0.0451251461	-0.0466744595	0.0912694965	-0.0435584361	-0.0482057789	0.0912167139	0.1051544778708972	-0.0025178141371072	6.339388029016913e-06	0.011057464216301	0.0456127005284656	-0.0001554434099092	0.0020805184494994	2.4162653684200192e-08	-0.0679616089508599	-7.900455966600162e-05	6.2417204480188106e-09	0.0046187802911896	0.0016498504275457	-6.1148656465e-05	2.722006433272729e-06	3.739158187474586e-09	0.0021500432424303	1.0409400226000197e-06	4.622685944320198e-06	1.0835561306505296e-12	0.0024692351240695	0.0001365673623744	1.8650644465927987e-08	6.09712209793852e-06	0.0	0.0	0.0	0.0	0.0	0.0	0.0	0.0	0.0	0.0	0.0	0.0	0.0	0.0	0.0	0.0
3973.8882751766087	6.126842563418904	37.53819979692153	15791788.023586122	4793.451744817919	22.36528064358663	22977179.62989795	500.2057782663908	4514.341166178386	-1.7543941679450654	3.0778988965196583	20379276.164652828	4639.227780654404	3379.497240904861	1.098131	19.727558	0.1179792058471205	0.0737961411463323	-0.0472766563	0.1052082102	-0.0144638684	-0.0458490522	-0.0383835848	0.0120928332	-0.1489909415	-0.1099168357	0.0382345667	-0.1118510566	0.1567274301	-0.049703961	0.0893434881	-0.0447578387	-0.0137751103	-0.0803506229	-0.0950144514	-0.0615704979	0.1330575214	0.0249984892	-0.1060877162	0.0323603999	-0.0150060482	0.0454955901	0.0040122112	-0.0620144034	0.0174648481	0.0029382817	0.0043148154	-0.0091935852	0.0001650758	-0.0346319482	0.1098026271	0.0573311612	-0.0926174516	-0.053539032	-0.0994720737	0.0439277589	-0.0291264496	-0.0433980206	-0.0466720748	-0.2403747321	-0.1363207217	0.0242375278	-0.029777157	-0.0073558608	-0.0665728075	-0.0264542615	-0.026664018	-0.0550179979	-0.045186453	-0.0076160265	0.0444173874	-0.0351433578	0.042738765	-0.0594135613	0.0867867475	0.0663219971	-0.1465648306	0.0936119224	-0.0708488999	0.0314159061	0.0681749801	-0.0772368239	0.0096239887	-0.0210107975	0.1095152365	0.0431142719	0.0396732198	-0.1160544237	-0.0263274194	0.0163068207	0.0518065829	-0.043832494	-0.0171881344	0.0039770975	0.0971347894	0.0229171707	0.0532076192	0.0713019364	0.0308978926	-0.0461599916	-0.0446048127	0.0912694965	-0.047697375	-0.0430324377	0.0912167139	0.1051478044181095	-6.673452787694933e-06	4.453497210959328e-11	0.011056060773949	0.0454425589756795	-0.000170141552786	0.0020650261662581	2.8948147984462984e-08	-0.1394802798033367	-0.0715186708524767	0.0051149202805049	0.019454748454017	0.0019551493796962	0.0003052989521505	3.822609096926436e-06	9.32074501841933e-08	0.0025462030867262	0.0003961598442958	6.4831501588540285e-06	1.5694262223255158e-07	0.0022450195207345	-0.000224215603335	5.0272636778878194e-08	5.040112648478963e-06	0.0	0.0	0.0	0.0	0.0	0.0	0.0	0.0	0.0	0.0	0.0	0.0	0.0	0.0	0.0	0.0
3967.514248138905	-6.374027037703854	40.62822067737977	15741169.30918522	4788.151792464718	-5.299952353200752	22926397.58768309	28.089494946198183	4512.886937096006	-1.4542290823801522	2.11478222404022	20366148.507011767	4630.170293451665	3376.8690899424146	1.015823	18.248936	0.0085750273570876	0.005930076863349	-0.0404539765	0.1136361186	-0.0517020578	-0.0415166904	-0.0391755825	-0.0202779722	-0.0526698755	-0.1213119845	0.015833325	0.0159943796	0.1810722029	-0.0484866593	-0.0833661516	0.0092216636	0.0418772652	0.0766804099	-0.1338779095	-0.1302300824	0.0258933241	-0.0613181002	-0.0181304256	0.0534887115	0.0740898897	0.1167303422	-0.0247407121	-0.1258912304	0.0049575198	-0.0050828279	-0.0069487359	-0.0428273468	0.0627458352	-0.0077129834	0.0548341922	-0.0275150264	-0.0021458943	-0.0526035124	0.0844343968	0.0051600415	-0.015291702	0.0139279858	0.1140947689	-0.1607610431	0.0557021187	0.049490814	0.0715286847	0.0518652275	-0.0574978195	-0.01964301	0.1223897478	0.036540446	0.0023182126	0.0202309718	0.057688277	-0.1046544662	0.0601167968	-0.0455863858	0.0313478307	0.0696574429	-0.2083152324	-0.051085092	0.0426105781	-0.0014433155	0.0298704008	0.0341032098	-0.0276171198	-0.0356245144	-0.0321971981	-0.0159957778	0.0688272366	0.0507344999	-0.0096667628	0.0417548553	0.1634623919	-0.057333845	-0.0150763703	-0.0614736395	0.0774423396	0.0266236028	-0.0007690288	0.092914326	0.1162423334	-0.0471869279	-0.042504596	0.0911287655	-0.0517055788	-0.037674825	0.0906543325	0.1052745830324113	0.0001267786143017	1.6072817044284043e-08	0.011082737832648	0.0455913646371755	0.0001488056614959	0.0020785725294798	2.214312489326176e-08	-0.1436704885997315	-0.0041902087963948	1.7557849757384458e-05	0.0206412092944855	0.0019550440018343	-1.0537786189999955e-07	3.822197049108275e-06	1.1104493778615374e-14	0.0025462832416009	8.015487470026257e-08	6.483558346457588e-06	6.42480393821479e-15	0.0023270186736958	8.199915296130001e-05	6.7238610863706765e-09	5.415015907728959e-06	0.0	0.0	0.0	0.0	0.0	0.0	0.0	0.0	0.0	0.0	0.0	0.0	0.0	0.0	0.0	0.0
3977.4814856509392	9.967237512034444	99.34582362130658	15820358.968696002	4793.399124637727	5.247332173009454	22976675.16807773	27.53449493390012	4520.052090962728	7.165153866721994	51.33942993380114	20430870.905016527	4635.701331237122	3376.249061516956	0.996728	17.905891	0.1608949743617981	0.1050177899673316	-0.0424205234	0.1079633314	-0.0787768714	-0.0431754381	-0.0603599275	-0.0343475382	-0.0182994992	-0.0597612285	-0.0497859282	0.0282054075	0.0624111724	-0.0492372055	0.0802700878	0.0046103969	-0.0319883398	-0.0050421391	-2.49121e-05	-0.0632705001	-0.0191759799	-0.0013335074	-0.0070260791	0.0153215337	0.0444643664	0.039038023	-0.0290774523	-0.1199915518	-0.0010804664	-0.0520977857	0.1421873638	0.0607950867	0.0186673185	0.0879305568	0.1154216222	-0.0711522155	0.0199848969	-0.0457735185	-0.0832777191	-0.0116927158	0.0312168431	0.0242240011	-0.0100093296	-0.0299794984	0.0638491853	-0.0239765519	-0.007910354	0.0399908725	-0.0199834803	0.012036637	0.0694190957	-0.0337576159	0.0247983764	-0.0437249358	0.0330487545	-0.173800812	0.0063831666	-0.0296001018	0.0292402691	0.0612117492	-0.1299060227	0.0101984503	-0.069746252	-0.1788611749	-0.0184778251	-0.0190144011	-0.0130344022	-0.1371878869	-0.0500539729	-0.0303726654	-0.0341399046	-0.1288623314	-0.0788820608	0.0664451719	0.161638146	-0.0906025091	-0.0623404996	0.0832727455	-0.0313380213	0.1504727771	0.0010002619	0.0044542358	0.0219111366	-0.0482057789	-0.0403752488	0.0908475206	-0.0555720611	-0.0321558829	0.089533037	0.1058929171992559	0.0006183341668446	3.8233714188741273e-07	0.0112133099129684	0.02974364479347	-0.0158477198437055	0.0008846844056001	0.0002511502242445	-0.0828446245213285	0.060825864078403	0.0036997857408843	0.0068632318120799	0.0002910374861978	-0.0016640065156365	8.470281837233464e-08	2.7689176840807257e-06	0.0025423463286387	-3.936912962200154e-06	6.4635248547426766e-06	1.549928367193959e-11	0.002331136370554	4.117696858200147e-06	1.695542741603136e-11	5.434196778119676e-06	0.0	0.0	0.0	0.0	0.0	0.0	0.0	0.0	0.0	0.0	0.0	0.0	0.0	0.0	0.0	0.0
3982.213130510856	4.7316448599167416	22.38846308037652	15858021.416813072	4807.187881961946	13.78875732421875	23109055.33248178	190.12982854619625	4518.006421770368	-2.045669192359128	4.184762444567247	20412382.02715829	4637.360241833362	3403.52734910633	0.865797	15.553764	0.1270524561169633	0.0776987426955242	-0.0402469455	0.1109920273	-0.0720956099	-0.035039819	-0.0690211328	-0.0876215022	-0.002944379	-0.0527111283	-0.0801034708	0.0397862179	0.0607894697	-0.0387978436	-0.0809054886	-0.0334581005	-0.0853518412	0.0285985539	-0.052220126	-0.0710349598	-0.0884317097	0.0218276711	-0.0598117577	-0.0320271952	0.104738097	0.0783522284	-0.012226181	0.0287264007	0.0230760345	0.0869236176	0.0151721397	-0.0108082553	-0.0460465469	0.03272367	0.0097865817	0.0199838673	-0.0648098582	-0.0410756735	0.0746686255	0.0489387248	0.0817458953	0.0365721905	0.0100865141	-0.0603970341	0.0656939926	-0.0710985247	-0.033997427	0.0070278476	-0.0396356353	0.0592828866	0.1544752522	-0.0450212132	-0.021578848	-0.05707564	-0.0733983738	-0.0729455264	0.0261759721	-0.0666503933	0.0673659027	0.0535403823	-0.1875012974	-0.0048942938	0.0917782924	-0.0739939939	-0.0101083704	-0.0321695623	0.0445741691	-0.0013667714	0.0258623441	0.0626215529	0.0384477096	-0.0461991061	-0.149579569	0.0203637358	0.0931924792	0.0060800805	-0.1016477038	0.0279452266	0.0252576316	0.0210638704	0.014163375	0.0147507787	-0.0469832746	-0.0492163702	-0.0382182304	0.0904261954	-0.0592862243	-0.0264992443	0.0878597406	0.1053173346494276	-0.0005755825498283	3.312952716668623e-07	0.0110917409776595	0.0698404759754964	0.0400968311820264	0.0048776920844838	0.0016077558708399	-0.1017124026266671	-0.0188677781053386	0.0003559930506322	0.0103454128480892	0.0013798448313639	0.0010888073451661	1.9039717586416691e-06	1.1855014348876508e-06	0.0022831133523821	-0.0002592329762566	5.21260657982543e-06	6.720173597885503e-08	0.0023289314063813	-2.204964172700021e-06	4.861867002890689e-12	5.42392149562918e-06	0.0	0.0	0.0	0.0	0.0	0.0	0.0	0.0	0.0	0.0	0.0	0.0	0.0	0.0	0.0	0.0
3967.321930755421	-14.891199755435082	221.74783015626983	15739643.30225292	4766.573763939642	-40.61411802230396	22720225.447077725	1649.506582729635	4486.376681373233	-31.62974039713572	1000.4404775901992	20127575.727169503	4601.889896602421	3295.788359785502	2.575426	46.266689	0.1834236622654954	0.0800377510489807	0.279178835	0.1072574681	-0.0121644709	0.2696891514	0.0399533321	-0.0453326856	-0.1547144469	0.0501195892	-0.0604183185	-0.0155046869	0.0613499971	0.2789159925	0.0408500737	0.0857822308	0.059316279	0.1062184	-0.0183265251	0.0072661723	-0.0275792103	0.0603738933	-0.04044577	-0.0783218561	0.0354352215	-0.0478540578	0.0027437427	0.1298355356	0.0224954229	-0.0137148926	-0.017010356	-0.1424397461	0.1168354647	-0.0371633581	0.0375190862	-0.0262011346	0.0508692201	0.2736924641	-0.0307746442	-0.0902947241	-0.0530073763	-0.0098759724	0.1289945276	0.015070334	-0.0005240921	-0.0348609992	-0.0717920017	0.0140598155	-0.0053774102	0.0738876581	0.0752280301	-0.0617818251	0.0787511618	-0.055750387	-0.0793856153	0.0200781754	0.0404751105	-0.156886952	0.1548830873	-0.2508924155	-0.1447135781	-0.0232920961	-0.0949597421	-0.0703543946	0.0168321679	-0.0115498451	-0.1792451636	0.0492693996	0.0636957695	0.0251161042	0.053023791	-0.0105253433	-0.0071435506	0.0111933702	0.0871136059	-0.1481254272	0.0832634161	0.0582468326	-0.0509100307	-0.1345720533	-0.1734455567	0.0492361488	-0.2435953536	-0.0502185284	-0.0360350191	0.0898654396	-0.0628378881	-0.0207291319	0.0856447597	0.0623413049338523	-0.0429760297155752	0.001846939130114	0.0038864383008555	0.0909885059457593	0.0211480299702628	0.0082789082142414	0.0004472391716231	-0.0822757249988299	0.0194366776278372	0.0003777844372084	0.006769294924083	0.0021071305463396	0.0007272857149757	4.439999139317421e-06	5.289445112077152e-07	0.0018780466431218	-0.0004050667092602	3.5270591937410613e-06	1.6407903895096837e-07	0.0014640253315809	-0.0008649060748004	7.480625182266351e-07	2.1433701715105643e-06	0.0	0.0	0.0	0.0	0.0	0.0	0.0	0.0	1.0	0.0	0.0	0.0	0.0	0.0	0.0	0.0
3966.5234183541647	-0.7985124012561755	0.6376220549599034	15733308.028352007	4774.009777438256	7.436013498613647	22791169.355076063	55.29429675156437	4484.989634195964	-1.3870471772688688	1.9238998719695368	20115132.018845245	4601.450643619076	3278.7556566221524	0.961565	17.2742	0.0620989560069166	0.0325869279597966	0.2979789439	0.0398305841	-0.0629721684	0.2708158387	0.028824753	-0.0383362343	-0.0698238577	0.0937476786	-0.1007722412	-0.0347889851	0.0283417314	0.2987109963	0.0123122181	-0.0507606127	0.0326174442	0.0853505126	-0.0025866643	0.002966873	0.0072464729	0.026598226	-0.0234208856	-0.0835236288	0.0134424179	0.0255810844	-0.0065408558	0.0445081891	-0.0799158419	-0.0623900428	-0.1138313666	0.0065641976	-0.0018707217	0.0273046636	0.0195145306	0.0944485655	0.0842861836	0.2920035061	-0.0133439633	0.0588253682	-0.0273961797	-0.0049524085	0.0866842642	0.0100765534	-0.0097196621	-0.016739366	-0.0395857266	0.0034240251	0.0751464419	0.0760735723	0.0601728508	-0.0366992556	0.0116077473	0.0281905986	0.0032459276	-0.0177260414	-0.0117224778	-0.1025757103	-0.079711805	-0.3048426736	-0.0804598898	0.0574760895	0.0389581826	0.0035003958	-0.0161744436	0.0729827643	-0.125698188	-0.0324182371	0.0745441071	0.0031366798	0.065245009	-0.0403618535	0.0370078298	0.0660605692	0.0517469506	0.0818106231	-0.0237809576	-0.1018182897	-0.0876145504	-0.0180687882	0.1194354176	-0.0554351195	-0.1153214592	-0.051212082	-0.0338271112	0.0891661178	-0.0662173176	-0.0148702542	0.0829017503	0.0781701147384978	0.0158288098046455	0.0002505512198316	0.0061105668382299	0.0911565175186837	0.0001680115729243	0.008309510686134	2.8227888636530325e-08	-0.0638527606633232	0.0184229643355067	0.0003394056149073	0.0040771750443276	0.0020990425656251	-8.087980714499999e-06	4.405979692306002e-06	6.541543203812392e-11	0.0016027565229694	-0.0002752901201523	2.568828471920961e-06	7.578465025352273e-08	0.001193820026571	-0.0002702053050099	7.301090685549313e-08	1.425206255841983e-06	0.0	0.0	0.0	0.0	0.0	0.0	0.0	0.0	0.0	0.0	0.0	0.0	0.0	0.0	0.0	0.0
3973.185916683039	6.662498328874335	44.38888398225331	15786206.32852844	4782.91702172064	8.907244282384454	22876295.23666504	79.33900070607055	4488.263674418132	3.2740402221679688	10.719339376373682	20144510.81110135	4604.123144799536	3297.258862509488	0.9729890000000002	17.479437	0.0787612365937753	0.0405050479546348	0.2994812339	-0.026495334	-0.0745775431	0.2921631343	0.0231988816	-0.0115928474	0.0315641578	0.066159924	-0.0559074313	-0.0476351617	-0.0986933437	0.2764369781	-0.0176534066	0.1159398097	-0.025026289	0.0438369644	-0.0005556787	0.0007520494	0.0622631855	-0.0077251379	-0.0427242288	-0.0592939484	-0.0600952058	-0.0305329822	-0.0122771472	0.0387981903	0.0311361298	0.1060004007	-0.0784922474	0.1228295865	0.0917367261	-0.0481090664	0.101276382	0.1632518815	0.1418222137	0.2782560582	0.0373461996	-0.1112794981	0.0199737507	0.0311598444	0.0288114397	0.0009029859	-0.0543406852	0.01652592	-0.036082301	0.0419377432	0.0404252899	0.0145682772	-0.0024145486	0.0726215743	-0.053810558	0.0226973958	-0.0592515847	0.0401691618	0.0107765476	-0.0394109847	0.0774070263	-0.3141187503	-0.0449517829	-0.0575222308	-0.0515972221	0.0156769867	-0.043265481	0.02581896	-0.042178034	-0.0517305116	0.0813579216	0.0796821981	0.0362784	0.0234491013	0.0465129976	0.0636523341	0.0970082991	0.1870482417	0.0229358156	-0.1578401225	-0.132790283	0.0968052055	0.1076034884	-0.0578548115	-0.0159110812	-0.0521968607	-0.0315960199	0.0883293083	-0.06941525	-0.0089476998	0.0796476241	0.0685767637593102	-0.0095933509791876	9.20323830098798e-05	0.0047027725277002	0.1225588196278835	0.0314023021091997	0.01502066426858	0.0009861045777574	-0.0605011570936753	0.0033516035696479	1.1233246488076544e-05	0.0036603900096735	0.0024056080199456	0.0003065654543205	5.78694994562659e-06	9.39823777827346e-08	0.0013530984700973	-0.0002496580528721	1.8308754697796536e-06	6.232914336388839e-08	0.0013258761180932	0.0001320560915222	1.7438811308119707e-08	1.7579474805298934e-06	0.0	0.0	0.0	0.0	0.0	0.0	0.0	0.0	0.0	0.0	0.0	0.0	0.0	0.0	0.0	0.0
3984.2911545609218	11.1052378778827	123.32630832436068	15874576.004312404	4788.296869093372	5.3798473727320015	22927786.90656939	28.94275775389142	4494.978513808477	6.7148393903453325	45.08906803813328	20204831.839599863	4613.566630537432	3325.7501528804632	1.157547	20.794958	0.1065267156402621	0.053620203375132	0.2969729462	-0.0478371391	-0.0528678506	0.2387756506	0.042641898	-0.0075591494	0.0942927557	-0.0197335633	0.0048913026	-0.1504583766	0.0161837369	0.2402102959	0.0472930677	-0.0614982597	-0.134669	-0.0359246568	0.0478501293	-0.0168829639	0.132511958	-0.0131789675	-0.0031927795	-0.1015569783	0.0319576451	0.1355077406	-0.0469784701	-0.1475477826	-0.0129391324	0.0302545219	0.0780339741	0.0983400243	-0.053806701	0.1345589638	-0.1376947066	0.0113005871	0.0224866713	0.2525126896	-0.0415067882	0.0554001436	0.0373357188	0.0722721965	-0.1091929296	-0.0884420231	-0.1051909186	0.0788525764	-0.0008312799	-0.045286847	0.0589743699	0.1124175369	0.0429396195	0.0833089287	-0.0877786929	-0.0055736184	0.0207495722	-0.1679980457	-0.0371637581	0.1225187441	-0.0347846532	-0.2504874538	-0.0601417186	0.0688933355	0.0062648973	-0.0698467753	-0.0220088007	-0.2140295155	0.0401213141	0.1403904183	-0.0413795053	0.0014770603	0.0374790342	-0.0333596753	0.0365230429	-0.1019421078	-0.0014445521	-0.1095425131	0.1794317257	-0.0008272505	0.0656475496	0.0088143193	-0.0688314042	0.0190352221	-0.0830356014	-0.0531726956	-0.0293432743	0.0873563013	-0.0724229201	-0.00298683	0.0759024438	0.0892434378598778	0.0206666741005676	0.000427111418379	0.0079643912010498	0.101185658177755	-0.0213731614501284	0.0102385374208654	0.0004568120303732	-0.0766593823748564	-0.016158225281181	0.0002610882442374	0.0058766609060944	0.0024039141899176	-1.6938300279999846e-06	5.778803432487191e-06	2.869060163754429e-12	0.0007149872072844	-0.0006381112628128	5.112067065803455e-07	4.071859837286738e-07	0.00165264412142	0.0003267680033267	1.0677732799818349e-07	2.7312325920640834e-06	0.0	0.0	0.0	0.0	0.0	0.0	0.0	0.0	0.0	0.0	0.0	0.0	0.0	0.0	0.0	0.0
3985.671948025801	1.380793464879389	1.906590592653628	15885580.877279785	4762.866289692541	-25.430579400831448	22684895.29348959	646.7143686619928	4495.258232480004	0.2797186715270072	0.0782425352008337	20207346.57667925	4609.638218202696	3334.540008792483	1.185637	21.29958	0.1698142355342469	0.0823120664309111	0.3018819878	-0.1099503855	0.1016808307	0.282669866	0.0340255272	0.1078971989	0.1124103727	0.0198376383	-0.0228945537	-0.053998388	0.0437867143	0.2893848383	-0.0599190144	0.0494922915	-0.0187220355	-0.060626475	0.0824931024	0.0431242414	-0.0360823479	-0.0282417976	0.095620329	-0.0914559788	-0.0389051214	-0.0155082743	0.0035686703	-0.145810961	0.0107304198	-0.0422946837	-0.1064447147	0.0724685232	0.0924927597	-0.0199143248	-0.041515279	0.0272613164	0.0617575479	0.2967723528	0.0810324902	-0.0437901456	0.0115491932	0.0029325492	-0.0756980415	0.0702844117	0.0398026821	0.027410534	0.0745455921	-0.056737499	0.0329399729	0.0871664629	-0.0508167632	0.1158530257	-0.0653158065	0.0219827104	0.1192382252	-0.0035721032	-0.0522178192	-0.1007337783	-0.0098553558	-0.3309637559	0.0659705748	-0.0772140788	0.016082637	0.0774066756	0.0340941147	-0.055421905	0.0824567593	0.0213542246	-0.0757964182	-0.0339024396	0.0594292686	0.0233665863	-0.0014224289	0.0529815674	-0.0386230602	-0.0567389255	-0.0821411129	-0.1367596383	-0.0330921964	0.089130226	0.160580048	0.0651447526	-0.0294353802	-0.0541394198	-0.0270704183	0.0862485974	-0.075232084	0.00298683	0.0716892996	0.0832762723714779	-0.0059671654883999	3.560706396595082e-05	0.0069349375400885	0.1260550578124082	0.0248693996346531	0.0158898776000895	0.000618487038188	-0.0484639265002826	0.0281954558745737	0.000794983731975	0.0023487521718247	0.0034239335590887	0.0010200193691711	1.1723321017053812e-05	1.0404395134842088e-06	0.0001472543200946	-0.0005677328871898	2.1683834786522923e-08	3.2232063119686613e-07	0.0010247520870485	-0.0006278920343714	3.9424840682718084e-07	1.0501168399102564e-06	0.0	0.0	0.0	0.0	0.0	0.0	0.0	0.0	0.0	0.0	0.0	0.0	0.0	0.0	0.0	0.0
3983.076723216968	-2.5952248088333363	6.735191808384027	15864900.183032818	4767.202311854208	4.336022161667643	22726217.88214811	18.80108818647293	4491.080214727493	-4.178017752511551	17.45583234030167	20169801.49511674	4607.485017009358	3307.4849352991337	1.065894	19.148439	0.1389213890944935	0.0765420745617952	0.3047469829	-0.0838349711	0.1934705276	0.2953614071	-0.0336766371	0.1407625587	0.0382608448	0.0399000983	0.0667067112	-0.0975377999	-0.015072037	0.2793187506	0.0811059947	0.0282142559	0.1138139042	-0.0602824511	-0.007626539	0.0641473646	-0.1413328927	-0.1639280019	-0.0171318447	-0.1123837741	-0.0290791293	0.0027520657	-0.0642909141	-0.0129243942	0.0824497789	0.0156122365	-0.0314047776	0.0387575766	-0.0307693227	-0.0138931433	0.0381033389	-0.0652678548	0.0392878475	0.2848046764	-0.0699977737	-0.0356701618	-0.0305062946	-0.1107965512	-0.0254412262	0.0783959147	0.0720856511	-0.1152453462	0.1615122824	0.048373044	0.0337963822	0.085327576	-0.1047762521	0.0544893011	-0.0725767828	0.0350181929	-0.1031783247	0.0069937044	-0.0220957535	0.0467382209	-0.0605398677	-0.3269889757	0.1603208072	0.0463486857	-0.0532750728	0.1071160583	0.0672939458	0.0653172646	0.0805955573	0.0852935569	-0.1204918636	-0.0538487591	0.0923668859	-0.0628458968	0.0198147056	-0.066772929	-0.0916096085	-0.0700689837	-0.0211938461	-0.1279381874	-0.0654519773	0.0441275003	0.1205982392	0.0813593312	0.1341510854	-0.0550968674	-0.0247790096	0.0850079043	-0.0778350419	0.0089476998	0.0670341672	0.0769356936166332	-0.0063405787548447	4.0202938946387965e-05	0.0059191009522724	0.1266350438056775	0.0005799859932693	0.0160364343196658	3.3638375238858256e-07	-0.0577760381829222	-0.0093121116826396	8.671542398995297e-05	0.0033380705881144	0.0039379916024901	0.0005140580434014	1.550777786128255e-05	2.642556719856761e-07	-0.0007126118896882	-0.0008598662097828	5.078157053249873e-07	7.393698987262383e-07	-5.509791304209922e-05	-0.0010798500000905	1.166076022695667e-06	3.0357800215947274e-09	0.0	0.0	0.0	0.0	0.0	0.0	0.0	0.0	0.0	0.0	0.0	0.0	0.0	0.0	0.0	0.0
3984.385454634557	1.3087314175891152	1.7127779233848148	15875327.451103425	4755.146416448778	-12.05589540543042	22611417.441865653	145.3446140266783	4503.405588059199	12.325373331706032	151.91482776593026	20280661.890562817	4619.2985150347695	3428.6350370423984	2.307261	41.449188	0.0733065737963503	0.0326434513828838	0.0084726232	-0.0560461934	0.1028775723	0.1859805592	-0.0394624144	0.1077650543	0.0209846488	0.0361179869	0.081939948	0.0297117846	0.1088615216	0.2092641346	-0.0873524414	-0.0004554558	0.0249620243	-0.1756090043	-0.1021452728	0.0109459818	-0.2080306695	0.14554028	-0.0025121844	0.2012897172	-0.1349812354	-0.0887696305	0.1546507467	0.0110696027	0.1887170394	-0.0926677247	-0.0301073974	0.0158473043	-0.1821916859	0.0650978261	0.0809014606	0.0298873165	0.0300588824	0.202369148	0.0839920807	0.0154761037	0.0304639116	-0.1433469456	-0.057045915	0.0315749343	0.1420095898	-0.1605122925	-0.0766636981	-0.0759596469	-0.1431480964	-0.2733017857	-0.127398355	-0.0453861497	-0.109868666	-0.1306044367	0.0590873998	0.1027679138	0.107915736	-0.1494745181	-0.2016595977	-0.1641145864	0.1476215553	-0.0180699829	0.0580581179	0.2103956615	0.0840374145	0.2661927884	0.3042633312	-0.129431506	0.024641381	0.0651426666	0.0582788123	0.0681394024	0.0061930361	0.0039639973	-0.0986111406	-0.0114621853	-0.0871379691	0.1035212615	-0.0410436179	-0.0168540937	0.0254501633	0.0082426746	0.0622386421	-0.0560448744	-0.0224706185	0.0836361352	-0.0802246594	0.0148702542	0.0619657467	0.0918873805876359	0.0149516869710027	0.0002235529432788	0.008443290711257	0.1270639962786219	0.0004289524729443	0.0161452591502936	1.840002240451062e-07	-0.0752042587025485	-0.0174282205196263	0.0003037428704807	0.0056556805269998	0.0043140162970786	0.0003760246945884	1.8610736611459755e-05	1.4139457094037437e-07	-0.0003340006669592	0.000378611222729	1.1155644552919043e-07	1.4334645797634844e-07	2.2044629593986897e-07	5.531835933803909e-05	3.0601208798524167e-09	4.85965693936083e-14	0.0	0.0	0.0	0.0	0.0	0.0	0.0	0.0	0.0	1.0	0.0	0.0	0.0	0.0	0.0	0.0
3996.0173799947697	11.63192536021279	135.30168758556144	15968154.901220264	4824.959909746724	69.81349329794648	23280238.13066312	4873.923846462418	4524.051756359282	20.64616830008345	426.26426547537056	20467044.294217505	4641.147953511332	3445.755548662844	1.541987	27.701302	0.2058720916630309	0.1077714748348613	-0.0229336122	0.0062514588	0.0278670898	-0.0111764516	-0.1744480309	0.0204175886	0.0850238777	-0.0312660308	0.1059375408	-0.0010052164	0.0636429425	-0.0405838128	0.0671355951	0.0505097208	-0.1050203406	-0.0443799776	-0.0688650897	0.0059308665	-0.0902324518	0.1052941503	0.1134229461	0.0085138067	-0.0450638734	-0.0493815692	0.0208862992	-0.1319504946	-0.0113517359	-0.1245559152	-0.0066710731	-0.0079233609	0.0725541761	-0.0041744228	-0.0485156121	0.0182045265	0.0271096968	-0.0333362543	-0.063005007	-0.0589070562	0.1447827018	0.0274530474	-0.016811663	0.0356913601	0.1206052469	0.0124870166	-0.0145242702	-0.1461311476	-0.0509431454	-0.0317084131	-0.1196207246	-0.0166221017	-0.0562956488	0.0009227864	0.140939761	-0.0353481816	0.0287371114	0.0291784573	-0.1501465123	0.0140464959	0.1119029006	-0.018534568	-0.0549500364	-0.0831468854	0.0930586184	0.0947308259	0.2984654632	0.0682063378	-0.1885156972	-0.0199901684	-0.0614995927	0.0719170773	-0.0541877477	-0.1039454934	0.0527427664	-0.0324891938	0.1264180514	0.0848756387	-0.1033108857	-0.0293131671	-0.0041188445	-0.0079000881	-0.0341083789	-0.0569832784	-0.0201468273	0.0821354052	-0.0823943867	0.0207291319	0.0565152869	0.0971579378525007	0.0052705572648647	2.777877388221904e-05	0.0094396648877503	0.0928218775624429	-0.0342421187161789	0.0086159009542171	0.0011725226941728	-0.0621420621783244	0.0130621965242241	0.0001706209780374	0.0038616358917747	0.0028802960776497	-0.0014337202194288	8.296105494924247e-06	2.0555536675992525e-06	0.0006694071762451	0.0010034078432043	4.481059676084384e-07	1.006827299803905e-06	0.000629036766818	0.000628816320522	3.954099649549022e-07	3.956872540088429e-07	0.0	0.0	0.0	0.0	0.0	0.0	0.0	0.0	0.0	0.0	1.0	0.0	0.0	0.0	0.0	0.0
3995.1390538033447	-0.8783261914250033	0.7714568985431516	15961136.059224684	4824.756075951361	-0.2038337953636073	23278271.19242957	0.0415482161323329	4531.444093250093	7.392336890810839	54.64664470724286	20533985.57025116	4648.107489214886	3419.481209814021	1.343134	24.128956	0.0988583869093296	0.0475398770335166	-0.0640680883	-0.094113989	-0.091533812	-0.0443157795	-0.1141515554	-0.1115705856	0.0990925196	-0.0048252107	0.0418111997	-0.0561268131	0.0107116064	-0.0583169761	-0.0687789607	-0.0788913694	-0.1385482409	0.0351766001	0.0618102782	0.0843603082	-0.1460405695	0.020470858	0.0543723241	-0.0114022373	-0.0448718555	0.008657367	0.0044387794	0.0536121854	0.0510676429	-0.1634054945	0.0424034675	0.2314455439	-0.0151928061	-0.077313886	-0.0377932146	-0.0764968774	-0.0659196886	-0.0596225757	0.0583727785	0.0832582086	0.0739515848	0.1138271608	-0.0461049147	0.0942940334	0.0105368527	-0.0978338368	0.0122132863	-0.0891283334	0.0104389378	-0.0114138147	-0.0907641813	0.0028206187	-0.1090852215	-0.0740261072	-0.1046622296	0.0613210748	-0.1386631745	-0.0930436956	0.0457610256	0.0263396508	0.1712900106	0.0166962986	0.1318460639	-0.0810651373	-0.069065824	-0.0335280665	0.1903405773	0.0729361228	-0.0982445534	0.1695934268	-0.0177960327	-0.1125140374	-0.0059181806	-0.0878957632	0.0716265668	0.102619675	-0.038454831	0.0691945754	0.0221180349	-0.0716301668	-0.0330063519	0.1848080867	-0.0514393049	-0.0579119187	-0.0178092284	0.0805080284	-0.0843382767	0.0264992443	0.0507163915	0.0949236744263686	-0.002234263426132	4.991933057351497e-06	0.0090105039666032	0.1036780315922527	0.0108561540298098	0.0107491342348441	0.0001178560803189	-0.0944283384773072	-0.0322862762989827	0.0010424036372542	0.0089167111075848	0.0032382252526793	0.0003579291750296	1.0486102787089918e-05	1.2811329433737008e-07	0.0004878790833737	-0.0001815280928714	2.380259999935617e-07	3.2952448501527626e-08	0.0011592133620051	0.0005301765951871	2.8108722208418615e-07	1.343775618651167e-06	0.0	0.0	0.0	0.0	0.0	0.0	0.0	0.0	0.0	0.0	0.0	0.0	0.0	0.0	0.0	0.0
3985.846689998935	-9.292363804409888	86.348025073507	15886973.836175464	4805.487080235635	-19.2689957157254	23092706.07831161	371.2941958926437	4527.883797418504	-3.560295831588519	12.675706408426583	20501731.682925016	4648.441326568939	3383.409308802062	1.250523	22.465237	0.0774461774516136	0.0518407636441387	-0.065407443	-0.1130446901	0.1384958164	-0.0950631408	-0.0252911754	0.0773939792	0.0668383986	0.0336569456	0.0916018712	-0.0747281166	0.028293155	-0.0736548185	0.0060197198	0.0887228519	0.0832949823	-0.04132979	0.0928700494	0.1327815468	-0.1055165112	0.0225650997	0.1181691731	0.0263604266	-0.1115012905	0.0190855391	-0.0676374249	-0.0471118158	0.0176012402	0.0212968316	0.0828738371	0.1553021141	0.0033685936	0.1706188918	-0.0941634112	0.0557299493	-1.98871e-05	-0.0785894797	7.83601e-05	-0.0913412774	-0.0833012936	-0.0484886222	-0.0101335354	0.179497036	0.0131404338	-0.0315530051	0.031483428	-0.1114924454	0.0298931442	-0.0787830212	-0.1276874422	0.0275848035	-0.1497805944	-0.0479709375	-0.076234238	-0.1670362778	-0.034710326	-0.0085082248	0.0366174513	0.0393755513	0.1975090899	-0.0655097054	-0.0338644227	0.0175983385	0.0067737388	-0.0217291886	0.0620903861	-0.0010837715	-0.2135124318	-0.0203852717	0.0228303457	-0.085688858	0.0105268868	-0.0489413259	0.0699270192	0.0845137839	0.0062059349	0.1849099381	0.0757673743	-0.0073035758	-0.0411872404	0.0882050677	-0.1186066504	-0.058830636	-0.0154594239	0.0787565141	-0.0860510014	0.0321558829	0.0446048127	0.0960632011418596	0.0011395267154909	1.2985211353176785e-06	0.0092281386136213	0.1012959997311355	-0.0023820318611171	0.0102608795615302	5.674075787377462e-06	-0.0938495264442167	0.0005788120330905	3.350233696503587e-07	0.0088077336138037	0.0041607505431255	0.0009225252904461	1.7311845082119142e-05	8.51052911512845e-07	0.0006711636601801	0.0001832845768064	4.504606587463488e-07	3.359323609510115e-08	0.0007981070924194	-0.0003611062695857	1.3039773793410028e-07	6.369749309701487e-07	0.0	0.0	0.0	0.0	0.0	0.0	0.0	0.0	0.0	0.0	0.0	0.0	0.0	0.0	0.0	0.0
3977.165861276007	-8.6808287229278	75.3567873168083	15817848.288099322	4808.249952746975	2.7628725113399923	23119267.60809129	7.633464513918156	4524.413279578799	-3.4705178397052805	12.044494075712606	20470315.524428982	4643.330139294299	3376.3528684092835	1.104683	19.845264	0.1467242964338398	0.0721746145593819	-0.0645103618	0.0063818434	0.0670221677	-0.0848131083	-0.055902084	-0.0062672632	-0.0387536645	0.1115503383	0.1815823947	-0.0490266167	-0.0950563247	-0.071713722	0.025821448	-0.0963998497	0.0171855249	0.0164339455	-0.0030518455	0.1419833046	0.011088228	0.0025952997	0.0830191926	0.0109479615	-0.2167786054	-0.0028127774	-0.1066532367	-0.021047227	-0.0336841679	0.0389697137	0.1568485388	0.029064549	-0.0721658748	0.0120270324	-0.0646157428	-0.0780093576	-0.0976159407	-0.0685316	-0.0363540163	0.0914306289	0.0052162898	-0.0356946236	0.0322618008	0.1366456179	-0.0927787452	0.0016231703	0.0186953731	-0.0226510828	0.0791428374	-0.0694485406	-0.1867506495	-0.0115839433	-0.0852367628	0.0644955009	-0.0330508743	-0.1102355186	-0.1208350237	0.0328730867	0.0739440068	0.0505377983	0.205241098	0.0809552232	0.0616470366	0.0012003039	0.0796598468	0.0084118527	-0.0128386695	0.0044418323	-0.0057787247	0.0075103391	-0.1155761279	-0.0535088321	0.0378515792	-0.0947428791	0.0156969251	0.041169002	0.0623646387	0.0840897386	0.0187663197	-0.005630057	0.0403321437	0.0988134751	-0.1025865632	-0.059739273	-0.0130990243	0.0768835629	-0.0875278662	0.037674825	0.0382182304	0.1050710946667692	0.0090078935249096	8.114214575610839e-05	0.0110399349344731	0.0833176397254078	-0.0179783600057276	0.0069418290894128	0.0003232214284955	-0.0365434776441091	0.0573060488001076	0.0032839832290803	0.0013354257583255	0.0035253298210814	-0.000635420722044	1.2427950347405817e-05	4.03759494003045e-07	0.0008882109260228	0.0002170472658426	7.889186491062798e-07	4.710951560979164e-08	0.0004019351982443	-0.000396171894175	1.569521697342866e-07	1.6155190358768478e-07	0.0	0.0	0.0	0.0	0.0	0.0	0.0	0.0	0.0	0.0	0.0	0.0	0.0	0.0	0.0	0.0
3973.132071435367	-4.033789840640111	16.27146047845137	15785778.457068289	4806.301117927797	-1.948834819178046	23100530.436193995	3.797957152440728	4524.102068219866	-0.3112113589331784	0.0968525099290356	20467499.52367127	4641.733325463599	3396.31832764212	1.027401	18.456919	0.0672636874489387	0.0382892504990382	-0.0613593127	0.0291331867	0.0197545375	-0.0779140584	-0.0188333426	-0.0090909592	-0.0390166342	0.0952728614	0.1445336278	-0.0065306827	-0.0635713018	-0.0629632839	-0.0541475022	0.0482190871	-0.1092288458	0.0011902683	-0.0284408007	0.0859127426	0.0026633958	0.0055614565	0.0856975309	0.0176464916	-0.0481499733	-0.2076615693	-0.0449484308	-0.0083979094	0.0414825378	-0.0050813713	-0.1068879546	0.0433892132	-0.105473358	0.0003302405	0.0528478228	-0.0489174798	-0.0034140702	-0.0662712875	0.0548297848	-0.0487700247	0.0709299845	0.0346117321	0.0379233055	0.1418740005	-0.0447483834	0.1173679487	0.0008633946	-0.0027420092	-0.1415895454	-0.0234403314	-0.1539387262	-0.0289438587	-0.1131793614	0.0315426898	-0.0455923277	0.018456243	-0.0404361813	-0.0428301202	-0.1401332373	0.0549263664	0.1558707063	-0.0885361733	0.0344461193	-0.0742773245	0.0883918245	0.002746034	-0.0508318871	-0.00118681	-0.0718859831	0.0259450855	-0.1642367255	0.1274024066	0.0309715112	0.0363865187	-0.0594498205	-0.0180726302	0.0973448792	0.0398518774	0.0363774829	0.0344349852	0.1156005444	0.0063930997	0.0090133257	-0.060637674	-0.0107296473	0.0748920628	-0.0887648233	0.0430324377	0.0315960199	0.1277267729531388	0.0226556782863696	0.0005132797586154	0.0163141285290226	0.0734588390135257	-0.009858800711882	0.005396201029215	9.719595147660691e-05	-0.0367151321852361	-0.000171654541127	2.9465281489522505e-08	0.0013480009313793	0.0030768682533087	-0.0004484615677727	9.46711824821893e-06	2.011177777691482e-07	0.0006691573128214	-0.0002190536132013	4.4777150930235705e-07	4.7984485456588525e-08	0.0004259710954614	2.4035897217099986e-05	5.777243550309947e-10	1.814513741685852e-07	0.0	0.0	0.0	0.0	0.0	0.0	0.0	0.0	0.0	0.0	0.0	0.0	0.0	0.0	0.0	0.0
3966.8276608180254	-6.304410617341546	39.74559323204881	15735721.690631008	4798.320097892515	-7.981020035282199	23023875.76183924	63.69668080357588	4519.215088980539	-4.886979239327047	23.882566085613565	20423305.02046938	4640.305659501631	3374.028209179904	1.031996	18.539471	0.0664285229022526	0.0354481390683511	-0.0610853438	0.0248590857	-0.0209781175	-0.0555074233	-0.00437258	-0.127371529	-0.0529612197	-0.0329049814	-0.0068184965	0.0505704312	-0.0911747454	-0.0438029261	0.0697606223	-0.0692192908	-0.0782393547	0.061885372	0.0216650261	-0.0492280884	0.0417107129	-0.0452395079	0.0467858474	0.0080295949	-0.0500615669	-0.0701964377	0.0726634067	0.0017402457	-0.0986908359	0.0070687102	0.1034733194	0.0330565076	-0.0229411821	0.0167610321	0.0978775247	-0.0406078344	0.0412730992	-0.047330407	-0.0754851273	0.0612559778	0.0016474036	0.0835428049	0.0052630264	0.0210713202	-0.0348952826	0.0531251554	0.0160660574	0.1138828243	0.0026825348	-0.0500479919	-0.0787485056	-0.145862296	-0.1285943044	-0.0314730082	0.0526690972	-0.0804418129	-0.0797780009	-0.021993892	0.0380509366	0.0543829708	0.0994153999	0.0458255136	-0.0041131331	-0.1094937914	-0.0451831886	0.0735186285	-0.0555179091	0.0016304253	-0.0444361521	-0.0200786152	-0.0327646367	-0.0592090682	0.0032255151	-0.0503636301	-0.1579464986	-0.0995114219	0.0561236806	-0.005595366	0.0489370548	0.0197032547	0.0419431589	0.0289276076	-0.0198231527	-0.0615256851	-0.0083529168	0.0727850846	-0.0897584821	0.0482057789	0.0247790096	0.120408963800088	-0.0073178091530508	5.35503308004741e-05	0.0144983185634109	0.0521507686507902	-0.0213080703627355	0.0027197026708682	0.0004540338625832	-0.0645403828976824	-0.0278252507124462	0.0007742445772104	0.0041654610245794	0.0032193416910112	0.0001424734377025	1.0364160923482852e-05	2.0298680450768233e-08	0.000669279142992	1.218301705999689e-07	4.4793457124410603e-07	1.4842590468417528e-14	0.0004829236810687	5.695258560729999e-05	3.243597007356834e-09	2.332152817369435e-07	0.0	0.0	0.0	0.0	0.0	0.0	0.0	0.0	0.0	0.0	0.0	0.0	0.0	0.0	0.0	0.0
3965.759592819087	-1.0680679989382045	1.14076925035586	15727249.148036612	4779.931925127583	-18.38817276493228	22847749.20885388	338.1248976329972	4520.539746965681	1.3246579851420393	1.754718777600567	20435279.603896543	4638.391784399682	3400.9080087217258	1.067274	19.173227	0.076539994217111	0.044005532508454	-0.0526370797	-0.1011158803	-0.0548924906	-0.0595540825	0.1101918615	-0.0594713916	0.00042349	-0.0247681706	0.0458695167	0.0350300306	-0.1228930664	-0.0570148258	-0.0845127384	0.0177283945	-0.0033960078	0.0023427267	0.0661266462	0.0698566528	-0.0001462576	-0.1187331349	-0.037706183	0.0519699873	0.0317871073	-0.0417753208	0.0148862147	-0.0966734299	-0.1308926761	-0.0236224978	-0.0310093369	0.0586266397	-0.0212284651	-0.0798980963	-0.0164733421	0.0026039179	0.0449865848	-0.0612678598	0.0860401914	-0.0067457829	-0.0547306913	0.0461700726	-0.0139513057	0.0501143543	-0.044760289	-0.0346737681	0.0757530617	0.052259857	-0.11250422	0.0172924381	-0.0057953901	0.0391738544	-0.0494919489	0.0657436614	0.0866949676	-0.0204434468	-0.1791665164	0.0487371089	-0.0284659356	0.0533748038	0.0933344783	-0.0585265833	0.0702236438	0.0162310504	-0.0886719773	-0.0860170681	0.0142921929	-0.0321294937	0.0019154666	0.0273343763	-0.081385538	0.0857987057	0.0737862767	-0.0840953739	-0.0835250291	-0.1386858925	-0.0427199959	-0.0794896684	-0.0073021153	-0.0320887069	-0.0145888084	0.051437609	0.0177379319	-0.062403154	-0.0059704615	0.0705658771	-0.0905061192	0.0531726956	0.0178092284	0.1280528343577174	0.0076438705576293	5.842875710179335e-05	0.016397528387045	0.0522669418704282	0.0001161732196379	0.0027318332124867	1.3496216961058857e-08	-0.0613939162928787	0.0031464666048036	9.900252095144884e-06	0.0037692129577769	0.0030468676568312	-0.00017247403418	9.283402518244048e-06	2.9747292466323853e-08	0.0002328078489686	-0.0004364712940234	5.4199494541386475e-08	1.9050719050646133e-07	0.0011866480295661	0.0007037243484974	4.952279586680901e-07	1.4081335460731077e-06	0.0	0.0	0.0	0.0	0.0	0.0	0.0	0.0	0.0	0.0	0.0	0.0	0.0	0.0	0.0	0.0
3967.487244120736	1.7276513016486206	2.984779020088173	15740955.032260751	4770.260541362147	-9.671383765436076	22755385.63247668	93.53566393834048	4519.005627586728	-1.5341193789527097	2.353522268878248	20421411.86216052	4635.08503847227	3357.2880681130737	1.057028	18.989168	0.0451192772029341	0.0251396969890924	-0.0602609487	-0.012365272	0.0815126712	-0.0686926859	0.0229054273	0.0587039995	-0.0132007856	0.0115453806	0.0343410381	0.0562258344	-0.056501848	-0.0647787447	0.0958217451	0.0106214416	0.0466226055	-0.0444154388	0.0327630395	0.0877127468	-0.0700458282	-0.052903349	-0.0832140886	-0.0712165587	0.0242775745	0.0651489672	0.0260856285	0.0246927843	-0.0406099253	-0.0248690588	-0.082541284	-0.1238612037	-0.0518718214	-0.1168049388	-0.080882953	0.0296040245	-0.0563698753	-0.0622994158	-0.0939276539	-0.0247194886	-0.0217974735	-0.0767467569	-0.0327618039	0.0916672363	-0.0155034171	-0.1066249087	0.0643728214	0.0627751017	0.0300108601	0.0613872885	0.0455097646	-0.0105651481	0.0423709703	0.0495481907	0.0303844563	0.0771141232	-0.0011226573	0.072752863	-0.0851440351	0.0578908923	0.1260965872	0.016806216	-0.0571780933	0.0083940261	0.0223218856	-0.0274451787	-0.0572885239	-0.0629952319	-0.0306361091	-0.0644938563	0.0437553139	-0.0297689571	-0.0321672408	-0.1112603137	-0.1158473826	-0.0172910565	0.0196301022	-0.0722610483	-0.0664811579	-0.0649529743	-0.0242229384	-0.0531517359	0.0511890229	-0.0632699305	-0.0035839144	0.0682378621	-0.0910056853	0.0579119187	0.0107296473	0.1278892350688067	-0.0001635992889106	2.6764727332082573e-08	0.0163556564464845	0.0524342553366494	0.0001673134662212	0.0027493511327089	2.799379597895357e-08	-0.065216002858726	-0.0038220865658473	1.460834571683042e-05	0.0042531270288693	0.003376233255332	0.0003293655985008	1.1398950994409714e-05	1.084816974757902e-07	0.0005442040750107	0.0003113962260421	2.961580752582516e-07	9.696760959326265e-08	0.0010080842964699	-0.0001785637330961	3.1885006777250925e-08	1.0162339487892134e-06	0.0	0.0	0.0	0.0	0.0	0.0	0.0	0.0	0.0	0.0	0.0	0.0	0.0	0.0	0.0	0.0
3972.572603893252	5.085359772516313	25.86088401592716	15781333.093203211	4782.225202991116	11.964661628969225	22869677.89212342	143.1531278957285	4521.936107817151	2.9304802304232	8.587714380901211	20447906.16318053	4639.065837348687	3369.49464344486	1.041058	18.702271	0.0382604157171623	0.0245964631469016	-0.0570901459	0.064038195	-0.0060242438	-0.0602947203	-0.017889508	0.0338753607	-0.0442406604	0.0702272168	0.0266543597	0.0383337834	-0.0231701649	-0.0635444245	-0.0641488738	-0.0628109954	-0.0582671482	0.027320989	-0.0902118265	0.1052459322	-0.0161917273	0.0207800378	-0.00572512	0.011129494	0.1390815203	-0.0033517343	-0.0931405379	0.0394183722	0.0620669203	0.0229451216	0.0429050376	-5.95631e-05	-0.0096458232	0.0236750109	0.0563907444	-0.0339464982	-0.0273918743	-0.0637147065	0.0496213402	0.0633438189	0.0824506041	-0.0094870383	0.0401051081	0.0420598526	-0.0544440701	-0.0026183087	0.0121846355	-0.0614470465	-0.1311319051	0.0319242286	0.0572243002	-0.0518732488	0.0334775838	0.0037667902	-0.1146740793	-0.0158784285	-0.0069962083	0.0360367055	0.0389084466	0.0615321921	0.0412511572	0.0232262182	0.1059460905	-0.0266475639	0.0752429783	-0.0512638692	-0.0286777884	-0.0391062582	-0.0160405471	0.1097165193	-0.0517110281	0.0652085593	0.0415507333	-0.0085542602	-0.0565526235	-0.0063838749	-0.0035615192	-0.0693190579	-0.1229659701	0.0032168025	0.017210028	-0.104771872	-0.0168102874	-0.064125866	-0.0011949111	0.0658046293	-0.0912558111	0.062403154	0.0035839144	0.1278586125354195	-3.062253338720344e-05	9.377395510503895e-10	0.0163478247994825	0.052091655203597	-0.0003426001330524	0.0027135405418504	1.173748511675228e-07	-0.0673989761585787	-0.0021829732998527	4.765372427869799e-06	0.0045426219872246	0.0029561103983834	-0.0004201228569485	8.738588687430464e-06	1.7650321493065377e-07	0.0006712387326373	0.0001270346576266	4.5056143619252884e-07	1.6137804238307488e-08	0.0011750111769121	0.0001669268804422	2.7864583414164543e-08	1.3806512658683586e-06	0.0	0.0	0.0	0.0	0.0	0.0	0.0	0.0	0.0	0.0	0.0	0.0	0.0	0.0	0.0	0.0
3972.013742218769	-0.5588616744830688	0.3123263712060195	15776893.168374749	4782.647598758821	0.4223957677049839	22873718.053913515	0.1784181845750827	4521.046026683989	-0.8900811331623117	0.7922444236115049	20439857.175395086	4638.425001878005	3364.837538142472	1.023547	18.387695	0.0766432411718074	0.0339931254129037	-0.0515615396	0.0555861756	-0.0146029003	-0.0195157364	-0.0460544423	-0.0239805903	0.0212797893	0.0055477599	0.0387139574	0.113335349	-0.0256924336	-0.0449452622	0.0524720026	0.0763216135	-0.0272036278	0.06430292	0.0179720631	0.0032799115	-0.0349488543	-0.0160532768	0.0562472636	0.0265476979	-0.0199871183	-0.020822527	-0.0785459883	0.0825629366	-0.1051732698	-0.0038872841	0.0983171126	-0.0555570351	0.0763370287	0.1245939568	0.0435873968	0.0377507066	0.0385571074	-0.0406504596	-0.0421238565	-0.080813555	0.0131451629	0.0833144036	0.0198990011	0.0223824654	0.0172833079	-0.0221783194	0.0518433358	-0.0432090307	0.0522892605	-0.0294543778	-0.0387088598	-0.1243341666	0.085750678	0.0804954648	-0.0437477913	-0.0660882783	0.0491451795	0.0275390298	0.0209736267	0.0528246943	0.0346093317	-0.0548860367	-0.0497097444	-0.1039646292	0.0096722022	0.0566931358	-0.0064614102	0.0364444096	-0.02485891	0.0219132265	0.0385486119	0.0153512343	-0.0593493969	-0.0078129957	-0.1397018623	-0.0244531166	-0.0135653152	0.0102253484	-0.0618311016	-0.0683838432	0.00106513	-0.0233167062	-0.0384723594	-0.0649708138	0.0011949111	0.0632699305	-0.0912558111	0.0666271694	-0.0035839144	0.1065471225257113	-0.0213114900097081	0.0004541796064338	0.0113522893185089	0.0523475077784922	0.0002558525748952	0.0027402615706193	6.546054008050482e-08	-0.0769141670205328	-0.009515190861954	9.053885713941478e-05	0.0059157890884624	0.0033288169042348	0.0003727065058513	1.1081021981919358e-05	1.3891013950395953e-07	0.0004319583764702	-0.0002392803561671	1.8658803900277105e-07	5.725508884745425e-08	0.0008757838844256	-0.0002992272924865	8.953697256880146e-08	7.669974122195927e-07	0.0	0.0	0.0	0.0	0.0	0.0	0.0	0.0	0.0	0.0	0.0	0.0	0.0	0.0	0.0	0.0
3969.518166325964	-2.4955758928049363	6.227899036749155	15757074.472791843	4799.391539542906	16.74394078408477	23034159.149836022	280.35955298093734	4521.166880289714	0.1208536057247329	0.0146055940166691	20440949.959428623	4641.047780869033	3375.821455896428	1.106907	19.885231	0.0533345087614936	0.0383573376933878	-0.0522468619	-0.095736229	-0.0753870928	-0.0501631479	0.0313140589	-0.0914413967	0.0475413401	0.0283367359	0.0637959549	-0.0283363399	-0.0367895534	-0.0530450019	-0.023844527	-0.1020707431	0.0236693129	0.1169134331	0.0762470031	-0.0223742539	-0.0057234569	0.017302985	0.0135604977	0.0344272533	-0.0424130234	0.0765001057	-0.0215364949	0.0497486826	-0.0553156067	0.0318909595	-0.0521648882	0.0336030917	0.0275906139	0.0059532555	-0.111599553	-0.0624101081	0.047537978	-0.0579734104	0.0069734743	0.1069818417	-0.0732921558	0.0967308905	0.0421862603	-0.0085779056	-0.0043422696	-0.0224760933	-0.0238603267	-0.0336387719	0.1006824476	-0.0395798997	-0.0132497711	0.0521163917	0.0430743558	0.0283388935	-0.0503797738	0.0394508211	-0.1035984443	0.0937169127	-0.0130237054	0.0504183628	0.04065824	0.0783798069	0.0576877551	-0.0169959446	-0.1158540998	-0.026221004	-0.0165933782	-0.0622671095	-0.0616407487	0.0377325433	-0.0522767896	-0.0171867015	0.1429895351	-0.077120933	0.059711673	-0.0156574235	-0.0183060743	0.0119475579	-0.0409134191	-0.0064862434	0.0006831639	-0.0191661688	-0.0114957728	-0.0658046293	0.0035839144	0.060637674	-0.0910056853	0.0705658771	-0.0107296473	0.1066917955803319	0.0001446730546205	2.0930292733254436e-08	0.0113831392441553	0.0522457831496865	-0.0001017246288056	0.002729621856924	1.0347900105657335e-08	-0.1144182046340702	-0.0375040376135373	0.0014065528373176	0.0130915255516839	0.003279232521364	-4.958438287079982e-05	1.0753365929171298e-05	2.4586110246780662e-09	0.000530205640717	9.824726424680004e-05	2.811180214481245e-07	9.652524931980554e-09	0.0010396337065986	0.000163849822173	2.6846764226123733e-08	1.080838243895944e-06	0.0	0.0	0.0	0.0	0.0	0.0	0.0	0.0	0.0	0.0	0.0	0.0	0.0	0.0	0.0	0.0
3970.5315710080768	1.0134046821126503	1.0269890497278418	15765120.956371866	4780.544440484816	-18.847099058089952	22853605.14745028	355.2131429054552	4522.351462227957	1.184581938243355	1.403234368412383	20451662.747915342	4641.791703645476	3355.344864521758	1.072874	19.273834	0.0786410574484341	0.0465874398439466	-0.0541827414	-0.0155248659	0.0897945089	-0.0517083433	0.0214068544	0.0559631275	0.0174118468	0.082722849	0.0100156981	0.0092493272	0.0504317683	-0.0638424224	-0.0392699648	0.0959701556	0.1045011611	-0.0243795517	0.0105118271	0.0618419935	0.0877123137	0.0248829107	0.0111514531	0.0625118698	0.0065130655	0.0911501004	0.0300487167	0.0278403889	-0.0017985418	0.0189382811	0.051519991	0.0265172966	0.034079285	0.0672106583	-0.0680052838	0.0646072901	-0.0923207238	-0.0671256779	0.0496741599	-0.0875800107	-0.0936505553	-0.0660853958	-0.0045747321	-0.0424323428	-0.0765279304	0.0180221004	0.0429867986	-0.0461927473	0.0486686151	-0.0699937123	0.0389167196	-0.0046130191	-0.0102162504	-0.0569167262	-0.0303721188	-0.0108563593	0.0336783064	0.1075192601	-0.0080809825	0.0606692274	-0.0084774431	-0.0768916553	-0.0346676909	0.0413306643	0.0073326063	-0.0653900969	-0.0925834883	-0.1193216159	-0.1366898791	0.0377319912	0.0648902781	-0.0635972303	0.0086484695	-0.0294940414	0.010464825	0.075672328	0.0518939613	-0.034516631	0.0502635802	0.0027696644	-0.0403069526	-0.0696866397	-0.0132002615	-0.0666271694	0.0059704615	0.0579119187	-0.0905061192	0.0742024108	-0.0178092284	0.1066246531001695	-6.71424801624021e-05	4.508112642358559e-09	0.0113688166487314	0.0519902338155588	-0.0002555493341277	0.0027029844121964	6.530546217311364e-08	-0.1458599184523592	-0.031441713818289	0.0009885813678311	0.0212751158109288	0.0031254428572786	-0.0001537896640854	9.76839305411382e-06	2.3651260779500183e-08	0.0006731294506907	0.0001429238099736	4.531032573871635e-07	2.0427215457398295e-08	0.0016804532688566	0.0006408195622579	4.106497113725346e-07	2.823923188810832e-06	0.0	0.0	0.0	0.0	0.0	0.0	0.0	0.0	0.0	0.0	0.0	0.0	0.0	0.0	0.0	0.0
3972.404132166751	1.872561158674216	3.5064852929753227	15779994.589255478	4794.958736296623	14.414295811807278	22991629.282787308	207.77192375028488	4518.903989156087	-3.447473071870263	11.885070581270588	20420493.2632108	4635.2934811770265	3371.935879597622	1.103215	19.81889	0.0512245106552792	0.0409031126099062	-0.0520037591	0.095712714	-0.0208595422	-0.057881576	-0.0509991993	0.0521124185	0.0008451124	0.1185479815	0.042434265	0.027292725	0.0058955195	-0.0459165626	0.0653886381	-0.0906916404	-0.0099266271	0.0292756713	-0.0783537259	0.0342869768	0.0930450093	-0.0317039348	0.0484593427	0.04477554	0.0815018479	-0.0743845533	-0.1223833407	0.1017216536	0.0201478278	0.0784022299	0.0203225987	-0.0029791825	0.0470392541	0.081570937	0.0182841664	0.0383591946	0.0565044616	-0.0440142341	-0.0697007332	0.0871288912	0.0576834363	-0.0183174221	0.0586938705	0.0106820352	-0.0383383844	0.1287618161	0.0376804532	-0.0196978623	-0.0765675541	-0.018742528	0.0384920781	0.0055656409	0.017201926	0.0805232813	-0.1516615192	0.0150803995	0.0937220829	0.0524993441	-0.0262506815	0.0570958582	-0.0575678545	0.1035504015	0.0064821357	-0.0831507759	0.0889808635	-0.0671642623	-0.0067987989	-0.023362547	-0.0275132184	0.1660555448	0.0209296127	0.1103190118	-0.0305699105	0.0271603781	-0.0970368881	0.1116040807	-0.0536605636	-0.0772314993	0.104754407	0.0225390577	0.0611159274	-0.0588839376	-0.0688921681	-0.0674382934	0.0083529168	0.0550968674	-0.0897584821	0.0775211985	-0.0247790096	0.1066425465324414	1.7893432271903764e-05	3.201749184692071e-10	0.0113726327309239	0.0553405028309157	0.0033502690153568	0.0030625712535785	1.1224302475260487e-05	-0.1055073736130438	0.0403525448393154	0.0016283278750089	0.0111318058867224	0.003069886153974	-5.5556703304599896e-05	9.42420099836128e-06	3.086547282075341e-09	0.0007475517271169	7.442227642619995e-05	5.5883358471546e-07	5.538675228457717e-09	0.0016603561812207	-2.0097087635899792e-05	4.0389293144503626e-10	2.7567826485177863e-06	0.0	0.0	0.0	0.0	0.0	0.0	0.0	0.0	0.0	0.0	0.0	0.0	0.0	0.0	0.0	0.0
3965.667157933647	-6.736974233103865	45.38682181750541	15726516.00751353	4786.561931979271	-8.39680431735178	22911175.128673136	70.50632274389748	4516.354781014578	-2.549208141508643	6.4984621487339504	20397460.50799324	4634.868938068767	3355.728005063217	1.056778	18.984669	0.0512127493558027	0.0296004375209283	-0.0487322037	0.013337296	-0.0934421569	-0.0338007781	0.0140869691	-0.0757744905	-0.005912535	0.0834957154	-0.0318947638	0.1133144047	8.19901e-05	-0.0446418311	-0.074712271	0.0451085465	-0.0063998492	0.0753261621	-0.0036253026	-0.0348630623	0.1011301774	-0.1084674424	-0.1056985582	0.0468669032	0.0250476201	-0.0171842762	-0.0001779114	0.0811173081	-0.0580039402	0.0502632514	-0.0515061827	0.0151017328	0.0774371555	-0.0022928813	0.0077689037	0.0125904472	-0.0337270355	-0.0493047412	0.0859453473	-0.0296910719	-0.0347006184	0.0581091949	0.0394942148	-0.0540083741	-0.0750635917	0.0054226	0.0313792926	0.1350011172	-0.0171738102	-0.0229908507	0.0420655968	0.0117557283	0.0379963168	0.0284299755	-0.038911831	0.0441318592	-0.0014572432	0.0105957295	0.0287221734	0.0522833414	-0.0513985484	-0.0918608127	0.0393669073	-0.0481134685	-0.0576785629	0.0007574487	-0.0639218513	-0.0376285364	-0.0032923633	0.1427218093	0.0438011859	-0.0283082474	0.0143881894	-0.0856072907	-0.1043122843	-0.0120916075	0.0345694881	-0.1306347711	0.1154120188	-0.0130610756	0.0259494084	-0.022285024	-0.0418750668	-0.0682378621	0.0107296473	0.0521968607	-0.0887648233	0.0805080284	-0.0315960199	0.1065792360038244	-6.331052861699438e-05	4.008223033763264e-09	0.0113591335471589	0.0519745867951257	-0.0033659160357899	0.002701357672524	1.1329390759988263e-05	-0.1290058579743345	-0.0234984843612907	0.0005521787672778	0.0166425113916941	0.0029350408953453	-0.0001348452586287	8.61446505734934e-06	1.8183243774641058e-08	0.0006720345801745	-7.551714694239997e-05	4.516304769503165e-07	5.7028394823200285e-09	0.0013850178181897	-0.000275338363031	7.581121415659086e-08	1.9182743567029565e-06	0.0	0.0	0.0	0.0	0.0	0.0	0.0	0.0	0.0	0.0	0.0	0.0	0.0	0.0	0.0	0.0
3963.13158632521	-2.5355716084372943	6.429123381513288	15706411.970528577	4781.654009419103	-4.907922560168117	22864215.065793782	24.087703856607167	4520.095630100796	3.740849086218077	13.99395188585862	20431264.505256318	4638.923781443166	3375.24028559772	1.070715	19.235041	0.0485405177580502	0.0331533725039701	-0.0498379231	-0.0937205263	-0.0051369177	-0.0620631228	0.1269172453	0.0166204547	0.0442745306	-0.0096124477	0.0999533056	-0.0479651495	-0.0728032006	-0.0523188487	0.0877827526	-0.0211832265	0.0504441201	-0.0212856777	0.072043476	0.0045270824	-0.003755494	-0.0890239957	-0.0760741674	0.0220337096	0.0742916159	-0.1091273245	0.019127527	-0.0008132766	-0.0676758096	-0.0312030724	-0.1316196805	0.0082388738	0.0521827948	0.026628232	-0.0761726695	-0.0217698739	-0.1142045019	-0.055724778	-0.0912338129	0.0064763111	-0.0869506283	-0.0091162263	-0.0218497703	0.0479714564	0.0132865161	-0.0021757205	0.009490675	0.0852398537	-0.1477395872	0.0698787061	0.042727411	0.0353540954	0.0075069874	0.0312469931	0.0321550656	0.0344634813	-0.0551384901	-0.0596869263	-0.0695482638	0.0587558496	0.0236315671	0.0694380772	-0.0765453178	-0.0200231907	-0.1071645373	-0.054553708	-0.1048950602	-0.0918029842	-0.0598223327	0.0435377199	-0.0465237003	0.0756435217	0.0254920329	-0.04374545	0.0049261384	-0.0652912357	0.0070441422	-0.0877022149	-0.0069884121	0.0965952908	-0.0164427751	-0.0758572475	0.0131624568	-0.0690257386	0.0130990243	0.0492163702	-0.0875278662	0.0831501106	-0.0382182304	0.1066670753641716	8.783936034718887e-05	7.715753226203295e-09	0.0113778649667458	0.0519599704259547	-1.4616369170994403e-05	0.002699838526666	2.1363824774279563e-10	-0.1207276743067424	0.0082781836675921	6.852832483438861e-05	0.0145751713435148	0.0027397430896526	-0.0001952978056927	7.506192197299173e-06	3.814123290838366e-08	0.0006700689633845	-1.9656167899999733e-06	4.4899241569117843e-07	3.863649365129799e-12	0.0007790836734536	-0.000605934144736	3.6715618775706884e-07	6.069713702419557e-07	0.0	0.0	0.0	0.0	0.0	0.0	0.0	0.0	0.0	0.0	0.0	0.0	0.0	0.0	0.0	0.0
3965.745204193505	2.613617868295023	6.83099836147102	15727135.024583785	4767.378426828692	-14.275582590411432	22727897.064591613	203.792258295658	4523.121089390346	3.025459289549872	9.153403912723617	20458624.389287718	4642.159036154276	3350.594657425332	0.983809	17.673801	0.0482582689983709	0.0332083092382507	-0.0535093728	-0.033607401	0.0580979493	-0.0680623217	0.0772070526	0.0489089391	-0.0556871813	-0.0459992028	0.0239148716	0.0334809935	-0.0317206986	-0.046224431	-0.0956195561	-0.049745459	0.0223331618	-0.0717396705	0.0258860388	0.0693355111	0.0281363207	-0.0217419672	-0.053039391	0.0790017469	0.1790589198	0.0098532252	-0.0273338443	0.1223454646	0.0039310615	-0.0143731965	0.0356841718	-0.0485555632	-0.0240013325	0.0953845322	0.0201115822	0.0710120649	0.0391144615	-0.055414886	0.0890642062	0.0505308745	-0.0566651785	-0.059487012	-0.0589403414	0.0373885094	-0.0613879138	-0.0110588534	0.0216959977	-0.0230489276	-0.1303408072	0.0093004174	0.1209651349	-0.0933943482	0.0508360267	-0.0431009223	-0.1133154458	-0.0348926294	0.0597562585	0.0364634858	-0.0507946461	0.0595733301	-0.0004552677	-0.0176491225	0.0759232878	0.0716802343	-0.0230300339	-0.0587528913	-0.1266087746	-0.041441842	-0.0643623071	0.1007793548	-0.0049459581	-0.0332356647	-0.0967644185	0.0560986426	-0.0423741967	-0.0139082307	0.0292977247	-0.0228917537	-0.1386920119	0.0235680641	-0.0146995365	-0.0804788079	0.0638459566	-0.0698017879	0.0154594239	0.0461599916	-0.0860510014	0.0854361313	-0.0446048127	0.1064405216987154	-0.0002265536654561	5.132656333163729e-08	0.0113295846594947	0.0521692493499728	0.000209278924018	0.0027216305777396	4.3797668038173e-08	-0.131736458474549	-0.0110087841678066	0.0001211933288533	0.0173544944914165	0.0033457953101303	0.0006060522204777	1.119434625728991e-05	3.672992939459508e-07	0.0006700870466787	1.808329419994599e-08	4.490166501265822e-07	3.2700552912180033e-16	0.0006488809324037	-0.0001302027410499	1.695275377690731e-08	4.210464644370952e-07	0.0	0.0	0.0	0.0	0.0	0.0	0.0	0.0	0.0	0.0	0.0	0.0	0.0	0.0	0.0	0.0
3966.165304620657	0.4201004271521924	0.1764843688934545	15730467.223576669	4769.4187887868575	2.040361958165704	22747355.582833096	4.163076920329786	4522.722671508789	-0.3984178815571795	0.1587368083445107	20455020.3633796	4640.173520400498	3351.22652577088	0.975825	17.530378	0.0199089433150541	0.0115487642592269	-0.0516692562	0.0554616732	0.0417320186	-0.0291698544	0.00981233	0.0495547091	-0.1002312245	-0.0217748044	-0.003595759	0.0582657448	-0.0203502428	-0.052754418	0.0761641197	0.0489304457	0.0046160005	-0.0310441813	-0.0529026666	0.1125390202	0.0251050549	0.0564461986	-0.1227262002	0.0053501875	0.0312731679	-0.0592258537	-0.0655821225	0.0141532058	-0.0568995887	-0.0959299578	0.0384043485	-0.0428848778	-0.0357312821	-0.1562326287	0.0518894435	-0.1103180822	0.090272746	-0.0481758911	-0.0759313723	-0.0544680155	0.0421859517	-0.0808872872	0.0104390103	-0.0056964739	-0.1145906951	-0.0857845191	-0.0464581767	-0.0232481279	-0.0443647493	0.026565495	-0.00502609	-0.0315634547	0.1061725694	0.0491791026	0.0369899458	0.0162341214	-0.0509997646	-0.0267299217	0.1186589543	0.0566278642	0.0218023437	0.0183357884	-0.0834064898	-0.0014418273	0.0545243037	-0.0368888839	-0.0881544775	-0.0394960897	0.0422563036	0.1131138056	-0.0107191844	-0.0723201199	0.0012755499	-0.0460983882	-0.0014537984	-0.0468291142	-0.0167403256	-0.039619977	-0.1073751413	-0.0196370319	-0.0283997135	-0.0783722777	0.0169127325	-0.0705658771	0.0178092284	0.0430324377	-0.0843382767	0.0873563013	-0.0507163915	0.1066395496445125	0.000199027945797	3.96121232082125e-08	0.0113719935483844	0.0522075713125502	3.8321962577400615e-05	0.002725630502355	1.468572815783693e-09	-0.1241545479422043	0.0075819105323447	5.7485367320479605e-05	0.0154143517747331	0.0032492388472106	-9.655646291969978e-05	1.0557553086222469e-05	9.323150531563361e-09	0.0006702919260896	2.048794109000716e-07	4.492912661809058e-07	4.197557301076038e-14	0.0007939132475598	0.000145032315156	2.1034372439538288e-08	6.302982446509482e-07	0.0	0.0	0.0	0.0	0.0	0.0	0.0	0.0	0.0	0.0	0.0	0.0	0.0	0.0	0.0	0.0
3966.102325603968	-0.0629790166890416	0.0039663565431185	15729967.657161204	4793.141225507183	23.72243672032528	22974202.807656497	562.754003949837	4520.189226059687	-2.533445449102146	6.418345843576375	20432110.639386076	4637.439768361522	3358.951094680831	0.956894	17.190292	0.0484903955361317	0.0283550166137862	-0.0475589445	0.065640389	0.0177894294	-0.0432191136	-0.0262359203	-0.0059214964	-0.0677555125	0.0904939056	0.0493872087	-0.0270101666	0.0507004734	-0.0415119198	-0.0477284337	-0.0835594412	0.0839335896	0.1204052231	-0.0522999085	0.0231875556	-0.0389988244	0.0289493843	-0.0167991757	0.0574385278	0.0440296664	-0.0160904389	-0.1066565673	0.1451926901	0.0239326905	0.0302645169	-0.0710332751	-0.0178062263	-0.0294416308	-0.0510873705	-0.0279476231	0.0433618604	0.0920732814	-0.0468903483	0.0387716827	0.0886107895	-0.0126563295	-0.0053620979	0.1429147632	-0.0320654252	0.0168709142	-0.0217011905	0.0331439654	-0.1023833369	-0.033055465	-0.0217265826	0.0363985868	0.0214634399	0.0656359788	0.1116596678	-0.1270718861	0.1249822071	0.0328993085	0.0404889488	-0.054021413	0.0574419848	-0.0415631621	0.0664041367	0.0772897269	-0.0263160711	0.0527467816	0.0286156941	-0.110111863	0.0099016171	-0.0920418274	0.119138299	0.0039135831	0.0846171956	0.0724000555	0.0541012975	0.0338656758	0.0351567881	-0.0073259919	-0.0767647008	-0.017923191	-0.0616400516	-0.0192416551	-0.0969952835	0.0325349337	-0.0713178751	0.0201468273	0.0398385309	-0.0823943867	0.0889023983	-0.0565152869	0.1066747008602817	3.515121576920521e-05	1.235607970053221e-09	0.0113794918036305	0.0519866402373878	-0.0002209310751624	0.0027026107631715	4.8810539972416106e-08	-0.1490390227755895	-0.0248844748333851	0.0006192370877333	0.0222126303099026	0.0034651455615623	0.0002159067143516	1.2007233762814909e-05	4.6615709302146514e-08	0.0009203763124117	0.0002500843863221	8.470925564485592e-07	6.254220028210136e-08	0.0007929075799973	-1.0056675624999564e-06	1.0113672462646036e-12	6.287024304171747e-07	0.0	0.0	0.0	0.0	0.0	0.0	0.0	0.0	0.0	0.0	0.0	0.0	0.0	0.0	0.0	0.0
3968.7177484943145	2.615422890346508	6.840436895348483	15750720.56721378	4784.51229563067	-8.628929876512302	22891557.90704107	74.45843081376661	4522.095579238165	1.9063531784777297	3.634182441092143	20449348.42776535	4637.8530638307	3344.823483987544	0.975052	17.516489	0.0339269914044369	0.022133582420626	-0.0490209119	0.0322792602	-0.033989356	-0.0303406211	-0.021065253	-0.0167327316	-0.0062582173	0.0359850317	-0.0205577559	0.1349776896	0.0047199701	-0.0426229057	0.0156425192	0.0839781191	-0.0161155046	0.0732287513	-0.0061660814	0.0527547725	0.003453482	-0.0584102783	0.0829021363	0.054729026	0.06725202	0.104810433	-0.1066181046	0.119949224	0.0479889687	0.0471823615	0.1014204755	-0.0069829417	0.0525708059	0.072854019	0.0005265292	-0.006853028	0.0396482736	-0.0438978065	-0.0031980252	-0.0852073128	-0.0005553558	0.0448956989	0.0435214482	0.0227397336	-0.0323907112	0.0229051973	0.0652629398	-0.0380050888	0.0480095783	-0.0822092364	0.0996469276	-0.0136714561	0.0784630369	0.0252795301	-0.1799962204	-0.039794416	0.0244424491	0.0546239636	0.0091424991	0.0550287619	-0.0410468704	-0.0708932053	-0.0483261971	-0.0553687052	-0.0341556136	0.0716341848	-0.0832454104	0.0010233276	-0.0326992451	0.0943721255	0.105462706	-0.0068426082	0.0138621492	-0.0250857335	-0.1008390607	0.0968524098	-0.0102123267	0.0162159685	0.0142192894	0.0438653606	-0.0492388955	-0.1036525827	-0.0679584759	-0.0720576532	0.0224706185	0.036583196	-0.0802246594	0.0900678015	-0.0619657467	0.106494223615229	-0.0001804772450526	3.2572035981811854e-08	0.0113410196634103	0.0522814152961785	0.0002947750587907	0.0027333463853714	8.68923352850639e-08	-0.156407983047508	-0.0073689602719184	5.4301575489113104e-05	0.0244634571609895	0.0036267899851143	0.000161644423552	1.3153605596125386e-05	2.612891966545843e-08	0.0005614413258485	-0.0003589349865632	3.152163623705215e-07	1.288343245791246e-07	0.0007939837464556	1.0761664582999717e-06	1.1581342459699046e-12	6.304101896356704e-07	0.0	0.0	0.0	0.0	0.0	0.0	0.0	0.0	0.0	0.0	0.0	0.0	0.0	0.0	0.0	0.0
3970.039331872052	1.321583377737625	1.7465826243123892	15761212.29661109	4803.049328219506	18.537032588835245	23069282.849309847	343.6215771995399	4520.752754574731	-1.3428246634339305	1.803178076726448	20437205.46799501	4638.077302165608	3349.52522772955	0.985941	17.712107	0.0151991479138189	0.0101632058293467	-0.0450490973	-0.0428443544	-0.0966820253	-0.0413176332	0.0334380319	-0.0934818905	-0.0150887504	0.0138973739	-0.0443510472	-0.0275551599	-0.0146570448	-0.0297175397	0.0272713352	-0.0923606223	0.0051835842	0.0326722648	0.0959284299	-0.0039410705	0.1055922511	-0.0072550265	-0.0023915845	0.1047873189	-0.0355377138	0.1347170444	-0.0591576161	0.0156680931	0.0395791741	0.0941099166	-0.0276610207	-0.039791381	0.0399213098	0.0316003898	-0.0101513776	-0.0308374347	0.0200202399	-0.0306054275	-0.0426939532	0.093126579	-0.0712649627	0.0626921637	-0.0094484778	-0.0364446155	-0.0831937334	0.021822256	-0.0121113036	0.0170620233	0.0717357534	-0.083252382	0.0634933086	0.0917765626	0.0582132493	0.0054349435	-0.0400756825	-0.0594536039	0.0451999232	0.0394748449	-0.0061615568	0.0428600893	-0.0253385679	0.0907232166	0.0385057094	-0.0276445978	-0.1136803133	-0.0065113975	-0.0403579287	0.010271507	-1.82032e-05	0.0835281964	0.004919224	-0.0437780061	0.0635215642	0.0236726069	-0.0320769304	0.0791387299	-0.0075954373	-0.0232612081	0.0189453257	-0.0477843576	0.0065351531	-0.0428848149	0.0367911613	-0.0727850846	0.0247790096	0.0332714524	-0.0778350419	0.0908475206	-0.0670341672	0.1064317144059714	-6.250920925759962e-05	3.907401242010378e-09	0.0113277098313942	0.0523523395760889	7.092427991039346e-05	0.0027407674590901	5.030253480807841e-09	-0.1651401380336139	-0.0087321549861059	7.625053070137432e-05	0.027271265189761	0.0036638216662018	3.703168108750007e-05	1.3423589201729736e-05	1.3713454041663102e-09	0.0004719564592952	-8.948486655329995e-05	2.227428994704618e-07	8.007541342061902e-09	0.0007941383875857	1.546411301000042e-07	2.3913879118606425e-14	6.306557786372154e-07	0.0	0.0	0.0	0.0	0.0	0.0	0.0	0.0	0.0	0.0	0.0	0.0	0.0	0.0	0.0	0.0
3963.296105727719	-6.743226144333221	45.471098833619074	15707716.0216765	4799.185426773563	-3.863901445942247	23032180.76055575	14.929734383954589	4524.096580505371	3.343825930640378	11.18117185442299	20467449.869740397	4640.141054258242	3352.1673721268467	0.968454	17.397957	0.0533164117407992	0.0336948066855875	-0.042250849	-0.1114041582	-0.0210038847	-0.0435932128	0.0780551025	-0.0510092633	0.0082540525	-0.0198536644	-0.0017405697	-0.0448597518	0.013991958	-0.0544867724	-0.0477110641	0.0723177182	0.0700077757	0.0691086659	0.0854627288	0.0354122731	0.1222986658	-0.0946116441	-0.0271937049	0.1227494314	0.0465395224	-0.0967621898	0.0896764499	-0.0644202451	-0.0601901192	0.0225985499	-0.0647781893	0.0495546923	0.0098265348	0.0483304657	-0.0158270214	-0.0189915246	0.0324219975	-0.0573420283	0.0577076855	-0.0631486907	-0.1167209834	0.0398220152	0.051536637	-0.0070363071	-0.0701508162	0.070706565	0.0503836319	0.0797950496	-0.1051478623	-0.0340803301	0.0356085897	0.1007730262	0.0077106123	-0.0365648735	0.0761047973	-0.0028941882	-0.0523701662	0.0465115252	-0.0795190984	0.0485755856	-0.0114710437	-0.067651125	-0.0210990972	0.0790963215	-0.1119859907	-0.017248382	-0.1016218279	-0.0113306233	-0.0236611933	0.0689545919	0.004391942	0.0933301672	0.0993583007	-0.0113015106	0.0064476493	-0.0450248063	-0.0054109353	-0.021755895	0.0153004895	0.0443316488	-0.0367490054	-0.0269858117	0.0411547975	-0.0735000446	0.0270704183	0.0299084066	-0.075232084	0.0912382167	-0.0716892996	0.1065727303361683	0.0001410159301968	1.9885492569296962e-08	0.0113577468513056	0.0524999432908686	0.0001476037147797	0.0027562440455444	2.178685661676815e-08	-0.1704245863178215	-0.0052844482842075	2.792539366846464e-05	0.0290445396216005	0.0039974454286162	0.0003336237624144	1.5979569954764558e-05	1.1130481484754015e-07	0.0005399832231736	6.802676387839999e-05	2.915818813089499e-07	4.627640603767586e-09	0.0002409220376462	-0.0005532163499394	3.0604832984038325e-07	5.804342822359701e-08	0.0	0.0	0.0	0.0	0.0	0.0	0.0	0.0	0.0	0.0	0.0	0.0	0.0	0.0	0.0	0.0
3966.234775026074	2.9386692983553075	8.635777245096076	15731018.290626133	4786.985358453566	-12.200068319997628	22915228.822048813	148.84166701260972	4522.1490144275485	-1.9475660778225572	3.79301362748514	20449831.708688047	4638.240145974631	3342.481121142002	1.002642	18.012133	0.096287112677793	0.048963871348526	-0.0471273422	-0.0620234635	0.0839697991	-0.0522642807	0.0405475462	0.0448950841	-0.0347657164	-0.0199103064	-0.0522496968	-0.0699191239	-0.0098797612	-0.042901949	0.0704676743	-0.0580618421	0.0597412261	-0.0680013133	0.0639472692	0.0310466081	0.0407831864	-0.1000834645	0.0478642465	0.0284601685	0.0412305286	0.0217438065	0.0427141165	0.0165542994	0.0935217096	-0.0076209561	-0.0109973954	-0.0051216815	0.0231249423	0.0593906404	0.1036522261	-0.0805512746	0.0585091117	-0.0410171098	-0.0718095711	0.0402219279	-0.054844404	-0.0591695457	-0.0629448063	0.0704294902	-0.0195774377	0.060809981	0.0688062042	0.0763147996	0.0036418696	-0.00095761	0.0706566289	0.0422018504	0.0438936738	-0.0609406431	-0.0016322483	-0.0286106228	0.034946874	-0.0062293746	-0.0625722992	0.0464644462	0.0411085621	0.0870473583	-0.0316371423	0.0209546301	-0.0327721471	-0.0481098345	-0.0823204667	-0.0664883066	-0.0651908004	-0.0570931908	0.0451988615	-0.0128154801	-0.0512295207	0.0524501378	-0.0309385964	0.0117237525	0.0211192503	0.0029137486	-0.0354031781	0.0964598465	-0.0461847422	0.0126925813	0.0824615199	-0.0742024108	0.0293432743	0.0264992443	-0.0724229201	0.0912382167	-0.0759024438	0.1131490240155557	0.0065762936793873	4.324763855755054e-05	0.0128027016356728	0.0524775528230492	-2.2390467819398407e-05	0.0027538935502959	5.013330491715157e-10	-0.1388493554796852	0.0315752308381363	0.0009969952024815	0.0192791435171239	0.0043121866475671	0.0003147412189508	1.8594953683455983e-05	9.9062034906698e-08	0.0009489709034622	0.0004089876802885	9.00545775617864e-07	1.6727092262785004e-07	0.0006794570922557	0.0004385350546094	1.9231299412135712e-07	4.6166194021657083e-07	0.0	0.0	0.0	0.0	0.0	0.0	0.0	0.0	0.0	0.0	0.0	0.0	0.0	0.0	0.0	0.0
3969.745834380255	3.511059354180816	12.327537788580608	15758881.989579389	4786.488067626953	-0.4972908266126978	22910468.021535203	0.2472981662331403	4528.720702398391	6.571687970842504	43.18708278611607	20509311.200331777	4646.0644757952	3340.711939448804	0.9572520000000002	17.196712	0.0669540859227629	0.0363420734091962	-0.0442771273	0.0163090658	0.0788929038	-0.0483353309	0.02564485	0.0658735859	-0.0301130029	0.0500272414	-0.1472039197	-0.000878312	0.0920595384	-0.0367370452	-0.0864566986	0.002455102	0.0152644791	-0.0808258969	-0.0389389773	0.0783643289	0.0420257313	-0.0556818034	-0.0937881233	0.0379607728	0.0347765439	-0.0073469733	-0.0106158039	0.0211561272	0.0496331555	-0.1838498743	0.0513877522	0.0326816638	0.0305665594	0.086794181	-0.022783144	-0.0850990123	-0.0175287149	-0.0372748935	0.0853813962	0.0048139105	0.0193385805	-0.0825077336	-0.0318973061	-0.0477983586	-0.1152421857	-0.0650121041	0.044993782	-0.0337842961	-0.0606876193	0.0089289525	-0.0099181102	-0.0160058579	0.0959924032	-0.0563025349	-0.0088413322	-0.0143884113	-0.0610908527	-0.0744933993	-0.0220800875	0.0395190503	0.0367393737	-0.0515168106	0.0599887775	0.0793568182	0.0340125686	-0.0401727356	-0.0610747577	0.0229850061	0.0308934099	0.0394225446	0.0265357673	-0.1032494577	0.0499743405	0.0568248926	0.0044627706	-0.0692807086	-0.0391220482	0.0567302793	-0.0104318908	0.0286559146	-0.0229427053	-0.0596742714	0.0875293228	-0.0748920628	0.0315960199	0.0230492221	-0.06941525	0.0908475206	-0.0796476241	0.1065012141437193	-0.0066478098718363	4.419337609208548e-05	0.0113425086140863	0.0531822709675111	0.0007047181444619	0.0028283539452617	4.966276631338244e-07	-0.1385813928924406	0.0002679625872445	7.180394816281812e-08	0.0192048024560089	0.004705925082682	0.0003937384351149	2.2145730883815583e-05	1.550299552867304e-07	0.000419480622724	-0.0005294902807381	1.7596399284091485e-07	2.8035995739621777e-07	0.0004160139017244	-0.0002634431905312	6.940231463731082e-08	1.7306756642795878e-07	0.0	0.0	0.0	0.0	0.0	0.0	0.0	0.0	0.0	0.0	0.0	0.0	0.0	0.0	0.0	0.0
3964.9821307185057	-4.763703661749332	22.692872576964	15721083.29691706	4782.667140837639	-3.820926789314399	22873904.980048075	14.59948152930044	4514.307025727771	-14.41367667061968	207.754075165166	20378967.92253512	4629.539042244377	3350.397125064096	1.048479	18.835588	0.0805409991739563	0.0419233397807129	-0.0185684563	0.0650775412	0.0292578062	-0.0335077877	-0.0156297781	0.0517478574	-0.0746857637	0.0329670895	-0.0489855065	-0.0163543124	0.1099112499	-0.0321587141	0.0914755173	0.0432862467	0.0560630312	0.0483758534	-0.1249007473	-0.0747694011	-0.0160394663	-0.0348361955	-0.0521560973	0.0050312064	0.004124478	0.0504486021	0.0789683885	-0.1049609141	-0.0115424577	-0.033210048	0.0294006504	-0.0194116731	-0.0183640118	-0.0937748452	-0.0867508113	0.0530410555	0.0245021912	-0.029741767	-0.0875113915	-0.0507872035	0.0270965473	-0.0637726194	0.1030915253	-0.0992056485	0.0611670333	-0.0016782408	0.0027669376	0.0438193292	-0.017868009	0.0209294783	0.0636144872	0.0661057751	0.0389384025	0.0338436029	0.1373220339	0.0532496845	0.0079002895	-0.0032857834	0.0136138835	0.0287057313	-0.0541690967	0.0376912291	-0.0994926076	0.0218655698	0.0953968339	0.0437920472	0.0261502415	0.0434173838	0.0478987765	-0.0228695844	0.0361666511	0.0354771127	0.1009757823	0.0584478082	0.0638102113	-0.0195235159	-0.0487715941	0.0171596235	0.012026759	0.0169207048	-0.0624290476	-0.0074571639	0.0393788697	-0.0755688824	0.0338271112	0.0195636596	-0.0662173176	0.0900678015	-0.0829017503	0.1063330506794244	-0.0001681634642948	2.8278950723659805e-08	0.011306717666793	0.062989568599832	0.0098072976323208	0.0039676857523929	9.618308684892708e-05	-0.1761112896347612	-0.0375298967423206	0.0014084931494892	0.0310151863368187	0.0049398207952976	0.0002338957126155	2.440182948965461e-05	5.470720437995925e-08	0.0006704653473628	0.0002509847246387	4.4952378201432e-07	6.299333200201424e-08	0.0005918462911704	0.0001758323894459	3.0917029178289805e-08	3.502820323721579e-07	0.0	0.0	0.0	0.0	0.0	0.0	0.0	0.0	0.0	0.0	0.0	0.0	0.0	0.0	0.0	0.0
3967.8710047913273	2.888874072821636	8.345593408621069	15744000.310663735	4791.785507694368	9.118366856729152	22961208.35174977	83.1446141338967	4516.642048063733	2.3350223359611846	5.452329309437627	20400055.390337348	4634.058132163247	3357.655568800845	0.961282	17.269123	0.0653567267247848	0.0379245708342963	-0.0091678067	0.0579233127	-0.0222367877	-0.0231166878	-0.0156788675	-0.0646578484	-0.0433902307	-0.0219735957	-0.1127097625	0.0721902022	0.1111926213	-0.0124035352	-0.0729259644	-0.0442548952	0.033452813	0.0752658105	-0.0162500592	-0.0832333462	-0.0506758458	-0.011218698	-0.0684623005	-0.0646712344	0.0064737798	0.0085817291	0.0826608915	-0.0906648453	-0.0284666352	-0.0031411488	0.0638416281	-0.0767834054	-0.1092836371	-0.0287932646	-0.0275236713	-0.0722953441	0.0075422868	-0.0150866475	0.0628169892	0.061885913	-0.024319031	0.0252625817	0.0567876357	-0.0966663512	0.0672868589	-0.0502720914	0.0020066311	0.0380508964	0.0484263436	0.0613729252	0.0376619513	-0.0294071566	0.0205614253	-0.0318058599	0.0854191241	0.0058991427	0.0609746082	0.0507479482	-0.0136320547	0.0225339964	-0.1186655689	-0.0061724048	0.0836558986	0.0138293001	0.003518751	0.1261891603	0.0119908277	0.0791579171	0.0130207955	-0.0751501901	0.0434372899	-0.0209074368	0.0027783255	0.0314502721	-0.0499633555	-0.0724299645	-0.0181433595	0.0173019791	-0.0189739945	-0.0427001189	-0.0394642943	0.0173828831	0.003657419	-0.0762327537	0.0360350191	0.0160479313	-0.0628378881	0.0889023983	-0.0856447597	0.1065389792435524	0.000205928564128	4.240657352382076e-08	0.011350554098258	0.0414563953354161	-0.0215331732644159	0.0017186327142063	0.0004636775508353	-0.1718353343784002	0.0042759552563609	1.8283793354401143e-05	0.0295273821409366	0.0046059510590951	-0.0003338697362024	2.121478515877927e-05	1.1146900075192673e-07	0.0002213552698413	-0.0004491100775214	4.899815548651475e-08	2.016998617313677e-07	0.0005879927120968	-3.853579073600003e-06	1.4850071676487858e-11	3.457354294789504e-07	0.0	0.0	0.0	0.0	0.0	0.0	0.0	0.0	0.0	0.0	0.0	0.0	0.0	0.0	0.0	0.0
3974.2355430477614	6.364538256434116	40.50734721761342	15794548.151624136	4797.410556916268	5.625049221900554	23015148.051611666	31.641178748804023	4521.099197751	4.457149687267702	19.86618333471057	20440337.955904737	4637.2340577513305	3381.1177671089285	1.022771	18.373753	0.043021140209761	0.0200466141966704	-0.0089834672	-0.01589975	-0.1049846983	-0.0039054954	0.0333626824	-0.0661691878	0.0099444666	-0.0635061009	-0.071795568	0.021154385	-0.0668245976	-0.0214905526	0.0588880313	0.0817035314	-0.0874407994	-0.018883127	0.089455065	-0.0365349464	-0.0265689287	0.1318155327	-0.0593878292	-0.0238402138	0.016035881	-0.0130942799	0.0834671464	-0.0111208338	-0.0170017411	-0.0126618781	-0.0825046697	-0.0780231549	-0.0704044159	-0.0075803952	0.0727301412	-0.0585847047	-0.021749807	-0.0182482999	-0.0542975094	-0.0904084124	0.0208785751	0.0767153565	-0.064228998	0.0118372553	0.0247618617	-0.0557020422	-0.1543763001	-0.0077201468	0.0215746558	0.0306797293	0.0542135675	-0.0320542886	0.0192409883	-0.0314521483	0.0796129136	0.0393809601	0.0429952133	-0.0391728264	-0.077132139	0.0154283003	-0.0563669678	-0.0485776835	-0.0944109675	-0.0182706319	-0.0782444226	0.0062262665	0.0874335632	0.0734437481	0.1094708894	-0.0080332724	-0.0367685604	-0.0372358762	0.0420123638	0.0745910695	-0.0086397617	0.0367587621	0.0293991508	0.0496333118	-0.0629559021	-0.0745602839	0.0078484902	0.0101175792	0.0499511704	-0.0768835629	0.0382182304	0.0125074584	-0.0592862243	0.0873563013	-0.0878597406	0.1065224650371305	-1.65142064219026e-05	2.72719013745209e-10	0.0113470355575866	0.0528973830702881	0.011440987734872	0.0027981331356848	0.0001308962003494	-0.164748081947053	0.0070872524313471	5.0229147025636745e-05	0.0271419305052328	0.0044889282039234	-0.0001170228551716	2.0150476419978967e-05	1.369434863253657e-08	0.0004189295571912	0.0001975742873498	1.755019738884149e-07	3.9035599021820853e-08	0.000413062137876	-0.0001749305742207	3.060070579721881e-08	1.7062032974669165e-07	0.0	0.0	0.0	0.0	0.0	0.0	0.0	0.0	0.0	0.0	0.0	0.0	0.0	0.0	0.0	0.0
3969.549146121902	-4.686396925859299	21.96231614670349	15757320.423477124	4783.4127541818925	-13.99780273437591	22881037.57687	195.9384813905017	4522.244022187732	1.1448244367320513	1.3106229909388585	20450690.99621268	4638.444068321815	3375.8398994288264	1.027235	18.453934	0.0389106642801448	0.0241997121885507	-0.0085973237	-0.1060088757	0.0283831284	-0.0415134412	0.0980729478	-0.0287441614	0.0261704233	-0.026015784	-0.0724945136	-0.0645962677	0.0986582234	-0.0003414485	-0.0159446648	-0.1082529128	0.0403402751	-0.0475709574	0.1066270769	-0.0678308707	0.0041664169	0.0819670494	0.051821367	-0.0043843186	0.0245052569	-0.0193924385	0.0018442548	-0.0127608164	0.088206822	-0.0557160611	-0.02713915	-0.036104883	-0.0207716462	-0.0809119367	-0.091024332	-0.0223652345	-0.0031244409	-0.0056484308	0.0060855739	0.1105665445	-0.0793087612	0.0117297546	-0.0560772461	-0.0163660228	0.0705942063	0.0567931127	-0.0893710288	-0.0807432084	0.0095736193	0.0340562858	-0.0088047522	0.0477845428	0.0439045718	-0.025521553	0.0243945768	0.0896486922	-0.0214770368	-0.0092932065	-0.0420750989	0.0130705188	-0.0678929197	0.0785791961	0.031023733	0.0982354989	-0.0558538384	-0.0134263778	0.0457721755	0.0892840164	0.0309234128	-0.1009141066	-0.0158905023	0.0671110912	0.0197715156	0.0747104518	-0.009901405	-0.0155266838	-0.0508554219	0.0228646958	0.1044580441	-0.0670178015	-0.0082325516	-0.0114369784	-0.0210874306	-0.0775211985	0.0403752488	0.0089476998	-0.0555720611	0.0854361313	-0.089533037	0.1065284665858712	6.001548740697249e-06	3.6018587286964736e-11	0.011348314193137	0.0532206450764363	0.0003232620061481	0.002832437062352	1.0449832461895745e-07	-0.173786256235914	-0.009038174288861	8.168859447582806e-05	0.0302016628564947	0.0048809738894753	0.0003920456855518	2.382390610973964e-05	1.53699819559859e-07	0.0002210116893408	-0.0001979178678503	4.884616682527429e-08	3.917148241444839e-08	0.0004139631132016	9.00975325599982e-07	8.117565373399934e-13	1.7136545909156069e-07	0.0	0.0	0.0	0.0	0.0	0.0	0.0	0.0	0.0	0.0	0.0	0.0	0.0	0.0	0.0	0.0
3968.559509880075	-0.9896362418271564	0.979379891137778	15749464.58345958	4786.800647366432	3.38789318453928	22913460.43762769	11.477820229847705	4520.5027916317895	-1.7412305559428205	3.031883848948944	20434945.489150804	4637.450760591947	3357.920879352761	0.978633	17.58083	0.0482571827038267	0.0305993091202	-0.0111945006	0.0088486718	0.0896451818	-0.0186608025	0.0433966834	0.0916345816	0.0213119697	0.0269247436	-0.0937894701	0.0050159771	-0.0402431031	-0.0240205321	-0.0412805688	0.0858715486	0.0434026503	-0.0814895395	-0.0242878659	-0.0440779644	0.0852084809	0.0270650898	0.0686083836	-0.0100335323	-0.0651286695	-0.024245445	0.1271212191	0.0325721818	0.0538058035	0.0107518144	0.0388548643	-0.039562733	-0.0728788021	-0.0425792464	0.0461271108	0.0367433922	-0.037657126	-0.0200611145	0.0490724142	-0.0932037298	0.0048175675	-0.0865259968	-0.0499144671	-0.0448575412	-0.0009017197	0.0973731768	-0.0505795026	0.0405370609	0.0977345544	-0.035631656	-0.0284331953	0.0014752387	0.0081592773	-0.0840519818	0.0327509867	0.0751249848	0.0311695304	0.0340315345	-0.015070851	0.0202504051	-0.0271223506	-0.0852269989	-0.0542994267	0.1002472307	0.035064267	0.014778558	-0.0011723462	0.0108434711	0.0554009439	-0.1271618418	0.0312924599	-0.037362465	0.0037890446	0.0116010734	-0.0339781978	0.0435571433	0.0662187276	0.0129499417	0.0376345889	-0.0898922006	-0.0038096694	-0.0191522508	0.0290947435	-0.0781455512	0.042504596	0.0053741445	-0.0517055788	0.0831501106	-0.0906543325	0.1065284566397508	-9.946120399506596e-09	9.892531100148127e-17	0.0113483120740472	0.0431901222245159	-0.0100305228519203	0.0018653866577686	0.0001006113886828	-0.1476635595053181	0.0261226967305959	0.0006823952844786	0.0218045268057806	0.0046389720644962	-0.0002420018249791	2.152006181517613e-05	5.8564883293215034e-08	0.0002209614901367	-5.019920409999398e-08	4.8823980123430986e-08	2.519960092272852e-15	0.0004139901525222	2.70393205999901e-08	7.311248585090491e-16	1.713878463853544e-07	0.0	0.0	0.0	0.0	0.0	0.0	0.0	0.0	0.0	0.0	0.0	0.0	0.0	0.0	0.0	0.0
3976.2176187041377	7.658108824062765	58.64663076118799	15810306.551293204	4811.803174418787	25.002527052355617	23153449.78934672	625.1263590037745	4518.7033284505205	-1.7994631812689477	3.238067740742561	20418679.77054981	4637.167488517343	3380.618773243772	1.012884	18.196125	0.0529560569201382	0.0302996451485985	-0.0155777883	0.0780896573	0.0084417203	-0.0338666115	-0.046531753	0.0887020474	-0.0129005501	-0.0159047868	-0.1147039866	-0.0501245393	-0.0733406279	-0.0095125049	0.0636262156	-0.0749066938	-0.0504744775	0.0012900546	-0.0987464383	-0.0014315947	0.0556870175	0.011379835	0.0602608577	-0.0523553445	-0.0484585055	0.004095976	0.0683133997	-0.0371032518	0.0443943702	0.1325108036	-0.0723489866	-0.0737220316	-0.0301455624	0.0538369632	-0.0232332444	0.0350865779	0.0048790811	-0.0019026603	-0.0718601702	0.0682473212	0.1309504974	-0.0450755676	0.0112367608	0.0100892232	-0.0140171969	0.1032707548	-0.0207179289	0.0199325353	0.0529875972	0.0266796422	-0.0025428197	0.1226858683	-0.0245941457	-0.0624217079	-0.0065456025	0.0016104971	0.0732416941	-0.0023806814	0.0382610918	0.020247992	-0.0187867483	0.0975550748	-0.0085681953	-0.0086835391	0.100668553	0.0048725508	0.0467911888	0.0493967832	0.100837757	-0.0675272745	-0.0086917062	0.0552896202	0.0277891307	0.0976008675	-0.0080572066	0.0422782775	0.0489676746	-0.0279950579	0.0791921628	0.0644472884	0.0380111665	-0.0507751179	0.0189233516	-0.0787565141	0.0446048127	0.0017923027	-0.047697375	0.0805080284	-0.0912167139	0.1063056553805523	-0.0002228012591985	4.9640401100439227e-08	0.0113008923658887	0.052701431693265	0.009511309468749	0.0027774409025198	9.046500781031625e-05	-0.1287374032589525	0.0189261562463655	0.0003581993902618	0.0165733189978581	0.0045388940415095	-0.0001000780229867	2.060155912005044e-05	1.0015610684926493e-08	0.0006049386045483	0.0003839771144116	3.659507152728446e-07	1.4743842439185904e-07	0.000412129491004	-1.860661518199985e-06	3.462061285310275e-12	1.6985071735521614e-07	0.0	0.0	0.0	0.0	0.0	0.0	0.0	0.0	0.0	0.0	0.0	0.0	0.0	0.0	0.0	0.0
3980.436413845825	4.218795141687224	17.798232447523723	15843874.04466981	4804.755130890877	-7.048043527910522	23085671.867822208	49.6749175713214	4523.72921934582	5.025890895299199	25.25957929145138	20464126.04996314	4640.358247928829	3388.7961084596527	0.997795	17.925064	0.0564184764607001	0.0325102864445186	-0.013893503	0.0650674538	-0.0074314828	-0.0152166616	-0.0403239881	-0.0070312524	0.0694259561	0.0170187738	-0.0850564199	0.1076371719	-0.0264250006	0.0016329855	-0.0819113104	0.0534194162	-0.0893082882	-0.0121171243	-0.0253698199	-0.0606192587	-0.0279938093	-0.0806155168	-0.005494663	0.0034416215	-0.0947160133	0.0354975262	-0.0493052689	-0.0517245804	-0.0630106903	-0.0991493093	0.0275148945	-0.1200649541	0.0780696753	-0.0413088456	-0.064709992	0.1302137698	-0.0410141639	0.0060778543	0.0908331504	-0.0425617791	0.0727277997	0.0752979376	-0.0649873668	-0.0895140658	0.0126632711	-0.0089261528	0.0876879558	0.0325944659	0.080394424	-0.0316417613	-0.0587873029	-0.0221510579	0.1289727148	0.1028932942	0.0767168412	-0.0226474668	0.0510700543	-0.0602960681	0.0399066735	0.0127013405	-0.0178008845	-0.105139554	0.0470616705	-0.0382765398	0.0249332974	0.0601528332	0.0496464532	0.1074188148	0.0794634527	-0.0857506993	0.0260366957	-0.0155325604	-0.047065335	0.115755296	-0.0338665812	-0.1010091533	-0.0031690959	0.0446102908	0.0147950944	0.0332056265	0.0350709479	0.068541524	0.0201428348	-0.0793539824	0.0466744595	-0.0017923027	-0.0435584361	0.0775211985	-0.0912167139	0.1065266930392851	0.0002210376587327	4.8857646578076785e-08	0.011347936329886	0.0531938217004608	0.0004923900071958	0.0028295826671004	2.4244791918628173e-07	-0.126098933639291	0.0026384696196614	6.961521933876665e-06	0.0159009410649663	0.0049590017880822	0.0004201077465727	2.459169873420246e-05	1.764905187303925e-07	0.0002198882327342	-0.0003850503718141	4.8350834894969706e-08	1.4826378883417674e-07	0.0001559560258886	-0.0002561734651154	6.562484422923108e-08	2.4322282010965677e-08	0.0	0.0	0.0	0.0	0.0	0.0	0.0	0.0	0.0	0.0	0.0	0.0	0.0	0.0	0.0	0.0
3972.331150214084	-8.105263631740854	65.69529854002094	15779414.766961148	4789.794465095766	-14.9606657951108	22942131.01786204	223.82152103299825	4521.638252258301	-2.090967087518948	4.372143361087471	20445212.4842855	4637.762496780563	3381.3809555188745	1.036307	18.616919	0.0413496750628095	0.022348098707358	-0.0102865972	-0.0223084072	-0.1149741512	-0.0003391507	0.0417779154	-0.0892876655	0.0385033947	-0.028655266	0.0028261232	0.0302674503	-0.0827733897	0.0012870213	0.0828024901	-0.010341607	-0.0417798963	0.0489399615	0.043374634	-0.0885579106	-0.0070187326	-0.0096414911	-0.0815444883	-0.0247395692	-0.1868572242	0.0116305416	0.004744727	-0.061299756	-0.0180310588	-0.0140755076	-0.021228337	-0.0705658881	-0.0639516539	-0.0023160762	-0.0419405856	-0.0462457325	-0.0320738769	0.0008157362	-0.0860598546	0.0020059181	0.0036148539	0.1024846147	-0.0062608882	-0.0431443303	0.0199335254	-0.0723170831	-0.0429931148	0.0945121684	0.1006978241	-0.0257625634	-0.1261041856	0.0148052758	0.0206413298	0.0741663301	0.0797366638	-0.0137322068	0.0444862155	0.0579960701	-0.0750269202	0.0100209722	0.0036937817	0.0339172966	-0.0665201416	-0.0441003361	-0.0764176654	0.0379735028	0.0523197827	0.0198897452	0.1213911523	-0.1318797376	-0.0155550707	-0.0195199976	0.0303151239	-0.0178218749	0.0190521472	-0.0070209549	0.0434599793	0.0095354328	0.0273974245	-0.009874561	0.0366055763	0.0703366817	0.0810306614	-0.0799378539	0.0487121179	-0.0053741445	-0.0393001065	0.0742024108	-0.0906543325	0.1065201643895221	-6.52864976299905e-06	4.262326772790756e-11	0.0113465454215708	0.0530762422631312	-0.0001175794373296	0.0028170874927745	1.3824924082745966e-08	-0.1344684988358579	-0.0083695651965668	7.004962157958388e-05	0.0180817771791691	0.0047109480729242	-0.000248053715158	2.2193031745788235e-05	6.153064560368637e-08	0.0005181302257615	0.0002982419930273	2.68458930847663e-07	8.894828640489607e-08	0.0002667803532863	0.0001108243273977	1.22820315431526e-08	7.117175689956304e-08	0.0	0.0	0.0	0.0	0.0	0.0	0.0	0.0	0.0	0.0	0.0	0.0	0.0	0.0	0.0	0.0
3969.1605290154216	-3.170621198662502	10.052838785408042	15754235.30509398	4796.681674095892	6.887209000125949	23008155.08260737	47.43364781141588	4523.859731401716	2.2214791434153085	4.934969584629213	20465306.869398005	4639.999857539921	3376.871648287703	0.952994	17.120228	0.0320654805017291	0.0157341639861287	-0.0084106766	-0.072794882	-0.0665817351	-0.0043252608	0.0664151722	-0.0782494878	0.0613250169	-0.0226236523	0.0444008478	-0.0457008644	-0.0426138904	-0.0201346618	-0.0938375528	-0.0216980349	-0.0050294759	0.0264594125	0.0504432365	-0.0891265002	-0.0430561155	0.0487823363	-0.0986850361	0.0394261461	0.0068030027	-0.0047904654	0.0778149623	-0.0862774176	0.0729291584	0.048276587	0.0306080765	0.0969578711	0.0417869956	-0.0176258518	0.0214327485	0.0675876879	0.061460185	-0.0211156799	0.084193401	0.0359455797	-0.0390874716	0.066767428	0.0053523251	-0.0557894823	0.0456795438	-0.0702975748	-0.0721351947	0.0235784126	-0.0352655277	-0.0246312081	-0.0242914309	0.0745314012	-0.0544168543	-0.0782415649	0.0547341056	0.0302252037	0.02429555	0.041627056	0.0950106186	0.0133144699	-0.0375401713	-0.0220450446	0.0692554888	0.0753834459	-0.0885048374	0.0105660462	0.0382887261	0.016852662	0.1052612767	-0.083486481	0.016821685	0.1144868739	0.0428755275	-0.0478564738	0.0683324771	-0.0316498377	-0.0341281094	0.0277944096	-0.0389283656	0.0111025116	-0.0220041989	0.037291834	0.0412030362	-0.0805080284	0.0507163915	-0.0089476998	-0.034934058	0.0705658771	-0.089533037	0.1064245930427461	-9.557134677599945e-05	9.133882324578337e-09	0.0113261940043141	0.0621361189373601	0.0090598766742289	0.0038608972765977	8.208136535223698e-05	-0.1442931500986972	-0.0098246512628392	9.652377243640975e-05	0.0208205131654051	0.0047819236462057	7.097557328149956e-05	2.286679375814121e-05	5.037532002637514e-09	0.0004729891635084	-4.514106225309998e-05	2.2371874879637601e-07	2.037715501338248e-09	0.0004123713421094	0.0001455909888231	2.119673602648804e-08	1.7005012379310785e-07	0.0	0.0	0.0	0.0	0.0	0.0	0.0	0.0	0.0	0.0	0.0	0.0	0.0	0.0	0.0	0.0
3975.676196680356	6.515667664934426	42.45392511987204	15806001.22085078	4798.421050040953	1.7393759450606012	23024844.57347612	3.02542867825546	4518.491665068127	-5.368066333589013	28.81613616181179	20416766.92729013	4636.671905852936	3372.709887344225	1.044593	18.765772	0.1596675969779148	0.0819068761017168	-0.0152504752	-0.0485056566	0.0566445058	-0.0196738417	0.0217042392	0.0621364056	0.0431746025	-0.0531525716	-0.0121241253	-0.0677395121	-0.031748942	-0.0102733038	0.0715221145	0.0726077285	0.0233157273	-0.0968940746	0.0545825104	0.0013099949	-0.0710565342	0.0292640363	0.0466124195	-0.0577425356	-0.027171141	-0.0324766693	0.0250768967	0.0749264959	-0.0191697503	-0.0117074578	0.0199450132	-0.1220009878	0.0191606249	-0.0057139503	0.0342346501	0.0243002999	0.0441028823	-0.0096246547	-0.0612077113	-0.0865433391	-0.0389188928	-0.0163406712	-0.0891253267	0.0688779198	0.0651821336	-0.0249431069	0.0122440567	-0.0452284293	0.0085974465	0.0324916392	-0.0344759532	-0.0960225324	0.053799811	0.0088267299	0.0177257541	0.0466337625	0.0882763951	-0.04696216	0.0739184566	0.016385527	0.0266419122	-0.0137966786	-0.0882139831	-0.0230222161	-0.0070531788	-0.0612921366	0.0132921057	-0.1085850977	-0.0601959416	-0.1634447461	-0.0317964115	-0.0388681037	-0.0534484446	0.0922232159	0.0849485718	-0.0264008115	-0.0029466234	0.0879952597	-0.1153426863	0.0142904987	0.0194131576	0.050051665	-0.0283953574	-0.0810644083	0.0526859066	-0.0125074584	-0.0304722578	0.0666271694	-0.0878597406	0.1219418910999365	0.0155172980571904	0.0002407865389956	0.0148698248050287	0.0341101760184727	-0.0280259429188874	0.0011635041080111	0.0007854534764927	-0.1065268802448002	0.037766269853897	0.0014262911386773	0.01134797621469	0.00360030961132	-0.0011816140348856	1.2962229297363171e-05	1.396211727438863e-06	0.0006620979370148	0.0001891087735064	4.383736781992541e-07	3.5762128217094896e-08	0.0006088102566761	0.0001964389145666	3.858824715614324e-08	3.706499286340187e-07	0.0	0.0	0.0	0.0	0.0	0.0	0.0	0.0	0.0	0.0	0.0	0.0	0.0	0.0	0.0	0.0
3977.126583973196	1.4503872928398778	2.103623299231389	15817535.864946302	4790.44831109816	-7.972738942792603	22948395.02130321	63.56456624992171	4518.163976760137	-0.3276883079897743	0.1073796271932012	20413805.720892977	4636.233985179859	3377.5401557764826	0.995308	17.880388	0.1032216172539528	0.0618995077344819	-0.0130204891	0.0654651923	0.0367311483	-0.0142261932	-0.0035827246	0.0480984382	-0.0584000919	0.0304309899	-0.0545679866	0.0042821627	0.0371049364	-0.0051738749	-0.0355711923	-0.0847347741	0.0058611985	-0.0577540007	-0.0834194302	-0.0056824672	0.0136623828	0.1372430468	-0.0197803689	-0.1247546443	-0.0496730774	0.1070882999	-0.0104294044	0.0518460428	-0.0764480595	-0.057059439	-0.0792150127	-0.0107265907	-0.0059141781	-0.0462220528	0.0335722158	0.1136634951	0.0051661508	-0.0056177289	0.022006272	0.0830659088	0.048168227	-0.0874474428	-0.0085287634	-0.0365209799	-0.0237426614	-0.0379283088	-0.1011292747	-0.073686769	0.0945774766	0.0312184099	0.0107450026	-0.1149146152	-0.0112171838	0.0745380526	0.0260285765	0.0090356207	-0.033789968	-0.0884365813	-0.0041730768	0.0140550548	-0.0197013837	0.0509999778	0.0743636378	0.0563127249	0.0906940796	-0.0520419466	0.078288008	0.0024292302	0.1226997427	-0.0496080348	0.0316786673	-0.0711739127	0.01440344	0.0076009138	-0.0062185575	0.0062175876	-0.0239575183	0.0361841453	-0.0138534046	-0.0948290955	0.0566559225	0.0027241758	-0.0396825207	-0.0816068982	0.0546193134	-0.0160479313	-0.0259269352	0.062403154	-0.0856447597	0.1241420755853113	0.0022001844853748	4.84081176968399e-06	0.0154112549306291	0.054317508075826	0.0202073320573532	0.0029503916835674	0.0004083362688761	-0.12728535498983	-0.0207584747450298	0.00043091427374	0.016201561594887	0.0046197543983374	0.0010194447870173	2.134213070095775e-05	1.0392676737769512e-06	0.0007117150171076	4.961708009279997e-05	5.065382655764713e-07	2.461854636935327e-09	0.0007408609088898	0.0001320506522137	1.7437374750063563e-08	5.488748863210205e-07	0.0	0.0	0.0	0.0	0.0	0.0	0.0	0.0	0.0	0.0	0.0	0.0	0.0	0.0	0.0	0.0
3971.274861296065	-5.851722677130965	34.24265829004879	15771024.02396208	4794.2267554498485	3.7784443516884494	22984610.18267118	14.276641718806347	4517.17439233689	-0.9895844232469244	0.979277330732948	20404864.490784157	4632.957590090574	3373.895144482278	1.001394	17.989716	0.1110167794877125	0.0542215700581548	-0.0101736368	0.0596914733	0.0373558786	-0.0238816629	-0.0266379873	0.0294485394	-0.0580060687	0.0446986796	0.0233574305	-0.0075423301	0.0555391164	-0.0211379304	0.0042900621	0.0929627805	0.0756456032	0.0893561309	-0.0974092087	-0.0070948085	0.0143623919	0.038423614	0.0747396513	-0.0344639551	0.0655251674	-0.0363391555	0.102961859	-0.0127660177	0.1120287252	0.0359103686	-0.086067224	0.0568073012	0.0484804324	-0.075759806	-0.0362167962	0.0275452029	-0.0015215245	-0.0191261701	0.0011923145	-0.0864174045	0.0152306128	-0.0507741569	0.1511409362	-0.032352281	0.0492676536	0.0813094739	0.0018127596	-0.0562021854	-0.024355515	0.0240731715	0.0475343843	0.0777925912	-0.035000409	-0.1125865154	0.0309053169	0.1171891874	-0.0545226138	-0.0259711957	0.0310641881	0.0161718023	-0.0439028299	-0.0532828066	-0.0576301826	0.0222683292	0.109994314	0.0362745433	0.0215364003	0.0457372015	0.0249567983	-0.0344321702	0.0699594111	0.1135282404	0.1201256071	0.0479352976	0.0820753949	0.0653416612	-0.0542770217	0.0690755474	0.1028568225	-0.0552548071	0.0131580428	0.0332939152	-0.0031794756	-0.0821354052	0.0565152869	-0.0195636596	-0.0213105486	0.0579119187	-0.0829017503	0.1062188050077992	-0.0179232705775121	0.0003212436281947	0.0112824345372848	0.0642093554417471	0.0098918473659211	0.0041228413262446	9.784864431068036e-05	-0.1681998586620494	-0.0409145036722193	0.001673996610744	0.0282911924539333	0.0051098618925451	0.0004901074942077	2.611068856088459e-05	2.4020535587855066e-07	0.0007480806715658	3.636565445819999e-05	5.596246911703383e-07	1.3224608241732008e-09	0.0004215909001145	-0.0003192700087753	1.0193333850338017e-07	1.7773888705935429e-07	0.0	0.0	0.0	0.0	0.0	0.0	0.0	0.0	0.0	0.0	0.0	0.0	0.0	0.0	0.0	0.0
3972.799428843288	1.5245675472228868	2.3243062060452093	15783135.301817557	4805.762545677923	11.535790228074802	23095353.645440757	133.0744561861461	4515.971907116118	-1.2024852207723598	1.4459707061759508	20394002.265861988	4631.654733645261	3373.830869691562	1.016283	18.257193	0.0329135676954969	0.018255130157468	-0.0145329789	0.007510625	-0.0892713368	0.0163014488	-0.0650424612	-0.0773941962	0.0046011317	0.001898393	0.0031006039	0.0499588415	0.0016651897	-0.0118003646	0.021314794	-0.0793208421	-0.0034146178	0.0798365437	-0.0055839934	-0.0488208257	0.0233119668	0.0071432242	0.0869556611	-0.0610600415	0.0545847825	0.0459185356	0.2087763858	-0.0126211876	-0.0651754145	-0.0010682943	0.0162210213	0.104667911	0.0245543728	-0.0107605657	0.0036377104	-0.0669397444	-0.0875681966	-0.0096397337	-0.0303399585	0.0783250186	0.0142729029	0.0391630211	0.048076782	0.0198645627	0.0433405098	0.0605491645	0.0028287713	0.0710575144	0.1211473928	-0.009190809	0.1169140536	-0.0497198414	-0.0390473152	-0.1349869128	0.1063581841	0.0421745766	-0.0835375071	-0.026013941	0.0212526639	0.0160039483	-0.0337561071	0.056967137	0.0416817704	-0.0539484172	-0.0365124301	0.0749670908	0.0154378777	-0.0017866301	0.0396541543	-0.1300723814	0.0735323691	-0.054280535	0.0403118046	0.0203815634	-0.0183232876	0.0660278212	0.0754873774	0.0174780963	0.0757694632	0.0458168127	0.0340967553	-0.0042910651	-0.0111993501	-0.0826498387	0.0583725276	-0.0230492221	-0.0166357513	0.0531726956	-0.0796476241	0.1061867092780914	-3.2095729707803944e-05	1.0301358654764087e-09	0.0112756172273099	0.0638425318095698	-0.0003668236321773	0.0040758688678559	1.3455957712375642e-07	-0.1570824301870175	0.0111174284750318	0.0001235972158974	0.0246748898734592	0.0048473668065307	-0.0002624950860143	2.349696495705564e-05	6.890367018170691e-08	0.0008518772850505	0.0001037966134847	7.256949087850109e-07	1.077373697089222e-08	0.000359938202442	-6.16526976725e-05	3.801055130296687e-09	1.2955550957717817e-07	0.0	0.0	0.0	0.0	0.0	0.0	0.0	0.0	0.0	0.0	0.0	0.0	0.0	0.0	0.0	0.0
3979.0193868487618	6.219958005473927	38.68787758985919	15832595.280918296	4792.011303317162	-13.751242360761353	22963372.331119444	189.09666646439743	4521.98633212135	6.014425005231715	36.17330814355651	20448360.3878923	4638.233552433894	3403.6700030301527	1.086902	19.525839	0.0496168940451268	0.0264840295795018	-0.0120534073	-0.0760140793	0.0232149377	-0.0174664062	0.0536970386	0.0276303405	0.1436703624	-0.0386585463	-0.0274307233	0.00040321	-0.047128483	-0.0098209704	-0.0475196896	0.0614524053	-0.0119770156	-0.0787932236	0.0509481281	-0.0133614713	-0.0133459158	-0.0245321282	0.0925636757	-0.0273575311	-0.0334546734	-0.0188307411	-0.1440892722	-0.0813275238	-0.0864483275	-0.0083579412	-0.1201033741	0.0766824629	-0.0845605348	-0.021201383	0.0728851378	0.0452503496	0.0042300917	-0.0082336064	0.0598179913	-0.0602753336	-0.006930745	0.0038985004	-0.0900200624	0.0374554136	0.04370874	0.0752604419	0.0388437073	-0.0298492517	0.0298833082	0.0084686719	0.0024271765	0.0582095469	0.01625656	0.1604614036	0.0302363642	-0.0428646683	-0.0614574127	-0.1298292889	0.010410535	0.0127195038	0.0062702276	-0.0949694757	-0.0056210984	0.0487667204	-0.030556838	-0.0685812794	0.0469817601	0.0231031495	0.0444174902	-0.1032009277	0.0249735216	0.087011859	-0.0115729288	0.0856428987	0.0060798015	0.0142926445	0.0238884645	0.010420474	0.0712172131	0.0861576791	0.0147562421	0.0751672546	-0.0253950208	-0.0831501106	0.0601897627	-0.0264992443	-0.0119153566	0.0482057789	-0.0759024438	0.1181652094288523	0.0119785001507608	0.0001434844658617	0.0139630167193645	0.0640833398916953	0.0002408080821255	0.0041066744516745	5.79885324169663e-08	-0.1437623852346021	0.0133200449524154	0.0001774235975343	0.0206676234083421	0.0048789562636778	3.158945714709996e-05	2.3804214222880843e-05	9.978938028484646e-10	0.0005141070220906	-0.0003377702629599	2.643060301628647e-07	1.1408875053999998e-07	0.0002477471053525	-0.0001121910970895	1.2586842266145617e-08	6.137862821054274e-08	0.0	0.0	0.0	0.0	0.0	0.0	0.0	0.0	0.0	0.0	0.0	0.0	0.0	0.0	0.0	0.0
3982.6016167837297	3.582229934967927	12.83237130698032	15861115.638008378	4806.0322423135085	14.020938996346558	23097945.91415701	196.58673033927164	4525.65090797061	3.6645758492604728	13.429116154983117	20481516.14081521	4644.2971271892175	3393.268019684648	1.053578	18.927193	0.0667572951577906	0.0385012972221531	-0.0121272347	0.0463433909	0.0430120689	0.0120703293	-0.0601098502	0.0566719782	-0.0394966621	-0.0453643886	-0.0229783864	-0.0381629467	0.036242945	-0.0193409025	0.0721209132	-0.0617055635	-0.0422872581	-0.1171938918	-0.0017522269	0.0208325679	0.0764727773	-0.0095934141	-0.078924977	-0.0368977689	-0.1632145982	-0.0007115774	-0.0322573064	0.0019043106	0.0775104278	-0.0061783959	-0.0503829222	-0.0514243335	0.0980331919	0.0405858781	-0.075596034	-0.0305986689	0.0539111061	-0.0128528736	-0.0846544906	0.0465347372	0.0362179143	-0.0624271504	-0.100000479	-0.0464451871	-0.1157231805	-0.0168889785	-0.0343910226	0.0355091416	0.0445842807	0.0047401317	-0.0923188531	0.0738675381	0.0719511956	0.0085387262	0.0006813948	-0.0013941512	0.0948334497	-0.0477445173	0.0004574428	0.0139567412	0.0103702359	0.077094613	-0.0593020401	0.0381997619	0.073998801	-0.0266233522	0.049682687	0.0835987046	0.1288516088	0.0140552956	0.0224929573	-0.1108669556	-0.0639451916	0.0461087352	0.0078601275	-0.0320495289	-0.0121881057	0.0468120264	0.0678556788	0.0326779091	0.0284919898	0.0601052205	0.0571655734	-0.0836361352	0.0619657467	-0.0299084066	-0.0071623028	0.0430324377	-0.0716892996	0.0953933909430162	-0.022771818485836	0.0005185557171518	0.0090998990356071	0.0641196664551415	3.632656344619567e-05	0.0041113316263185	1.3196192118104792e-09	-0.1435356757962438	0.0002267094383583	5.1397169440741945e-08	0.0206024902262844	0.0048281205825843	-5.083568109350012e-05	2.3310748359974164e-05	2.5842664722400444e-09	0.0008489225266037	0.000334815504513	7.206694561752097e-07	1.1210142206236165e-07	-0.0002410505224439	-0.0004887976277964	2.38923120939388e-07	5.810535437047713e-08	0.0	0.0	0.0	0.0	0.0	0.0	0.0	0.0	0.0	0.0	0.0	0.0	0.0	0.0	0.0	0.0
3976.539701595811	-6.0619151879186575	36.746815745518894	15812867.998367704	4813.864980389995	7.8327380764867485	23173296.04942517	61.351785774845325	4522.76461937314	-2.8862885974704118	8.330661867887715	20455399.802253462	4640.578162023523	3371.148899899823	1.029536	18.495283	0.0406793954441612	0.0238006011827697	-0.0076048968	0.0584747274	-0.0107674422	-0.0002694668	-0.0714702463	-0.0532533922	-0.0165886131	-0.0412363648	-0.0214077139	-0.0091318141	0.0822026251	-0.0038083027	-0.0934161324	0.0205186008	0.0016820937	0.0669740964	-0.013763473	-0.0374581052	-0.0168564391	-0.0661852484	-0.0024094197	0.0031365213	-0.0350552923	0.0054028006	-0.0176428356	-0.1677828276	-0.0225052316	0.0035560356	0.1066673502	-0.0210202995	0.1189194063	0.0369904843	0.0735763314	0.0276207965	0.0421209381	-0.0084368842	0.0935810804	-0.001408382	0.0060293341	0.0531291488	0.0577028392	-0.0439867258	0.0216389081	-0.0197613009	0.0759565298	0.0484990096	0.0001696128	0.0087877035	-0.0603582725	0.0315267627	0.019760897	-0.0153013078	0.1230366645	-0.1522103714	0.0879949475	-0.0129414212	0.0882533093	0.0115476135	-0.0427089447	-0.066281388	0.0686741642	-0.0119186594	0.0110059831	0.112681956	-0.0005832134	0.1002651409	0.0297065868	-0.0566329475	0.0465219194	0.0270318527	-0.0596843894	0.0473735788	0.0558654833	-0.0860094486	-0.0326146774	0.0045946039	0.0336901554	0.051260023	-0.0192918787	0.0665648533	0.0487439452	-0.0841078291	0.0636992625	-0.0332714524	-0.0023896175	0.037674825	-0.0670341672	0.0865178697998629	-0.0088755211431533	7.877487556256137e-05	0.007485341794706	0.0639528596224607	-0.0001668068326808	0.0040899682538901	2.7824519429002e-08	-0.1645296765755759	-0.0209940007793321	0.0004407480687225	0.0270700144740636	0.0048621275806568	3.4006998072500134e-05	2.3640284610583552e-05	1.1564759179030276e-09	0.0007257835718514	-0.0001231389547522	5.267617931693764e-07	1.5163202177488978e-08	-0.000296765903399	-5.571538095510003e-05	3.104203674971923e-09	8.807000142022462e-08	0.0	0.0	0.0	0.0	0.0	0.0	0.0	0.0	0.0	0.0	0.0	0.0	0.0	0.0	0.0	0.0
3976.090797841148	-0.4489037546632062	0.201514580950724	15809298.032677056	4823.844513923891	9.979533533895848	23269475.894513626	99.59108955415172	4519.003420511882	-3.7611988612579808	14.14661687392833	20421391.91459809	4636.815378444798	3393.8986196152227	1.030628	18.514891	0.0275432212811285	0.0161202912507517	-0.0047448817	-0.0809529369	-0.0714440985	-0.0276280298	0.0017431472	-0.0966454724	0.0193342687	-0.0440460909	0.0348379475	-0.0918939003	0.0012248427	-0.0145986048	0.0875039817	0.0284230849	-0.0007434991	0.0656666779	0.0536443272	-0.079850113	-0.050675023	0.019252409	-0.0606978703	0.0072482153	0.0302311959	-0.0712071928	-0.0174627535	-0.0868682921	-0.0372931533	0.0165024509	-0.0584090026	0.0327613843	-0.0559145915	-0.0737445044	0.1051818479	-0.034925821	-0.1017892461	-0.0173935254	-0.0842757992	-0.0378533387	-0.0597421168	0.0782542592	0.02319638	-0.0112879642	0.0624309405	-0.0643831638	-0.0486798841	0.0435191566	-0.0565860031	0.033336719	0.0121816936	0.0455318345	-0.007098956	0.0255868966	0.0670194974	-0.0093054202	-0.0545836861	-0.064851901	0.0469995847	0.0099411771	-0.0074776476	0.0241406998	-0.0938498315	0.0149726365	-0.0848492971	0.0160312258	0.0362159201	0.0381516293	0.1034113769	-0.0524215443	0.020225501	0.0565965618	0.0173043637	-0.06275476	0.0917514176	-0.0260694803	-0.0539094705	-0.0200030105	-0.0346633798	0.0066260678	-0.0392948567	0.0245158572	0.061044552	-0.0845651116	0.0653891221	-0.036583196	0.0023896175	0.0321558829	-0.0619657467	0.0865017864557131	-1.6083344149792067e-05	2.5867395904065067e-10	0.0074825590600297	0.063803700721067	-0.0001491589013936	0.0040709122257034	2.224837786497321e-08	-0.1605496941559749	0.003979982419601	1.584026006033314e-05	0.025776204293577	0.0047780364619749	-8.409111868190079e-05	2.2829632431961616e-05	7.0713162411735254e-09	0.0008499169359788	0.0001241333641274	7.223587980635916e-07	1.540909208958568e-08	-3.703045388861936e-05	0.0002597354495103	6.74625037323595e-08	1.3712545151971644e-09	0.0	0.0	0.0	0.0	0.0	0.0	0.0	0.0	0.0	0.0	0.0	0.0	0.0	0.0	0.0	0.0
3975.9615710666426	-0.1292267745052413	0.0166995592490284	15808270.414598724	4784.683485461819	-39.161028462071954	22893196.05605106	1533.5861502072096	4520.425262087867	1.4218415759851268	2.021633467199869	20434244.55012216	4637.993254072588	3376.826453960048	1.06549	19.141174	0.0385390916162097	0.0278754802551077	-0.0136717023	-0.0027216509	0.0476939354	-0.0170929271	0.0438036068	0.0343458771	0.003444752	-0.0505126163	-0.0013633397	-0.0034647302	-0.0222952719	-0.003071991	-0.0833521954	-0.0532644382	0.0226425563	-0.0568896162	0.0211475235	0.027763377	-0.0830464874	0.0528140888	-0.0256988737	-0.0604499421	0.1165644442	-0.0125536938	0.026176791	0.0780696062	0.0439350061	0.1074660086	0.0316782234	0.1065154107	-0.0553820235	-0.0189179666	0.117554339	0.0771491522	-0.0751431628	-0.0098938142	0.0809970471	0.0599871864	-0.0084200029	-0.0743291928	-0.0267393503	0.0882639865	0.0634954774	-0.056276003	-0.0687414286	0.0072019739	-0.0359422201	0.0563657599	0.1063579839	-0.0443266348	-0.0568130908	-0.0818273562	-0.1043062079	0.0174270756	0.051823891	-0.0607210559	0.0562156397	0.0179074131	-0.0398533446	-0.0012771225	0.0780688886	0.0907266161	-0.0001317807	-0.0410933601	0.0086923654	-0.0090787756	0.0113289588	-0.0774024836	0.0696922083	0.0219479235	-0.1523503471	0.0130174756	0.0271370624	0.0990960779	0.0104006998	0.0185919596	-0.1294772444	-0.0239442375	-0.0328820181	-0.0229441626	-0.0657442223	-0.0850079043	0.0670341672	-0.0398385309	0.0071623028	0.0264992443	-0.0565152869	0.0864616069394941	-4.01795162189994e-05	1.6143935235928356e-09	0.0074756094745595	0.0637048019613359	-9.889875973109752e-05	0.004058301792933	9.780964676349357e-09	-0.1608927159606636	-0.0003430218046887	1.1766395849189506e-07	0.0258864660491987	0.0043878770145324	-0.0003901594474424	1.9253464694661765e-05	1.5222439442863684e-07	0.0008517333842457	1.8164482668999156e-06	7.254497578386332e-07	3.2994843063237058e-12	0.0003321334811134	0.000369163935002	1.3628201090617518e-07	1.1031264927650525e-07	0.0	0.0	0.0	0.0	0.0	0.0	0.0	0.0	0.0	0.0	0.0	0.0	0.0	0.0	0.0	0.0
3981.456650913072	5.495079846429235	30.195902518632742	15851997.063099934	4802.513569493448	17.830084031628758	23064136.585168697	317.91189657494283	4518.76437559582	-1.6608864920472115	2.758543939464892	20419231.48215388	4636.896947973901	3388.704190549597	1.024346	18.402042	0.0523357287511482	0.040600737505293	-0.0109451344	0.0840205645	-0.0036158363	0.0207809475	-0.0816426266	0.0800580467	-0.0154287767	-0.0202272765	0.0394093421	0.0238150567	-0.0261309514	-0.0186486949	0.0806903307	0.0576989173	-0.0849897967	-0.0618621282	-0.0965561788	0.038178666	0.0259089022	0.1173412278	-0.0331753677	-0.0380954349	0.0065512945	0.0170367747	-0.0212130007	0.0271604212	-0.0051813366	0.0084439943	-0.0018842276	0.0647354092	-0.0304103089	-0.0678726712	-0.0326056907	0.1207267976	0.0284416677	-0.0135348892	-0.0738910529	-0.0700875743	0.1338545053	-0.0547489757	-0.0231247559	-0.0017841006	-0.0538160246	-0.0219286088	-0.1011823503	-0.0696294854	-0.0227779881	0.0154182154	0.0447665973	-0.0348969076	-0.0324673217	0.0289596282	0.0034217103	0.0568511766	-0.0396124548	-0.0549202027	0.0890403108	0.0127269837	0.0089779014	-0.0408235529	-0.0721259197	-0.0179956671	0.1022065678	-0.0574896834	0.0450406637	0.0319294334	0.1271882324	0.022196554	0.0045624354	-0.0151636483	-0.0169421343	0.0621830318	0.0563893491	0.0398042331	-0.0122504	0.0740721376	-0.0714263341	0.0212826368	0.02704494	0.0013029384	-0.0424993696	-0.0854361313	0.0686332704	-0.0430324377	0.0119153566	0.0207291319	-0.0507163915	0.0864680717809847	6.464841490597117e-06	4.179417549854596e-11	0.0074767274375215	0.0669818793539889	0.0032770773926529	0.0044865721617923	1.0739236237437364e-05	-0.121480128556584	0.0394125874040796	0.0015533520458842	0.0147574216341241	0.0044789189088667	9.104189433430025e-05	2.006071459220367e-05	8.288626523977889e-09	0.0008510217334403	-7.116508053999415e-07	7.242379907877331e-07	5.064468688263854e-13	0.0002310950439946	-0.0001010384371188	1.0208765775409706e-08	5.3404919358866106e-08	0.0	0.0	0.0	0.0	0.0	0.0	0.0	0.0	0.0	0.0	0.0	0.0	0.0	0.0	0.0	0.0
3975.585585621193	-5.871065291878949	34.46940766150565	15805280.748599004	4818.254906439012	15.7413369455644	23215580.343423616	247.7896888337907	4515.823585510254	-2.9407900855658227	8.648246327362239	20392662.655450687	4634.841128841861	3291.6646232492453	1.800759	32.350048	0.0563372667436975	0.0318170637879724	0.1836453668	0.1171398871	0.0096882833	0.0042790455	-0.0898766709	-0.0764683705	-0.0323164924	0.0309127696	0.0114528406	-0.0427254695	0.0924182823	0.0112338738	-0.0018880333	-0.0842417978	0.0745980815	0.0997139853	-0.0212640051	-0.1248247306	0.0026649944	0.020989194	0.059931358	-0.157470515	0.0309948228	0.0164151028	0.0186726956	0.040295255	-0.0186763591	-0.029957186	0.2135579162	0.0388070779	-0.0155465993	-0.0892154111	-0.1278645124	0.0568260329	-0.021603883	0.0152089918	-0.0069231837	0.0886047537	-0.0322780837	0.0298340076	0.0849841443	-0.0882417241	0.0815735917	0.0578958121	0.0276127403	-0.0444234072	0.1369942415	0.1301219398	-0.0594482358	-0.1351659053	-0.0285004805	-0.0040175891	0.0154153901	0.0688546737	-0.0661325052	0.1015556128	0.0976582592	-0.0966214582	-0.0963993618	0.0426404577	0.0709895434	-0.1155412305	0.0705665756	-0.061686181	-0.071624238	0.1933306069	-0.0678303184	-0.1619603224	-0.1349040309	-0.0809288584	-0.0519047864	-0.0944391722	0.0129633509	0.044910062	-0.1698244349	-0.052723167	-0.0108337176	-0.018483754	-0.1158577945	0.0815326112	-0.1497959882	-0.0858497193	0.0701853358	-0.0461599916	0.0166357513	0.0148702542	-0.0446048127	0.0865423095639243	7.423778293959293e-05	5.511248415786115e-09	0.0074895713446581	0.0849904396946641	0.0180085603406752	0.0072233748394923	0.0003243082455437	-0.1213711198397362	0.0001090087168477	1.1882900348803209e-08	0.0147309487311516	0.0039198956688535	-0.0005590232400131	1.536558205469643e-05	3.1250698287485575e-07	0.0007281146769597	-0.0001229070564806	5.301509828041283e-07	1.510614453272541e-08	0.0003120739455655	8.097890157089999e-05	6.557582499629509e-09	9.739014750081865e-08	0.0	0.0	0.0	0.0	0.0	0.0	0.0	0.0	0.0	0.0	0.0	1.0	0.0	0.0	0.0	0.0
3961.861012092419	-13.724573528773815	188.363918546719	15696342.679137968	4754.565882528982	-63.6890239100303	22605896.7313086	4056.2917666124113	4490.425380161831	-25.39820534842329	645.0688349206774	20163920.094801523	4605.653318971068	3278.7502384917225	1.848059	33.199768	0.1231696077917799	0.0668626452132138	0.2948224553	0.0201242491	-0.0510307502	0.2653970725	0.1310284387	-0.0627356631	-0.1245132717	0.1249961935	-0.0347209006	-0.0043423742	-0.0095592996	0.2851851874	-0.0436043468	0.1054741377	0.060414998	0.1238734329	0.0361309229	0.0189513222	0.0889542348	-0.0376030056	-0.0239766238	-0.02533815	-0.073959168	0.0148751581	0.0293546423	0.1241954993	0.0248858765	0.064032421	0.0123343743	0.0054641754	0.0263450832	-0.0394577183	0.0289327054	-0.0965689924	-0.1647413935	0.282115346	0.0543927937	-0.0897296179	-0.0980268465	0.0319055556	0.1241063669	0.0288543229	-0.0985663759	0.010595614	-0.0443194973	0.1256267039	0.0564667343	0.0008047612	-0.0240235492	-0.0055853432	0.0350071766	-0.0276113118	-0.0880965107	0.0986854298	-0.040159558	-0.0096611117	0.1141377429	-0.3073274996	-0.0091575559	-0.0771932701	-0.0271083718	-0.0272376842	-0.0365445468	0.0460329911	-0.164754964	-0.0328950838	0.0727803496	0.0348879352	-0.0281366965	-0.0309040928	0.0293332811	0.0035479565	-0.0531116544	0.1321742964	-0.0413474213	0.0032895126	0.0404602147	-0.0248542547	-0.0879291037	0.0143594706	-0.1099129151	-0.0862485974	0.0716892996	-0.0492163702	0.0213105486	0.0089476998	-0.0382182304	0.0624834433596532	-0.024058866204271	0.000578829043035	0.0039041806940789	0.118043372770316	0.0330529330756518	0.0139342378549917	0.0010924963849035	-0.1213347996751892	3.632016454699349e-05	1.3191543527206831e-09	0.0147221336122182	0.0046850842378825	0.000765188569029	2.1950014316055047e-05	5.855135461726489e-07	0.0006810438839282	-4.707079303149992e-05	4.638207718360076e-07	2.2156595566143004e-09	-0.0001960964593202	-0.0005081704048857	2.5823716040169625e-07	3.8453821357918855e-08	0.0	0.0	0.0	0.0	0.0	0.0	0.0	0.0	0.0	0.0	0.0	0.0	1.0	0.0	0.0	0.0
3965.767976548733	3.906964456313744	15.264371262898951	15727315.64381943	4766.367045740927	11.801163211945097	22718254.814725094	139.26745315496626	4492.940946306501	2.515566144670629	6.328073028213052	20186518.34699756	4611.35943241329	3378.8606739775623	1.855163	33.327396	0.1758087064066129	0.0988735551127952	0.095863417	-0.0886989914	-0.077543687	0.2541332827	0.0920959727	-0.0843446383	-0.0835593277	0.03314528	0.0638227686	-0.0264433503	-0.0348026935	0.2894007012	0.0463681534	-0.0103168871	0.0189914889	0.0090074423	0.0269714361	-0.0512601718	-0.0676986831	-0.0596311107	-0.1154632322	0.1126172785	-0.1180886695	-0.0504193278	0.0430457008	0.1095134411	0.1500376861	0.0258584259	0.0312380797	-0.1085851463	-0.0769794273	0.1092310552	0.0516656795	-0.0700555829	-0.2004910667	0.2825670285	-0.0461766734	0.014296605	-0.0699481621	0.0187961316	0.0181809742	-0.0317955722	0.0117794366	-0.108630522	-0.0317911519	0.134908893	-0.0897853818	-0.120333422	-0.1044630771	0.0155291134	0.0238245074	-0.122962601	-0.1374454235	0.0634431656	0.1498331238	-0.0385009077	-0.0714645576	-0.2279780263	0.0456182515	0.08799613	-0.0179042132	0.0527641745	-0.1048415725	0.1956499537	0.0223735251	-0.3560934627	0.070697239	0.0510586128	-0.1794368426	-0.0128962616	0.035629246	0.1794105656	0.0209262026	0.0233539115	-0.1745008917	0.0900445136	0.0496379407	0.0343643308	-0.1285520017	0.0201978067	0.0403098124	-0.0866326972	0.0731441312	-0.0521968607	0.0259269352	0.00298683	-0.0315960199	0.0626703581440892	0.0001869147844359	3.493713664075324e-08	0.0039275737899084	0.074456472512864	-0.043586900257452	0.0055437662990588	0.001899817874053	-0.0905640456412442	0.0307707540339449	0.0009468393038175	0.0082018463629093	0.0033571420296173	-0.0013279422082652	1.1270402607022963e-05	1.7634305084922562e-06	0.001377168313061	0.0006961244291328	1.8965925624992807e-06	4.845892208354668e-07	-0.0001973125685378	-1.2161092176000076e-06	1.4789216291317026e-12	3.8932249702984034e-08	0.0	0.0	0.0	0.0	0.0	0.0	0.0	0.0	0.0	0.0	0.0	0.0	0.0	1.0	0.0	0.0
3977.949335185837	12.18135863710404	148.3854982457492	15824080.91330544	4797.695496589907	31.328450848979628	23017882.07799907	981.4718325969324	4516.373542059036	23.43259575253433	549.0865437016897	20397629.97141088	4635.229043478495	3360.5158748120334	1.761323	31.641602	0.0812006293391322	0.0483332743761116	0.1485089128	-0.0569359987	0.0194544006	0.0568525113	0.008217175	0.0150431562	0.1096805571	-0.1894611675	-0.0753843044	-0.0175208891	-0.0134862355	0.0569559407	-0.076901899	0.045196127	-0.0689382929	-0.1311409537	0.0316469706	-0.1625120651	0.0183389914	0.0061404686	0.0723328353	-0.1528788934	0.1559076809	-0.0672642042	-0.0887981444	0.0010467359	-0.0005873005	-0.077619172	-0.0350632953	-0.0029601555	0.027383529	-0.0357590795	-0.0740268157	-0.1146779311	-0.0233446297	0.0597592986	0.088041881	-0.0408551922	0.0255685172	0.0168550324	-0.1514837024	-0.0702172377	0.1041271429	0.1246623448	-0.0316564312	-0.0292804074	-0.0387761723	0.1841373389	-0.0079932421	-0.0426289865	-0.0022769203	0.0755364422	-0.025521066	0.0611797285	-0.0355753249	-0.0334069893	-0.0827451461	-0.098374391	-0.0556354262	-0.0735582042	0.0150912682	0.0245371502	-0.0146850404	-0.1209868063	-0.0044122493	0.1521534707	-0.0617337596	-0.1274575175	-0.2891459523	-0.0059145195	-0.0909051947	-0.1197530993	0.0082338609	0.0364426495	-0.1599801378	-0.0452370543	0.0646022792	0.1146955725	-0.2017810036	-0.1300073053	-0.0588091626	-0.0870019529	0.0745488335	-0.0550968674	0.0304722578	-0.00298683	-0.0247790096	0.060164735070515	-0.0025056230735741	6.27814698682739e-06	0.0036197953461052	0.0933552754573838	0.0188988029445198	0.008715207455724	0.0003571647527357	-0.1150316592431224	-0.0244676136018782	0.0005986641153708	0.0132322826282258	0.0033790786603293	2.193663071200017e-05	1.1418172592692858e-05	4.812157669946689e-10	0.0006946723803744	-0.0006824959326866	4.82569716055035e-07	4.658006981337522e-07	-0.0001951733375532	2.139230984600005e-06	4.576309205472709e-12	3.8092631691655355e-08	0.0	0.0	0.0	0.0	0.0	0.0	0.0	0.0	0.0	0.0	0.0	0.0	0.0	0.0	1.0	0.0
3983.540121728246	5.590786542409205	31.25689416278388	15868591.90141869	4808.233436830582	10.537940240675198	23119108.78305563	111.04818451604164	4514.21353222075	-2.160009838285987	4.665642501492256	20378123.81448493	4637.074551156851	3410.367962502449	1.453261	26.107351	0.1161434029395852	0.0582533470870011	0.027762619	0.0348922142	0.0472315075	0.0764920979	-0.0836306264	0.1434308089	-0.0067901587	-0.2142765622	-0.0816412574	0.0044519659	-0.1511499478	0.0573661335	0.0962178217	-0.0144505975	-0.1041340943	-0.2141931187	-0.0963443363	-0.0979831371	-0.0410550538	0.0254329443	0.0015029158	-0.0022983361	0.0592475768	0.0775592892	-0.0357938265	0.0054223674	0.0264370495	-0.0168022568	0.0599581061	-0.0180920344	-0.106724991	-0.0109969469	-0.0977901647	-0.0820821707	-0.0552189823	0.0705296701	-0.0910030273	0.0004473885	0.1495212891	-0.0930012559	-0.2014047917	-0.0994584204	0.0635040682	-0.0058869511	-0.0314173558	-0.0266824808	-0.0062307401	0.0200397701	-0.0295055568	-0.0060822993	-0.0781749798	0.0016666176	-0.0724713821	0.0009525536	0.0089255897	0.1303426435	-0.0577842101	-0.0352688714	0.0348812851	0.0464384156	-0.0744164625	0.0314936257	0.0672392608	-0.0125358703	0.128771894	0.0203838335	0.0780866853	0.01965614	-0.0877054569	-0.0906798487	-0.1645673942	-0.1063243437	-0.0589006035	-0.0800081078	0.0385591204	0.0038728209	0.0547770085	-0.0532964385	-0.0881836242	-0.0844985596	0.0603912961	-0.0873563013	0.0759024438	-0.0579119187	0.034934058	-0.0089476998	-0.0178092284	0.0811610901041604	0.0209963550336453	0.0004408469246988	0.0065871225468956	0.0939319684607227	0.0005766930033389	0.0088232146989062	3.325748201000425e-07	-0.0978449465217465	0.0171867127213759	0.0002953830941671	0.0095736335598434	0.0042018246546639	0.0008227459943346	1.7655330428541404e-05	6.769109711936297e-07	0.00098969102158	0.0002950186412056	9.79488318196064e-07	8.703599865879854e-08	-0.0006250815456375	-0.0004299082080843	1.848210673782538e-07	3.9072693869656603e-07	0.0	0.0	0.0	0.0	0.0	0.0	0.0	0.0	0.0	0.0	0.0	0.0	0.0	0.0	0.0	0.0
3987.875212286581	4.335090558334741	18.793010148963017	15903148.708769742	4834.257877472908	26.024440642326223	23370049.225908868	677.2715107459611	4521.58849916004	7.374966939290061	54.39013735562142	20444762.55573634	4643.173697469522	3401.3391655665937	1.19986	21.555099	0.1164646091265666	0.0633325462834191	-0.0087152926	0.0104050694	-0.0172140372	0.021605624	-0.1372852072	-0.0271671685	0.0576878409	-0.1065812887	-0.0705598646	0.0302025689	-0.0080050061	-0.0107956079	-0.0942773781	-0.0094778988	-0.107090592	-0.0138930032	-0.0822770362	-0.0106602324	-0.1215238058	-0.0491285582	0.0345727324	-0.0392932261	0.030250269	0.0985591684	-0.0135959147	-0.098146808	0.0534896043	0.0098676915	-0.0126539208	-0.0388695427	0.1142148062	-0.0233340802	0.1043301679	0.1038955602	0.0086694084	-0.0015548447	0.0873625107	0.0243284203	0.1377422011	0.0437562017	-0.0413355169	-0.0901748193	0.0553251324	-0.0648031985	0.1303361901	-0.0753796902	-0.0035607633	0.0410980985	0.0009072833	0.0264797846	-0.0634952029	-0.104296848	-0.0103624495	-0.1179319639	0.0165904865	0.0035366874	0.0912796556	2.47983e-05	0.0322618264	-0.0326135084	0.1025449617	-0.0623327692	-0.0337470593	0.0590944368	0.045428207	0.0352114004	-0.0956682342	0.0499300068	0.040211557	-0.0639675242	-0.0819537907	-0.028047565	0.109030051	-0.0929311968	0.0092351351	-0.0033676646	0.0161784807	0.0410475883	0.0015787566	-0.1132703205	0.0174112572	-0.0876956817	0.0772040342	-0.060637674	0.0393001065	-0.0148702542	-0.0107296473	0.070024917230711	-0.0111361728734493	0.0001240143462673	0.0049034890331679	0.0873294973069533	-0.0066024711537693	0.0076264410998851	4.3592625336357016e-05	-0.1508844383526693	-0.0530394918309228	0.0028131876936825	0.0227661137370004	0.0038951233895679	-0.000306701265096	1.5171986219958928e-05	9.4065666011487e-08	0.0006938919826153	-0.0002957990389647	4.814860835377918e-07	8.749707145244009e-08	-0.0003138523843297	0.0003112291613078	9.68635908483566e-08	9.850331914943773e-08	0.0	0.0	0.0	0.0	0.0	0.0	0.0	0.0	0.0	0.0	0.0	0.0	0.0	0.0	0.0	0.0
3989.176493928535	1.3012816419541196	1.6933339116868094	15913529.099711958	4804.401353405368	-29.856524067539794	23082272.364603337	891.412029395583	4520.047556922549	-1.5409422374905262	2.374502979282309	20430829.916841503	4639.105195768587	3415.390217153724	1.075584	19.322521	0.0978452922005249	0.0577027648621446	-0.0104737665	-0.0646404606	0.0950273975	-0.0192464995	-0.0786541013	0.0917799837	0.169411746	-0.0610569146	-0.0519956851	-0.009762639	-0.0185456887	-0.0180998535	0.0607220112	0.0738667766	0.0690029578	-0.037193751	-0.0150865606	0.0670346028	-0.2029197971	-0.0309169949	0.0689273121	0.0013582078	0.0868892268	0.1531834202	0.018643721	-0.0147887529	0.0026643687	-0.0309973484	-0.0172922316	0.0628792648	0.0330804666	0.0293165605	-0.0458088192	-0.0954229695	-0.0386615094	-0.0115809043	-0.0461406718	-0.079259683	-0.0050996229	-0.0511720397	-0.052287545	0.0119740289	0.1081340091	-0.1322377674	0.1655050201	-0.1460997721	0.0637834201	-0.0229438992	0.0955785866	0.0316049993	-0.0308388502	-0.0367050761	-0.0223408922	-0.000584968	-0.1005753165	0.0150728373	-0.0378619955	0.0096212238	0.0787067678	-0.0064660768	-0.095756514	0.0364091901	-0.0236261057	0.0263251939	0.0226218191	0.0286920817	-0.0971490938	-0.0058133281	0.1186773178	-0.0129131013	-0.0696327802	-0.0616800616	0.1622728317	0.0092897227	-0.0131803714	-0.0115492319	-0.0076206032	-0.0335605843	-0.0417377952	-0.0665386812	0.0027474783	-0.0880200359	0.0784527129	-0.0632699305	0.0435584361	-0.0207291319	-0.0035839144	0.0623886751735511	-0.0076362420571598	5.8312192755537606e-05	0.0038923467899108	0.086129224539988	-0.0012002727669652	0.0074182433198596	1.440654715118535e-06	-0.164689945549469	-0.0138055071967997	0.0001905920289608	0.027122778165087	0.0049372640444164	0.0010421406548484	2.4376576244286983e-05	1.0860571444880596e-06	0.0009697722441124	0.0002758802614971	9.404582054508004e-07	7.610991868370831e-08	-0.0004998968715761	-0.0001860444872464	3.46125512347759e-08	2.4989688221157184e-07	0.0	0.0	0.0	0.0	0.0	0.0	0.0	0.0	0.0	0.0	0.0	0.0	0.0	0.0	0.0	0.0
3988.908334721917	-0.2681592066178382	0.0719093600939084	15911389.702813976	4835.781602428806	31.3802490234375	23384783.70638891	984.7200287729502	4523.471403576079	3.423846653529836	11.722725906887456	20461793.53897054	4640.08390979138	3401.8937959474097	1.069062	19.205349	0.0715844105485854	0.035344239571047	-0.0165118836	0.0386866127	0.0085899929	-0.0006692027	-0.1775343107	0.0186471171	0.0966428742	-0.0061582423	0.1139001237	-0.0481880745	0.0344760165	-0.0297260056	-0.0381613295	-0.0843447427	5.82619e-05	0.0749130936	-0.0869406812	0.0582680033	-0.1223941398	0.0389160347	0.1028905576	0.0018210174	-0.103066749	0.0253823916	-0.1084961647	-0.0469175291	0.0116574985	-0.0184849023	-0.0445659782	0.0305968064	0.0311546439	-0.0623167982	0.0188598466	0.058949865	0.0645053363	-0.0255087707	0.0300154758	0.0869450857	0.1017830676	0.0142251299	0.1054013908	0.05267921	0.0971975935	-0.0090452486	0.0975037034	-0.1343807794	0.0400862918	-0.0385528471	-0.0495573805	0.073493695	-0.0377576415	0.0716483282	-0.0113165132	-0.0185207142	0.0189968108	-0.0418016194	-0.00721225	0.0103644954	0.0298066014	0.0383248519	0.1000108374	-0.045492875	0.028912901	0.0690165694	0.0525626114	0.0699288333	-0.0750090143	0.0433901937	0.0837731852	0.0599218113	-0.0329681114	-0.0260986498	0.1528337175	0.0823535228	-0.0151598574	-0.0193364605	-0.0044333891	0.0121109112	0.0197083888	-0.0485171855	-0.0376622623	-0.0883293083	0.0796476241	-0.0658046293	0.047697375	-0.0264992443	0.0035839144	0.0827663163120888	0.0203776411385377	0.000415248258371	0.0068502631158727	0.1102797868489204	0.0241505623089323	0.0121616313874433	0.0005832496598376	-0.1696197921716944	-0.0049298466222253	2.4303387718667164e-05	0.0287708738963688	0.0045527352465446	-0.0003845287978717	2.072739822512952e-05	1.478623963927311e-07	0.0009609802976153	-8.791946497100061e-06	9.234831324047904e-07	7.729832320787004e-11	-0.0004506904063672	4.920646520890004e-05	2.4212762183546892e-09	2.0312184239143186e-07	0.0	0.0	0.0	0.0	0.0	0.0	0.0	0.0	0.0	0.0	0.0	0.0	0.0	0.0	0.0	0.0
3986.7502031133617	-2.1581316085553226	4.657532039845584	15894177.18202443	4823.480236422631	-12.301366006175158	23265961.59115972	151.32360561788175	4529.302074250721	5.830670674641624	33.99672051612581	20514577.27981188	4645.298693981799	3410.934748196672	1.144222	20.555582	0.0523402803186243	0.027463124454332	-0.0230172768	-0.056813721	-0.0896208648	0.0033631386	-0.0519359079	-0.1121924648	0.1065492215	-0.0158678158	0.0977044084	0.0067180889	-0.0117880586	-0.0284469964	0.0209998719	0.0804185225	-0.1151826841	0.034859961	0.138716568	0.1381275299	0.0484165244	0.0716656005	-0.0025577419	0.024021796	-0.0316392462	0.017216478	0.0697344925	-0.0227083616	0.1613345358	0.0071972083	-0.0174800148	-0.1321231182	0.0582913199	0.0726554948	0.0404272361	0.0752003198	-0.0509944884	-0.027757834	-0.003498758	-0.0883462338	0.0131647855	0.1239994717	-0.0353393834	0.1177825269	-0.1206175718	-0.0062746214	-0.0632693429	-0.0661384277	0.0342151776	-0.0433766274	-0.0356586054	0.0679175104	0.0018864132	-0.1515129261	0.0020355069	-0.0414015197	0.1837414526	0.0146040031	-0.0381426277	0.0074540082	0.0556331492	-0.082328372	-0.0362538041	-0.0531056221	-0.0746898567	-0.0298331084	0.0816577175	0.0689418769	0.0369587067	0.1032237713	0.0176580105	-0.0242548479	0.0046228885	-0.0014196114	0.01777842	0.1558794738	0.0448173586	0.1153673388	-0.0224312845	0.0161491659	0.0638095284	0.057206167	-0.0443304476	-0.0886234459	0.0807879487	-0.0682378621	0.0517055788	-0.0321558829	0.0107296473	0.0624855768511878	-0.020280739460901	0.0004113083930809	0.0039044473144256	0.1046107787958163	-0.005669008053104	0.0109434150402672	3.213765230615907e-05	-0.1606266744122351	0.0089931177594592	8.087616703550219e-05	0.0258009285327341	0.0047262811537225	0.0001735459071778	2.233773354403248e-05	3.0118181898200084e-08	0.0011239145610018	0.0001629342633865	1.263183940431869e-06	2.6547574185301388e-08	-0.000462158536706	-1.146813033880002e-05	1.3151801346770548e-10	2.1359051305023117e-07	0.0	0.0	0.0	0.0	0.0	0.0	0.0	0.0	0.0	0.0	0.0	0.0	0.0	0.0	0.0	0.0
3972.025389052	-14.72481406136194	216.8201491416823	15776985.691273691	4788.818506056263	-34.66173036636792	22932782.683946937	1201.435551990792	4522.534111022949	-6.767963227771361	45.805326252465335	20453314.785366137	4643.665086951623	3382.000678993608	1.156947	20.784176	0.1499085103565232	0.0752196160921499	-0.0261258206	-0.1054118012	0.0700275844	-0.0397602833	0.0910043552	0.0468888634	0.0049341999	0.0135244987	0.1367295651	-0.0880561608	-0.0383679213	-0.0169306416	0.0202932397	-0.0821358025	0.0596461094	-0.0383595592	0.0963642014	0.0778477712	0.0505850157	-0.0249924907	0.130429979	0.0249520748	-0.0290973724	-0.0786226283	0.0911914132	-0.063937831	0.0794231071	0.0096251573	0.1682159204	-0.0132886255	0.0649325788	-0.014560278	0.0601529969	0.0816225666	-0.0046617424	-0.0207974393	-0.0296126711	0.074021293	-0.1050482319	-0.0087933407	-0.0428132875	0.1597561267	-0.0326710605	0.109757106	0.0564874573	-0.0464248463	-0.0267189415	-0.0167982174	-0.1409195318	-0.0289495162	-0.0904990999	-0.1110866824	0.0484758599	0.0015786437	0.0925115692	0.0520003452	0.1373416087	0.0144803013	0.0680751579	0.0864050601	0.0219685359	0.0188464494	-0.043301918	-0.0544450187	-0.0314510026	-0.0456199681	-0.1316218142	-0.0321043867	-0.0451317576	0.004251233	-0.050061895	0.0635353778	-0.0260553251	0.0281934183	0.0582742135	0.0687964469	-0.0313916179	0.0802524166	0.0879014495	0.067569723	-0.0833780362	-0.0889023983	0.0818729053	-0.0705658771	0.0555720611	-0.037674825	0.0178092284	0.0817419004009138	0.0192563235497259	0.0003708059966517	0.0066817382811529	0.0646591912212244	-0.0399515875745919	0.0041808110093828	0.0015961293497302	-0.1329907410653348	0.0276359333469003	0.0007637448119543	0.0176865372091069	0.0038407049754938	-0.0008855761782286	1.475101470878283e-05	7.842451674461501e-07	0.0007840465434134	-0.0003398680175884	6.147289822385006e-07	1.15510269379469e-07	-0.000498007658595	-3.5849121888999994e-05	1.2851595402123786e-09	2.480116280192741e-07	0.0	0.0	0.0	0.0	0.0	0.0	0.0	0.0	0.0	0.0	0.0	0.0	0.0	0.0	0.0	0.0
3967.3434251904346	-4.681963861565237	21.920785601002866	15739813.853401767	4775.750816099106	-13.0676899571572	22807795.857471272	170.76452081638712	4519.699692135766	-2.8344188871833467	8.033930428021682	20427685.307092138	4640.242926897321	3357.3311172080253	1.199942	21.556574	0.0905880225160665	0.0522279977082792	0.0064549836	0.0363755725	0.0534170516	-0.0218394775	0.0420236103	0.0310265893	-0.0734090316	0.0222531782	0.1013208029	0.0447697322	-0.0264443859	-0.0215409856	-0.0662611968	0.0726736995	0.1139339602	-0.0284481271	-0.0436760915	-0.0027570436	0.1275994563	-0.0563086083	-0.0485305576	-0.0636550944	-0.034747988	-0.0161517391	-0.0318946784	-0.0610622671	0.0588114958	-0.0395926479	-0.0172689663	-0.0105048431	-0.0284320145	0.0170342191	0.0448066983	-0.0321667219	0.0234571401	-0.0233573076	0.072364757	-0.0642127195	-0.0827500712	-0.1067025329	0.0397652871	-0.0328959839	-0.0820928132	0.0417734282	0.0082699333	0.0809719137	0.0150506347	0.0502942271	-0.1347368381	-0.0012489387	-0.0815688501	0.0024309383	0.0028337711	-0.0790492033	-0.0446274549	0.0501095414	-0.0825622082	0.0044666185	-0.056833315	-0.0658304671	-0.0089219991	0.0653510008	0.0745989266	-0.0470608018	-0.0338753041	-0.103927356	-0.0696256418	0.0233264006	-0.1023012436	-0.1036030723	0.0718437911	-0.1411727956	-0.0603580736	-0.0293653918	-0.0650712687	-0.0023886331	0.0706812023	0.0239446544	0.0230817	0.2411824553	0.0379495095	-0.0891661178	0.0829017503	-0.0727850846	0.0592862243	-0.0430324377	0.0247790096	0.0762942331474789	-0.0054476672534349	2.967707850414696e-05	0.0058208100115618	0.0497033022102328	-0.0149558890109916	0.0024704182506017	0.000223678616109	-0.1416996291578698	-0.008708888092535	7.5844731808298e-05	0.0200787849034778	0.0035488853155162	-0.0002918196599775	1.2594586982686515e-05	8.515871394944204e-08	0.000696627955381	-8.741858803240003e-05	4.852905082183126e-07	7.642009533578473e-09	0.0003522656565771	0.0008502733151721	7.229647104937534e-07	1.2409109280369537e-07	0.0	0.0	0.0	0.0	0.0	0.0	0.0	0.0	0.0	0.0	0.0	0.0	0.0	0.0	0.0	0.0
3968.548872672667	1.2054474822325574	1.4531036324208118	15749380.154791497	4780.154330345892	4.403514246786472	22849875.421924584	19.390937721651422	4515.851050603957	-3.8486415318084255	14.812041640360704	20392910.711240865	4634.473029972956	3328.8061708658493	1.163373	20.899614	0.1429911177245861	0.0727525422717473	0.0304237249	0.0636990867	0.0431745685	-0.0097620867	-0.0269380134	0.0441497695	-0.1021658889	0.0053410367	0.2035551653	-0.0227849959	-0.0186536394	-0.0117488813	0.0837654018	-0.0405969779	0.0361287479	-0.003523591	-0.0884461411	-0.0035201911	0.105875499	-0.0935925141	-0.0551384948	-0.0598997804	-0.0926247272	-0.0272995326	-0.0199968132	-0.0394691535	0.017020461	-0.0175350056	0.0469911742	0.0181633641	0.1048360288	-0.030590214	0.053462779	-0.0479265419	0.1429552051	-0.0102381517	-0.0913493315	0.0358011041	0.0157200971	-0.076911413	0.0556986823	-0.0363128432	-0.0646002102	0.0243079952	0.0265494795	0.1224651119	-0.0228239643	0.0336033065	-0.0990435102	-0.0379705792	-0.1033970591	0.0435934636	0.0441775083	-0.0812142797	-0.0578524636	0.0203747407	0.0470542703	-0.0049604566	-0.0097189999	0.0846020172	-0.0415277731	-0.0236216615	0.1106112229	-0.0617794658	-0.0755649825	0.0083106056	0.0211458534	0.0184170401	-0.1336720418	-0.0234394856	0.0008924391	-0.1704167085	-0.0938095609	-0.005450188	-0.1637799262	-0.130868945	0.0298438276	0.1312361156	0.0456214136	0.2996998875	-0.0761939699	-0.0894145591	0.0838737786	-0.0748920628	0.0628378881	-0.0482057789	0.0315960199	0.0938393040465257	0.0175450708990468	0.0003078295128525	0.0088058149839362	0.0380718541193516	-0.0116314480908812	0.0014494660760851	0.0001352905846908	-0.0900463596013239	0.0516532695565458	0.0026680602558811	0.0081083468774509	0.0026800100959896	-0.0008688752195265	7.182454114606185e-06	7.549441471073971e-07	0.0006949734814989	-1.654473882100032e-06	4.829881399867018e-07	2.7372838265511507e-12	-2.043123357644465e-05	-0.0003726968901535	1.3890297193012334e-07	4.1743530545523914e-10	0.0	0.0	0.0	0.0	0.0	0.0	0.0	0.0	0.0	0.0	0.0	0.0	0.0	0.0	0.0	0.0
3971.322715047572	2.7738423749046888	7.694201520816884	15771404.107052818	4764.361787857548	-15.792542488344225	22699143.24559717	249.4043982461576	4501.849809919085	-14.001240684872757	196.0347407157361	20266651.7110685	4617.704163536659	3392.331845578894	1.538761	27.643337	0.1346695648495783	0.0690149045221802	0.0179573047	0.081356941	-0.0325552686	0.1016290899	0.0103669504	0.0431183795	-0.0558310684	0.0304293684	0.0648825967	0.1283127996	0.024417002	0.1114760673	-0.0658529831	-0.0025444003	0.0358790361	-0.0652115419	-0.2440931544	-0.1285035325	-0.0938464122	0.0834773677	0.0864450197	0.2405695302	0.1330980963	-0.2214062156	-0.0855139283	0.1583532483	-0.1619157754	0.1950045935	0.0759055781	0.0258319032	0.0703878884	0.0584240585	-0.2196171199	0.0362046755	-0.029469177	0.1026336723	0.0650363162	0.0067519463	0.0906733364	-0.1174808246	0.0806683384	-0.0150390965	0.2074545346	0.096987335	-0.0799342645	0.0232150564	-0.2612184513	-0.1682260626	0.0214556201	-0.1932468043	0.0277542891	0.1187754437	-0.10671829	0.0381846068	-0.1592726718	0.2478667824	0.0914602513	-0.0588133731	-0.0202257431	-0.027420867	0.0665887257	-0.0388733419	0.083863742	0.0070670671	-0.0062032117	-0.2846990832	-0.0667869098	0.1301972497	-0.210395986	0.1009799439	-0.0523898352	-0.0246885719	0.0575517924	-0.2720028129	0.1646431943	0.0855911446	0.1329225514	-0.1064238722	-0.2286046327	-0.0951106308	-0.1580114346	-0.0896476797	0.084788324	-0.0768835629	0.0662173176	-0.0531726956	0.0382182304	0.0685864132490507	-0.025252890797475	0.0006377084936291	0.0047040960823695	0.0844376523874359	0.0463657982680843	0.0071297171407014	0.0021497872490366	-0.0913641279939057	-0.0013177683925817	1.736513536487614e-06	0.0083474038840867	0.0032198307061899	0.0005398206102002	1.036730977652335e-05	2.9140629119702413e-07	0.0010320447837213	0.0003370713022224	1.0651164356063451e-06	1.1361706278190457e-07	0.0003373390018296	0.000357770235406	1.279995413424966e-07	1.1379760215539086e-07	0.0	0.0	0.0	0.0	0.0	0.0	0.0	0.0	0.0	0.0	0.0	0.0	0.0	0.0	0.0	1.0
3976.649720093597	5.327005046025079	28.37698276037665	15813742.996320482	4790.770887805569	26.40909994802132	22951485.69944536	697.4405600645798	4516.522782461984	14.672972542899515	215.29612324468303	20398978.044498146	4635.435621995192	3389.236630240021	1.289872	23.172125	0.1360278683441943	0.064060589179237	-0.0123650269	0.0393063396	-0.0266745487	0.0276567432	-0.0781288692	-0.0205047669	0.0128632527	-0.1692557112	0.10325181	0.1023565312	0.0358595742	-0.0157037674	0.078301371	0.0539615207	-0.0236405648	-0.0009395581	-0.0534124017	0.0168314892	-0.1204566175	-0.0010064954	0.0195049457	-0.0086595243	0.1102620417	-0.0094840153	-0.0179929855	0.0071957273	-0.1462263926	-0.0633049322	-0.0638573678	0.0442462336	-0.011061054	-0.0090325321	-0.0450223646	0.0353369725	0.0875717521	-0.0128657283	-0.0744682968	-0.0536759729	0.0568445383	0.0127623706	0.0037777216	0.0031608339	0.0802324913	-0.0575681305	0.0688930866	-0.0631676715	-0.042280049	0.0158255918	0.0981408847	-0.0851126497	0.0412541772	0.058354589	0.0038028684	0.0143387001	-0.0828675022	-0.0371410639	-0.0281050145	0.0210737606	0.0153979867	0.0048495621	-0.0639969947	-0.1075823962	-0.0196476714	0.090611406	-0.0234148328	-0.0298615599	-0.0751580823	0.0335978689	0.0251750778	-0.0024775886	-0.0810996733	-0.0565358812	0.0208730037	-0.0699091354	0.0752621754	-0.0162843535	-0.0985147882	0.0262576654	-0.024151281	-0.0244146683	0.0507228758	-0.0898654396	0.0856447597	-0.0787565141	0.06941525	-0.0579119187	0.0446048127	0.0623234117401523	-0.0062630015088983	3.9225187900463545e-05	0.0038842076509325	0.0695046175951148	-0.0149330347923211	0.0048308918670431	0.0002229955281086	-0.1402089305700755	-0.0488448025761698	0.002385814738705	0.0196585442116042	0.0036087515621861	0.0003889208559962	1.3023087837580615e-05	1.512594322288171e-07	0.0012332975245061	0.0002012527407847	1.5210227839528742e-06	4.0502665673393864e-08	-0.0003922279907255	-0.0007295669925551	5.322679966258934e-07	1.538427967085629e-07	0.0	0.0	0.0	0.0	0.0	0.0	0.0	0.0	0.0	0.0	0.0	0.0	0.0	0.0	0.0	0.0
3983.793464897649	7.1437448040519484	51.03308982541921	15870610.370961215	4803.311974310106	12.541086504536906	23071805.92255085	157.27885071427772	4520.592637561616	4.06985509963215	16.563720532001817	20435757.79477629	4637.787630387191	3413.71333339995	1.027901	18.465912	0.013544614944771	0.008578919728675	-0.0118611579	-0.0942847227	-0.0833866511	0.017629068	-0.0001752576	-0.0630416217	0.1222831264	-0.0708623685	0.0152381689	0.0328852382	-0.0672212764	-0.0045128005	-0.0505410192	-0.0772608674	-0.1330393659	-0.0054929058	0.0681597982	-0.022821126	-0.0440842167	0.0490047023	0.0147969482	0.10990958	0.0434865038	0.0561169194	-0.0442301502	0.039865137	0.0046632077	0.0976867835	-0.0329264756	0.1012585851	0.0030028999	-0.094961196	-0.0097966904	-0.0694760686	0.0092753567	-0.0022387233	0.0478276167	0.0696225496	0.0694951607	0.0891577993	-0.0952235809	0.0283774412	0.0430444549	-0.0231732243	-0.0730804458	-0.0419450686	-0.0272901507	-0.0747212574	0.1437379849	0.1250935172	-0.046940443	0.10068056	-0.0610561827	0.0417055874	-0.0585435983	0.0437318226	0.0570880204	0.0118631885	0.0290358268	0.031675718	0.0692635409	0.0157734903	-0.1001618759	-0.0087170179	0.0524487744	0.0115746082	0.020318153	0.0716524405	-0.0105548987	0.0625360848	-0.0027191884	-0.0707237938	0.0652126152	-0.0141958035	0.0514655515	-0.0721203472	-0.0922493783	-0.0243733053	-0.0100571664	-0.0963537166	0.0666432933	-0.0900678015	0.0864424987	-0.0805080284	0.0724229201	-0.062403154	0.0507163915	0.0622953115691018	-2.8100171050503275e-05	7.896196130675424e-10	0.0038807058434914	0.0693214870128571	-0.0001831305822576	0.0048054685616737	3.3536810158040595e-08	-0.1366862930540477	0.0035226375160277	1.2408975069326502e-05	0.018683142708857	0.0034602249160989	-0.0001485266460872	1.197315646999164e-05	2.2060164597912418e-08	0.0012379005418474	4.603017341299996e-06	1.5323977515060864e-06	2.1187768644308486e-11	-0.0003491427206453	4.308527008020001e-05	1.856340497883778e-09	1.21900639379602e-07	0.0	0.0	0.0	0.0	0.0	0.0	0.0	0.0	0.0	0.0	0.0	0.0	0.0	0.0	0.0	0.0
3984.563522093359	0.7700571957102511	0.592988084665136	15876746.461597037	4790.320454259073	-12.991520051033149	22947170.05449285	168.77959323639635	4521.009607587542	0.4169700259253659	0.1738640025202003	20439527.87189886	4637.9746468009525	3392.4342436663874	1.143182	20.536886	0.1107870390434742	0.0643775000431467	-0.0169507579	-0.0326651342	0.1008072352	-0.0209424903	-0.0260475224	0.062085216	0.0311141308	-0.0879131746	-0.0374645668	0.0113397454	0.0331538771	-0.0342384459	0.0540128345	0.0736070385	0.0899634258	-0.0354680325	0.0484788047	0.0977575925	-0.1073162419	0.0737725403	-0.0047152103	-0.0180918288	0.0018358598	0.0805000198	-0.022390254	-0.0047873864	0.0080560869	0.0093623713	-0.049675351	-0.0385111578	0.0718986596	0.1000762634	-0.01138903	-0.1146014452	-0.0513507908	-0.0287769521	-0.0455344896	-0.080666406	-0.0443050344	-0.0759711755	-0.0058413311	0.061092009	0.0232449189	-0.1072075487	-0.0005757611	-0.0897795677	0.084790254	0.0066759761	0.0421018354	0.0394388506	0.0746559501	-0.0376784235	-0.0306498049	-0.1050545773	-0.014564203	-0.0134029911	-0.0381497458	0.0171800311	0.0275167385	-0.0390774163	-0.0878373127	0.0438607736	0.0187009522	-0.0138205649	0.0227686185	0.0099843665	-0.0988728974	0.040592152	0.1165309457	-0.077945051	-0.0248327624	-0.0292017028	0.0280356445	0.0512321989	0.0547947126	0.0068505745	-0.0036339091	-0.0976603272	-0.0137061884	-0.0585485939	0.0069345405	-0.0902547308	0.0871809944	-0.0821354052	0.075232084	-0.0666271694	0.0565152869	0.0623014052678314	6.093698729600638e-06	3.7133164207136426e-11	0.0038814650983465	0.0833151737561621	0.0139936867433049	0.0069414181780194	0.0001958232686697	-0.1867214319806223	-0.0500351389265746	0.0025035151274016	0.0348648931608941	0.0041581782314653	0.0006979533153664	1.7290446204631893e-05	4.871388304309499e-07	0.0010233244091042	-0.0002145761327431	1.0471928462684603e-06	4.604291674302733e-08	-0.0003266297752576	2.251294538769996e-05	5.068327100295607e-10	1.066870100848303e-07	0.0	0.0	0.0	0.0	0.0	0.0	0.0	0.0	0.0	0.0	0.0	0.0	0.0	0.0	0.0	0.0
3978.852255154589	-5.711266938770223	32.61857004588979	15831265.268348755	4808.34902757214	18.02857331306677	23120220.37095394	325.0294557046234	4520.58215477353	-0.4274528140113034	0.1827159082061819	20435663.018056896	4637.864394101992	3373.016380512609	1.060019	19.042894	0.0695506682075144	0.0465261947217188	-0.0193798831	0.0406939433	0.0442197143	-0.0033925887	-0.0864149373	-0.0110444097	-0.0370165541	0.0274874379	0.1063569996	-0.065621914	0.0607175721	-0.0271497501	0.0264234439	-0.0821475128	0.0525345164	0.0767102097	-0.0312349309	0.0611121007	-0.0433911727	-0.0303072419	0.0734892423	0.0633687344	-0.0471996696	-0.0401469084	-0.1140306789	-0.0166927558	0.0677374577	0.0399396771	-0.0520326865	-0.0119188515	-0.001473836	-0.023165226	0.025947063	0.05834475	0.0993247627	-0.024183358	-0.0316866702	0.0822004532	-0.0028645386	0.0007484692	0.1096745903	0.0599140971	0.0216611021	0.0195344318	0.0632902927	-0.0764643628	-0.0113343073	-0.0630435228	-0.0534753069	0.0710917614	-0.0205872913	0.0889347528	-0.0889104331	-0.0222465912	0.0972112233	-0.0282109221	-0.0106100238	0.0229266913	0.007149806	0.0703211892	0.0585666853	-0.031206999	0.0798667454	0.0490803366	-0.0104247894	0.0296207697	-0.0744032172	0.0370890862	0.0174078454	0.1198146883	0.0759418717	0.0260441022	0.0551024748	0.0562434462	0.0397012959	-0.0928623238	0.0188576138	-0.0867247478	0.0838390239	-0.0135912454	0.0359512091	-0.0904261954	0.0878597406	-0.0836361352	0.0778350419	-0.0705658771	0.0619657467	0.0622496416691973	-5.176359863409696e-05	2.679470143551885e-09	0.0038750178879434	0.0696896750856268	-0.0136254986705352	0.0048566508135402	0.0001856542140207	-0.1457246139212173	0.040996818059405	0.0016807390909959	0.0212356631024878	0.0041526992315877	-5.478999877600588e-06	1.7244910908029073e-05	3.001943965874725e-11	0.0012789041325373	0.000255579723433	1.6355957802209837e-06	6.532099503013979e-08	-0.0002901567409895	3.647303426810005e-05	1.3302822287220007e-09	8.419093434164779e-08	0.0	0.0	0.0	0.0	0.0	0.0	0.0	0.0	0.0	0.0	0.0	0.0	0.0	0.0	0.0	0.0
3980.0246406056	1.172385451010996	1.3744876457422563	15840596.139827734	4814.009549048639	5.660521476499525	23174687.93833148	32.041503385912364	4524.439478919619	3.857324146089013	14.878949568001334	20470552.59840644	4642.600871125945	3387.868561916295	1.10743	19.894627	0.076431993956356	0.0402442286398782	-0.0218118736	-0.0040906696	-0.1032306197	-0.0011518809	-0.0405751305	-0.0713571653	0.007800102	0.0719585081	0.0067744226	0.016820687	-0.0516981459	-0.0307236666	-0.032155509	0.075363624	-0.1041391321	0.0135063225	0.0580644979	0.0030519164	0.0587328103	-0.0560269889	0.0447244536	-0.0028806519	-0.0985400904	-0.0303662096	0.0900367148	0.085499414	0.0154369426	0.0024682296	0.0459258978	-0.0917768666	-0.1239192886	-0.0163014536	0.032221091	0.0160259609	-0.0251095162	-0.0322869513	0.0454752224	-0.0679712965	0.0309126662	0.0995013499	-0.0356586928	0.0842537431	-0.0539522853	0.0609101896	-0.021317759	0.1085946575	0.0477809359	-0.0526215538	-0.0737088754	-0.056733186	-0.0252002804	-0.046352828	-0.0535243817	0.0393664839	0.0911481568	0.0135752208	-0.0545834914	0.0170091761	0.028720718	-0.1009609652	0.0021581391	-0.07308295	-0.0522034592	0.0220390506	0.00461316	-0.0070570542	0.0194926253	0.0294378246	0.0124360528	-0.0141470544	0.0280904828	-0.036322466	-0.0933041317	0.0580294041	0.1623087967	-0.0407183982	0.0420381287	0.0377036012	0.1040947701	-0.0111993719	-0.021901276	-0.090582166	0.0884782721	-0.0850079043	0.0802246594	-0.0742024108	0.0670341672	0.0829439232874591	0.0206942816182617	0.0004282532916959	0.0068796944103159	0.069278654214159	-0.0004110208714677	0.004799531929725	1.6893815678214878e-07	-0.1320753342820708	0.0136492796391465	0.0001863028346676	0.0174438939257207	0.0035547642286654	-0.0005979350029222	1.2636348721399116e-05	3.575262677196904e-07	0.0011832398391713	-9.566429336599996e-05	1.4000565170021238e-06	9.151657025216106e-09	-0.0004301056812508	-0.0001399489402613	1.958570588026092e-08	1.8499089704421482e-07	0.0	0.0	0.0	0.0	0.0	0.0	0.0	0.0	0.0	0.0	0.0	0.0	0.0	0.0	0.0	0.0
3976.4568797097313	-3.56776089586856	12.728917810088827	15812209.316190852	4804.241921701739	-9.767627346900554	23080740.442236416	95.40654398791956	4521.1760486421135	-3.263430277505904	10.64997717614226	20441032.86281512	4641.653529307607	3392.1946006032217	1.078364	19.372452	0.0725804411991434	0.0350256197698216	-0.0213189439	-0.1028545093	0.016738852	-0.0387215705	0.0735666083	-0.0184317238	0.0022396578	-0.0148233248	0.0130414388	-0.1598367253	0.0313613212	-0.0186493821	0.0531147027	-0.0694795619	0.0046386944	-0.0287975265	0.1240924143	-0.0121643367	0.0855032403	-0.0518030401	-0.0050133748	-0.0158493988	0.0194610971	-0.0622633263	-0.0068364966	-0.0309011792	0.0558453401	-0.0693978749	-0.0529272747	-0.0370822983	-0.1414767245	0.0436356282	-0.0895905698	0.031517549	-0.0190757674	-0.0236418542	-0.0621238141	0.0666107654	-0.1004157751	0.0356934555	-0.0557821518	0.0300065544	-0.0465124691	0.0872446858	-0.0108516039	0.0587047231	-0.0883277881	0.0656332879	-0.0672482693	0.0402371006	-0.0652168275	-0.0611015733	-0.0155845433	-5.918e-05	0.0173351215	-0.0376885418	-0.1004832005	0.0177843358	0.0297981602	0.0965670189	-0.0115993645	0.0147437241	-0.0621624198	-0.0461446713	0.0077330309	0.0177922734	-0.0452106978	-0.0371888744	-0.0009518876	0.0547554515	0.0427331844	0.0548208506	-0.05562759	-0.0497754214	0.0269235394	-0.0410243261	0.0797849052	-0.0023862233	0.07991656	-0.0212349246	-0.0100645552	-0.0907226157	0.089036165	-0.0862485974	0.0823943867	-0.0775211985	0.0716892996	0.0715711305542328	-0.0113727927332263	0.0001293404145529	0.005122426728811	0.0512383782372865	-0.0180402759768725	0.0026253714043872	0.0003254515573217	-0.1571779732156955	-0.0251026389336246	0.0006301424814319	0.0247049152641938	0.0039152679811292	0.0003605037524637	1.532932336405552e-05	1.299629555404804e-07	0.0011831616811368	-7.815803449990992e-08	1.3998715637104588e-06	6.1086783568891104e-15	-0.0004308184418609	-7.12760610100012e-07	5.080276873101412e-13	1.856045298474537e-07	0.0	0.0	0.0	0.0	0.0	0.0	0.0	0.0	0.0	0.0	0.0	0.0	0.0	0.0	0.0	0.0
3968.757501484709	-7.6993782250224285	59.28042505194952	15751036.105591148	4766.675157116306	-37.56676458543279	22721192.05346976	1411.2618014173274	4517.069241841634	-4.106806800479717	16.86586209646645	20403914.53559175	4636.3069515689385	3363.872057619348	0.95733	17.198128	0.0496578630086648	0.0288431679335714	-0.0214771414	-0.016905093	0.0792926118	-0.0486062381	0.0788073437	0.0457588877	-0.0231837182	0.0759338177	-0.0288418077	0.0415001288	0.025161941	-0.0189974856	-0.0913571105	0.0001525679	0.0893702579	-0.0664148225	0.028085295	-0.0182441337	0.0216724491	-0.0591361408	-0.085346325	-0.0057875762	0.0014700774	0.0502086703	0.0035290815	-0.000309006	-0.0437303668	-0.0374856461	0.0553000928	0.0027845615	0.0442857878	-0.0096450954	-0.0281042133	-0.0811391643	0.0821976631	-0.026064877	0.0889187502	0.0038998756	-0.0862635303	-0.0821821738	-0.0414594191	-0.0291601798	-0.0091926718	-0.0395535181	0.0294141104	0.0806656591	-0.0072773125	0.0250508684	-0.0005486193	-0.0275567353	0.0046018599	-0.0041354183	0.0433074784	-0.0527506099	-0.0950408333	0.0362397371	-0.0245081772	0.022123651	0.0228893231	-0.0747038764	0.0276412313	0.0972014896	0.0126843211	0.0027239095	-0.0584978004	-0.0255451782	-0.0172088679	-0.0180786237	0.0222179176	0.0010585655	-0.0422340453	-0.0344177582	-0.0567485773	-0.0119211662	0.066199156	-0.0370539991	0.0150226135	-0.0216988644	0.0306122	-0.0129073516	0.0582708533	-0.0908475206	0.089533037	-0.0873563013	0.0843382767	-0.0805080284	0.0759024438	0.0647233700380809	-0.0068477605161518	4.689182408656885e-05	0.0041891146290863	0.0701670997261061	0.0189287214888196	0.0049234218839733	0.0003582964972013	-0.1373025339661922	0.0198754392495033	0.0003950330853606	0.0188519858335373	0.003944777010066	2.9509028936800484e-05	1.556126565914525e-05	8.707827887929282e-10	0.001233654747794	5.049306665719992e-05	1.5219040367546776e-06	2.549549780448434e-09	-0.0004309351813507	-1.1673948979999857e-07	1.3628108478763966e-14	1.8570513052576069e-07	0.0	0.0	0.0	0.0	0.0	0.0	0.0	0.0	0.0	0.0	0.0	0.0	0.0	0.0	0.0	0.0
3968.987358159941	0.2298566752319857	0.0528340911487025	15752860.649233429	4790.436149351059	23.760992234752848	22948278.5010094	564.5847519799852	4512.994451250349	-4.074790591284909	16.603918362824018	20367118.91701644	4630.041442871094	3365.298348665941	1.00047	17.973118	0.0703954063526761	0.0398361133676385	-0.0224411099	0.0630509535	0.015425343	-0.0122294121	-0.0284937066	0.0086172388	-0.0973991355	0.0377783359	0.0165952835	-0.0353424489	-0.0232726517	-0.024654716	0.1007876551	-0.0035052424	-0.0002174513	0.0165640217	-0.0997847629	-0.0210720079	0.0131789158	-0.0907815858	-0.0259573015	0.028164314	0.0582469701	-0.0642400476	0.0182990228	0.0006392213	-0.0626700064	0.0645704637	0.0076428862	0.0765226786	-0.1033018261	-0.0192364732	0.0563206104	0.0473694511	0.0101805246	-0.0213842061	-0.1024522536	-0.0097024858	0.0505733585	-0.0462425312	0.0613586215	-0.0174867981	0.0029220723	0.011118273	0.0413956705	0.1203169347	-0.0801266165	0.0003574788	0.0601955702	-0.0490780481	-0.0341489966	0.0450425897	0.0098090905	0.013295702	-0.0829641104	-0.0072927711	0.0220046419	0.031809005	0.027742734	0.0703479152	-0.0743347269	-0.003383744	0.076069419	0.0362826268	-0.0574877222	0.0013446195	0.0662950112	0.0408707981	-0.0121104848	0.0779908576	0.0126580937	-0.0532303601	-0.0352729666	-0.0439346127	0.0343222271	-0.0515997053	-0.0663986687	0.0464075063	0.0885601	0.0054372544	0.0225239935	-0.0909568593	0.0899685475	-0.0883293083	0.0860510014	-0.0831501106	0.0796476241	0.0622251607267259	-0.0024982093113549	6.241049763340816e-06	0.0038719706274668	0.065959478690786	-0.0042076210353201	0.0043506528291602	1.7704074776868212e-05	-0.1046181665953511	0.032684367370841	0.0010682678704321	0.0109449607817726	0.0038580847053924	-8.669230467359991e-05	1.4884817593982764e-05	7.515555689620273e-09	0.0013558824574759	0.0001222277096818	1.8384172384908856e-06	1.4939613014082825e-08	-0.0008421193396984	-0.0004111841583476	1.690724120761064e-07	7.091649822940691e-07	0.0	0.0	0.0	0.0	0.0	0.0	0.0	0.0	0.0	0.0	0.0	0.0	0.0	0.0	0.0	0.0
3969.625341006984	0.6379828470430766	0.4070221131211897	15757925.347964814	4790.6659280100175	0.2297786589588213	22950480.033796083	0.0527982321129143	4517.26659429641	4.272143046061501	18.25120620601164	20405697.48394629	4632.587459622897	3364.2158031182303	1.027775	18.463644	0.0767410914663083	0.0335199220584025	-0.02459955	0.0342841447	-0.0495537444	-0.0093668927	-0.0076391947	-0.0602592055	-0.0433372984	0.0149331385	-0.0688071699	0.0991367838	-0.0244793566	-0.0051463134	-0.0791549118	-0.0179712911	-0.0888913729	0.0467747017	0.0333345684	0.0396317205	-0.0833506286	-0.037499912	-0.064236294	-0.0575095792	0.0086706351	0.0296285211	-0.0172888233	0.0209370613	-0.0525287035	0.0798010267	0.0248945738	-0.0296770034	0.0347713716	-0.0327072201	0.0292027341	-0.0134970625	0.0295502781	-0.0098354224	0.0761129257	0.0256042158	0.05561541	0.0781522155	0.0130599111	0.0910190545	0.0037268755	-0.0972400258	-0.0053743658	0.0885896062	0.0053470729	0.037799741	0.0829460186	-0.0481008718	0.0221852009	0.036144297	-0.0081438701	-0.0438061937	0.0635529303	-0.003779351	0.0387870877	0.0209863899	-0.005728543	-0.0376262367	0.1073714319	-0.0571414334	-0.0317980854	0.0548655342	-0.0176114352	0.0225021148	0.0086691828	-0.0115173193	0.0345656868	-0.0238254938	-0.0177207491	0.027745663	-0.1097846914	-0.0395179816	0.034308714	0.0355856166	-0.132432373	0.0713435556	0.0189944629	-0.0355510947	0.0002183981	-0.0910506129	0.0903423981	-0.0891661178	0.0875278662	-0.0854361313	0.0829017503	0.0801951068885955	0.0179699461618696	0.0003229189650604	0.0064312551688732	0.0657963342802929	-0.0001631444104931	0.004329157604724	2.6616098675141705e-08	-0.1227696499985668	-0.0181514834032156	0.0003294763497372	0.0150723869607705	0.0036039180744382	-0.0002541666309542	1.2988225487262344e-05	6.460067629060852e-08	0.0015810781606511	0.0002251957031752	2.499808150087865e-06	5.0713104728572795e-08	-0.0005123513240132	0.0003297680156851	1.0874694416895427e-07	2.625038792180791e-07	0.0	0.0	0.0	0.0	0.0	0.0	0.0	0.0	0.0	0.0	0.0	0.0	0.0	0.0	0.0	0.0
3973.0260157526095	3.4006747456255653	11.564588725535502	15784935.721847055	4785.6082753827495	-5.057652627267999	22902046.56541185	25.57985009811089	4521.107825506301	3.841231209890793	14.755057207839087	20440415.969854318	4641.675621485449	3396.0585171859875	1.056038	18.971375	0.0706890240807088	0.0387026044514667	-0.0217290331	-0.0607627787	-0.0823910857	-0.0313401216	0.1198468083	-0.0428704155	0.0282000702	0.0330596281	-0.0445995255	-0.062482031	0.0016831496	-0.0158107843	0.0576028468	0.0394619681	-0.0504248811	0.0208791145	0.1153703895	0.0015365195	0.0225017563	0.1297917529	-0.1000424135	0.0444174452	0.0462863818	-0.0541414029	-0.0373808935	-0.0648647475	-0.0442537134	-0.0733740271	-0.0097076856	0.0226854814	0.0735220952	-0.0201148202	0.026315189	-0.0247089896	0.019178895	-0.0181720555	-0.0557872637	-0.0445882536	-0.0657451316	0.1043524126	-0.0557964055	-0.0340628334	-0.0489885781	-0.0290665186	-0.0953855852	-0.1089070088	-0.0722973155	0.0497817876	-0.017728366	0.0214416058	0.0871923684	0.0275807966	0.102108966	-0.0215602513	-0.031752031	-0.0168837796	0.0450966771	0.0184451255	-0.0031642566	-0.004644511	-0.0800530567	-0.0375439519	-0.0815618545	-0.1003136849	0.0543389074	-0.0022023031	0.0234031519	0.0683831519	0.0315296567	0.0262342521	0.0600162267	0.0444175175	-0.049075027	-0.0836342284	-0.0889277757	0.0073212544	-0.1014448051	-0.0644469478	0.0084166032	-0.0227508175	0.0447389767	-0.0911287655	0.0906543325	-0.0898654396	0.0887648233	-0.0873563013	0.0856447597	0.0797712433693362	-0.0004238635192592	1.7966028295887793e-07	0.0063634512686898	0.0607652751431828	-0.00503105913711	0.0036924186632267	2.5311556041099007e-05	-0.1464721932107693	-0.0237025432122024	0.0005618105547263	0.0214541033839729	0.0037519713410219	0.0001480532665836	1.4077288943849676e-05	2.1919769746104134e-08	0.0014641049420758	-0.0001169732185753	2.1436032814107814e-06	1.3682733863864918e-08	5.325335507053858e-05	0.0005656046790837	3.1990865300141893e-07	2.8359198262688572e-09	0.0	0.0	0.0	0.0	0.0	0.0	0.0	0.0	0.0	0.0	0.0	0.0	0.0	0.0	0.0	0.0
3969.444483667116	-3.5815320854935635	12.827372079419874	15756489.508915296	4762.308079873362	-23.300195509387777	22679578.247627106	542.8991107756943	4515.291352771577	-5.816472734723902	33.83135507378655	20387856.00041378	4633.701503745278	3364.3647230930383	1.086599	19.520399	0.0869782627255181	0.0379978196019344	-0.0219638182	0.0287860629	0.072464498	-0.0516118504	0.0762843403	0.0641359107	-0.0529196797	0.0991263667	-0.1248817148	0.0475992668	0.0204019728	-0.0101598634	-0.0403369239	-0.0947756902	0.0974423175	0.016020341	-0.0279156874	0.0265608928	0.0456654172	0.0954571981	-0.0497691446	-0.0256702517	-0.0491061189	0.0401621535	0.0025392573	0.0389192691	-0.0471760659	-0.0673603879	-0.0403070024	0.0135238651	-0.1251183059	0.045321717	0.0712078923	-0.0455789687	0.058565299	-0.0144486005	0.0287153189	0.093144705	-0.0501426797	-0.0956153312	0.0437629229	-0.0415152193	-0.0421474211	-0.0486708842	-0.0561418279	-0.0453419895	0.0754299304	-0.0151272909	0.0249028511	-0.0153709306	0.0147772117	0.0592893652	0.0336422479	0.0246014536	0.0124822153	-0.028932863	-0.1332053208	0.0256649389	-0.0185900524	0.0670424271	0.0657642089	0.0934654828	0.0319341194	0.0033316643	-0.0467824352	-0.0114199076	-0.0135870143	-0.0297804092	0.0811856018	-0.0761044689	0.0739461392	0.0158434321	-0.0178966011	-0.001732437	-0.0124502071	-0.0061678452	0.0252556427	-0.1127525199	0.0471208693	-0.0384473015	0.0406464393	-0.0911913037	0.090904137	-0.0904261954	0.0897584821	-0.0889023983	0.0878597406	0.0840163760683623	0.0042451326990261	1.8021151632340618e-05	0.0070587514476604	0.0540951972585901	-0.0066700778845927	0.0029262903664457	4.4489938986532646e-05	-0.1623086548705217	-0.0158364616597524	0.0002507935179008	0.0263440994458781	0.0042358299446233	0.0004838586036013	1.7942255319767426e-05	2.341191482790963e-07	0.0017772581851285	0.0003131532430527	3.15864665660625e-06	9.806495363442352e-08	-0.0003542666079183	-0.0004075199629888	1.660725202344244e-07	1.2550482948593854e-07	0.0	0.0	0.0	0.0	0.0	0.0	0.0	0.0	0.0	0.0	0.0	0.0	0.0	0.0	0.0	0.0
3968.019182331165	-1.425301335950735	2.03148389826295	15745176.23134809	4795.407776863344	33.09969698998248	22995935.74640144	1095.589940828655	4517.304460071382	2.0131072998046875	4.05260100052692	20406039.5849808	4631.894070065677	3371.3152489226127	1.023895	18.393932	0.0856887251414887	0.0399714283761378	-0.0202913086	0.0615545679	-0.0037455186	-0.0403013345	-0.017145076	0.0153524621	-0.0219528447	0.1030193076	-0.006727633	0.0094819255	0.0593553415	-0.0307577745	-0.0030542105	0.1037625738	0.0130156742	0.1444540793	-0.0229524233	0.0525089577	0.0475389486	0.0294297942	0.0616193598	-0.01839998	0.0096122972	-0.0453088576	0.1068660484	-0.0627853633	-0.0067330183	-0.0187509473	-0.0402727785	-0.0107751361	-0.0330866623	0.0939863582	0.0059820078	0.0420165727	-0.0319568052	-0.0278340755	0.0072761774	-0.0954804539	0.0129293857	0.0406529959	0.1534876362	0.0334018295	-0.0302210698	0.0711203204	0.0061319952	-0.0472512282	0.0353437386	-0.008300038	0.0529471962	0.0311826771	-0.0088755254	-0.0345037964	0.1054659993	0.0472159905	0.0541132529	-0.0588127539	-0.0679519059	0.0276034544	-0.0113955406	-0.0730684023	-0.0243662434	-0.0543802785	0.0443036268	0.0560688166	-0.0467183458	-0.0064843966	-0.0351068655	-0.0065254201	0.0534195028	0.1437597316	0.1018903993	0.0295992139	0.0017555214	0.0710497928	0.0171945876	-0.0215013548	-0.0269896328	0.0018706185	0.0455260644	0.0375844981	0.0081381413	-0.0912382167	0.0910916402	-0.0908475206	0.0905061192	-0.0900678015	0.089533037	0.093194636174644	0.0091782601062817	8.424045857856215e-05	0.0086852402117242	0.0658959857211556	0.0118007884625655	0.0043422809341627	0.0001392586083382	-0.1326271949796051	0.0296814598909166	0.000880989061256	0.0175899728481581	0.003966741347957	-0.0002690885966662	1.5735036921591717e-05	7.240867285583842e-08	0.0013658384781409	-0.0004114197069876	1.8655147483702496e-06	1.692661752977627e-07	-0.0003342105779377	2.0056029980599992e-05	4.0224433858272574e-10	1.1169671040545148e-07	0.0	0.0	0.0	0.0	0.0	0.0	0.0	0.0	0.0	0.0	0.0	0.0	0.0	0.0	0.0	0.0
3972.321158071624	4.301975740458602	18.506995271494333	15779335.382863486	4790.4523453251	-4.955431538243829	22948433.67283076	24.5563017302216	4520.188499087379	2.8840390159966773	8.317681045791083	20432104.06728181	4638.446347817222	3393.4011813813604	1.057024	18.989082	0.0781384722386138	0.0441264159068569	-0.0236775099	-0.0532312125	-0.1071879551	-0.0267228774	0.0591214279	-0.0784198611	0.0369320637	0.114188099	-0.0474957179	-0.0170966702	-0.0041309362	-0.0142381208	0.0215455792	-0.1005498394	-0.0615541889	0.0387184706	0.0617465988	-0.0048143895	0.0603384104	-0.012836994	0.0489092001	0.0482626152	-0.0465518914	0.0042720792	-0.056254257	0.0461670317	-0.0012492517	-0.0400292532	-0.0795894144	-0.0044562351	-0.0323000537	0.0759472995	0.0047591318	-0.0216183555	0.0577513801	-0.0163441955	-0.0317187084	0.0937040985	-0.0213220885	0.1004368233	-0.0360366215	-0.0064566713	-0.0587917748	0.0543988655	-0.0166402473	0.0084213359	0.0484468155	-0.048464115	0.0413073831	0.0312486347	0.0702032153	0.0269966683	-0.0498084628	-0.0203237383	-0.0121331685	-0.0861413933	-0.0365141026	0.025911658	-0.030997895	0.0871328393	0.0192115107	-0.0275524967	-0.1022306719	-0.059133825	0.0317091283	-0.0027323936	0.0436377922	0.029424342	0.0399450335	-0.0177696176	0.0653624267	0.0596122278	-0.0453106037	0.0712474169	-0.015347669	0.0231536928	-0.0274595206	0.0349596142	0.0080366388	0.0061174905	0.0290055208	-0.0912694965	0.0912167139	-0.0911287655	0.0910056853	-0.0908475206	0.0906543325	0.1026927468323322	0.0094981106576882	9.021410606569015e-05	0.0105458002519694	0.0657334250923611	-0.0001625606287944	0.004320883174373	2.6425958034061512e-08	-0.1710741195489262	-0.0384469245693211	0.001478166008839	0.0292663543794402	0.0037788084699632	-0.0001879328779938	1.4279393452665622e-05	3.5318766631032556e-08	0.0017773731164003	0.0004115346382594	3.1590551949025147e-06	1.6936075848729525e-07	-0.0003353605893407	-1.1500114029999644e-06	1.3225262270299465e-12	1.1246672488294161e-07	0.0	0.0	0.0	0.0	0.0	0.0	0.0	0.0	0.0	0.0	0.0	0.0	0.0	0.0	0.0	0.0
3972.4107557125503	0.0895976409265131	0.0080277372595963	15780047.212100755	4768.937654556767	-21.51469076833382	22742766.353049397	462.88191885702855	4518.052852448963	-2.135646638415892	4.5609865641771	20412801.57752221	4638.869972312844	3368.5159141968134	1.071994	19.258024	0.0489667947514731	0.0287923737166641	-0.0239661311	0.0331427199	0.0527567046	-0.0445470399	0.0733673035	0.0660277055	-0.0362122359	0.091036939	-0.1228923946	0.0399341719	0.0431883493	-0.0162269796	-0.0595494209	0.0569113734	0.0508031289	-0.0193966563	0.020995601	0.0616208116	0.1518980111	-0.0742405659	-0.0979183021	0.0424441031	0.0084657486	0.1189249256	0.0338568978	0.0261007574	-0.0827000783	-0.0326423624	0.037780037	0.0563126442	0.0780367172	0.0069708999	-0.0480530915	0.0305598723	-0.0622630204	-0.0229360294	0.06377189	-0.0450172672	-0.0794683583	-0.0524710136	-0.0214777265	-0.1144597873	-0.1748952857	-0.0092616903	0.0504191476	0.0074029933	0.0239595386	-0.0239673234	0.035628677	0.0116948036	0.0895742428	-0.0244577126	0.0133999958	0.0051382509	-0.0174353303	0.0393316455	-0.0100483341	0.0259431568	-0.0568126547	-0.0775318728	-0.0049447861	0.0496673744	0.031750287	-0.0932273091	-0.0293992053	-0.0231566195	0.0080227284	0.0391324053	0.0975671675	-0.1244335413	0.0165893593	0.1241998124	-0.0336333192	-0.0069774113	-0.0473968638	0.0165720629	0.0456723924	-0.04155334	0.0153067242	-0.0421912832	0.0153300719	-0.0912851377	0.0912792721	-0.0912694965	0.0912558111	-0.0912382167	0.0912167139	0.1055453327944917	0.0028525859621594	8.137246671509416e-06	0.0111398172747	0.0668181908861527	0.0010847657937916	0.0044646706332983	1.1767168273803272e-06	-0.1945979377175035	-0.0235238181685772	0.0005533700212282	0.0378683573639053	0.0038410194467588	6.221097679559974e-05	1.4753430390379276e-05	3.8702056338626495e-09	0.0017379943515112	-3.937876488910005e-05	3.020624365884837e-06	1.5506871241910183e-09	-6.837834486503758e-06	0.0003285227548541	1.0792720045699032e-07	4.6755980464820117e-11	0.0	0.0	0.0	0.0	0.0	0.0	0.0	0.0	0.0	0.0	0.0	0.0	0.0	0.0	0.0	0.0
