#!ascii label  , from subject sub-v1s16x0051184_ses-1 vox2ras=TkReg
3774
102626  -31.790  -12.500  52.310 0.1000000015
38103  -31.949  -13.424  50.387 0.1000000015
39844  -30.732  -11.516  52.951 0.1000000015
38945  -29.863  -11.559  52.286 0.1000000015
38950  -30.928  -12.075  51.720 0.1000000015
38959  -30.436  -12.486  50.164 0.1000000015
38110  -31.088  -12.998  49.413 0.1000000015
38122  -30.956  -13.755  47.157 0.1000000015
38134  -30.773  -13.761  46.149 0.1000000015
38146  -30.961  -13.839  45.186 0.1000000015
38145  -30.642  -13.280  45.549 0.1000000015
37297  -31.339  -14.160  44.366 0.1000000015
35429  -41.984  -17.049  44.112 0.2000000030
100341  -41.060  -16.738  44.401 0.2000000030
35427  -40.294  -16.689  43.896 0.2000000030
35428  -41.069  -17.112  43.509 0.2000000030
42892  -26.334  -8.382  52.129 0.2000000030
41825  -26.966  -8.500  51.793 0.3000000119
39849  -26.762  -11.017  51.744 0.1000000015
39856  -26.953  -10.649  51.213 0.1000000015
40808  -26.615  -9.648  51.728 0.2000000030
39850  -27.707  -11.390  51.511 0.1000000015
39858  -28.335  -11.503  50.648 0.1000000015
39857  -27.403  -10.716  50.620 0.1000000015
40809  -27.184  -9.393  51.316 0.2000000030
94640  -29.299  -11.721  51.354 0.1000000015
39859  -29.228  -11.826  50.509 0.1000000015
39867  -28.561  -11.502  49.662 0.1000000015
95401  -29.983  -12.076  50.667 0.2000000030
38968  -30.378  -12.889  48.120 0.1000000015
93402  -29.933  -12.537  48.841 0.1000000015
38133  -30.386  -13.167  46.651 0.1000000015
104018  -30.402  -13.082  45.989 0.3000000119
38156  -30.829  -13.013  44.985 0.1000000015
38157  -31.144  -13.409  44.412 0.1000000015
39029  -31.538  -13.107  43.728 0.1000000015
38168  -31.884  -13.468  42.916 0.1000000015
39040  -32.539  -13.064  42.493 0.1000000015
35416  -43.614  -16.586  45.462 0.2000000030
35415  -42.636  -16.654  45.230 0.2000000030
35430  -43.074  -17.014  44.359 0.2000000030
43925  -28.404  -7.636  51.103 0.3000000119
40815  -27.665  -9.659  50.591 0.3000000119
41838  -28.064  -8.627  51.031 0.3000000119
41827  -28.267  -7.945  51.340 0.3000000119
39866  -27.862  -10.724  49.835 0.2000000030
41839  -28.552  -8.448  50.731 0.3000000119
40816  -28.177  -9.770  49.844 0.3000000119
41851  -28.978  -9.299  49.658 0.3000000119
38958  -29.323  -12.074  49.504 0.2000000030
96618  -28.367  -10.861  49.109 0.2000000030
39876  -28.798  -11.218  48.467 0.2000000030
39887  -29.000  -10.851  48.177 0.2000000030
40826  -29.192  -10.149  48.487 0.3000000119
38967  -29.166  -11.978  48.342 0.2000000030
39888  -29.186  -11.482  47.840 0.2000000030
40836  -29.504  -10.809  47.670 0.3000000119
99813  -30.853  -10.765  46.844 0.3000000119
111326  -29.688  -12.422  47.913 0.2000000030
38992  -29.721  -12.123  46.865 0.3000000119
39900  -30.059  -11.779  46.513 0.3000000119
40851  -30.022  -11.128  46.977 0.3000000119
38981  -29.951  -12.611  47.169 0.3000000119
38993  -30.186  -12.467  46.312 0.3000000119
39911  -30.535  -12.051  45.780 0.3000000119
39005  -30.579  -12.680  45.593 0.3000000119
39006  -30.964  -12.334  45.118 0.3000000119
39912  -31.189  -11.716  45.397 0.3000000119
39016  -31.309  -12.666  44.463 0.1000000015
39017  -31.895  -12.308  44.027 0.2000000030
39030  -32.359  -12.584  43.268 0.1000000015
39031  -33.350  -12.594  42.846 0.3000000119
38170  -35.309  -13.496  42.812 0.3000000119
37313  -36.146  -13.979  43.462 0.2000000030
36328  -37.234  -15.313  43.012 0.1000000015
93055  -38.144  -15.710  43.977 0.1000000015
35412  -39.566  -16.176  44.350 0.1000000015
111886  -41.016  -16.416  45.123 0.2000000030
35413  -40.404  -16.330  44.720 0.1000000015
35414  -41.717  -16.577  45.109 0.2000000030
42913  -29.495  -7.697  50.782 0.3000000119
98973  -29.164  -8.214  50.604 0.3000000119
41840  -29.747  -8.508  49.936 0.3000000119
41852  -29.634  -9.441  49.041 0.3000000119
47044  -41.962  -4.490  47.740 0.6000000238
47061  -42.190  -4.290  47.411 0.4000000060
47045  -42.669  -4.820  47.511 0.4000000060
41867  -29.959  -9.883  48.237 0.3000000119
46069  -42.075  -4.941  48.010 0.8000000119
103687  -43.509  -5.133  47.143 0.4000000060
40837  -30.392  -10.328  47.488 0.3000000119
44986  -41.131  -5.550  47.334 0.8999999762
44987  -42.017  -5.482  47.603 0.8000000119
46070  -42.638  -5.091  47.680 0.6000000238
109556  -30.392  -11.298  46.603 0.3000000119
45023  -40.802  -6.614  46.476 0.8999999762
44988  -42.756  -5.520  47.783 0.6999999881
100358  -43.409  -5.685  47.743 0.5000000000
108306  -43.481  -5.366  47.515 0.4000000060
39901  -30.811  -11.398  46.164 0.4000000060
40864  -31.712  -11.160  45.875 0.4000000060
40853  -32.257  -10.722  46.483 0.4000000060
45009  -41.663  -6.432  46.891 0.8999999762
45010  -42.521  -6.313  47.333 0.8000000119
45011  -43.382  -6.365  47.581 0.8000000119
39924  -31.565  -11.983  44.706 0.3000000119
39925  -32.363  -11.711  44.470 0.3000000119
95235  -32.975  -11.379  45.097 0.4000000060
43989  -40.540  -7.314  45.651 0.8999999762
43971  -42.218  -6.988  46.564 0.8999999762
43972  -42.939  -7.082  46.715 0.8999999762
102911  -32.633  -12.009  43.894 0.3000000119
39019  -34.074  -11.993  44.323 0.4000000060
43990  -41.520  -7.325  45.969 0.8999999762
43991  -42.497  -7.603  45.956 0.8999999762
39032  -34.220  -12.403  43.521 0.3000000119
39020  -34.876  -12.452  44.308 0.3000000119
44009  -41.091  -7.835  45.067 0.8999999762
42980  -42.025  -8.040  45.239 0.8999999762
42981  -42.921  -8.214  45.373 0.8999999762
94616  -35.731  -13.369  43.814 0.3000000119
43003  -41.553  -8.449  44.499 0.8999999762
43004  -42.503  -8.598  44.606 0.8999999762
37300  -37.459  -15.098  43.954 0.1000000015
43023  -42.027  -8.984  43.869 1.0000000000
43024  -43.067  -9.076  43.847 1.0000000000
93187  -43.225  -9.472  43.122 1.0000000000
35411  -38.789  -16.137  43.772 0.1000000015
35401  -45.277  -15.938  46.689 0.2000000030
41926  -42.476  -9.409  43.170 1.0000000000
35399  -42.295  -16.337  46.125 0.2000000030
35400  -44.292  -16.174  46.596 0.2000000030
96224  -44.611  -16.449  45.653 0.2000000030
95891  -41.984  -9.658  42.503 1.0000000000
41948  -42.928  -9.695  42.475 1.0000000000
99652  -43.280  -16.273  46.386 0.2000000030
41966  -42.333  -9.880  41.845 1.0000000000
40889  -42.996  -9.797  41.800 1.0000000000
43926  -29.029  -7.371  50.750 0.4000000060
42914  -30.050  -7.612  50.506 0.4000000060
48018  -39.433  -2.932  48.104 0.4000000060
42930  -30.618  -8.342  49.833 0.5000000000
47041  -39.264  -3.287  48.332 0.5000000000
41853  -30.352  -9.173  49.080 0.4000000060
112141  -40.636  -3.732  47.924 0.5000000000
47043  -41.203  -4.011  47.876 0.5000000000
47060  -41.501  -3.891  47.611 0.3000000119
98865  -31.042  -9.029  49.177 0.5000000000
46068  -40.586  -4.369  47.989 0.6999999881
47062  -43.037  -4.795  46.799 0.3000000119
47065  -45.840  -5.699  46.486 0.4000000060
46073  -46.176  -5.800  47.054 0.5000000000
105054  -31.214  -10.091  47.429 0.3000000119
40838  -31.757  -10.370  47.019 0.4000000060
45007  -39.519  -6.246  46.605 0.8000000119
45008  -40.231  -5.838  46.995 0.8000000119
44969  -44.002  -5.745  47.839 0.5000000000
107117  -44.278  -5.547  47.697 0.5000000000
45022  -39.966  -6.767  46.159 0.8000000119
44970  -44.658  -5.853  48.015 0.6000000238
46071  -44.899  -5.528  47.690 0.5000000000
39926  -33.236  -11.720  44.373 0.4000000060
39914  -33.653  -11.231  45.940 0.4000000060
43974  -44.474  -7.396  46.882 0.8999999762
43957  -44.746  -6.840  47.549 0.8999999762
39927  -33.830  -11.641  45.097 0.4000000060
39915  -34.323  -11.603  45.722 0.4000000060
44008  -40.206  -7.759  44.930 0.8999999762
42964  -44.247  -7.984  46.194 1.0000000000
111647  -35.468  -12.914  44.268 0.3000000119
108022  -39.825  -8.123  44.394 0.8999999762
43005  -43.409  -8.607  44.690 1.0000000000
42983  -44.577  -8.445  45.467 1.0000000000
109918  -36.256  -13.791  44.199 0.4000000060
43022  -41.022  -8.803  43.800 0.8999999762
41906  -43.971  -8.943  44.084 1.0000000000
37299  -37.446  -14.556  45.038 0.3000000119
103630  -43.858  -9.368  43.407 1.0000000000
36308  -38.821  -15.466  45.341 0.2000000030
41925  -41.516  -9.295  43.178 1.0000000000
35397  -40.610  -16.117  45.630 0.1000000015
40906  -40.929  -10.167  41.201 1.0000000000
41965  -41.450  -9.892  41.839 1.0000000000
41949  -43.760  -9.652  42.733 1.0000000000
35383  -42.867  -15.857  47.148 0.2000000030
107915  -44.591  -15.639  47.061 0.2000000030
36297  -45.042  -15.296  47.054 0.2000000030
40921  -41.390  -10.510  40.598 1.0000000000
40907  -41.866  -10.144  41.195 1.0000000000
40890  -43.625  -9.786  42.068 1.0000000000
36296  -44.279  -15.245  47.401 0.2000000030
39971  -40.856  -10.893  40.046 1.0000000000
40922  -42.283  -10.354  40.547 1.0000000000
40908  -42.669  -9.934  41.185 1.0000000000
37290  -44.193  -14.458  46.541 0.2000000030
37280  -44.564  -14.922  47.092 0.2000000030
39985  -41.253  -11.126  39.399 1.0000000000
40938  -41.810  -10.842  39.983 1.0000000000
40923  -43.187  -10.009  40.495 1.0000000000
112603  -42.167  -10.949  39.293 1.0000000000
39998  -41.628  -11.254  38.606 0.8999999762
39997  -40.694  -11.365  38.178 0.8999999762
110764  -42.470  -10.985  38.676 1.0000000000
40018  -41.282  -11.332  36.808 0.8999999762
40007  -41.490  -11.335  37.680 0.8999999762
40008  -42.373  -11.217  38.018 1.0000000000
95134  -41.008  -11.333  35.970 0.8000000119
40019  -42.303  -11.209  37.080 0.8000000119
38219  -37.986  -13.633  34.736 0.3000000119
40033  -41.885  -11.210  36.174 0.8000000119
42931  -31.434  -8.404  49.739 0.5000000000
47040  -38.539  -3.411  48.303 0.5000000000
41854  -31.679  -9.260  48.870 0.5000000000
46066  -38.856  -4.355  48.099 0.5000000000
46067  -39.717  -3.936  48.223 0.6000000238
47059  -40.677  -3.520  47.749 0.6000000238
41869  -31.973  -9.748  47.847 0.5000000000
46091  -38.670  -5.532  47.333 0.6000000238
93853  -41.052  -3.577  46.950 0.3000000119
41870  -32.959  -9.826  47.982 0.4000000060
46092  -39.495  -5.241  47.474 0.6999999881
93834  -42.007  -4.502  45.571 0.3000000119
47082  -42.493  -4.503  46.476 0.3000000119
47083  -43.238  -4.900  46.085 0.3000000119
47063  -44.411  -5.236  46.631 0.2000000030
46093  -46.475  -6.035  46.447 0.4000000060
40839  -32.621  -10.297  47.220 0.4000000060
40840  -33.487  -10.394  47.445 0.4000000060
47123  -41.394  -4.669  44.490 0.3000000119
47105  -42.806  -4.887  45.411 0.3000000119
47106  -43.629  -5.118  45.306 0.2000000030
46072  -45.566  -5.585  47.525 0.4000000060
44972  -46.077  -5.885  47.720 0.5000000000
40855  -34.010  -10.903  46.894 0.5000000000
43988  -39.684  -7.322  45.446 0.8000000119
46129  -43.193  -5.256  44.635 0.2000000030
43958  -45.602  -6.964  47.538 0.8000000119
44993  -47.175  -6.696  47.030 0.8000000119
39902  -34.513  -11.388  46.424 0.4000000060
44007  -39.350  -7.782  44.807 0.8000000119
42949  -45.936  -7.797  46.914 0.8000000119
43959  -46.552  -7.229  47.057 0.8000000119
96509  -35.562  -12.718  45.100 0.4000000060
94176  -34.722  -12.071  45.220 0.4000000060
102705  -44.949  -8.273  45.979 0.8000000119
104465  -45.658  -8.308  46.152 0.8000000119
38158  -36.016  -13.305  44.630 0.4000000060
43006  -44.225  -8.630  44.786 1.0000000000
43007  -44.974  -8.815  44.815 1.0000000000
42984  -45.352  -8.603  45.444 1.0000000000
95890  -36.616  -13.893  44.898 0.5000000000
43021  -39.864  -8.556  43.702 0.8999999762
41907  -44.609  -8.983  44.305 1.0000000000
36307  -38.283  -14.977  45.685 0.4000000060
103883  -39.927  -9.407  42.446 0.8999999762
41924  -40.480  -9.142  43.126 0.8999999762
41950  -44.554  -9.635  43.013 1.0000000000
94800  -39.380  -15.583  45.821 0.1000000015
41947  -40.993  -9.523  42.476 0.8999999762
35381  -41.156  -16.033  46.416 0.1000000015
40905  -39.896  -10.168  41.207 1.0000000000
41964  -40.441  -9.803  41.815 0.8999999762
40891  -44.407  -9.813  42.286 1.0000000000
36294  -42.280  -15.419  47.580 0.1000000015
37292  -45.981  -14.877  46.118 0.2000000030
40910  -44.194  -9.839  41.562 1.0000000000
35384  -43.850  -15.723  47.212 0.2000000030
37291  -45.167  -14.790  46.498 0.2000000030
37318  -45.207  -14.513  44.167 0.2000000030
112095  -39.958  -10.808  40.128 1.0000000000
40909  -43.426  -9.796  41.343 1.0000000000
37279  -43.857  -14.775  47.350 0.2000000030
93603  -44.358  -14.347  45.389 0.2000000030
39984  -40.101  -11.121  39.458 1.0000000000
40939  -42.653  -10.514  39.838 1.0000000000
106161  -39.877  -11.361  38.663 0.8999999762
40955  -42.953  -10.623  39.070 1.0000000000
94638  -40.738  -11.305  38.876 0.8999999762
93255  -39.757  -11.498  37.892 0.8999999762
40009  -43.098  -10.836  38.316 1.0000000000
39066  -38.790  -11.827  37.641 0.8000000119
40005  -39.598  -11.610  37.096 0.8000000119
108447  -39.290  -15.486  36.047 0.3000000119
39073  -38.033  -12.923  36.512 0.6000000238
39074  -38.668  -12.063  36.824 0.8000000119
40016  -39.428  -11.742  36.299 0.8000000119
102503  -38.695  -15.214  35.637 0.3000000119
101940  -38.045  -12.975  35.157 0.5000000000
39080  -38.157  -12.797  35.738 0.6000000238
39081  -38.626  -12.255  36.027 0.6999999881
103308  -40.125  -11.534  35.739 0.8000000119
37374  -38.213  -14.479  35.211 0.3000000119
39085  -39.003  -11.908  34.654 0.6000000238
105200  -39.874  -11.552  34.922 0.6000000238
40031  -40.740  -11.340  35.163 0.6999999881
40032  -41.584  -11.215  35.360 0.8000000119
39084  -38.313  -12.693  34.369 0.4000000060
40038  -39.667  -11.582  34.083 0.5000000000
40040  -41.295  -11.213  34.591 0.5000000000
41025  -42.171  -11.078  34.683 0.8999999762
40042  -39.542  -11.605  33.227 0.4000000060
99766  -40.186  -11.320  32.720 0.4000000060
41036  -40.938  -11.148  33.087 0.4000000060
40044  -41.066  -11.201  33.856 0.4000000060
96849  -41.700  -11.133  34.080 0.5000000000
41046  -40.915  -11.041  32.188 0.4000000060
98533  -41.543  -10.998  32.740 0.5000000000
41037  -41.653  -11.075  33.418 0.5000000000
105347  -38.572  -3.026  48.211 0.3000000119
48030  -38.843  -2.866  47.531 0.3000000119
110297  -31.504  -7.673  50.268 0.6000000238
42932  -32.099  -8.874  49.404 0.6999999881
46090  -38.192  -5.278  47.684 0.5000000000
41855  -32.472  -9.414  48.732 0.6999999881
44985  -37.505  -5.618  47.700 0.6000000238
48041  -40.207  -3.337  46.999 0.2000000030
45004  -37.097  -6.642  47.093 0.6999999881
46111  -46.322  -6.127  45.801 0.4000000060
46112  -47.347  -6.298  45.410 0.4000000060
46094  -47.110  -6.309  46.104 0.5000000000
41871  -33.854  -9.997  48.243 0.6999999881
43970  -37.359  -7.236  46.137 0.8000000119
45020  -38.324  -6.887  45.950 0.8000000119
47104  -40.677  -4.260  44.839 0.3000000119
98321  -44.787  -5.301  45.941 0.2000000030
47085  -45.428  -5.669  45.914 0.3000000119
46075  -47.753  -6.406  46.440 0.6999999881
45012  -48.434  -6.701  46.111 0.6000000238
40841  -34.365  -10.589  47.798 0.4000000060
46128  -42.347  -4.973  44.555 0.2000000030
44994  -47.969  -6.543  46.992 0.8000000119
43976  -48.135  -7.196  46.575 0.8000000119
39889  -34.885  -11.173  47.343 0.5000000000
43986  -37.925  -7.608  45.332 0.8000000119
43987  -38.817  -7.382  45.327 0.8000000119
43961  -47.853  -7.110  47.052 0.8000000119
106333  -34.862  -11.813  46.024 0.4000000060
39903  -35.262  -11.758  46.778 0.4000000060
44005  -37.684  -8.321  44.785 0.8999999762
44006  -38.463  -7.946  44.723 0.8000000119
42966  -46.619  -8.338  46.364 0.8000000119
42967  -47.620  -8.174  46.428 0.8999999762
42951  -47.916  -7.606  47.047 0.8000000119
108428  -35.862  -12.853  45.791 0.4000000060
43019  -37.551  -8.873  44.206 0.8999999762
43000  -38.128  -8.487  44.119 0.8999999762
42985  -46.229  -8.706  45.559 0.8999999762
42986  -47.223  -8.750  45.787 0.8999999762
38147  -36.279  -13.307  45.561 0.4000000060
38995  -36.223  -12.920  46.429 0.5000000000
43001  -39.029  -8.237  44.159 0.8999999762
94232  -45.208  -9.239  44.180 1.0000000000
37286  -36.993  -13.945  45.787 0.5000000000
41923  -38.635  -8.769  43.407 0.8999999762
41927  -44.602  -9.315  43.722 1.0000000000
36292  -39.019  -15.285  46.243 0.4000000060
37287  -37.746  -14.417  46.190 0.5000000000
41946  -38.749  -9.371  42.564 0.8999999762
106053  -39.515  -9.033  43.027 0.8999999762
40892  -45.321  -9.936  42.510 1.0000000000
41962  -38.369  -9.978  41.968 0.8999999762
102381  -45.002  -9.945  41.721 1.0000000000
36310  -40.578  -15.810  46.528 0.1000000015
97427  -38.845  -10.315  41.279 0.8999999762
36293  -41.370  -15.668  47.182 0.1000000015
37334  -45.296  -14.690  43.161 0.2000000030
40920  -39.400  -10.589  40.622 0.8999999762
104604  -43.915  -9.831  40.899 1.0000000000
36295  -43.302  -15.220  47.703 0.2000000030
95221  -44.338  -14.427  44.229 0.2000000030
39969  -39.120  -11.010  39.967 1.0000000000
39970  -40.413  -10.504  40.619 1.0000000000
100630  -44.751  -9.921  40.044 1.0000000000
103325  -44.048  -9.936  40.220 1.0000000000
37289  -43.303  -14.151  46.678 0.2000000030
93497  -44.394  -14.640  43.168 0.2000000030
40941  -44.307  -9.979  39.423 1.0000000000
106349  -43.639  -14.321  44.411 0.2000000030
94136  -39.052  -11.352  39.206 0.8999999762
40940  -43.480  -10.217  39.612 1.0000000000
40971  -43.794  -10.683  37.720 1.0000000000
40956  -43.810  -10.363  38.690 1.0000000000
39996  -38.914  -11.619  38.429 0.8999999762
36408  -39.465  -15.511  37.649 0.3000000119
39068  -38.104  -12.583  37.449 0.8000000119
39065  -38.194  -12.239  38.277 0.8999999762
110608  -42.994  -11.042  37.625 0.8999999762
36430  -38.687  -15.227  36.462 0.3000000119
40986  -42.751  -11.097  36.280 1.0000000000
40020  -43.278  -10.985  36.962 1.0000000000
37368  -38.168  -14.544  36.070 0.3000000119
38217  -37.952  -13.579  35.707 0.4000000060
38209  -37.906  -13.852  36.506 0.6000000238
110115  -43.074  -11.000  35.704 0.8999999762
108667  -42.400  -11.113  35.546 0.8999999762
94533  -42.305  -10.967  33.820 0.5000000000
93753  -42.340  -10.833  32.908 0.5000000000
44941  -32.877  -6.706  50.019 0.6000000238
46053  -37.161  -4.097  48.525 0.4000000060
47027  -37.011  -3.735  48.338 0.2000000030
47039  -37.869  -3.447  48.325 0.3000000119
48017  -37.545  -3.256  48.072 0.2000000030
42917  -33.146  -8.211  49.973 0.6999999881
46065  -37.900  -4.311  48.237 0.4000000060
41857  -34.272  -9.641  49.028 0.6999999881
42933  -32.801  -8.911  49.465 0.6999999881
46064  -37.123  -5.008  48.500 0.6000000238
48031  -39.548  -2.955  47.374 0.3000000119
41856  -33.326  -9.505  48.817 0.6999999881
106347  -36.670  -7.127  47.566 0.6999999881
47079  -39.555  -3.373  46.122 0.2000000030
105817  -39.534  -3.758  45.148 0.2000000030
47080  -40.329  -3.725  45.689 0.2000000030
46095  -47.897  -6.406  45.771 0.5000000000
46096  -48.570  -6.466  45.375 0.5000000000
40827  -34.796  -10.236  48.669 0.6000000238
42963  -36.650  -8.276  46.960 0.8000000119
42978  -36.838  -8.131  46.245 0.8000000119
47136  -39.353  -4.960  42.993 0.2000000030
47121  -39.647  -4.628  43.793 0.2000000030
47122  -40.493  -4.658  44.026 0.2000000030
46130  -43.983  -5.406  44.710 0.2000000030
46132  -45.336  -5.973  44.722 0.2000000030
97216  -45.774  -6.052  45.257 0.4000000060
46147  -40.206  -5.053  43.202 0.2000000030
46148  -41.082  -5.126  43.448 0.2000000030
46168  -42.386  -5.670  43.203 0.2000000030
46151  -43.540  -5.705  43.998 0.2000000030
46152  -44.324  -5.893  44.110 0.2000000030
46153  -44.966  -6.031  44.233 0.2000000030
43977  -49.092  -7.199  45.845 0.8000000119
38994  -35.987  -12.278  47.039 0.4000000060
41890  -36.912  -8.824  45.784 0.8000000119
42979  -37.253  -8.142  45.493 0.8000000119
46167  -41.690  -5.657  42.778 0.2000000030
45064  -42.509  -6.082  42.535 0.2000000030
45047  -43.065  -5.966  43.216 0.1000000015
45048  -43.912  -6.233  43.289 0.2000000030
42968  -48.426  -7.807  46.191 0.8000000119
41891  -37.215  -8.817  44.949 0.8000000119
45063  -41.899  -6.117  41.924 0.2000000030
45079  -42.638  -6.457  41.738 0.1000000015
99703  -48.666  -8.309  45.372 0.8999999762
42988  -49.223  -7.866  45.378 0.8999999762
94862  -36.551  -12.737  47.259 0.5000000000
104155  -37.124  -9.466  45.309 0.8000000119
41905  -37.322  -9.406  44.386 0.8999999762
41892  -45.848  -9.100  44.759 1.0000000000
41893  -46.859  -9.096  44.993 0.8999999762
41894  -47.792  -9.065  45.194 0.8999999762
41895  -48.561  -8.794  45.096 0.8999999762
95589  -36.723  -13.470  46.303 0.6000000238
40879  -37.395  -9.968  43.760 0.8999999762
43020  -37.864  -8.908  43.633 0.8999999762
99974  -45.857  -9.443  44.012 1.0000000000
41909  -47.523  -9.363  44.432 1.0000000000
41922  -37.935  -9.248  43.069 0.8999999762
41928  -45.394  -9.642  43.413 1.0000000000
41929  -46.288  -9.729  43.487 1.0000000000
37275  -38.566  -14.776  46.710 0.4000000060
41945  -37.983  -9.704  42.548 0.8999999762
40880  -45.974  -9.977  42.922 1.0000000000
108733  -39.844  -15.528  46.700 0.2000000030
106683  -40.711  -15.410  47.431 0.2000000030
40904  -38.064  -10.610  41.546 0.8999999762
40888  -37.780  -10.343  42.344 0.8999999762
93970  -38.401  -10.955  40.699 1.0000000000
40924  -44.719  -9.892  40.859 1.0000000000
96100  -45.599  -10.107  41.144 1.0000000000
37278  -42.949  -14.607  47.551 0.1000000015
37302  -43.455  -14.156  45.359 0.2000000030
93088  -38.349  -11.476  39.860 1.0000000000
40942  -45.237  -9.900  39.375 1.0000000000
37316  -42.820  -14.251  44.100 0.2000000030
37317  -43.413  -14.533  43.301 0.2000000030
39983  -38.269  -11.877  39.063 1.0000000000
40957  -44.667  -9.984  38.664 1.0000000000
37354  -38.276  -14.472  39.459 0.8000000119
106484  -44.383  -10.278  38.080 1.0000000000
36396  -40.552  -15.613  38.773 0.3000000119
36381  -40.553  -15.457  39.726 0.3000000119
95897  -40.221  -15.599  37.925 0.3000000119
107210  -37.831  -13.939  38.112 0.6999999881
38199  -37.819  -13.113  38.159 0.8999999762
93117  -44.132  -10.664  36.832 0.8999999762
36407  -38.731  -15.260  37.282 0.3000000119
38201  -37.858  -13.634  37.334 0.6000000238
41008  -43.683  -10.782  35.422 0.8999999762
37361  -38.169  -14.584  36.901 0.4000000060
95553  -43.605  -10.725  34.634 0.8999999762
47026  -36.376  -4.254  48.904 0.4000000060
43929  -33.375  -6.850  50.194 0.6000000238
42903  -33.625  -7.560  50.210 0.6999999881
96191  -36.485  -5.536  48.956 0.5000000000
46052  -36.623  -4.671  48.879 0.6000000238
42918  -34.200  -8.383  49.906 0.6999999881
41828  -35.272  -8.609  50.058 0.6000000238
44968  -36.324  -6.663  49.027 0.6000000238
41841  -33.724  -9.014  49.464 0.6999999881
41843  -35.820  -9.347  50.087 0.8000000119
43955  -36.451  -7.336  48.474 0.6999999881
48039  -38.182  -3.226  46.316 0.2000000030
48029  -37.878  -3.112  47.384 0.2000000030
41858  -35.283  -9.826  49.462 0.6999999881
42947  -36.551  -8.079  47.808 0.6999999881
48053  -37.607  -3.603  45.143 0.2000000030
48040  -38.992  -3.099  46.548 0.2000000030
46134  -47.786  -6.284  44.826 0.3000000119
46113  -48.231  -6.361  45.124 0.3000000119
40828  -35.781  -10.434  49.310 0.6999999881
41859  -37.535  -9.719  49.297 0.8000000119
47103  -39.119  -4.141  44.412 0.2000000030
45035  -46.165  -6.204  44.519 0.1000000015
46133  -46.831  -6.218  44.977 0.4000000060
45013  -49.244  -6.833  45.152 0.5000000000
40842  -35.323  -10.859  48.379 0.5000000000
39877  -36.357  -11.025  49.263 0.6999999881
41873  -37.157  -9.568  47.773 0.8000000119
41872  -36.722  -8.791  47.494 0.8000000119
98691  -38.786  -4.624  43.619 0.2000000030
94636  -44.893  -6.373  43.386 0.1000000015
39890  -35.911  -11.564  47.939 0.5000000000
39878  -37.001  -11.635  49.010 0.6999999881
40856  -37.594  -10.335  47.270 0.8000000119
41880  -36.748  -8.891  46.709 0.8000000119
46165  -39.910  -5.437  42.398 0.2000000030
46166  -40.770  -5.513  42.610 0.2000000030
45066  -44.344  -6.546  42.504 0.1000000015
104083  -49.800  -7.098  45.035 0.6999999881
38982  -36.627  -12.271  47.979 0.6999999881
41881  -37.073  -9.573  46.402 0.8000000119
46181  -39.621  -5.778  41.518 0.2000000030
46182  -40.523  -5.875  41.730 0.2000000030
46183  -41.240  -5.863  42.067 0.2000000030
107022  -43.286  -6.609  41.501 0.1000000015
45065  -43.378  -6.429  42.374 0.1000000015
43993  -49.735  -7.468  45.125 0.8999999762
38123  -37.120  -12.873  47.933 0.5000000000
40866  -37.392  -10.254  45.943 0.8000000119
106059  -40.627  -6.304  41.018 0.1000000015
45078  -41.268  -6.259  41.432 0.1000000015
94650  -42.006  -6.515  41.183 0.1000000015
41896  -49.315  -8.526  45.068 0.8999999762
42989  -50.063  -8.060  45.022 0.8999999762
38135  -36.919  -13.231  47.053 0.5000000000
38124  -37.741  -13.438  47.803 0.5000000000
40872  -37.360  -10.207  44.784 0.8000000119
41910  -48.416  -9.267  44.652 0.8999999762
41911  -49.303  -9.146  44.860 0.8999999762
37265  -38.122  -14.191  47.249 0.6000000238
38125  -38.721  -13.776  48.230 0.6000000238
39916  -37.653  -10.817  45.563 0.6999999881
41930  -47.256  -9.691  43.529 1.0000000000
41931  -48.197  -9.502  43.888 1.0000000000
106485  -48.879  -9.499  43.223 1.0000000000
37266  -39.026  -14.479  47.746 0.4000000060
37256  -39.486  -14.048  48.491 0.5000000000
39928  -37.555  -10.857  44.007 0.8999999762
41951  -47.503  -9.919  42.662 1.0000000000
110616  -48.023  -9.658  43.149 1.0000000000
37276  -39.404  -15.060  47.257 0.3000000119
36278  -39.965  -14.595  48.188 0.3000000119
95510  -37.516  -10.485  43.089 0.8999999762
41944  -37.631  -9.809  43.036 0.8999999762
97428  -46.176  -10.163  42.298 1.0000000000
93438  -47.767  -9.933  41.875 1.0000000000
109067  -40.151  -15.160  47.637 0.3000000119
39947  -37.574  -11.002  42.488 0.8999999762
106030  -45.701  -10.150  41.847 1.0000000000
40911  -46.393  -10.223  41.468 1.0000000000
41967  -47.178  -10.098  41.305 1.0000000000
40903  -37.722  -10.911  41.873 0.8999999762
105941  -46.778  -10.150  40.937 1.0000000000
36280  -41.505  -15.142  47.849 0.1000000015
38182  -38.407  -13.253  42.335 0.8000000119
39050  -37.615  -11.922  41.216 0.8999999762
39957  -37.813  -11.217  41.253 0.8999999762
100743  -45.454  -9.998  40.298 1.0000000000
110171  -46.624  -10.006  40.025 1.0000000000
36281  -42.305  -14.958  47.946 0.1000000015
37288  -42.346  -13.884  46.663 0.1000000015
111283  -39.015  -13.976  42.258 0.6999999881
38190  -38.455  -13.692  41.581 0.6999999881
39968  -37.844  -11.635  40.530 0.8999999762
98258  -46.089  -9.965  39.755 1.0000000000
37301  -42.413  -13.919  45.168 0.1000000015
112019  -45.378  -9.894  38.560 1.0000000000
37333  -42.373  -14.491  43.005 0.3000000119
37344  -42.001  -14.629  42.063 0.2000000030
37342  -39.502  -14.668  40.997 0.4000000060
37341  -38.613  -14.144  40.945 0.8000000119
93616  -37.960  -13.316  40.748 0.8000000119
39061  -37.863  -12.128  39.787 1.0000000000
93148  -41.179  -14.643  41.902 0.3000000119
38192  -38.075  -13.878  40.158 0.8000000119
94527  -37.832  -12.739  39.034 1.0000000000
40958  -45.035  -9.996  37.963 1.0000000000
36368  -41.353  -15.122  40.737 0.3000000119
36367  -40.699  -15.213  40.504 0.3000000119
38195  -37.806  -13.542  39.466 0.8000000119
95359  -44.922  -10.316  36.588 0.8999999762
40972  -44.608  -10.319  37.403 1.0000000000
36395  -39.580  -15.506  38.455 0.3000000119
36380  -39.692  -15.417  39.344 0.4000000060
36379  -38.840  -15.238  38.969 0.4000000060
96053  -37.801  -13.727  38.792 0.6000000238
36394  -38.769  -15.273  38.115 0.5000000000
37359  -38.164  -14.616  37.718 0.5000000000
44956  -32.508  -6.692  49.863 0.6000000238
46026  -33.407  -6.273  49.903 0.5000000000
48005  -36.116  -3.852  48.476 0.3000000119
43918  -34.673  -6.857  50.378 0.6000000238
46029  -35.066  -5.660  50.086 0.6000000238
46039  -35.503  -4.972  49.727 0.5000000000
47995  -35.728  -4.279  49.007 0.4000000060
42905  -35.640  -8.199  50.179 0.6000000238
43919  -35.435  -7.063  50.302 0.6000000238
44944  -35.925  -6.851  50.175 0.6000000238
46040  -36.163  -4.981  49.509 0.5000000000
41829  -36.178  -8.965  50.215 0.6999999881
41817  -36.189  -8.587  50.067 0.6999999881
43931  -36.210  -7.863  49.960 0.6999999881
43939  -36.227  -7.320  49.744 0.5000000000
48028  -36.767  -3.346  47.191 0.2000000030
43947  -36.407  -7.675  49.337 0.6999999881
48038  -37.002  -3.351  46.050 0.2000000030
41844  -36.695  -9.506  50.187 0.8000000119
42935  -37.183  -9.209  49.552 0.8000000119
42934  -36.664  -8.458  49.164 0.8000000119
105376  -47.424  -6.320  44.457 0.3000000119
45037  -48.113  -6.444  44.171 0.3000000119
39868  -37.456  -10.985  50.062 0.8000000119
106420  -36.692  -10.510  49.959 0.8000000119
95307  -38.068  -4.205  44.247 0.2000000030
45049  -46.464  -6.452  43.735 0.2000000030
45036  -46.881  -6.309  44.312 0.3000000119
46114  -49.118  -6.551  44.731 0.3000000119
40843  -37.984  -10.306  48.827 0.8000000119
47120  -38.047  -4.682  43.421 0.2000000030
95722  -45.850  -6.607  43.096 0.1000000015
39879  -37.978  -11.953  49.769 0.6999999881
43994  -50.688  -7.247  45.106 0.6999999881
38969  -37.474  -12.319  48.832 0.6000000238
40857  -38.365  -10.953  48.196 0.8000000119
38111  -38.528  -12.997  48.835 0.8000000119
101697  -38.901  -12.473  49.679 0.6000000238
39904  -38.913  -11.569  47.880 0.6999999881
97080  -38.063  -11.073  46.695 0.6999999881
111930  -40.168  -6.056  41.231 0.1000000015
94420  -42.794  -6.637  40.944 0.1000000015
45096  -43.708  -6.677  40.809 0.1000000015
41897  -50.055  -8.792  45.046 0.8999999762
43008  -50.672  -8.538  45.045 0.8000000119
38112  -39.314  -13.238  48.939 0.6000000238
38971  -39.358  -12.627  49.425 0.6999999881
109185  -39.865  -6.265  40.728 0.1000000015
45095  -41.334  -6.548  40.695 0.1000000015
99193  -42.147  -6.657  40.352 0.1000000015
106774  -49.075  -9.342  44.172 0.8999999762
41912  -49.982  -9.152  44.378 0.8999999762
112333  -50.481  -8.981  44.811 0.8000000119
38113  -39.673  -13.159  48.845 0.6999999881
38996  -38.739  -11.843  46.586 0.6999999881
101596  -37.671  -11.005  44.923 0.6999999881
45094  -40.594  -6.586  40.289 0.1000000015
41932  -49.627  -9.310  43.639 1.0000000000
41933  -50.357  -9.121  43.547 0.8999999762
38114  -40.176  -13.746  48.635 0.5000000000
39929  -38.047  -11.647  44.767 0.6999999881
41952  -48.322  -9.702  42.485 1.0000000000
41953  -49.086  -9.529  42.412 1.0000000000
95462  -49.835  -9.322  42.813 1.0000000000
41954  -50.652  -9.085  42.807 0.8999999762
37267  -40.495  -14.286  48.384 0.4000000060
38126  -40.654  -13.853  48.265 0.6000000238
39938  -37.946  -11.775  43.852 0.6999999881
39937  -37.601  -11.160  43.206 0.8000000119
41968  -48.710  -9.592  41.635 1.0000000000
41969  -49.688  -9.380  41.887 1.0000000000
41970  -50.542  -9.199  42.089 1.0000000000
41971  -51.265  -9.209  41.402 1.0000000000
36279  -40.732  -14.857  48.024 0.3000000119
39948  -37.756  -11.870  42.839 0.8000000119
102631  -47.925  -9.754  41.036 1.0000000000
98696  -50.453  -9.257  41.227 1.0000000000
41986  -51.248  -9.376  40.578 1.0000000000
37268  -41.251  -14.600  47.941 0.1000000015
37277  -41.975  -14.349  47.569 0.2000000030
38171  -38.753  -13.180  43.129 0.6999999881
107528  -38.180  -12.670  42.805 0.6999999881
39041  -37.629  -11.497  41.905 0.8999999762
41982  -47.199  -9.938  40.392 1.0000000000
41983  -48.065  -9.591  40.300 1.0000000000
41984  -48.720  -9.469  40.672 1.0000000000
109992  -49.440  -9.346  40.236 1.0000000000
41985  -50.384  -9.341  40.222 1.0000000000
38150  -41.568  -13.651  45.416 0.1000000015
41994  -46.876  -9.790  39.391 1.0000000000
41996  -48.782  -9.401  39.759 1.0000000000
41997  -49.861  -9.449  39.488 1.0000000000
108016  -41.514  -13.813  44.469 0.2000000030
38183  -39.398  -13.770  42.992 0.6999999881
39051  -37.851  -12.814  41.390 0.8000000119
40943  -46.040  -9.848  38.900 1.0000000000
41995  -47.822  -9.581  39.601 1.0000000000
37315  -41.797  -14.108  43.720 0.2000000030
37331  -40.704  -14.399  42.491 0.3000000119
37330  -39.844  -14.234  42.384 0.5000000000
39058  -37.684  -12.382  40.536 0.8000000119
40959  -45.924  -9.831  37.952 1.0000000000
42008  -46.763  -9.654  38.411 1.0000000000
42009  -47.722  -9.500  38.653 1.0000000000
96537  -40.244  -14.623  41.677 0.3000000119
105993  -39.263  -14.311  41.682 0.4000000060
37343  -40.900  -14.918  41.195 0.3000000119
37350  -40.225  -14.939  40.949 0.3000000119
40973  -45.372  -10.009  37.227 1.0000000000
37348  -38.821  -14.651  40.313 0.5000000000
40988  -45.692  -9.944  36.425 0.8999999762
37349  -39.763  -15.169  40.273 0.4000000060
37355  -39.019  -15.122  39.728 0.4000000060
94426  -44.456  -10.451  34.928 0.8000000119
41009  -44.353  -10.581  35.946 0.8999999762
46050  -33.254  -6.136  49.571 0.2000000030
46037  -33.983  -5.661  49.789 0.4000000060
46027  -33.967  -5.909  50.135 0.5000000000
110758  -34.232  -5.640  49.970 0.5000000000
47014  -35.824  -4.539  49.401 0.4000000060
47025  -35.207  -4.434  48.912 0.4000000060
48004  -35.527  -4.040  48.515 0.3000000119
42906  -36.521  -8.700  49.879 0.8000000119
48016  -36.469  -3.510  47.922 0.2000000030
40810  -37.142  -9.660  50.088 0.8000000119
41831  -37.027  -9.158  50.018 0.8000000119
42919  -36.585  -8.440  49.738 0.8000000119
40818  -37.120  -10.154  50.187 0.8000000119
42920  -37.100  -9.013  49.906 0.8000000119
45050  -47.393  -6.563  43.675 0.2000000030
46135  -48.620  -6.456  44.549 0.3000000119
40819  -37.805  -10.505  49.915 0.8000000119
41845  -37.416  -9.696  49.909 0.8000000119
48052  -36.735  -3.667  44.976 0.2000000030
104055  -49.475  -6.555  44.174 0.3000000119
39869  -38.394  -11.469  49.893 0.8000000119
40820  -38.490  -11.296  49.811 0.8000000119
47119  -37.276  -4.566  43.560 0.2000000030
45067  -46.762  -6.786  42.904 0.1000000015
46115  -50.615  -6.635  44.243 0.5000000000
40844  -38.513  -10.921  49.284 0.8000000119
47134  -37.646  -4.880  42.813 0.2000000030
45082  -45.406  -6.743  41.744 0.1000000015
93801  -45.223  -6.662  42.445 0.1000000015
45025  -51.043  -6.675  44.412 0.6999999881
39870  -38.883  -11.794  50.093 0.8000000119
39880  -39.155  -11.669  49.821 0.8000000119
39891  -38.971  -11.412  48.970 0.8000000119
46180  -38.690  -5.600  41.503 0.2000000030
105687  -44.395  -6.708  41.157 0.1000000015
45081  -44.733  -6.687  41.772 0.1000000015
43995  -51.132  -7.580  44.535 0.6999999881
38960  -38.772  -12.004  50.178 0.8000000119
111666  -39.479  -11.985  49.703 0.6999999881
46194  -39.143  -5.929  40.875 0.1000000015
99192  -43.052  -6.652  40.077 0.1000000015
43009  -51.185  -8.227  44.289 0.8000000119
38972  -39.478  -12.478  49.210 0.6999999881
39892  -39.448  -11.955  48.882 0.6999999881
39905  -39.375  -12.262  47.589 0.6999999881
46193  -38.421  -5.843  40.713 0.2000000030
45093  -39.063  -6.342  40.195 0.1000000015
41934  -51.155  -8.808  43.209 0.8000000119
43025  -51.420  -8.597  43.738 0.8000000119
38984  -39.808  -12.722  48.411 0.6999999881
39008  -38.666  -12.128  45.543 0.6999999881
101355  -39.821  -6.611  39.971 0.1000000015
45114  -41.397  -6.686  39.845 0.1000000015
102460  -51.666  -8.664  42.439 0.8999999762
38998  -39.985  -12.809  47.306 0.6000000238
38997  -39.345  -12.444  46.379 0.6999999881
41955  -51.341  -8.968  42.167 1.0000000000
38985  -40.345  -13.210  48.097 0.5000000000
38137  -40.034  -12.904  46.200 0.5000000000
39009  -39.360  -12.648  45.375 0.6999999881
39021  -38.615  -12.368  44.629 0.6999999881
41972  -52.498  -9.276  40.944 1.0000000000
38127  -41.265  -14.027  47.691 0.4000000060
38138  -40.668  -13.388  47.202 0.4000000060
38148  -40.067  -13.116  45.263 0.5000000000
39022  -39.353  -12.979  44.521 0.6999999881
39034  -38.518  -12.670  43.679 0.6999999881
40927  -52.581  -9.506  40.267 1.0000000000
38139  -41.372  -13.636  46.607 0.4000000060
38149  -40.804  -13.410  45.316 0.4000000060
38160  -40.161  -13.460  44.425 0.6000000238
41999  -51.280  -9.543  39.801 1.0000000000
40926  -51.972  -9.589  39.963 1.0000000000
40945  -52.588  -9.718  39.403 1.0000000000
38161  -40.908  -13.646  44.535 0.3000000119
111120  -40.524  -13.706  44.100 0.5000000000
38172  -39.374  -13.364  43.765 0.6999999881
110907  -48.461  -9.434  39.047 1.0000000000
41998  -50.854  -9.680  39.247 1.0000000000
94329  -52.527  -9.927  38.527 1.0000000000
107036  -40.896  -13.908  43.810 0.3000000119
38173  -40.113  -13.772  43.711 0.4000000060
42010  -48.810  -9.453  38.308 1.0000000000
42011  -49.834  -9.761  38.034 1.0000000000
42012  -50.366  -9.788  38.619 1.0000000000
40961  -51.318  -10.072  38.365 1.0000000000
40962  -52.043  -10.190  38.197 1.0000000000
93142  -41.047  -14.228  43.167 0.3000000119
38184  -40.337  -14.105  43.109 0.3000000119
107643  -47.396  -9.485  37.948 1.0000000000
100106  -48.243  -9.428  37.768 1.0000000000
40960  -50.793  -10.241  37.791 1.0000000000
42021  -46.788  -9.546  37.569 1.0000000000
42024  -49.265  -9.715  37.481 1.0000000000
108068  -37.720  -12.948  39.918 0.8000000119
40974  -46.170  -9.699  37.041 1.0000000000
42022  -47.668  -9.368  37.233 1.0000000000
42023  -48.668  -9.587  36.918 1.0000000000
41010  -45.286  -10.161  35.594 0.8999999762
48014  -35.194  -4.098  48.249 0.4000000060
45051  -48.346  -6.693  43.332 0.2000000030
45068  -47.695  -6.812  42.692 0.1000000015
45038  -48.951  -6.582  43.867 0.3000000119
46136  -50.256  -6.624  43.587 0.3000000119
94418  -45.881  -6.775  41.237 0.1000000015
93674  -47.075  -6.852  42.025 0.1000000015
45083  -47.964  -6.863  41.771 0.1000000015
94419  -45.068  -6.744  41.111 0.1000000015
104278  -51.282  -7.141  44.211 0.6999999881
46163  -38.148  -5.199  42.164 0.2000000030
45097  -44.567  -6.700  40.495 0.1000000015
44010  -51.908  -7.550  44.037 0.6999999881
46179  -37.817  -5.478  41.388 0.2000000030
41935  -51.789  -8.460  43.055 0.8000000119
45092  -38.185  -6.150  39.953 0.1000000015
45113  -40.517  -6.733  39.389 0.1000000015
41956  -52.155  -8.894  41.560 0.8999999762
41936  -52.077  -8.429  42.036 0.8999999762
40895  -52.981  -9.145  40.981 1.0000000000
40912  -53.009  -9.383  40.565 1.0000000000
93803  -51.656  -10.430  37.582 1.0000000000
40976  -50.226  -10.304  37.259 1.0000000000
112228  -51.459  -10.628  37.187 1.0000000000
40975  -49.620  -10.206  36.721 1.0000000000
40989  -46.492  -9.660  36.250 1.0000000000
42032  -47.034  -9.444  36.749 1.0000000000
42033  -48.016  -9.465  36.406 1.0000000000
93802  -50.450  -10.620  36.654 1.0000000000
93861  -51.117  -10.624  36.784 0.8999999762
40991  -49.004  -10.118  36.075 0.8999999762
40992  -49.866  -10.674  36.114 0.8999999762
41011  -46.080  -9.810  35.724 0.8000000119
40990  -47.390  -9.558  35.972 0.8999999762
93116  -48.223  -9.807  35.765 0.8000000119
41013  -48.755  -10.494  35.298 0.8999999762
110239  -49.463  -10.680  35.599 0.8999999762
98158  -46.890  -9.664  35.446 0.8000000119
46154  -49.776  -6.628  43.470 0.2000000030
47107  -50.901  -6.679  43.135 0.2000000030
45069  -48.625  -6.803  42.412 0.1000000015
45052  -49.245  -6.731  43.018 0.1000000015
45053  -50.051  -6.637  42.693 0.1000000015
47087  -51.513  -6.459  42.442 0.3000000119
45026  -51.755  -6.596  43.830 0.5000000000
46139  -52.273  -6.246  42.308 0.4000000060
100476  -52.305  -7.173  43.157 0.6999999881
45040  -53.024  -6.792  42.707 0.4000000060
112254  -52.807  -7.337  43.016 0.6999999881
107443  -52.600  -7.760  42.065 0.6999999881
40896  -53.437  -9.038  40.884 1.0000000000
41957  -52.714  -8.765  41.232 0.8999999762
40913  -53.460  -9.264  40.557 1.0000000000
40914  -53.826  -9.131  40.611 1.0000000000
40947  -53.567  -9.467  39.557 1.0000000000
42001  -54.085  -9.207  39.709 0.8999999762
40946  -53.093  -9.727  38.915 1.0000000000
42000  -53.615  -9.493  39.154 0.8999999762
40963  -52.403  -10.138  37.900 1.0000000000
109786  -52.787  -9.882  38.284 1.0000000000
42025  -52.602  -10.035  37.692 1.0000000000
40977  -51.040  -10.686  37.141 1.0000000000
40978  -51.902  -10.440  37.263 1.0000000000
42034  -51.513  -10.161  36.576 0.8999999762
40994  -50.884  -10.352  36.138 0.8999999762
41012  -47.839  -9.849  35.290 0.8000000119
40993  -50.428  -10.623  36.156 0.8999999762
41015  -50.404  -10.498  35.590 0.8999999762
41014  -49.489  -10.917  35.053 0.8999999762
41031  -48.853  -11.093  34.558 0.8000000119
46137  -50.892  -6.613  42.952 0.2000000030
46155  -50.471  -6.613  42.966 0.1000000015
46156  -50.968  -6.431  42.291 0.1000000015
47088  -51.936  -5.940  41.997 0.1000000015
101927  -52.024  -6.376  43.008 0.3000000119
45041  -53.102  -6.207  42.209 0.4000000060
44019  -52.748  -7.435  42.485 0.8000000119
45072  -53.192  -6.771  41.920 0.6000000238
43038  -53.519  -7.341  40.985 0.6999999881
44028  -54.000  -6.988  41.012 0.6000000238
41974  -53.878  -8.366  40.545 0.8999999762
43049  -53.841  -7.642  40.599 0.8000000119
43061  -54.308  -8.669  39.981 0.8000000119
44044  -54.463  -7.147  40.224 0.8000000119
43071  -54.262  -8.674  39.542 0.8999999762
43077  -53.676  -9.094  38.478 0.8999999762
42015  -53.959  -9.123  38.978 0.8999999762
42026  -53.176  -9.620  38.058 1.0000000000
43084  -52.798  -9.320  37.429 1.0000000000
42035  -52.239  -9.832  36.955 0.8999999762
43090  -51.604  -9.063  36.281 0.8999999762
42045  -51.171  -9.680  36.004 0.8999999762
107896  -49.961  -10.787  35.580 0.8999999762
42044  -50.792  -9.838  35.538 0.8999999762
41033  -50.065  -10.806  35.040 0.8999999762
41030  -47.965  -10.584  34.311 0.6999999881
41032  -49.648  -11.265  34.490 0.8000000119
47110  -52.659  -5.635  42.096 0.3000000119
48062  -52.874  -4.622  42.019 0.2000000030
45056  -53.236  -6.123  42.046 0.5000000000
48063  -53.252  -4.246  41.887 0.2000000030
45057  -53.718  -6.088  41.680 0.5000000000
46171  -54.127  -5.502  41.465 0.5000000000
103075  -54.643  -6.472  40.936 0.6999999881
99946  -54.605  -5.576  41.172 0.5000000000
102362  -54.756  -6.446  40.613 0.6999999881
44051  -54.280  -7.874  39.451 0.8999999762
44052  -54.479  -7.098  39.876 0.8999999762
43078  -54.101  -8.526  38.958 0.8999999762
44062  -54.034  -7.626  38.885 0.8999999762
43085  -53.317  -8.748  37.862 1.0000000000
44061  -53.678  -8.176  38.404 1.0000000000
43091  -52.273  -8.674  36.790 0.8999999762
44074  -52.749  -8.181  37.327 0.8999999762
44075  -53.210  -7.538  37.831 1.0000000000
44088  -51.675  -7.873  36.224 0.8999999762
43099  -51.011  -8.861  35.566 0.8999999762
42057  -50.441  -10.091  35.035 0.8999999762
107279  -50.609  -9.256  35.060 0.8999999762
43098  -50.516  -8.297  34.758 0.8999999762
42056  -50.082  -10.398  34.517 0.8999999762
43108  -50.264  -9.306  34.496 0.8999999762
107185  -49.223  -11.721  34.161 0.6999999881
41044  -49.705  -11.889  34.034 0.8000000119
42066  -50.071  -10.845  33.958 0.8000000119
47108  -51.553  -6.187  42.108 0.1000000015
47148  -54.624  -4.132  40.979 0.4000000060
46185  -54.698  -5.102  40.855 0.5000000000
45104  -55.003  -5.930  40.655 0.6000000238
45123  -54.532  -6.185  39.784 0.8999999762
46206  -54.830  -5.480  40.230 0.8000000119
102231  -53.626  -7.323  38.408 0.8999999762
45142  -53.816  -6.705  38.756 0.8999999762
99800  -52.668  -7.228  37.287 0.8999999762
44089  -52.289  -7.527  36.765 0.8999999762
45174  -51.910  -6.861  36.234 0.8999999762
110714  -51.331  -8.354  35.887 0.8999999762
101809  -51.456  -7.102  35.735 0.8999999762
44102  -51.084  -7.777  35.451 0.8999999762
43107  -49.887  -9.485  33.888 0.8999999762
43122  -49.965  -8.447  33.965 0.8999999762
40047  -49.781  -12.233  33.741 0.6999999881
41054  -50.144  -11.911  33.761 0.6999999881
42069  -50.070  -10.556  33.207 0.6000000238
40052  -50.090  -12.387  33.289 0.5000000000
46219  -54.048  -5.964  39.159 0.8999999762
46205  -54.424  -5.228  39.559 0.8999999762
45158  -53.361  -6.587  38.153 0.8999999762
46218  -53.568  -5.818  38.503 0.8999999762
103245  -52.867  -6.511  37.550 0.8999999762
45175  -52.391  -6.458  36.826 0.8999999762
45188  -52.050  -6.091  36.184 0.8999999762
44118  -51.067  -6.837  35.156 0.8999999762
44117  -50.668  -7.346  34.776 0.8999999762
96833  -49.712  -9.476  33.177 0.8000000119
41065  -50.393  -11.746  33.222 0.5000000000
47163  -54.324  -4.246  39.287 0.8000000119
47164  -54.785  -4.522  39.908 0.6999999881
97825  -53.378  -5.086  38.156 0.8999999762
47177  -53.867  -4.935  38.792 0.8999999762
46228  -52.671  -5.649  37.217 0.8999999762
110167  -52.608  -5.117  36.974 0.8999999762
46237  -52.344  -5.449  36.513 0.8999999762
45187  -51.592  -6.267  35.599 0.8999999762
45197  -51.189  -6.064  34.854 0.8999999762
45196  -50.711  -6.640  34.440 0.8999999762
45209  -50.944  -5.881  34.081 0.8999999762
44135  -50.219  -7.390  34.013 0.8999999762
44134  -49.799  -7.879  33.271 0.8999999762
45208  -50.491  -6.472  33.604 0.8000000119
43121  -49.677  -8.680  33.355 0.8999999762
44152  -49.737  -7.579  32.631 0.8000000119
102336  -49.565  -8.403  32.623 0.6999999881
109150  -49.611  -7.749  32.066 0.8000000119
43131  -49.549  -9.274  32.365 0.6999999881
44167  -49.464  -8.367  31.746 0.6999999881
42072  -49.965  -10.197  32.346 0.5000000000
43135  -49.450  -9.044  31.459 0.5000000000
41076  -50.479  -11.291  32.349 0.5000000000
47176  -53.483  -4.281  38.125 0.8000000119
47191  -52.946  -4.768  37.442 0.8999999762
97998  -53.233  -3.748  37.422 0.8999999762
106622  -52.559  -4.664  36.667 0.8999999762
46247  -51.930  -5.479  35.775 0.8999999762
46246  -51.567  -5.573  35.209 0.8999999762
99357  -52.216  -4.745  35.963 0.8999999762
49921  -52.655  -1.816  35.002 0.8999999762
50730  -53.119  -0.533  35.184 0.8999999762
49929  -52.823  -1.095  34.905 0.8000000119
49075  -52.279  -2.251  34.259 0.8000000119
49928  -52.497  -1.341  34.330 0.8000000119
48189  -51.892  -2.875  33.857 0.8000000119
50729  -52.731  -0.442  34.409 0.8000000119
48188  -51.616  -3.099  33.209 0.8000000119
49080  -51.879  -2.258  33.307 0.8000000119
49946  -51.918  -1.336  33.031 0.8000000119
44153  -50.007  -7.040  33.079 0.8000000119
45224  -50.414  -6.338  32.690 0.8000000119
45223  -49.890  -6.981  32.139 0.8000000119
49086  -51.549  -2.670  32.652 0.8000000119
49936  -51.596  -1.965  32.438 0.6999999881
45241  -49.537  -7.516  31.279 0.6999999881
49095  -51.341  -2.636  31.935 0.6999999881
49957  -51.314  -1.862  31.609 0.6999999881
49945  -51.609  -1.027  32.108 0.6999999881
109285  -49.395  -8.253  31.003 0.5000000000
42074  -49.831  -9.758  31.277 0.5000000000
41095  -50.461  -10.523  31.149 0.4000000060
40068  -51.362  -12.424  31.573 0.3000000119
41079  -52.846  -12.040  31.111 0.3000000119
41098  -53.285  -11.188  30.786 0.3000000119
42075  -54.380  -11.206  31.081 0.3000000119
95605  -53.897  -4.001  38.683 0.6999999881
54245  -54.768  3.121  37.473 0.3000000119
53393  -54.200  2.364  36.521 0.5000000000
47205  -52.826  -4.070  36.890 0.8999999762
51619  -53.869  0.064  36.181 0.6999999881
51620  -54.241  0.799  36.698 0.6999999881
52534  -54.060  1.598  36.200 0.6999999881
47204  -52.534  -3.924  36.141 0.8999999762
49063  -53.113  -2.543  36.434 0.8999999762
49922  -53.097  -1.340  35.605 0.8999999762
50724  -53.489  -0.593  35.870 0.8000000119
54256  -54.283  3.228  36.894 0.4000000060
47215  -51.812  -4.822  35.162 0.8999999762
106118  -52.191  -4.191  35.475 0.8999999762
49069  -52.850  -2.207  35.727 0.8999999762
97352  -53.461  0.141  35.467 0.8999999762
51644  -53.283  0.914  35.003 0.8999999762
52545  -53.579  1.632  35.518 0.8000000119
46255  -51.377  -5.333  34.557 0.8999999762
47229  -51.946  -3.975  34.788 0.8999999762
49068  -52.507  -2.664  35.127 0.8999999762
97609  -53.097  0.124  34.860 0.8999999762
47228  -51.533  -4.548  34.273 0.8999999762
48176  -52.124  -3.157  34.542 0.8000000119
51643  -52.838  0.505  34.283 0.8000000119
46263  -50.823  -5.749  33.213 0.8000000119
46264  -51.184  -5.156  33.743 0.8000000119
47241  -51.344  -4.415  33.424 0.8000000119
48175  -51.652  -3.678  33.907 0.8000000119
49937  -52.302  -0.835  33.669 0.8000000119
50738  -52.451  0.051  33.635 0.8000000119
102086  -51.422  -3.768  33.108 0.8000000119
46272  -50.714  -5.608  32.370 0.8000000119
47255  -51.192  -4.255  32.610 0.8000000119
50745  -51.984  -0.347  32.891 0.6999999881
45242  -50.323  -6.186  31.843 0.8000000119
47273  -51.039  -4.067  31.806 0.6999999881
48203  -51.336  -3.404  32.394 0.6999999881
50744  -51.674  -0.180  32.146 0.6999999881
111941  -49.844  -6.686  31.346 0.6999999881
48218  -51.114  -3.318  31.504 0.6999999881
44176  -49.298  -7.750  30.372 0.5000000000
49108  -51.050  -2.575  31.069 0.6999999881
103486  -51.060  -1.813  30.910 0.6999999881
43140  -49.476  -8.614  30.457 0.4000000060
48231  -50.872  -3.278  30.867 0.6999999881
98445  -50.703  -2.915  30.466 0.6999999881
41096  -51.313  -10.976  30.952 0.3000000119
41078  -51.950  -12.056  31.468 0.3000000119
41097  -52.263  -11.134  30.774 0.3000000119
46342  -54.352  -5.307  27.810 0.3000000119
43148  -52.871  -9.139  29.341 0.3000000119
43149  -53.767  -8.932  29.673 0.3000000119
44183  -53.758  -7.949  29.266 0.3000000119
48146  -52.964  -3.348  36.677 0.8999999762
55086  -54.113  4.135  37.096 0.3000000119
94712  -53.213  -1.865  36.199 0.8999999762
49916  -53.491  -1.247  36.371 0.8999999762
53412  -53.789  2.198  35.927 0.6000000238
53392  -53.725  2.908  36.122 0.6000000238
54255  -53.664  3.729  36.408 0.4000000060
52564  -52.824  1.386  34.325 0.8000000119
46273  -51.047  -5.013  32.905 0.8000000119
51659  -52.452  0.981  33.568 0.8000000119
47254  -50.883  -4.840  32.086 0.8000000119
110522  -52.167  0.436  33.085 0.6999999881
51677  -52.061  1.048  32.830 0.6999999881
45261  -50.073  -6.030  31.014 0.6999999881
47272  -50.720  -4.664  31.279 0.6999999881
51676  -51.857  0.416  32.480 0.6999999881
45260  -49.524  -6.819  30.451 0.6999999881
46298  -49.850  -5.889  30.133 0.6000000238
48217  -50.854  -3.916  31.021 0.6999999881
50755  -51.395  -0.352  31.478 0.6999999881
51693  -51.542  0.408  31.751 0.6999999881
44182  -49.287  -7.312  29.714 0.5000000000
45274  -49.505  -6.580  29.438 0.5000000000
46314  -49.758  -5.684  29.257 0.6999999881
47299  -50.233  -4.366  29.691 0.6999999881
48230  -50.577  -3.649  30.241 0.6999999881
49107  -50.729  -2.174  30.249 0.6999999881
50772  -51.072  -0.504  30.720 0.6999999881
43146  -49.584  -8.526  29.694 0.4000000060
104971  -49.311  -7.946  29.626 0.4000000060
47298  -49.911  -4.947  29.260 0.6999999881
48259  -49.809  -3.696  28.480 0.6999999881
49123  -50.354  -2.264  29.490 0.6999999881
49983  -50.462  -1.441  29.550 0.6999999881
42084  -49.863  -9.307  30.244 0.4000000060
43154  -49.590  -8.135  28.997 0.5000000000
48272  -49.707  -3.590  27.738 0.6000000238
109852  -49.736  -3.219  28.207 0.6999999881
49139  -49.804  -2.053  28.230 0.6999999881
49993  -49.996  -1.229  28.546 0.6999999881
42085  -50.617  -9.709  30.089 0.4000000060
43147  -50.062  -8.799  29.416 0.4000000060
103567  -49.687  -2.787  27.781 0.6999999881
49152  -49.668  -2.036  27.399 0.6999999881
42098  -50.826  -9.031  29.209 0.4000000060
48280  -49.735  -3.209  27.037 0.6000000238
48281  -50.158  -3.471  26.372 0.6000000238
108936  -49.908  -2.694  26.443 0.6000000238
42086  -51.507  -9.950  29.982 0.3000000119
43156  -51.019  -8.427  28.506 0.3000000119
44193  -51.389  -7.901  27.962 0.4000000060
44203  -51.916  -7.334  27.540 0.3000000119
44204  -52.900  -7.156  27.818 0.3000000119
102606  -54.445  -4.306  27.581 0.3000000119
42087  -52.530  -10.032  30.032 0.3000000119
42099  -51.813  -9.080  29.098 0.3000000119
43157  -52.392  -8.509  28.801 0.3000000119
44194  -52.408  -7.853  28.288 0.3000000119
98901  -53.344  -6.348  27.468 0.3000000119
47347  -54.031  -3.822  26.867 0.3000000119
48285  -54.232  -2.875  26.826 0.3000000119
43158  -53.064  -8.261  28.963 0.3000000119
44195  -53.262  -7.513  28.582 0.3000000119
49153  -54.769  -2.421  27.404 0.3000000119
49154  -55.306  -1.937  27.979 0.3000000119
55076  -54.483  4.532  37.749 0.4000000060
55896  -53.964  4.958  37.269 0.4000000060
55085  -53.550  4.527  36.604 0.4000000060
53431  -53.306  2.478  35.341 0.6999999881
54285  -52.845  3.040  34.922 0.6999999881
55101  -52.739  4.295  35.483 0.6999999881
55910  -52.721  5.665  35.950 0.5000000000
55909  -52.523  5.098  35.327 0.6000000238
53430  -52.720  2.331  34.479 0.8000000119
54270  -52.541  3.753  34.907 0.5000000000
55114  -52.346  4.557  34.750 0.4000000060
95586  -52.420  5.928  35.042 0.6999999881
52585  -52.413  1.856  33.730 0.6999999881
53449  -52.178  2.680  33.726 0.6999999881
110739  -52.180  1.570  33.159 0.6999999881
52605  -51.709  1.106  32.124 0.6999999881
51707  -51.197  0.352  30.914 0.6999999881
51721  -50.593  0.271  29.561 0.6999999881
51706  -50.894  0.608  30.231 0.6999999881
102125  -49.446  -7.331  28.895 0.5000000000
46329  -49.749  -5.243  28.543 0.6999999881
47315  -49.871  -4.396  28.868 0.6999999881
50788  -50.337  -0.543  29.123 0.6999999881
45285  -49.645  -6.305  28.454 0.5000000000
46339  -49.791  -5.524  27.830 0.5000000000
47330  -49.742  -4.503  27.933 0.5000000000
50007  -49.719  -1.469  27.766 0.6999999881
43155  -50.218  -8.321  28.650 0.4000000060
44192  -49.792  -7.676  28.284 0.4000000060
44191  -49.664  -7.020  28.112 0.4000000060
45294  -49.868  -6.393  27.672 0.4000000060
47331  -49.944  -4.921  27.398 0.5000000000
47343  -49.900  -4.123  27.063 0.6000000238
50008  -49.768  -0.681  27.646 0.6999999881
44202  -50.879  -7.318  27.412 0.4000000060
101027  -50.583  -6.458  27.188 0.4000000060
47344  -50.326  -4.891  26.823 0.4000000060
111598  -50.871  -4.821  26.367 0.4000000060
48290  -50.400  -2.825  25.876 0.6000000238
43162  -50.464  -7.847  27.970 0.4000000060
45306  -51.249  -6.150  26.864 0.3000000119
109171  -51.115  -4.367  26.046 0.3000000119
48282  -50.919  -3.618  25.828 0.4000000060
49161  -50.077  -2.054  26.014 0.5000000000
45296  -52.371  -6.688  27.207 0.3000000119
45308  -52.496  -5.973  26.911 0.3000000119
46353  -52.397  -5.268  26.499 0.3000000119
48283  -52.564  -3.554  25.869 0.3000000119
48284  -53.500  -3.248  26.335 0.3000000119
49162  -53.004  -2.628  25.952 0.3000000119
50009  -54.905  -1.560  27.293 0.3000000119
50010  -55.455  -1.193  27.600 0.3000000119
50020  -53.891  -1.481  26.467 0.3000000119
50021  -54.515  -1.191  26.715 0.3000000119
50845  -54.861  -0.764  26.158 0.3000000119
50824  -55.864  -0.799  27.040 0.3000000119
50869  -56.152  -0.578  25.327 0.3000000119
54284  -52.364  3.225  34.309 0.6000000238
55922  -52.289  5.387  34.472 0.6999999881
103570  -52.465  6.629  34.717 0.6000000238
57543  -52.549  7.280  34.954 0.4000000060
93384  -52.062  4.862  33.960 0.6999999881
56727  -52.407  6.199  34.133 0.6999999881
53465  -52.004  2.234  33.107 0.6000000238
57554  -52.691  7.053  33.970 0.6000000238
52606  -51.829  1.754  32.559 0.6999999881
53448  -51.770  2.952  33.086 0.6000000238
94499  -51.512  1.897  31.770 0.6999999881
53464  -51.572  2.684  32.342 0.6999999881
52623  -51.400  1.138  31.338 0.6999999881
52638  -51.080  1.202  30.538 0.6999999881
102146  -50.130  0.804  27.939 0.6999999881
99552  -50.240  0.191  28.649 0.6999999881
51756  -49.851  0.154  27.242 0.6999999881
107425  -49.950  0.024  27.964 0.6999999881
50019  -49.879  -1.297  26.271 0.6999999881
50018  -49.661  -1.338  27.012 0.6999999881
50030  -50.372  -1.323  25.778 0.6000000238
49171  -51.623  -2.248  25.549 0.3000000119
48291  -51.683  -3.224  25.597 0.4000000060
109673  -51.006  -2.845  25.563 0.5000000000
48292  -52.306  -2.762  25.643 0.3000000119
50033  -53.259  -1.764  26.145 0.3000000119
50034  -54.102  -0.826  26.040 0.3000000119
105201  -54.588  -0.490  25.481 0.3000000119
50868  -55.273  -0.519  25.335 0.3000000119
102047  -52.137  4.046  34.194 0.6999999881
54297  -51.895  3.591  33.513 0.6999999881
55126  -51.912  4.389  33.543 0.6999999881
103533  -51.935  5.034  33.159 0.8000000119
56738  -52.657  6.400  33.166 0.6999999881
54306  -51.631  3.569  32.622 0.6999999881
55125  -51.755  4.337  32.881 0.8000000119
56739  -53.151  7.058  33.173 0.6000000238
55138  -51.947  4.976  32.356 0.8999999762
55968  -52.557  5.445  31.837 0.8999999762
55953  -53.077  6.175  32.178 0.8000000119
107913  -53.299  6.751  32.645 0.6000000238
52639  -51.268  1.953  30.907 0.6999999881
53481  -51.372  2.727  31.360 0.6000000238
54315  -51.506  3.483  31.784 0.8000000119
55149  -52.094  4.764  31.566 0.8999999762
53502  -51.202  2.756  30.457 0.6999999881
54329  -51.486  3.411  30.921 0.6999999881
54330  -51.902  3.934  30.529 0.8999999762
108945  -52.239  4.472  30.915 0.8999999762
52651  -50.754  1.193  29.715 0.6999999881
53519  -51.052  2.748  29.573 0.6999999881
54348  -51.446  3.360  30.063 0.8000000119
52665  -50.441  1.013  28.873 0.6999999881
105006  -50.442  1.526  28.313 0.6999999881
50844  -50.131  -0.545  26.002 0.6999999881
51769  -50.049  0.206  26.427 0.6999999881
96478  -50.115  0.922  26.997 0.6999999881
104850  -50.544  0.147  25.823 0.5000000000
103391  -50.551  0.935  26.239 0.6999999881
50031  -51.151  -1.366  25.534 0.5000000000
50863  -50.776  -0.584  25.607 0.5000000000
50032  -52.034  -1.302  25.626 0.5000000000
49172  -52.525  -1.990  25.769 0.4000000060
94278  -52.861  -1.180  25.856 0.4000000060
50866  -53.387  -0.599  25.687 0.3000000119
50886  -54.775  -0.047  24.769 0.4000000060
56747  -53.925  6.692  32.131 0.8999999762
95775  -53.852  7.382  32.706 0.6999999881
55969  -53.431  5.723  31.386 1.0000000000
112231  -54.606  7.868  32.720 0.6999999881
55161  -52.887  5.044  30.965 0.8999999762
108418  -53.898  6.198  31.661 0.8999999762
56761  -54.637  6.499  31.604 0.8999999762
56748  -54.795  7.233  32.181 0.8999999762
54366  -51.468  3.296  29.192 0.6999999881
55162  -53.446  4.857  30.294 0.8999999762
55986  -53.859  5.353  30.674 1.0000000000
55970  -54.325  5.932  31.105 1.0000000000
53530  -51.007  2.723  28.716 0.6999999881
54349  -52.079  3.787  29.690 0.8999999762
98377  -52.705  4.402  30.202 0.8999999762
52687  -50.558  1.562  26.789 0.6999999881
53529  -50.661  2.172  28.162 0.6999999881
99390  -51.084  2.683  28.000 0.6999999881
54377  -51.589  3.151  28.335 0.6999999881
53534  -50.898  2.256  27.303 0.6999999881
99238  -51.032  0.681  25.733 0.6000000238
112045  -50.816  1.474  26.321 0.6999999881
53543  -51.065  1.922  26.455 0.6999999881
50864  -51.242  0.094  25.519 0.6000000238
51784  -51.787  0.792  25.513 0.6000000238
50865  -52.532  -0.395  25.548 0.5000000000
51785  -52.582  0.472  25.344 0.4000000060
51786  -53.312  0.123  25.261 0.4000000060
50867  -54.011  -0.244  25.318 0.4000000060
51802  -53.995  0.450  24.850 0.4000000060
51803  -55.373  0.498  24.192 0.4000000060
56749  -55.689  7.474  32.088 0.8000000119
55971  -55.267  6.215  30.981 0.8999999762
56762  -56.001  6.604  31.242 0.6999999881
54367  -52.211  3.625  28.797 0.8999999762
54350  -52.919  4.057  29.325 0.8999999762
55177  -53.464  4.508  29.752 1.0000000000
93075  -54.751  5.544  30.465 1.0000000000
56778  -56.080  6.276  30.671 0.8999999762
54368  -53.101  3.805  28.438 0.8999999762
55178  -53.901  4.297  29.030 0.8999999762
55179  -54.789  4.774  29.150 1.0000000000
56002  -55.736  5.505  29.586 1.0000000000
53544  -51.663  2.455  26.681 0.6999999881
54378  -52.429  3.382  27.843 0.6999999881
54379  -53.182  3.533  27.538 0.8000000119
96180  -55.391  4.783  28.493 1.0000000000
107312  -56.145  5.635  29.391 0.8999999762
52688  -51.225  1.396  25.907 0.6000000238
108989  -51.618  2.016  26.045 0.6999999881
102002  -53.956  3.679  27.350 0.8999999762
55209  -55.142  4.316  27.897 1.0000000000
56024  -56.550  5.416  28.378 0.8000000119
56003  -56.598  5.785  29.126 0.8000000119
52696  -52.041  1.640  25.641 0.6000000238
53545  -53.134  2.751  26.023 0.6999999881
54388  -53.545  3.330  26.731 0.8000000119
54389  -54.499  3.604  26.728 0.8000000119
54381  -55.240  4.018  27.250 1.0000000000
55210  -55.752  4.594  27.651 1.0000000000
55199  -56.016  5.034  28.229 1.0000000000
104416  -52.528  1.175  25.356 0.5000000000
52697  -52.923  1.913  25.388 0.6000000238
54402  -53.992  3.048  25.931 0.8000000119
54403  -54.825  3.318  25.793 0.8999999762
55220  -55.838  4.261  26.859 1.0000000000
94260  -56.241  4.721  27.107 1.0000000000
51801  -53.282  1.020  25.017 0.4000000060
52698  -53.775  1.777  24.953 0.5000000000
97154  -54.440  2.481  25.152 0.5000000000
54404  -55.601  3.570  25.667 0.8000000119
54391  -55.951  3.986  26.209 0.8000000119
107277  -54.028  1.137  24.703 0.4000000060
52711  -54.506  1.616  24.559 0.5000000000
53565  -55.143  2.165  24.484 0.6000000238
54416  -55.897  3.326  25.014 0.6000000238
106140  -54.631  0.800  24.459 0.4000000060
52712  -55.205  1.338  24.173 0.6000000238
53567  -56.463  2.436  23.913 0.6000000238
106357  -56.524  6.691  31.059 0.6999999881
56802  -57.121  6.320  29.622 0.6999999881
99967  -56.414  5.080  27.673 0.8999999762
56037  -56.823  5.069  26.980 0.8999999762
54405  -56.390  3.861  25.552 0.6999999881
55221  -56.487  4.469  26.401 0.8000000119
53566  -55.848  2.665  24.480 0.6000000238
55233  -56.962  4.385  25.797 0.8000000119
52730  -56.494  1.668  23.649 0.5000000000
54417  -56.554  3.295  24.554 0.6000000238
53576  -57.221  2.229  23.510 0.5000000000
53568  -57.029  2.912  23.891 0.5000000000
56763  -57.159  7.127  31.025 0.6000000238
57587  -57.466  8.160  31.541 0.6000000238
56779  -56.811  6.495  30.481 0.6999999881
110600  -57.064  6.079  29.050 0.6999999881
56038  -57.187  5.531  27.710 0.8999999762
56039  -58.019  5.915  27.354 0.8000000119
55222  -57.204  4.907  26.263 0.8000000119
54406  -57.116  4.012  25.103 0.6999999881
54418  -57.365  3.575  24.264 0.6000000238
55242  -57.796  4.336  24.745 0.6000000238
54427  -57.674  3.058  23.558 0.5000000000
54419  -58.102  3.842  23.966 0.5000000000
54428  -58.458  3.284  23.275 0.5000000000
55252  -59.450  4.457  23.324 0.5000000000
54438  -59.915  3.949  22.701 0.4000000060
56780  -57.625  6.925  30.309 0.6000000238
57609  -57.954  7.764  30.835 0.6000000238
57636  -58.545  7.631  30.082 0.6000000238
56004  -57.107  5.863  28.557 0.6999999881
109340  -57.532  6.318  28.912 0.6999999881
56822  -58.299  6.642  28.669 0.6999999881
56836  -57.757  6.136  28.159 0.6999999881
56823  -59.115  7.039  28.392 0.6999999881
56837  -58.544  6.460  27.855 0.8000000119
56052  -57.582  5.394  26.828 0.8999999762
56850  -58.751  6.296  27.041 0.6999999881
56060  -57.900  5.246  26.061 0.8000000119
56061  -58.520  5.551  25.918 0.6999999881
56864  -58.961  6.060  26.261 0.6999999881
55234  -57.532  4.690  25.536 0.8000000119
56062  -59.083  5.706  25.393 0.6000000238
95439  -58.861  5.186  24.736 0.6000000238
55244  -59.098  4.886  24.069 0.6000000238
56078  -59.707  5.268  23.714 0.5000000000
55251  -58.795  4.124  23.654 0.5000000000
55253  -60.117  4.848  22.937 0.4000000060
56090  -60.935  5.286  22.500 0.4000000060
57610  -58.690  8.411  30.723 0.6000000238
57611  -59.226  8.469  30.257 0.6000000238
57637  -59.379  8.125  29.645 0.6999999881
57658  -58.831  7.301  29.197 0.6999999881
57672  -59.868  7.593  28.087 0.6999999881
57687  -60.057  7.345  27.266 0.6999999881
56851  -59.516  6.663  26.745 0.6999999881
101144  -60.326  7.194  26.419 0.6999999881
56865  -59.652  6.450  25.891 0.6000000238
56866  -60.384  6.868  25.550 0.6000000238
57716  -61.097  7.409  25.278 0.6000000238
56879  -59.777  6.261  25.009 0.6000000238
56880  -60.557  6.689  24.704 0.6999999881
56070  -60.037  6.028  24.163 0.6000000238
56894  -60.781  6.468  23.834 0.6000000238
111704  -62.145  8.104  24.514 0.6000000238
57727  -61.987  7.586  23.787 0.6000000238
57718  -62.767  8.576  24.158 0.6000000238
56079  -60.429  5.677  23.364 0.4000000060
56080  -61.144  6.215  23.055 0.6000000238
56895  -61.436  6.848  23.589 0.6000000238
56906  -61.953  6.898  22.970 0.6000000238
56091  -61.659  6.015  22.390 0.5000000000
58474  -59.718  8.815  29.818 0.6999999881
59303  -59.809  9.281  29.189 0.6000000238
58475  -60.285  8.863  29.180 0.6000000238
57638  -60.032  8.540  29.359 0.6000000238
58499  -60.731  8.975  28.480 0.6999999881
57673  -60.616  8.136  27.731 0.6999999881
102226  -61.044  8.829  27.915 0.6999999881
58512  -61.494  9.264  27.202 0.6999999881
58513  -62.054  9.410  26.579 0.6999999881
103204  -62.230  9.659  25.859 0.6000000238
58511  -61.315  8.554  27.161 0.6999999881
58524  -61.939  8.828  26.525 0.6999999881
111325  -62.238  9.366  26.232 0.6999999881
93506  -62.662  9.467  25.325 0.6000000238
57688  -60.672  7.835  27.012 0.6999999881
58536  -62.439  9.009  25.840 0.6000000238
57704  -61.619  8.129  25.905 0.6999999881
57717  -61.906  8.144  25.182 0.6000000238
58546  -62.706  8.858  25.080 0.6000000238
59302  -59.076  9.545  29.035 0.4000000060
59322  -60.061  9.653  28.302 0.5000000000
59323  -60.576  9.367  28.145 0.6999999881
59353  -62.340  9.798  25.417 0.6000000238
59362  -62.614  9.717  24.977 0.6000000238
58548  -62.946  9.505  24.270 0.6000000238
57735  -62.821  7.437  22.658 0.6000000238
106959  -62.548  7.822  23.347 0.6000000238
57728  -63.315  8.610  23.347 0.6000000238
58547  -62.949  9.193  24.837 0.6000000238
58554  -63.354  9.318  23.621 0.6000000238
38946  -31.428  -11.891  52.815 0.1000000015
38951  -31.490  -12.767  51.013 0.1000000015
96295  -31.733  -13.619  49.281 0.1000000015
38949  -30.071  -11.747  51.611 0.1000000015
112243  -31.197  -13.555  48.245 0.1000000015
37273  -31.485  -14.357  46.812 0.1000000015
38121  -30.511  -13.221  47.424 0.1000000015
102573  -31.375  -14.467  45.893 0.1000000015
37284  -31.409  -14.514  45.128 0.1000000015
37311  -31.514  -13.903  43.558 0.1000000015
41826  -27.691  -8.409  51.369 0.3000000119
42901  -28.947  -7.659  50.958 0.3000000119
40825  -28.666  -10.415  48.843 0.2000000030
38957  -28.771  -11.576  48.942 0.2000000030
38980  -29.457  -12.063  47.483 0.3000000119
39899  -29.584  -11.653  47.195 0.3000000119
39913  -32.028  -11.421  45.154 0.4000000060
39018  -33.344  -12.106  43.639 0.3000000119
38169  -34.337  -12.915  42.704 0.2000000030
39033  -35.041  -12.854  43.540 0.3000000119
37328  -35.959  -14.253  42.528 0.1000000015
37314  -36.708  -14.665  43.253 0.1000000015
36320  -39.385  -15.793  45.134 0.1000000015
35396  -39.970  -15.989  45.088 0.1000000015
35398  -41.420  -16.303  45.876 0.2000000030
41868  -30.967  -9.580  48.229 0.4000000060
97386  -41.622  -4.616  47.946 0.8000000119
47046  -44.280  -5.366  47.328 0.4000000060
40852  -31.482  -10.863  46.464 0.4000000060
40865  -32.651  -11.080  45.842 0.4000000060
43973  -43.720  -7.283  46.796 0.8999999762
43002  -40.607  -8.256  44.388 0.8999999762
38159  -36.762  -14.366  44.149 0.4000000060
36318  -38.166  -15.259  44.737 0.1000000015
36319  -38.787  -15.773  44.541 0.1000000015
36311  -45.883  -15.358  46.568 0.2000000030
47042  -40.033  -3.382  48.083 0.6999999881
47081  -41.841  -3.926  46.863 0.3000000119
47064  -45.199  -5.407  46.518 0.3000000119
47048  -45.591  -5.480  46.985 0.4000000060
105056  -46.537  -6.176  47.116 0.6999999881
97641  -43.699  -5.059  46.460 0.2000000030
45021  -39.179  -6.812  45.952 0.8000000119
44989  -44.206  -6.205  48.006 0.8000000119
40854  -33.143  -10.765  46.624 0.4000000060
43956  -44.086  -6.810  47.361 0.8000000119
44990  -45.073  -6.284  48.069 0.8000000119
44971  -45.384  -5.857  47.997 0.6000000238
43992  -43.342  -7.813  46.088 0.8999999762
43975  -45.136  -7.389  47.058 0.8000000119
42982  -43.774  -8.304  45.469 1.0000000000
36309  -39.932  -15.812  45.795 0.1000000015
35382  -41.904  -16.017  46.834 0.1000000015
40006  -40.554  -11.422  37.372 0.8999999762
40017  -40.358  -11.485  36.556 0.8000000119
45006  -38.847  -6.221  46.644 0.8000000119
93989  -41.227  -4.056  45.707 0.3000000119
109572  -43.875  -5.085  45.813 0.2000000030
47047  -45.018  -5.393  47.134 0.3000000119
47084  -44.253  -5.152  46.004 0.2000000030
44992  -46.259  -6.540  47.241 0.8000000119
46074  -47.026  -6.308  46.723 0.6999999881
46149  -41.955  -5.184  43.669 0.2000000030
46150  -42.736  -5.471  43.871 0.2000000030
43960  -47.350  -7.303  46.984 0.8999999762
42965  -45.045  -7.903  46.534 0.8999999762
42950  -47.088  -7.803  46.989 0.8999999762
39007  -35.484  -12.360  46.047 0.4000000060
41963  -39.355  -9.803  41.845 0.8999999762
37304  -46.122  -14.680  45.309 0.2000000030
37303  -45.228  -14.530  45.318 0.2000000030
104973  -38.535  -12.398  35.248 0.6000000238
40030  -39.233  -11.844  35.494 0.6000000238
40039  -40.500  -11.359  34.365 0.5000000000
39089  -38.893  -11.995  33.760 0.4000000060
39088  -38.438  -12.711  33.348 0.3000000119
41007  -42.976  -10.944  35.053 0.8999999762
40043  -40.313  -11.355  33.557 0.4000000060
39092  -38.898  -12.068  32.862 0.4000000060
42916  -32.135  -8.033  50.084 0.6999999881
48019  -40.040  -3.029  47.899 0.3000000119
45005  -37.969  -6.212  46.836 0.6999999881
46109  -44.337  -5.270  45.388 0.2000000030
46110  -45.004  -5.593  45.358 0.2000000030
41921  -37.580  -9.344  43.647 0.8999999762
40987  -43.563  -10.882  36.201 0.8999999762
41026  -42.931  -10.860  34.287 0.8000000119
41842  -34.751  -9.153  49.653 0.6999999881
44984  -36.747  -6.225  48.094 0.6000000238
43969  -36.760  -7.557  46.876 0.6999999881
47078  -38.724  -3.567  45.346 0.2000000030
93779  -39.964  -4.189  44.592 0.2000000030
46164  -39.034  -5.305  42.243 0.2000000030
46131  -44.647  -5.638  44.788 0.2000000030
42987  -48.089  -8.551  45.783 0.8999999762
41908  -46.595  -9.436  44.209 1.0000000000
38136  -37.328  -13.820  46.719 0.5000000000
44942  -33.638  -6.339  50.104 0.6000000238
43930  -34.042  -7.106  50.271 0.6000000238
42904  -34.698  -7.731  50.233 0.6000000238
44957  -36.085  -6.147  49.613 0.5000000000
40817  -36.290  -9.977  50.005 0.8000000119
42948  -36.891  -9.027  48.530 0.8000000119
45034  -45.635  -6.237  43.946 0.1000000015
47135  -38.503  -4.932  42.864 0.2000000030
112606  -49.886  -6.583  44.674 0.4000000060
45024  -50.318  -6.618  44.943 0.6999999881
45080  -43.963  -6.639  41.671 0.1000000015
39917  -38.133  -11.446  45.651 0.6999999881
40893  -46.691  -10.019  42.837 1.0000000000
40894  -46.964  -10.187  42.090 1.0000000000
40925  -46.313  -10.119  40.574 1.0000000000
39042  -37.776  -12.323  42.050 0.8999999762
37332  -41.508  -14.444  42.718 0.4000000060
37345  -42.856  -14.682  42.215 0.2000000030
36352  -41.666  -14.838  41.300 0.3000000119
36353  -42.437  -14.841  41.383 0.2000000030
98543  -38.213  -14.610  38.548 0.5000000000
44929  -34.235  -6.187  50.397 0.6000000238
44930  -34.903  -6.365  50.391 0.5000000000
42893  -35.307  -7.508  50.246 0.6000000238
43917  -33.964  -6.561  50.303 0.6000000238
46028  -34.425  -5.720  50.105 0.5000000000
44931  -35.502  -6.843  50.299 0.6000000238
44943  -35.400  -6.386  50.220 0.6000000238
46030  -35.695  -5.823  49.896 0.5000000000
42894  -35.807  -7.793  50.205 0.6000000238
106992  -36.126  -8.122  50.032 0.6000000238
43920  -35.877  -7.400  50.248 0.6000000238
41830  -36.717  -9.196  50.115 0.8000000119
40829  -38.092  -10.402  49.811 0.8000000119
47102  -37.002  -4.025  44.299 0.2000000030
93675  -46.116  -6.790  42.137 0.1000000015
38970  -38.342  -12.388  49.530 0.6999999881
38983  -37.824  -12.827  48.599 0.6000000238
42990  -50.828  -7.922  45.075 0.6999999881
38961  -39.299  -12.096  50.015 0.6999999881
41913  -50.789  -8.866  44.233 0.8000000119
37257  -39.932  -13.927  48.752 0.6000000238
38973  -40.048  -13.232  48.665 0.6999999881
99195  -49.545  -9.321  40.999 1.0000000000
105758  -51.884  -9.140  41.388 0.8999999762
106138  -51.951  -9.369  40.767 1.0000000000
47086  -50.044  -6.612  44.190 0.3000000119
43010  -52.021  -8.219  43.676 0.6999999881
45112  -39.596  -6.729  39.328 0.1000000015
43026  -52.323  -8.073  42.666 0.6999999881
100289  -40.621  -13.242  46.063 0.5000000000
40928  -53.079  -9.508  40.032 1.0000000000
40944  -51.850  -9.863  39.038 1.0000000000
107000  -49.354  -9.475  38.876 1.0000000000
107666  -46.597  -6.827  41.444 0.1000000015
46116  -51.336  -6.657  43.237 0.6000000238
45039  -52.053  -7.037  43.802 0.6000000238
44018  -52.223  -7.609  43.182 0.6999999881
43036  -52.610  -8.144  41.531 0.8000000119
46117  -51.906  -6.556  43.007 0.4000000060
45027  -52.141  -6.650  43.212 0.5000000000
46140  -52.923  -5.946  42.232 0.4000000060
45055  -53.041  -7.021  42.309 0.6000000238
44026  -53.012  -7.418  41.559 0.8999999762
41958  -53.160  -8.648  40.964 1.0000000000
43037  -53.321  -8.087  40.845 0.8000000119
40929  -53.807  -9.326  40.179 1.0000000000
41987  -54.125  -8.912  40.373 0.8999999762
42014  -53.370  -9.586  38.650 1.0000000000
42013  -52.902  -9.885  38.222 1.0000000000
46157  -53.113  -5.554  42.089 0.3000000119
44027  -53.633  -6.778  41.419 0.6000000238
45073  -54.429  -6.189  41.326 0.6000000238
43062  -54.134  -8.005  40.230 0.8000000119
44036  -54.256  -7.054  40.502 0.8000000119
43072  -54.363  -7.981  39.914 0.8999999762
47125  -53.020  -5.085  42.096 0.2000000030
47126  -53.370  -4.829  41.849 0.3000000119
46158  -53.557  -5.438  41.772 0.5000000000
45124  -54.735  -6.276  40.244 0.6999999881
45087  -54.977  -5.912  40.995 0.6000000238
45143  -54.238  -6.933  39.348 0.8999999762
46196  -54.863  -5.301  40.643 0.6000000238
47165  -54.908  -4.717  40.355 0.6000000238
46229  -53.106  -5.716  37.857 1.0000000000
104188  -55.040  -3.920  40.217 0.5000000000
94798  -52.197  -1.610  33.715 0.8000000119
102475  -51.242  -1.147  31.203 0.6999999881
42088  -53.586  -10.014  30.285 0.3000000119
51631  -53.790  0.857  35.812 0.8999999762
48145  -52.720  -3.030  35.910 0.8999999762
48160  -52.356  -3.494  35.328 0.8999999762
47332  -53.814  -4.840  27.007 0.3000000119
54271  -53.165  3.470  35.600 0.6999999881
52565  -53.161  1.747  34.921 0.6999999881
46284  -50.541  -5.432  31.555 0.6999999881
46299  -50.336  -5.256  30.734 0.6999999881
47286  -50.516  -4.490  30.485 0.6999999881
46315  -50.126  -5.092  29.929 0.6999999881
49972  -50.901  -1.284  30.432 0.6999999881
48244  -50.156  -3.641  29.330 0.6999999881
100150  -50.406  -2.908  29.793 0.6999999881
102290  -50.865  0.022  30.291 0.6999999881
50771  -50.714  -0.588  29.953 0.6999999881
107788  -49.973  -2.817  28.811 0.6999999881
49140  -50.129  -1.966  28.943 0.6999999881
110132  -49.677  -2.555  27.022 0.6999999881
101644  -50.527  -4.232  26.374 0.6000000238
49160  -49.740  -2.000  26.627 0.6000000238
100943  -51.786  -8.337  28.514 0.3000000119
45295  -51.444  -6.757  27.057 0.3000000119
48273  -54.611  -3.354  27.447 0.3000000119
46341  -53.198  -5.511  26.942 0.3000000119
47346  -53.239  -4.157  26.410 0.3000000119
49164  -54.332  -1.944  26.900 0.3000000119
112508  -53.201  4.158  36.050 0.8000000119
50804  -50.035  -0.444  28.397 0.6999999881
44201  -50.091  -7.169  27.676 0.4000000060
46340  -50.148  -5.635  27.228 0.4000000060
46351  -50.886  -5.530  26.716 0.3000000119
45307  -51.841  -6.267  26.885 0.3000000119
46352  -51.696  -5.698  26.622 0.3000000119
99571  -51.546  -4.922  26.240 0.3000000119
100200  -51.697  -4.077  25.846 0.3000000119
49170  -50.706  -2.128  25.631 0.5000000000
47345  -52.408  -4.509  26.139 0.3000000119
49163  -53.701  -2.309  26.466 0.3000000119
50022  -55.150  -0.943  26.907 0.3000000119
50011  -56.028  -0.879  27.897 0.3000000119
99627  -53.509  -1.138  26.102 0.3000000119
50846  -55.630  -0.721  26.166 0.3000000119
55938  -52.223  5.632  33.581 0.6999999881
50843  -49.781  -0.562  26.686 0.6999999881
98183  -52.316  5.658  32.700 0.6999999881
55160  -51.747  4.070  31.320 0.8999999762
55148  -51.677  4.243  32.088 0.8999999762
53501  -50.955  2.008  30.029 0.6999999881
53518  -50.707  1.952  29.047 0.6999999881
52678  -50.390  1.576  27.582 0.6999999881
102580  -51.599  -0.575  25.530 0.5000000000
97330  -55.376  8.024  32.562 0.6999999881
102740  -55.506  6.834  31.645 0.8000000119
53535  -51.682  2.855  27.514 0.6999999881
108601  -51.943  0.078  25.417 0.5000000000
55163  -54.231  4.898  29.910 1.0000000000
96869  -55.544  5.772  30.252 0.8999999762
57586  -56.451  7.389  31.650 0.6999999881
56001  -55.095  5.235  29.797 0.8999999762
55180  -55.397  5.128  29.198 1.0000000000
55987  -56.279  5.975  29.886 0.8000000119
53536  -52.568  3.066  26.934 0.6999999881
111251  -52.734  3.348  27.435 0.6999999881
54369  -53.914  3.923  28.077 0.8999999762
55198  -54.642  4.328  28.393 1.0000000000
56023  -55.986  5.300  28.930 0.8999999762
53553  -52.292  2.364  26.025 0.6999999881
54380  -54.599  3.953  27.641 1.0000000000
54390  -55.347  3.783  26.440 0.8999999762
53554  -53.647  2.400  25.458 0.5000000000
53555  -55.285  2.933  25.095 0.6000000238
51822  -55.901  1.101  23.795 0.4000000060
52713  -55.796  1.890  23.955 0.6000000238
56803  -58.011  6.785  29.497 0.6000000238
55243  -58.487  4.601  24.417 0.6000000238
54429  -59.203  3.592  22.978 0.5000000000
57588  -58.260  8.562  31.291 0.5000000000
56838  -59.331  6.836  27.573 0.6999999881
56053  -58.304  5.721  26.586 0.6999999881
55235  -58.298  5.078  25.251 0.8000000119
56069  -59.406  5.552  24.531 0.6000000238
55262  -60.618  4.232  22.348 0.4000000060
57659  -59.638  7.841  28.905 0.6000000238
57660  -60.449  8.479  28.657 0.6999999881
57689  -61.133  7.988  26.496 0.6000000238
57703  -60.884  7.499  25.924 0.6000000238
56881  -61.383  7.290  24.401 0.6000000238
58553  -63.167  9.218  24.085 0.6000000238
59285  -59.234  9.272  29.807 0.6000000238
59304  -60.267  9.228  28.720 0.6000000238
112602  -61.771  8.877  26.921 0.6999999881
59342  -61.855  9.830  26.499 0.6000000238
111457  -39.513  -20.697  41.419 0.1000000015
31985  -38.782  -20.671  41.389 0.1000000015
31986  -39.993  -20.360  41.069 0.1000000015
31077  -38.443  -21.224  46.593 0.1000000015
31924  -38.507  -20.948  44.173 0.1000000015
110388  -37.701  -22.225  48.844 0.1000000015
31943  -38.804  -21.044  43.334 0.1000000015
31965  -39.303  -21.063  42.371 0.1000000015
31964  -38.362  -20.934  42.368 0.1000000015
102175  -36.374  -22.597  48.395 0.1000000015
103243  -40.707  -20.257  41.191 0.1000000015
99829  -38.061  -21.141  45.753 0.1000000015
31061  -38.605  -21.478  47.655 0.1000000015
31047  -38.041  -21.791  48.322 0.1000000015
31060  -37.683  -21.582  47.279 0.1000000015
31121  -38.152  -20.991  44.947 0.1000000015
31942  -38.007  -20.974  43.304 0.1000000015
30335  -37.084  -22.165  48.054 0.1000000015
31987  -41.563  -20.136  41.330 0.1000000015
99940  -37.442  -21.411  46.234 0.1000000015
30351  -36.595  -21.848  46.809 0.1000000015
30334  -36.068  -22.345  47.607 0.1000000015
32782  -42.011  -19.131  41.185 0.1000000015
103153  -37.337  -21.180  44.572 0.1000000015
30350  -35.533  -22.119  46.764 0.1000000015
31098  -37.342  -21.312  45.305 0.1000000015
31097  -36.540  -21.597  45.725 0.1000000015
31076  -35.840  -21.884  46.079 0.1000000015
31096  -35.628  -21.675  45.331 0.1000000015
31923  -37.705  -21.003  44.046 0.1000000015
30333  -35.160  -22.430  47.519 0.1000000015
95668  -41.086  -19.285  40.942 0.1000000015
33639  -43.242  -18.682  41.631 0.1000000015
31119  -35.370  -21.453  44.531 0.1000000015
31140  -35.876  -21.222  43.864 0.1000000015
31120  -36.417  -21.426  44.711 0.1000000015
31141  -36.835  -21.063  43.934 0.1000000015
103030  -37.192  -20.846  43.268 0.1000000015
30362  -34.939  -21.892  45.964 0.1000000015
30349  -34.617  -22.101  46.839 0.1000000015
32781  -40.145  -19.430  40.708 0.1000000015
30332  -34.265  -22.364  47.644 0.1000000015
33638  -42.603  -18.495  41.508 0.1000000015
34548  -43.111  -18.047  41.872 0.1000000015
34524  -43.665  -17.553  42.553 0.1000000015
35431  -44.839  -16.707  44.488 0.1000000015
35417  -45.613  -16.226  45.925 0.1000000015
37335  -46.208  -14.699  43.324 0.1000000015
31941  -36.325  -20.818  43.226 0.1000000015
31095  -34.316  -21.517  45.676 0.1000000015
31963  -37.503  -20.735  42.458 0.1000000015
31984  -37.878  -20.546  41.467 0.1000000015
30348  -33.857  -21.888  47.062 0.1000000015
32780  -39.286  -20.031  40.695 0.1000000015
108015  -41.988  -18.233  41.394 0.1000000015
95578  -42.802  -17.609  42.236 0.1000000015
34508  -43.775  -17.140  43.679 0.1000000015
35402  -45.854  -15.845  46.463 0.1000000015
105094  -46.608  -14.918  42.597 0.1000000015
36339  -44.644  -14.899  42.264 0.1000000015
36340  -45.576  -14.936  42.319 0.1000000015
36355  -44.957  -15.236  41.485 0.1000000015
98409  -45.194  -15.475  40.774 0.1000000015
36356  -45.958  -15.386  41.430 0.1000000015
36371  -44.439  -15.351  40.728 0.1000000015
31139  -35.047  -21.079  43.917 0.1000000015
31118  -34.606  -21.177  44.549 0.1000000015
99853  -34.796  -21.567  45.158 0.1000000015
31911  -34.144  -21.127  45.193 0.1000000015
31940  -35.444  -20.737  43.280 0.1000000015
31962  -36.686  -20.565  42.541 0.1000000015
31075  -34.089  -21.689  46.321 0.1000000015
31094  -33.763  -21.138  45.910 0.1000000015
33637  -41.330  -18.339  41.165 0.1000000015
34547  -42.363  -17.869  41.771 0.1000000015
107715  -43.936  -16.806  44.671 0.1000000015
36372  -45.808  -15.710  40.211 0.1000000015
36338  -43.750  -14.796  42.273 0.1000000015
94122  -44.851  -15.539  40.063 0.1000000015
93543  -44.082  -15.077  41.439 0.1000000015
36354  -43.236  -14.944  41.433 0.1000000015
36370  -43.521  -15.293  40.592 0.1000000015
109363  -44.085  -15.461  40.070 0.1000000015
98798  -42.784  -15.149  40.811 0.1000000015
36384  -43.427  -15.506  39.710 0.1000000015
36383  -42.656  -15.457  40.084 0.1000000015
31922  -34.074  -20.563  44.688 0.1000000015
99476  -34.449  -20.700  44.118 0.1000000015
31921  -33.764  -19.883  44.876 0.1000000015
31939  -34.660  -20.473  43.510 0.1000000015
32720  -33.553  -19.308  45.480 0.1000000015
31910  -33.703  -20.349  45.474 0.1000000015
31961  -34.983  -20.217  42.731 0.1000000015
31059  -33.442  -21.275  46.797 0.1000000015
107060  -36.225  -20.282  41.891 0.1000000015
32779  -38.322  -20.085  40.603 0.1000000015
33636  -40.543  -18.408  40.873 0.1000000015
34507  -42.738  -17.258  43.102 0.1000000015
34523  -42.081  -17.471  42.317 0.1000000015
36386  -45.245  -15.669  39.404 0.1000000015
36400  -45.130  -15.748  38.423 0.1000000015
36385  -44.296  -15.546  39.252 0.1000000015
107280  -44.930  -15.813  37.479 0.1000000015
96566  -45.443  -16.028  36.672 0.1000000015
36413  -43.997  -15.648  37.418 0.1000000015
36412  -43.042  -15.559  37.909 0.1000000015
105858  -43.218  -15.549  37.056 0.1000000015
93826  -42.019  -15.578  39.462 0.1000000015
36399  -43.319  -15.554  38.873 0.1000000015
36397  -41.547  -15.635  38.692 0.1000000015
93688  -41.970  -15.578  37.919 0.1000000015
104029  -33.628  -17.957  46.458 0.1000000015
103037  -33.543  -18.508  45.689 0.1000000015
32725  -33.648  -19.231  44.744 0.1000000015
32726  -33.987  -19.990  44.102 0.1000000015
32715  -33.467  -18.856  46.383 0.1000000015
31960  -34.285  -19.720  43.213 0.1000000015
106949  -33.461  -19.728  46.074 0.1000000015
31902  -33.421  -20.499  46.333 0.1000000015
32777  -36.287  -19.894  40.903 0.1000000015
32778  -37.363  -20.028  40.654 0.1000000015
31983  -36.980  -20.368  41.658 0.1000000015
30331  -33.362  -21.775  47.487 0.1000000015
34546  -41.532  -17.691  41.705 0.1000000015
36434  -43.813  -15.676  36.476 0.1000000015
104912  -44.672  -15.866  36.135 0.1000000015
112088  -44.073  -15.743  35.769 0.1000000015
36369  -42.057  -15.184  40.623 0.1000000015
93687  -42.877  -15.575  36.370 0.1000000015
36411  -42.404  -15.553  37.107 0.1000000015
36449  -42.520  -15.610  35.565 0.1000000015
95463  -41.226  -15.595  39.336 0.1000000015
93825  -41.055  -15.616  37.970 0.1000000015
108694  -41.963  -15.566  36.297 0.1000000015
34476  -33.567  -17.636  47.360 0.1000000015
33589  -33.566  -17.917  45.661 0.1000000015
33585  -33.573  -18.249  47.051 0.1000000015
33594  -33.546  -18.444  44.922 0.1000000015
32711  -33.337  -18.877  47.268 0.1000000015
98110  -33.294  -19.691  46.793 0.1000000015
32737  -33.716  -18.993  43.885 0.1000000015
31898  -33.080  -20.555  47.160 0.1000000015
32752  -34.592  -19.486  42.294 0.1000000015
33600  -33.954  -18.945  42.837 0.1000000015
32775  -34.799  -19.206  41.312 0.1000000015
32753  -35.417  -19.919  41.773 0.1000000015
32803  -38.667  -19.285  40.263 0.1000000015
32802  -37.831  -19.362  40.045 0.1000000015
33661  -39.761  -18.436  40.577 0.1000000015
36451  -44.662  -15.900  35.350 0.1000000015
36468  -42.191  -15.637  34.631 0.2000000030
36481  -43.093  -15.694  33.955 0.2000000030
36409  -40.623  -15.603  37.429 0.1000000015
36410  -41.359  -15.596  37.101 0.1000000015
36433  -41.017  -15.602  36.184 0.2000000030
36448  -41.588  -15.611  35.450 0.2000000030
36467  -41.199  -15.648  34.652 0.2000000030
36432  -40.441  -15.608  36.824 0.1000000015
103474  -40.630  -15.618  35.357 0.2000000030
36466  -40.288  -15.594  34.526 0.2000000030
34443  -33.102  -16.851  50.878 0.1000000015
34453  -33.418  -16.971  50.098 0.1000000015
34461  -33.208  -17.583  49.526 0.1000000015
34462  -33.407  -17.155  49.212 0.1000000015
33570  -33.306  -18.025  48.726 0.1000000015
34468  -33.469  -17.416  48.259 0.1000000015
35380  -33.478  -17.165  46.824 0.1000000015
34487  -33.511  -17.511  46.140 0.1000000015
33579  -33.474  -18.145  47.784 0.1000000015
32706  -33.128  -18.838  48.089 0.1000000015
34500  -33.404  -17.669  44.973 0.1000000015
101604  -33.481  -18.033  44.099 0.1000000015
33599  -33.619  -18.338  43.293 0.1000000015
32801  -36.897  -19.313  39.994 0.1000000015
33659  -38.149  -18.557  39.923 0.1000000015
32804  -39.384  -19.160  40.433 0.1000000015
34565  -40.040  -17.863  40.929 0.1000000015
34545  -40.680  -17.735  41.394 0.1000000015
34522  -41.159  -17.349  42.467 0.1000000015
34506  -41.800  -17.257  43.063 0.1000000015
97128  -43.773  -15.788  34.453 0.2000000030
95723  -43.142  -15.775  32.375 0.2000000030
36382  -41.428  -15.429  40.053 0.2000000030
99213  -41.607  -15.637  34.043 0.2000000030
94427  -41.566  -15.669  33.214 0.2000000030
95475  -42.603  -15.722  33.103 0.2000000030
36479  -40.876  -15.643  33.880 0.2000000030
36447  -40.078  -15.599  36.078 0.2000000030
36478  -40.026  -15.572  33.714 0.2000000030
35339  -33.393  -16.273  50.696 0.1000000015
35346  -33.495  -16.367  49.842 0.1000000015
36252  -33.376  -15.975  49.155 0.1000000015
35365  -33.483  -16.939  47.784 0.1000000015
34492  -33.406  -17.414  45.614 0.1000000015
34505  -33.294  -17.500  43.137 0.1000000015
33633  -33.817  -17.974  41.361 0.1000000015
32776  -35.929  -19.078  40.108 0.1000000015
33658  -37.418  -18.672  39.779 0.1000000015
33660  -38.964  -18.460  40.278 0.1000000015
34544  -39.802  -17.493  41.446 0.1000000015
108774  -40.966  -17.498  41.854 0.1000000015
34521  -40.395  -17.353  42.052 0.1000000015
36488  -42.131  -15.616  32.196 0.2000000030
96765  -42.356  -15.485  31.143 0.2000000030
36431  -39.526  -15.536  36.811 0.2000000030
36486  -40.092  -15.501  32.424 0.2000000030
36446  -39.582  -15.514  35.245 0.2000000030
36477  -39.218  -15.273  33.418 0.2000000030
103888  -39.846  -15.490  33.051 0.2000000030
36465  -39.421  -15.447  34.292 0.2000000030
36242  -33.422  -15.724  50.693 0.1000000015
36251  -33.100  -15.311  49.612 0.1000000015
35356  -33.428  -16.687  48.750 0.1000000015
36264  -33.292  -16.248  48.195 0.1000000015
36277  -33.257  -16.456  47.310 0.1000000015
112469  -33.008  -15.874  47.657 0.1000000015
35379  -33.195  -16.543  46.567 0.1000000015
35395  -33.315  -16.963  46.032 0.1000000015
35394  -32.866  -16.233  45.832 0.1000000015
35410  -33.082  -16.894  45.147 0.1000000015
35424  -33.118  -17.230  44.206 0.1000000015
33634  -34.388  -18.466  40.883 0.1000000015
34540  -33.593  -17.093  40.784 0.1000000015
33656  -34.728  -17.993  40.153 0.1000000015
99314  -36.564  -18.323  39.679 0.1000000015
34561  -35.941  -17.624  39.705 0.1000000015
104897  -36.700  -17.397  39.795 0.1000000015
34563  -38.357  -17.739  40.300 0.1000000015
34543  -38.237  -16.968  41.128 0.1000000015
110957  -38.706  -17.436  40.857 0.1000000015
35443  -39.422  -17.077  42.409 0.1000000015
35444  -40.265  -17.137  43.004 0.1000000015
36494  -41.334  -15.486  31.437 0.2000000030
36493  -40.367  -15.440  31.641 0.2000000030
36501  -41.592  -15.386  30.485 0.2000000030
36445  -38.745  -15.191  34.785 0.2000000030
36485  -39.392  -15.249  32.607 0.2000000030
36499  -39.733  -15.125  31.048 0.2000000030
37389  -38.536  -14.631  33.512 0.2000000030
97732  -39.016  -14.898  32.162 0.2000000030
37406  -38.959  -14.609  31.447 0.2000000030
37412  -39.262  -14.500  30.520 0.2000000030
37429  -40.378  -14.190  28.095 0.2000000030
109693  -38.511  -13.900  31.634 0.2000000030
38229  -38.686  -13.791  30.900 0.2000000030
40090  -39.481  -12.039  28.304 0.2000000030
40105  -39.715  -12.063  27.496 0.2000000030
40091  -39.948  -11.328  27.923 0.2000000030
107822  -43.308  -9.304  27.762 0.2000000030
41092  -46.848  -10.106  29.579 0.2000000030
41093  -47.608  -10.703  29.670 0.3000000119
40078  -48.470  -11.492  29.775 0.3000000119
36508  -40.848  -15.256  29.894 0.2000000030
37421  -40.268  -14.819  29.391 0.2000000030
37413  -39.987  -15.043  30.176 0.2000000030
37420  -39.871  -14.260  28.869 0.2000000030
95554  -38.398  -14.095  32.883 0.2000000030
38225  -38.394  -13.592  32.256 0.2000000030
38231  -39.042  -13.698  30.040 0.2000000030
38235  -39.384  -13.637  29.196 0.2000000030
38240  -39.710  -13.567  28.341 0.2000000030
39095  -38.515  -12.965  31.525 0.2000000030
39100  -38.792  -12.850  30.526 0.2000000030
39115  -39.348  -12.811  28.746 0.2000000030
40064  -39.788  -11.420  29.757 0.2000000030
40075  -39.343  -12.023  29.219 0.2000000030
41101  -40.570  -10.596  28.463 0.2000000030
41118  -41.076  -10.093  27.811 0.2000000030
40058  -49.425  -12.324  32.608 0.4000000060
41103  -42.033  -9.838  28.828 0.2000000030
42106  -42.377  -9.437  27.322 0.2000000030
40077  -47.893  -11.274  30.620 0.4000000060
42094  -42.642  -9.559  28.287 0.2000000030
42081  -43.490  -9.487  28.604 0.2000000030
42095  -44.115  -9.319  28.081 0.2000000030
111726  -45.964  -9.546  28.447 0.2000000030
93114  -47.066  -10.508  30.389 0.3000000119
42082  -44.313  -9.494  28.871 0.2000000030
42096  -44.965  -9.376  28.284 0.2000000030
48068  -54.204  -4.019  41.406 0.2000000030
46172  -54.262  -4.865  41.121 0.4000000060
38222  -38.140  -13.668  33.708 0.2000000030
99654  -38.326  -13.368  32.928 0.2000000030
39091  -38.498  -12.761  32.476 0.2000000030
40063  -39.195  -12.014  30.163 0.2000000030
41086  -40.450  -10.839  29.423 0.2000000030
40065  -48.238  -11.607  31.695 0.4000000060
41102  -41.334  -10.054  28.493 0.2000000030
109021  -46.016  -9.792  29.366 0.2000000030
42083  -45.168  -9.568  29.113 0.2000000030
99219  -54.707  -2.562  42.000 0.2000000030
48072  -54.921  -3.279  41.552 0.3000000119
48073  -55.324  -2.941  41.040 0.2000000030
48112  -54.281  -3.376  38.946 0.5000000000
39096  -38.863  -12.117  31.981 0.2000000030
40056  -39.824  -11.368  30.836 0.2000000030
40051  -49.409  -12.231  33.398 0.6000000238
103674  -38.937  -12.042  31.086 0.2000000030
40057  -48.489  -11.669  32.631 0.4000000060
41087  -41.312  -10.240  29.298 0.2000000030
41075  -47.260  -10.943  31.257 0.5000000000
93147  -46.205  -10.032  30.189 0.2000000030
103103  -55.061  -2.381  41.361 0.2000000030
50668  -55.368  -0.813  40.771 0.1000000015
50685  -55.544  -0.647  40.257 0.1000000015
48996  -55.459  -1.933  40.297 0.1000000015
49881  -55.606  -1.211  40.061 0.2000000030
50694  -55.638  -0.568  39.840 0.3000000119
49040  -54.853  -2.088  39.065 0.4000000060
50701  -55.343  -0.546  38.922 0.3000000119
50710  -55.162  0.011  38.259 0.3000000119
52525  -55.013  1.822  37.696 0.3000000119
52524  -54.501  1.708  36.927 0.4000000060
53377  -54.659  2.498  37.208 0.3000000119
49054  -53.905  -2.075  37.811 0.5000000000
48129  -53.404  -2.819  37.232 0.8000000119
50718  -53.770  -0.609  36.510 0.6000000238
94005  -52.943  4.828  36.070 0.5000000000
49907  -53.483  -1.943  36.882 0.8000000119
41028  -45.315  -10.170  34.579 0.6999999881
106525  -46.261  -9.872  34.774 0.5000000000
94762  -47.403  -9.907  34.745 0.6000000238
108379  -43.477  -10.700  33.986 0.5000000000
41027  -44.106  -10.549  34.079 0.6000000238
99197  -44.770  -10.370  34.144 0.5000000000
41038  -43.004  -10.741  33.525 0.4000000060
40049  -39.453  -11.624  32.380 0.3000000119
40046  -49.267  -12.026  33.855 0.6000000238
40045  -48.551  -11.644  33.374 0.5000000000
41068  -40.771  -10.853  30.756 0.2000000030
100037  -41.022  -10.588  30.064 0.2000000030
41064  -47.453  -11.191  32.080 0.4000000060
41088  -42.264  -9.990  29.647 0.2000000030
41089  -43.679  -9.647  29.392 0.2000000030
41091  -45.297  -9.783  29.954 0.2000000030
41104  -42.871  -9.706  29.130 0.2000000030
41090  -44.458  -9.674  29.666 0.2000000030
51558  -55.377  -0.194  40.516 0.1000000015
99025  -55.490  0.159  39.793 0.2000000030
51597  -55.525  0.512  39.203 0.3000000119
52513  -55.335  1.462  38.438 0.3000000119
51609  -55.106  0.917  37.965 0.3000000119
108651  -48.210  -10.394  34.812 0.6999999881
41039  -43.729  -10.578  33.399 0.4000000060
41040  -44.576  -10.440  33.360 0.5000000000
111638  -45.822  -10.131  34.234 0.5000000000
41029  -47.129  -10.090  34.204 0.6000000238
98487  -43.223  -10.569  32.759 0.4000000060
41041  -45.454  -10.306  33.729 0.5000000000
101184  -46.139  -10.441  33.069 0.5000000000
98137  -47.519  -10.645  33.764 0.6000000238
41049  -44.019  -10.409  32.684 0.4000000060
41050  -45.308  -10.377  32.866 0.5000000000
41047  -41.860  -10.821  32.089 0.4000000060
106654  -43.544  -10.311  32.016 0.4000000060
41052  -46.772  -10.773  32.525 0.5000000000
41042  -47.047  -10.713  33.218 0.5000000000
41059  -42.189  -10.559  31.335 0.3000000119
94757  -43.057  -10.278  31.301 0.3000000119
41060  -43.944  -10.039  31.325 0.4000000060
94424  -45.136  -10.276  32.118 0.5000000000
41051  -45.932  -10.441  32.313 0.4000000060
41053  -47.681  -11.167  32.840 0.5000000000
41058  -41.333  -10.803  31.403 0.3000000119
41071  -43.473  -9.971  30.622 0.2000000030
41063  -46.572  -10.660  31.783 0.4000000060
41057  -40.569  -11.045  31.402 0.2000000030
41069  -41.606  -10.552  30.691 0.3000000119
41070  -42.503  -10.218  30.517 0.3000000119
97447  -41.747  -10.297  30.055 0.2000000030
94561  -43.104  -9.867  29.915 0.2000000030
41073  -45.504  -9.975  30.786 0.2000000030
41074  -46.406  -10.342  30.998 0.4000000060
110958  -43.832  -9.799  30.043 0.2000000030
52482  -54.777  1.023  40.716 0.1000000015
52493  -55.104  1.716  39.524 0.1000000015
53366  -55.340  1.847  38.911 0.3000000119
110220  -55.243  2.906  38.261 0.2000000030
94425  -44.358  -10.202  32.021 0.4000000060
41062  -45.736  -10.245  31.563 0.3000000119
41072  -44.471  -9.844  30.552 0.2000000030
53343  -54.920  2.020  40.041 0.1000000015
54199  -54.994  2.820  39.349 0.1000000015
55068  -54.884  4.149  38.685 0.2000000030
103665  -54.607  3.751  37.567 0.2000000030
55888  -54.633  4.718  38.333 0.2000000030
53328  -53.202  1.759  40.498 0.1000000015
111489  -53.450  2.929  40.344 0.1000000015
102251  -54.786  2.918  39.688 0.1000000015
55058  -54.785  4.077  39.133 0.1000000015
55887  -54.248  5.264  37.931 0.2000000030
55895  -53.318  5.341  36.692 0.3000000119
54197  -54.283  3.310  40.048 0.1000000015
55057  -54.421  4.504  39.372 0.1000000015
55868  -54.242  5.230  39.026 0.1000000015
56691  -53.290  6.572  38.310 0.1000000015
55878  -54.588  4.687  38.844 0.1000000015
55877  -54.278  5.312  38.487 0.2000000030
56692  -53.859  5.973  38.166 0.2000000030
56699  -53.155  6.571  37.515 0.2000000030
55886  -53.624  5.746  37.439 0.2000000030
98532  -52.945  6.272  36.656 0.3000000119
56718  -52.541  6.533  35.588 0.5000000000
111185  -52.819  6.843  36.843 0.2000000030
56708  -52.557  7.201  36.061 0.4000000060
57555  -52.980  7.898  34.320 0.3000000119
57508  -52.808  6.687  38.575 0.1000000015
57517  -52.717  7.188  37.704 0.2000000030
58349  -52.343  7.657  37.796 0.1000000015
57526  -52.613  7.365  36.891 0.1000000015
57564  -53.375  7.686  33.487 0.5000000000
59334  -61.455  9.788  26.999 0.6000000238
60163  -61.401  10.024  26.636 0.5000000000
106865  -54.142  8.161  33.233 0.5000000000
58500  -61.063  9.365  27.679 0.6000000238
93781  -60.816  9.740  27.529 0.5000000000
59333  -60.433  9.783  27.402 0.5000000000
60156  -61.100  9.859  27.052 0.5000000000
59341  -60.954  9.940  26.931 0.5000000000
108010  -59.653  9.647  28.058 0.4000000060
109941  -58.761  9.612  29.703 0.6000000238
58498  -58.946  9.395  28.278 0.3000000119
59332  -59.634  9.628  27.499 0.3000000119
58522  -59.449  9.383  26.926 0.3000000119
93115  -60.275  9.799  26.830 0.5000000000
60172  -61.938  10.033  26.044 0.5000000000
58521  -57.905  8.342  26.737 0.3000000119
57686  -57.254  7.764  26.184 0.3000000119
101819  -58.804  8.723  26.496 0.3000000119
59352  -60.952  9.944  26.441 0.5000000000
58523  -59.572  9.272  26.213 0.5000000000
49902  -54.530  -1.686  38.483 0.4000000060
50719  -54.137  -0.163  36.961 0.5000000000
49917  -53.918  -1.111  37.176 0.5000000000
97263  -55.402  -2.660  40.491 0.2000000030
48093  -55.274  -3.068  40.110 0.3000000119
47155  -54.836  -4.293  40.634 0.3000000119
49022  -55.468  -1.804  39.842 0.3000000119
49903  -55.085  -1.327  38.973 0.3000000119
48111  -53.750  -3.252  38.143 0.5000000000
37380  -38.291  -14.502  34.324 0.2000000030
37319  -46.066  -14.596  44.207 0.1000000015
40050  -40.030  -11.304  31.859 0.3000000119
108646  -40.051  -15.601  37.323 0.1000000015
41043  -48.503  -11.388  33.958 0.6999999881
111516  -55.083  -3.587  41.030 0.3000000119
105113  -54.828  -3.479  39.655 0.6000000238
48113  -54.677  -2.783  39.208 0.5000000000
49039  -54.322  -2.539  38.618 0.5000000000
54246  -55.042  3.355  37.945 0.2000000030
53378  -55.079  2.684  37.793 0.2000000030
47149  -55.218  -3.408  40.602 0.4000000060
34509  -44.597  -17.201  43.260 0.1000000015
101042  -35.834  -20.441  42.570 0.1000000015
109232  -42.763  -15.556  39.368 0.1000000015
110462  -42.047  -15.471  40.035 0.1000000015
111932  -44.516  -15.682  37.899 0.1000000015
93824  -44.034  -15.582  38.289 0.1000000015
107611  -44.576  -15.796  36.833 0.1000000015
36398  -42.436  -15.590  38.711 0.1000000015
110176  -33.551  -18.841  45.213 0.1000000015
108019  -35.468  -19.435  40.859 0.1000000015
36450  -43.379  -15.662  35.708 0.1000000015
32710  -32.980  -19.686  47.593 0.1000000015
97228  -34.170  -18.748  41.852 0.1000000015
36469  -43.137  -15.685  34.914 0.1000000015
93523  -43.924  -15.768  35.126 0.1000000015
36480  -42.210  -15.652  33.794 0.2000000030
33612  -33.669  -18.165  42.406 0.1000000015
34564  -39.264  -17.758  40.751 0.1000000015
36470  -44.513  -15.951  34.569 0.2000000030
106252  -43.505  -15.874  33.077 0.2000000030
106623  -42.969  -15.647  31.675 0.2000000030
94259  -40.568  -15.600  33.109 0.2000000030
104538  -33.427  -15.740  50.016 0.1000000015
34520  -33.379  -17.349  41.910 0.1000000015
33635  -35.100  -18.772  40.430 0.1000000015
33657  -35.545  -18.207  39.821 0.1000000015
34562  -37.497  -17.954  39.756 0.1000000015
102884  -38.974  -17.263  41.484 0.1000000015
36487  -41.002  -15.589  32.339 0.2000000030
36464  -38.783  -15.126  34.056 0.2000000030
35440  -32.976  -16.639  42.396 0.1000000015
34541  -34.124  -17.765  40.590 0.1000000015
34560  -35.159  -17.387  39.809 0.1000000015
34542  -37.541  -17.182  40.315 0.1000000015
36500  -40.616  -15.342  30.771 0.2000000030
36502  -42.771  -15.426  30.084 0.2000000030
37399  -38.820  -14.798  32.784 0.2000000030
36492  -39.546  -15.213  31.872 0.2000000030
37398  -38.634  -14.348  32.181 0.2000000030
38246  -39.608  -12.775  27.891 0.2000000030
41105  -47.326  -10.210  28.896 0.2000000030
95078  -39.576  -14.379  29.677 0.2000000030
39108  -39.092  -12.816  29.632 0.2000000030
40076  -39.855  -11.343  28.832 0.2000000030
42093  -41.827  -9.764  28.022 0.2000000030
40066  -49.035  -12.081  31.191 0.3000000119
48972  -54.295  -3.329  41.986 0.2000000030
49859  -55.195  -1.559  41.059 0.2000000030
48980  -55.383  -2.172  40.793 0.1000000015
40055  -39.379  -11.659  31.620 0.2000000030
105377  -40.373  -11.040  30.157 0.2000000030
49860  -55.448  -1.375  40.512 0.1000000015
111006  -55.408  -2.395  40.075 0.2000000030
49898  -55.502  -1.045  39.514 0.3000000119
98206  -55.615  -0.202  39.410 0.3000000119
49041  -55.246  -1.744  39.414 0.4000000060
49909  -54.819  -0.879  38.392 0.4000000060
112344  -55.517  0.103  38.912 0.3000000119
51608  -54.632  0.366  37.487 0.3000000119
50709  -54.509  -0.509  37.692 0.4000000060
49908  -54.326  -1.253  37.920 0.4000000060
96733  -54.691  1.129  37.354 0.5000000000
51573  -55.118  0.545  40.250 0.1000000015
51557  -55.056  0.223  40.926 0.1000000015
101836  -55.214  0.950  39.685 0.1000000015
52501  -55.320  1.154  39.299 0.2000000030
52514  -55.459  1.145  38.947 0.2000000030
110779  -55.210  1.777  39.196 0.2000000030
53365  -55.274  2.663  38.745 0.2000000030
51596  -55.432  0.698  38.641 0.3000000119
99196  -46.438  -10.243  33.820 0.5000000000
41048  -42.712  -10.554  32.053 0.4000000060
106189  -47.881  -11.101  33.410 0.5000000000
41061  -44.857  -10.043  31.395 0.3000000119
53330  -54.020  2.018  40.753 0.1000000015
112205  -54.720  1.480  40.382 0.1000000015
53353  -55.150  2.341  39.172 0.1000000015
54215  -55.140  3.062  39.031 0.2000000030
54232  -55.129  3.432  38.560 0.2000000030
107981  -44.675  -10.347  32.605 0.4000000060
54178  -53.838  2.782  40.418 0.1000000015
54198  -54.873  3.387  39.298 0.1000000015
55043  -54.567  3.765  39.564 0.1000000015
54177  -53.096  2.591  40.242 0.1000000015
53329  -53.553  2.273  40.596 0.1000000015
55042  -54.147  4.163  39.981 0.1000000015
56680  -53.401  6.236  39.002 0.1000000015
56681  -53.923  5.944  38.689 0.1000000015
58510  -58.703  8.945  27.422 0.3000000119
49021  -55.142  -2.474  39.644 0.4000000060
46051  -33.844  -5.562  49.116 0.3000000119
46038  -34.479  -5.298  49.742 0.3000000119
44940  -32.179  -6.990  50.137 0.5000000000
44955  -31.651  -7.062  50.017 0.4000000060
43927  -31.673  -7.347  50.237 0.6000000238
47012  -34.842  -4.814  49.395 0.3000000119
47024  -34.821  -4.575  48.799 0.3000000119
43928  -32.596  -7.259  50.268 0.6000000238
47003  -34.862  -5.061  49.765 0.4000000060
47013  -35.316  -4.654  49.410 0.4000000060
50807  -58.335  -0.192  28.688 0.2000000030
50828  -59.075  0.027  27.926 0.2000000030
51758  -60.642  0.473  27.904 0.2000000030
50826  -57.367  -0.482  27.516 0.3000000119
50849  -58.691  -0.184  26.948 0.2000000030
50850  -59.533  0.087  27.006 0.2000000030
94275  -60.358  0.378  27.094 0.2000000030
109109  -57.953  -0.382  26.937 0.3000000119
50872  -59.199  -0.049  26.163 0.2000000030
51771  -60.955  0.612  26.488 0.2000000030
51770  -60.039  0.245  26.303 0.2000000030
50870  -57.188  -0.546  25.383 0.3000000119
50889  -58.055  -0.203  24.835 0.2000000030
50890  -58.979  -0.000  25.189 0.2000000030
100859  -59.702  0.299  24.942 0.2000000030
51809  -61.264  0.943  24.924 0.2000000030
58397  -53.616  8.475  33.855 0.4000000060
59233  -54.619  10.025  33.239 0.4000000060
58415  -54.994  8.569  33.082 0.5000000000
58416  -55.927  8.765  32.952 0.5000000000
98318  -56.223  8.185  32.381 0.5000000000
51805  -57.785  0.241  24.023 0.3000000119
103309  -61.734  1.383  24.481 0.2000000030
50887  -55.695  -0.189  24.574 0.3000000119
105230  -56.579  -0.274  24.538 0.3000000119
50888  -57.328  -0.181  24.482 0.3000000119
104649  -59.077  0.850  23.695 0.2000000030
51808  -60.312  0.640  24.525 0.2000000030
60075  -54.834  10.212  32.668 0.4000000060
58399  -55.312  9.278  33.184 0.4000000060
59234  -55.306  9.719  32.871 0.3000000119
59248  -56.631  9.316  32.318 0.4000000060
58400  -56.005  9.262  32.828 0.4000000060
58417  -56.698  8.910  32.686 0.4000000060
57576  -57.022  8.451  32.197 0.5000000000
52731  -57.098  1.468  23.478 0.4000000060
51824  -57.408  0.865  23.554 0.3000000119
52732  -57.866  1.625  23.321 0.2000000030
106773  -59.374  1.339  23.351 0.2000000030
51827  -60.941  1.052  24.065 0.2000000030
52747  -61.451  1.997  23.095 0.2000000030
108314  -58.540  2.048  23.130 0.3000000119
52733  -59.189  1.931  23.045 0.2000000030
52734  -60.729  1.504  23.397 0.2000000030
60074  -54.281  10.533  33.039 0.4000000060
99016  -54.720  10.281  32.355 0.2000000030
60090  -55.167  10.042  32.210 0.2000000030
60091  -55.892  9.781  31.849 0.2000000030
59247  -55.613  9.724  32.437 0.3000000119
98647  -54.109  9.581  30.691 0.2000000030
58432  -58.012  9.010  31.789 0.4000000060
112069  -57.414  9.213  31.980 0.4000000060
59264  -56.861  9.566  31.613 0.3000000119
54437  -59.752  3.135  22.602 0.2000000030
107927  -60.404  3.488  22.414 0.2000000030
53577  -58.111  2.482  23.241 0.3000000119
53588  -60.466  2.822  22.482 0.2000000030
53589  -61.271  2.491  22.541 0.2000000030
52745  -59.778  2.391  22.767 0.2000000030
52746  -60.581  2.099  22.844 0.2000000030
60932  -53.724  10.735  33.222 0.2000000030
60106  -54.418  10.361  32.178 0.2000000030
60089  -54.285  10.533  32.716 0.2000000030
60122  -55.027  9.977  31.528 0.2000000030
60107  -55.128  10.096  31.951 0.2000000030
105181  -54.772  8.812  29.557 0.2000000030
59280  -54.854  9.647  30.848 0.2000000030
59282  -56.387  9.686  31.099 0.3000000119
97916  -57.129  9.652  31.013 0.4000000060
59284  -58.583  9.265  30.366 0.4000000060
59266  -58.218  9.209  31.080 0.4000000060
54439  -61.250  3.351  22.118 0.2000000030
53603  -62.013  2.686  22.260 0.2000000030
54452  -62.950  3.204  21.568 0.2000000030
111700  -61.844  3.845  21.748 0.2000000030
104928  -62.470  3.871  21.513 0.2000000030
99044  -63.149  3.877  21.258 0.2000000030
55263  -61.355  4.427  21.943 0.2000000030
56104  -63.190  5.428  21.293 0.2000000030
56118  -63.831  5.170  20.939 0.2000000030
55276  -62.073  4.555  21.638 0.2000000030
55277  -62.771  4.618  21.355 0.2000000030
55278  -63.470  4.579  21.056 0.2000000030
56092  -62.119  5.856  21.906 0.3000000119
56119  -64.480  5.392  20.711 0.2000000030
56102  -61.715  5.259  21.943 0.3000000119
56917  -62.709  6.060  21.681 0.3000000119
59351  -60.417  9.689  25.943 0.4000000060
59410  -62.213  10.247  20.467 0.4000000060
59383  -63.227  9.786  21.853 0.4000000060
59370  -63.553  9.404  23.177 0.4000000060
59376  -63.341  9.544  23.105 0.4000000060
57736  -63.722  7.980  22.289 0.5000000000
58563  -64.111  9.137  22.560 0.5000000000
103597  -63.759  9.567  22.538 0.4000000060
59384  -63.692  9.775  22.176 0.4000000060
57747  -64.487  7.951  21.572 0.5000000000
57737  -64.256  8.767  22.219 0.5000000000
56908  -63.143  6.850  21.950 0.4000000060
56918  -64.061  6.918  21.464 0.4000000060
56919  -65.001  7.253  21.009 0.3000000119
94125  -62.736  9.653  24.355 0.5000000000
59369  -63.066  9.509  23.716 0.5000000000
104319  -64.687  8.638  21.519 0.5000000000
58571  -64.377  9.352  21.902 0.5000000000
59360  -60.451  9.434  25.009 0.4000000060
98574  -61.467  9.855  25.584 0.4000000060
93310  -61.955  9.906  24.937 0.4000000060
59368  -62.455  9.799  24.007 0.4000000060
94296  -62.952  9.662  23.701 0.4000000060
59375  -62.967  9.720  22.890 0.4000000060
60196  -63.973  10.488  21.303 0.4000000060
60195  -63.800  10.427  21.379 0.4000000060
59385  -64.090  9.935  21.763 0.5000000000
58572  -65.234  8.925  20.922 0.5000000000
58552  -60.653  8.912  23.372 0.4000000060
59409  -61.373  9.605  20.461 0.4000000060
59367  -61.460  9.551  23.939 0.4000000060
59395  -62.270  9.675  21.201 0.4000000060
59374  -62.368  9.625  23.088 0.4000000060
93429  -62.396  9.475  22.041 0.4000000060
108382  -63.088  10.130  21.095 0.4000000060
60205  -64.006  11.303  20.865 0.4000000060
60197  -64.438  10.452  21.097 0.5000000000
60206  -64.321  11.187  20.766 0.4000000060
60204  -63.282  10.991  20.549 0.4000000060
61038  -63.805  12.129  20.282 0.4000000060
60221  -62.887  11.668  19.820 0.4000000060
52699  -63.426  1.888  26.069 0.2000000030
95168  -61.839  1.154  25.964 0.2000000030
51788  -60.532  0.513  25.517 0.2000000030
52715  -63.780  2.111  25.271 0.2000000030
112319  -57.528  8.757  32.060 0.4000000060
58450  -58.698  8.956  31.135 0.4000000060
58451  -59.219  8.931  30.535 0.4000000060
59361  -62.603  9.787  24.847 0.4000000060
56907  -62.357  6.513  22.223 0.4000000060
58562  -63.881  8.961  22.982 0.5000000000
104458  -56.154  0.329  23.967 0.3000000119
53587  -58.978  2.687  22.907 0.2000000030
58398  -54.398  9.131  33.581 0.4000000060
50827  -58.144  -0.271  27.739 0.2000000030
51757  -59.887  0.223  27.661 0.2000000030
102985  -61.272  0.749  27.341 0.2000000030
50848  -57.320  -0.566  26.540 0.3000000119
50871  -58.226  -0.395  25.971 0.2000000030
51787  -59.688  0.175  25.619 0.2000000030
51806  -58.687  0.316  24.270 0.2000000030
110606  -59.206  0.269  24.654 0.2000000030
51807  -59.483  0.519  24.250 0.2000000030
51823  -56.632  0.938  23.609 0.4000000060
51804  -56.966  0.269  23.930 0.3000000119
51825  -58.245  0.826  23.592 0.3000000119
52714  -62.386  1.545  25.195 0.2000000030
51826  -59.979  0.979  23.685 0.2000000030
59249  -57.356  9.009  32.324 0.4000000060
52735  -61.683  1.628  23.796 0.2000000030
97212  -58.699  1.428  23.317 0.2000000030
97320  -59.929  1.657  23.128 0.2000000030
60123  -55.615  9.810  31.486 0.2000000030
59265  -57.634  9.412  31.399 0.4000000060
105134  -62.017  2.295  22.746 0.2000000030
101430  -53.621  10.677  32.689 0.2000000030
59299  -55.495  9.104  30.146 0.2000000030
59281  -55.692  9.675  30.942 0.2000000030
59300  -56.473  9.410  30.384 0.3000000119
59283  -57.759  9.625  30.564 0.4000000060
54451  -62.190  3.220  21.809 0.2000000030
56105  -63.927  5.913  21.090 0.2000000030
55289  -64.181  4.523  20.745 0.2000000030
98380  -63.376  6.240  21.465 0.3000000119
56932  -64.723  6.323  20.830 0.2000000030
56103  -62.403  5.319  21.605 0.2000000030
99538  -65.767  7.521  20.731 0.4000000060
107289  -61.208  9.655  24.718 0.4000000060
59386  -64.719  9.774  21.195 0.5000000000
58545  -60.521  9.099  24.141 0.4000000060
111739  -61.927  9.629  23.507 0.4000000060
51773  -63.005  1.627  26.887 0.2000000030
47023  -34.429  -5.047  49.325 0.2000000030
48015  -35.620  -3.727  47.964 0.3000000119
46063  -34.299  -5.123  47.346 0.2000000030
46089  -34.511  -4.945  46.345 0.2000000030
47131  -34.991  -5.242  42.497 0.1000000015
46162  -34.702  -5.599  42.323 0.1000000015
42915  -30.927  -7.575  50.249 0.4000000060
43938  -31.047  -7.459  50.034 0.3000000119
44983  -33.040  -6.346  47.892 0.1000000015
47037  -34.326  -4.956  48.525 0.2000000030
47038  -34.833  -4.399  47.915 0.2000000030
48027  -35.769  -3.553  47.237 0.2000000030
42946  -30.288  -7.878  47.187 0.1000000015
105916  -30.887  -7.991  46.739 0.1000000015
43967  -31.529  -7.775  46.714 0.1000000015
43954  -32.379  -7.421  46.619 0.1000000015
95980  -33.717  -6.104  47.200 0.1000000015
46062  -33.735  -5.677  48.191 0.1000000015
47057  -34.873  -4.362  46.884 0.2000000030
42961  -30.394  -8.277  46.333 0.1000000015
43983  -31.901  -7.910  46.037 0.1000000015
43968  -33.169  -7.081  46.066 0.1000000015
45003  -33.068  -6.780  46.964 0.1000000015
48037  -35.952  -3.523  46.271 0.2000000030
42974  -29.166  -8.689  45.807 0.1000000015
93268  -29.877  -8.549  45.895 0.1000000015
42962  -31.182  -8.179  46.094 0.1000000015
43984  -32.654  -7.780  45.520 0.1000000015
45019  -33.813  -6.569  45.727 0.1000000015
41889  -29.719  -8.848  45.238 0.1000000015
42975  -30.604  -8.554  45.446 0.1000000015
42976  -31.713  -8.321  45.292 0.1000000015
44003  -33.132  -7.858  44.574 0.1000000015
47101  -36.157  -4.027  44.423 0.1000000015
42996  -31.116  -8.748  44.660 0.1000000015
101759  -31.929  -8.598  44.428 0.1000000015
42977  -32.454  -8.218  44.779 0.1000000015
47118  -36.373  -4.513  43.668 0.1000000015
42997  -31.432  -8.919  44.048 0.1000000015
47132  -35.729  -4.909  42.851 0.1000000015
44025  -33.911  -7.025  42.566 0.1000000015
98797  -33.728  -7.450  41.968 0.1000000015
46161  -34.345  -5.862  41.870 0.1000000015
46176  -34.717  -5.519  41.568 0.1000000015
47143  -35.378  -5.087  41.828 0.1000000015
47144  -36.288  -4.929  41.951 0.1000000015
47145  -37.244  -4.995  42.042 0.1000000015
43034  -33.185  -8.781  42.214 0.1000000015
43048  -33.515  -8.121  41.878 0.1000000015
45077  -33.905  -6.538  41.604 0.1000000015
46175  -34.065  -5.934  40.921 0.1000000015
94771  -35.188  -5.271  41.055 0.1000000015
46177  -35.946  -5.144  41.109 0.1000000015
46178  -36.902  -5.264  41.238 0.1000000015
46192  -37.578  -5.683  40.543 0.1000000015
44966  -31.666  -6.846  49.331 0.3000000119
93291  -30.133  -7.050  49.995 0.1000000015
44954  -30.805  -7.175  49.883 0.1000000015
108524  -32.604  -6.510  49.327 0.1000000015
43944  -29.747  -7.145  49.295 0.1000000015
43952  -30.390  -7.362  48.234 0.1000000015
44967  -33.108  -6.072  48.839 0.1000000015
42945  -29.595  -7.697  47.866 0.1000000015
43946  -31.197  -7.138  48.351 0.1000000015
44981  -31.860  -6.915  48.233 0.1000000015
100472  -32.431  -6.613  48.565 0.1000000015
42944  -28.797  -8.144  47.415 0.1000000015
43966  -31.014  -7.614  47.428 0.1000000015
44982  -32.419  -6.925  47.595 0.1000000015
47058  -35.288  -3.828  46.541 0.2000000030
41879  -27.867  -8.801  46.225 0.1000000015
42959  -28.564  -8.535  46.426 0.1000000015
42960  -29.522  -8.280  46.682 0.1000000015
46108  -34.457  -5.227  45.548 0.1000000015
47075  -34.873  -4.446  45.779 0.2000000030
47076  -35.370  -3.928  45.550 0.1000000015
41878  -27.229  -9.089  46.571 0.1000000015
41887  -28.351  -9.030  45.573 0.1000000015
47077  -36.046  -3.696  45.266 0.1000000015
40849  -26.238  -10.667  45.943 0.1000000015
40850  -26.780  -9.905  46.015 0.1000000015
41886  -27.556  -9.385  45.760 0.1000000015
44004  -33.814  -7.180  44.171 0.1000000015
46126  -34.274  -6.113  44.053 0.1000000015
97456  -34.622  -5.396  44.002 0.1000000015
47100  -35.483  -4.190  44.682 0.1000000015
110602  -27.892  -9.552  45.129 0.1000000015
41902  -29.395  -9.329  44.472 0.1000000015
41903  -30.280  -8.997  44.665 0.1000000015
42998  -32.687  -8.422  44.056 0.1000000015
46146  -34.797  -5.405  43.154 0.1000000015
47117  -35.601  -4.574  43.867 0.1000000015
40861  -26.681  -10.580  45.240 0.1000000015
40862  -27.271  -9.944  45.138 0.1000000015
41901  -28.507  -9.478  44.766 0.1000000015
106452  -30.085  -9.370  44.067 0.1000000015
43018  -32.912  -8.781  43.152 0.1000000015
42999  -33.389  -8.024  43.682 0.1000000015
46145  -34.483  -5.795  43.223 0.1000000015
103546  -35.149  -5.017  43.314 0.1000000015
40863  -27.819  -9.968  44.454 0.1000000015
40871  -28.618  -9.964  43.854 0.1000000015
41917  -29.578  -9.753  43.606 0.1000000015
43017  -32.076  -8.885  43.695 0.1000000015
45062  -34.226  -6.142  42.474 0.1000000015
41918  -30.429  -9.590  43.489 0.1000000015
40876  -27.749  -10.665  43.680 0.1000000015
40877  -29.103  -10.342  43.070 0.1000000015
42902  -29.526  -7.427  50.736 0.2000000030
43936  -29.607  -7.115  50.377 0.2000000030
42943  -27.635  -8.208  48.206 0.1000000015
110831  -28.298  -8.064  48.038 0.1000000015
41864  -26.030  -9.721  47.842 0.1000000015
41865  -26.457  -9.042  48.035 0.1000000015
41866  -27.014  -8.701  47.487 0.1000000015
40835  -26.518  -9.620  47.105 0.1000000015
99041  -26.230  -10.288  46.574 0.1000000015
40848  -25.817  -10.879  46.561 0.1000000015
39886  -25.345  -11.202  47.243 0.1000000015
39898  -25.846  -11.198  45.967 0.1000000015
39910  -26.157  -11.211  45.356 0.1000000015
40870  -27.156  -10.576  44.459 0.1000000015
39922  -26.565  -11.182  44.601 0.1000000015
42912  -27.692  -7.654  50.697 0.1000000015
43935  -28.326  -7.431  50.352 0.2000000030
42900  -27.670  -7.892  51.495 0.2000000030
43943  -28.971  -7.266  49.840 0.2000000030
42942  -26.960  -8.413  48.501 0.1000000015
42928  -28.242  -7.629  49.077 0.2000000030
40824  -25.548  -10.281  48.202 0.1000000015
46138  -51.150  -6.250  41.892 0.1000000015
46170  -50.988  -6.188  41.758 0.1000000015
42899  -26.791  -8.159  51.602 0.2000000030
42911  -27.009  -7.947  50.843 0.2000000030
42927  -27.602  -7.868  49.398 0.1000000015
41837  -26.315  -8.442  49.751 0.1000000015
108557  -26.487  -8.646  48.859 0.1000000015
40059  -50.295  -12.625  32.388 0.3000000119
40067  -49.931  -12.620  31.136 0.2000000030
109456  -55.209  -9.432  30.785 0.2000000030
42076  -55.518  -11.328  31.294 0.2000000030
42089  -54.731  -9.947  30.710 0.2000000030
41066  -50.605  -12.351  32.790 0.3000000119
40060  -50.823  -12.436  32.102 0.2000000030
39097  -50.646  -12.705  31.765 0.3000000119
41077  -51.211  -12.049  32.111 0.2000000030
103495  -55.060  -7.141  31.022 0.2000000030
46316  -54.418  -5.783  29.667 0.2000000030
39102  -51.063  -12.706  31.534 0.2000000030
45275  -54.476  -6.803  29.832 0.2000000030
40079  -49.834  -12.498  30.120 0.2000000030
39101  -50.528  -12.801  31.005 0.2000000030
99250  -54.595  -8.648  30.086 0.2000000030
39104  -52.600  -12.681  30.810 0.2000000030
40070  -53.183  -12.452  30.771 0.2000000030
41080  -53.882  -12.088  31.026 0.2000000030
49110  -57.397  -1.459  30.946 0.2000000030
48246  -56.119  -2.742  29.825 0.2000000030
48245  -55.721  -3.534  29.616 0.2000000030
47300  -54.816  -4.993  29.303 0.2000000030
45286  -53.844  -6.194  29.052 0.2000000030
46330  -54.309  -5.509  28.754 0.2000000030
44196  -53.784  -7.052  29.060 0.2000000030
40069  -52.190  -12.448  31.095 0.2000000030
49985  -57.216  -0.866  30.057 0.2000000030
49141  -55.787  -1.875  28.685 0.2000000030
96344  -56.620  -1.156  29.535 0.2000000030
49995  -56.890  -0.670  29.107 0.2000000030
106267  -55.494  -2.507  28.500 0.2000000030
48260  -54.953  -3.781  28.168 0.2000000030
47316  -54.729  -4.694  28.406 0.2000000030
45298  -54.133  -6.129  27.991 0.2000000030
45297  -53.626  -6.818  28.281 0.2000000030
50805  -56.714  -0.632  28.189 0.2000000030
50825  -56.612  -0.658  27.250 0.2000000030
46354  -53.032  -4.875  26.538 0.2000000030
57748  -65.262  8.074  21.065 0.3000000119
61894  -63.386  13.174  17.429 0.1000000015
61893  -62.528  12.856  17.125 0.1000000015
62754  -62.985  13.891  17.154 0.1000000015
61077  -62.956  12.122  17.310 0.1000000015
110414  -61.222  11.249  19.518 0.3000000119
60219  -61.134  10.367  19.721 0.3000000119
59396  -65.525  9.665  20.363 0.5000000000
61905  -61.974  13.413  16.851 0.1000000015
62768  -62.302  14.674  16.907 0.1000000015
61076  -62.024  11.993  17.148 0.1000000015
61089  -61.576  12.397  16.875 0.1000000015
61075  -61.228  11.537  17.098 0.1000000015
61904  -61.036  12.792  16.414 0.1000000015
57534  -52.460  7.993  36.104 0.1000000015
58377  -52.600  8.862  35.397 0.2000000030
57544  -52.637  8.043  35.201 0.2000000030
58570  -60.859  8.707  21.878 0.3000000119
58560  -61.293  9.158  22.900 0.3000000119
58561  -61.636  9.190  22.201 0.3000000119
59382  -61.351  9.162  21.308 0.3000000119
93167  -60.477  9.541  19.844 0.2000000030
106403  -60.478  11.109  19.448 0.2000000030
60220  -62.114  11.018  19.841 0.2000000030
61052  -63.045  12.471  19.538 0.1000000015
62715  -63.254  13.726  18.834 0.2000000030
62734  -62.751  14.459  18.364 0.2000000030
108048  -65.022  10.224  20.699 0.4000000060
61039  -64.228  11.977  20.426 0.3000000119
63570  -62.496  15.514  18.103 0.1000000015
63588  -62.889  14.496  17.596 0.3000000119
64424  -62.578  15.638  17.425 0.2000000030
64443  -62.319  16.548  17.304 0.2000000030
63587  -62.865  14.722  17.247 0.2000000030
108729  -62.633  15.602  17.133 0.2000000030
63605  -62.208  16.028  16.809 0.2000000030
63604  -61.432  15.004  16.296 0.2000000030
62767  -61.326  13.826  16.333 0.1000000015
63614  -60.899  15.535  15.661 0.2000000030
61088  -60.722  11.864  16.531 0.1000000015
58386  -53.111  8.723  34.550 0.2000000030
58559  -60.345  8.507  22.565 0.3000000119
58586  -60.438  8.591  20.930 0.2000000030
110753  -60.735  9.092  20.497 0.3000000119
60218  -59.847  10.457  19.489 0.2000000030
61049  -59.652  11.538  19.470 0.1000000015
61866  -59.639  12.507  19.463 0.1000000015
61050  -60.632  11.972  19.395 0.1000000015
61868  -61.286  12.653  19.373 0.1000000015
62714  -62.444  14.111  19.067 0.1000000015
62711  -59.766  13.325  19.380 0.1000000015
61867  -60.461  13.002  19.433 0.1000000015
63551  -61.443  14.898  19.096 0.1000000015
63552  -62.280  15.098  18.707 0.1000000015
64423  -62.281  16.579  17.948 0.1000000015
64460  -61.847  17.318  16.856 0.1000000015
64459  -61.515  16.303  16.285 0.2000000030
62777  -60.695  14.184  15.681 0.1000000015
61098  -60.324  12.201  15.815 0.1000000015
61917  -60.514  13.144  15.767 0.1000000015
59218  -53.053  9.655  34.399 0.2000000030
58387  -53.642  9.230  34.043 0.2000000030
58569  -60.079  8.151  21.607 0.2000000030
58583  -57.623  8.084  19.801 0.2000000030
58599  -56.988  8.988  19.753 0.2000000030
59394  -60.029  8.781  20.047 0.2000000030
58600  -57.925  8.831  19.668 0.1000000015
99063  -57.364  9.582  19.704 0.1000000015
59405  -56.021  9.659  19.508 0.1000000015
60216  -56.838  10.474  19.500 0.1000000015
94373  -57.382  10.281  19.645 0.1000000015
59407  -58.269  9.723  19.595 0.1000000015
59408  -59.463  9.520  19.595 0.1000000015
61047  -57.381  11.050  19.399 0.1000000015
60217  -58.094  10.680  19.592 0.1000000015
93673  -58.852  11.092  19.495 0.1000000015
61063  -57.046  11.538  18.723 0.1000000015
61048  -58.123  11.385  19.472 0.1000000015
61073  -56.805  11.775  17.858 0.1000000015
61064  -57.810  11.865  19.158 0.1000000015
61865  -58.696  12.059  19.463 0.1000000015
61074  -57.542  12.357  18.371 0.1000000015
61881  -59.076  13.025  19.275 0.1000000015
62712  -60.452  13.974  19.307 0.1000000015
62733  -60.494  14.870  19.105 0.1000000015
63569  -61.994  16.061  18.695 0.1000000015
61892  -58.158  13.089  18.479 0.1000000015
62731  -58.748  13.527  18.886 0.1000000015
63568  -61.066  15.911  18.916 0.1000000015
65243  -61.866  17.433  17.521 0.1000000015
64467  -60.441  16.010  15.101 0.1000000015
62776  -59.977  13.523  15.127 0.1000000015
63613  -60.205  14.601  15.033 0.1000000015
60257  -59.976  10.484  16.520 0.1000000015
61087  -59.941  11.231  15.978 0.1000000015
60043  -52.648  10.243  34.365 0.2000000030
59204  -52.332  9.705  34.977 0.2000000030
60058  -53.314  10.532  33.931 0.2000000030
60059  -53.882  10.527  33.443 0.3000000119
58544  -59.687  8.658  24.405 0.3000000119
57726  -59.776  8.396  23.358 0.3000000119
57734  -59.610  7.865  22.342 0.3000000119
57744  -58.055  6.714  20.823 0.2000000030
57745  -58.772  7.067  21.156 0.2000000030
57762  -58.290  7.342  20.296 0.2000000030
57763  -58.975  7.525  20.618 0.2000000030
58584  -58.581  7.987  19.929 0.2000000030
58585  -59.559  8.107  20.558 0.2000000030
57761  -57.419  7.333  20.085 0.2000000030
58601  -59.014  8.697  19.677 0.2000000030
60215  -56.238  10.238  19.345 0.1000000015
98566  -57.292  12.216  17.205 0.1000000015
62753  -58.444  13.827  18.181 0.1000000015
63566  -59.231  14.463  18.582 0.1000000015
63586  -59.681  15.590  18.205 0.1000000015
64422  -61.606  16.891  18.273 0.1000000015
65244  -61.291  18.057  16.881 0.1000000015
63622  -59.947  15.101  14.403 0.1000000015
103973  -59.748  11.779  15.169 0.1000000015
61916  -59.908  12.614  15.199 0.1000000015
60056  -51.967  10.360  34.272 0.1000000015
60057  -52.623  10.578  34.055 0.1000000015
60073  -53.201  10.770  33.621 0.1000000015
111567  -53.527  10.712  33.541 0.3000000119
59301  -57.428  9.481  29.878 0.3000000119
94261  -58.266  9.603  29.754 0.2000000030
93521  -58.241  9.420  29.141 0.2000000030
58535  -58.833  8.548  25.655 0.3000000119
57713  -57.016  7.164  24.906 0.2000000030
93365  -59.633  8.979  25.343 0.3000000119
100707  -59.030  8.076  23.823 0.3000000119
56892  -57.591  6.640  23.289 0.2000000030
56893  -58.250  6.940  22.814 0.2000000030
57725  -58.928  7.577  22.941 0.2000000030
56904  -57.737  6.337  22.434 0.2000000030
57733  -59.018  7.236  22.047 0.2000000030
57746  -59.409  7.585  21.417 0.2000000030
60234  -55.961  10.425  18.554 0.1000000015
61062  -56.440  11.118  18.246 0.1000000015
62752  -57.902  13.013  17.443 0.1000000015
63585  -58.862  14.717  17.771 0.1000000015
64421  -60.694  16.469  18.370 0.1000000015
108511  -61.161  17.733  15.947 0.1000000015
64475  -60.491  17.452  15.145 0.2000000030
62786  -59.626  13.897  14.283 0.1000000015
112596  -59.623  12.205  14.628 0.1000000015
59321  -57.502  9.109  29.146 0.2000000030
58497  -57.975  8.855  28.308 0.2000000030
57702  -58.155  8.046  25.268 0.2000000030
57701  -57.483  7.657  25.438 0.2000000030
57724  -58.223  7.426  23.774 0.3000000119
57714  -57.804  7.592  24.704 0.2000000030
59421  -55.629  9.848  19.098 0.1000000015
61891  -56.869  11.618  16.906 0.1000000015
61903  -57.552  12.593  16.481 0.1000000015
62766  -58.353  13.896  17.046 0.1000000015
63603  -58.676  14.780  16.658 0.1000000015
64458  -59.662  16.907  16.730 0.1000000015
65242  -60.569  18.111  16.952 0.1000000015
65257  -59.980  18.112  16.254 0.1000000015
65258  -60.524  18.169  16.169 0.1000000015
95559  -59.421  13.092  13.803 0.1000000015
61110  -59.476  11.530  14.373 0.1000000015
61123  -59.367  11.252  13.549 0.1000000015
97034  -59.445  12.230  13.821 0.1000000015
59466  -59.548  9.457  13.989 0.1000000015
60283  -59.392  10.285  13.531 0.1000000015
59469  -59.712  9.516  13.302 0.1000000015
58508  -57.205  8.435  27.791 0.2000000030
60244  -55.724  10.006  17.566 0.1000000015
59441  -55.452  9.687  16.839 0.1000000015
60256  -56.507  11.076  17.239 0.1000000015
62765  -57.875  13.260  16.290 0.1000000015
63602  -58.182  14.070  16.016 0.1000000015
64457  -58.946  15.761  16.270 0.1000000015
65256  -59.305  16.886  15.951 0.1000000015
65265  -60.411  18.260  15.559 0.1000000015
111318  -60.209  16.230  14.597 0.1000000015
61936  -59.406  12.815  13.101 0.1000000015
62796  -59.453  13.663  13.320 0.1000000015
61128  -59.537  11.869  12.816 0.1000000015
60287  -59.530  10.840  12.791 0.1000000015
59470  -60.300  9.035  12.796 0.1000000015
61129  -59.889  11.244  12.164 0.1000000015
60245  -56.126  10.619  17.682 0.1000000015
60255  -55.956  10.404  16.578 0.1000000015
61086  -56.491  11.226  16.313 0.1000000015
63611  -57.868  14.366  15.185 0.1000000015
63612  -58.434  14.922  15.727 0.1000000015
64465  -58.030  15.128  15.031 0.1000000015
64466  -58.637  15.950  15.317 0.1000000015
107385  -59.595  17.896  15.771 0.1000000015
65273  -60.241  18.217  15.104 0.1000000015
65271  -58.586  16.803  14.676 0.1000000015
65263  -59.102  17.259  15.370 0.1000000015
65980  -60.064  18.296  15.448 0.1000000015
95834  -59.941  15.958  13.967 0.1000000015
63629  -59.655  14.694  13.586 0.1000000015
65972  -59.613  18.119  15.434 0.1000000015
106512  -59.591  13.354  12.706 0.1000000015
61944  -59.726  12.702  12.449 0.1000000015
61953  -60.533  12.268  11.578 0.1000000015
62807  -59.951  13.398  12.156 0.1000000015
63621  -57.382  14.867  14.490 0.1000000015
65971  -59.140  17.878  15.031 0.1000000015
65979  -59.766  18.191  14.954 0.1000000015
64474  -60.301  17.309  14.542 0.1000000015
65978  -58.753  17.952  14.338 0.1000000015
64487  -59.986  15.780  13.064 0.1000000015
63640  -59.780  14.264  12.682 0.1000000015
62816  -60.633  13.233  11.528 0.1000000015
61952  -60.094  12.732  11.921 0.1000000015
62817  -61.484  13.431  11.067 0.1000000015
64473  -57.808  15.790  14.338 0.1000000015
65270  -57.828  16.777  13.912 0.1000000015
65272  -60.158  18.226  14.530 0.1000000015
64482  -60.221  17.347  13.850 0.1000000015
65278  -60.134  18.295  13.857 0.1000000015
63641  -60.352  15.189  12.239 0.1000000015
62808  -60.359  14.185  11.865 0.1000000015
63653  -60.962  15.059  11.580 0.1000000015
65284  -60.378  17.505  12.933 0.1000000015
64488  -60.462  16.308  12.399 0.1000000015
64499  -60.887  16.125  11.760 0.1000000015
65992  -60.038  18.620  13.178 0.1000000015
65993  -60.395  18.511  12.204 0.1000000015
109458  -60.828  18.663  11.179 0.1000000015
65285  -60.862  17.496  11.829 0.1000000015
66002  -61.419  18.010  10.798 0.1000000015
46088  -34.117  -5.807  46.299 0.1000000015
110499  -33.638  -6.532  46.453 0.1000000015
45033  -33.984  -6.470  44.895 0.1000000015
43985  -33.505  -7.237  45.178 0.1000000015
46107  -34.192  -5.972  45.452 0.1000000015
45046  -34.115  -6.575  43.300 0.1000000015
104937  -34.565  -5.739  42.569 0.1000000015
96751  -63.740  12.785  19.670 0.2000000030
61870  -63.730  13.150  19.281 0.2000000030
62716  -63.692  13.332  18.713 0.2000000030
93319  -64.335  12.674  17.922 0.2000000030
61053  -64.035  12.659  19.896 0.2000000030
61869  -63.201  13.295  19.238 0.1000000015
56916  -57.580  6.196  21.460 0.2000000030
56905  -58.374  6.699  21.901 0.2000000030
58598  -56.146  8.956  19.696 0.1000000015
56878  -57.326  6.985  24.105 0.2000000030
58509  -57.750  8.498  27.453 0.2000000030
56931  -57.213  6.638  20.488 0.2000000030
43937  -30.172  -7.328  50.333 0.2000000030
107105  -53.855  -5.672  27.423 0.2000000030
48274  -55.105  -2.874  28.027 0.2000000030
107555  -55.738  -1.363  28.207 0.2000000030
50847  -56.477  -0.676  26.266 0.2000000030
58534  -58.045  8.181  25.937 0.2000000030
59219  -53.890  9.947  33.817 0.3000000119
48026  -35.248  -3.849  47.475 0.2000000030
43953  -31.747  -7.332  47.464 0.1000000015
41888  -29.020  -9.066  45.163 0.1000000015
41904  -30.777  -9.161  44.072 0.1000000015
47133  -36.727  -4.826  42.810 0.1000000015
43035  -33.608  -8.044  42.709 0.1000000015
106778  -33.795  -7.427  43.309 0.1000000015
46189  -34.660  -5.525  40.448 0.1000000015
45090  -33.783  -6.608  40.662 0.1000000015
43945  -30.615  -7.001  49.287 0.1000000015
42929  -28.919  -7.596  48.565 0.1000000015
42958  -27.862  -8.446  47.113 0.1000000015
46127  -34.708  -4.963  44.830 0.1000000015
96070  -34.400  -5.617  44.761 0.1000000015
47099  -35.081  -4.428  44.967 0.1000000015
47116  -35.005  -4.835  44.115 0.1000000015
41920  -32.125  -9.241  43.060 0.1000000015
41850  -25.956  -9.286  48.760 0.1000000015
39897  -25.423  -11.537  46.378 0.1000000015
39909  -25.574  -11.685  45.590 0.1000000015
39923  -26.995  -11.162  43.854 0.1000000015
42926  -26.990  -8.151  49.629 0.2000000030
103797  -49.252  -12.194  30.238 0.2000000030
45276  -54.763  -6.196  30.675 0.2000000030
46317  -54.976  -5.344  30.244 0.2000000030
44184  -54.327  -7.629  29.608 0.2000000030
40080  -50.490  -12.666  30.079 0.2000000030
39109  -51.041  -12.869  30.922 0.2000000030
49124  -55.801  -2.624  29.127 0.2000000030
49125  -56.242  -1.883  29.504 0.2000000030
48261  -55.424  -3.258  28.706 0.2000000030
47301  -55.334  -4.500  29.859 0.2000000030
49994  -56.210  -1.125  28.773 0.2000000030
57764  -66.207  8.144  20.405 0.5000000000
61051  -61.905  11.942  19.437 0.1000000015
62735  -63.263  13.813  18.198 0.2000000030
60207  -64.937  10.892  20.473 0.3000000119
62713  -61.359  13.595  19.298 0.1000000015
95139  -62.220  12.987  19.280 0.1000000015
62732  -59.640  14.066  19.121 0.1000000015
60258  -60.475  11.033  16.872 0.1000000015
59406  -56.672  9.809  19.660 0.1000000015
94368  -58.909  10.282  19.512 0.1000000015
60235  -56.594  10.864  19.052 0.1000000015
61880  -58.297  12.668  19.036 0.1000000015
63567  -60.129  15.255  18.826 0.1000000015
108947  -58.653  7.094  22.425 0.2000000030
64442  -61.162  17.549  17.584 0.1000000015
61926  -59.596  12.915  14.511 0.1000000015
57715  -58.732  8.216  24.694 0.3000000119
61902  -56.993  12.005  16.128 0.1000000015
64440  -59.300  15.701  17.224 0.1000000015
64441  -60.230  16.838  17.573 0.1000000015
60233  -55.500  9.799  18.379 0.1000000015
99065  -59.334  10.819  14.161 0.1000000015
61915  -57.374  12.742  15.620 0.1000000015
65264  -60.035  18.315  15.745 0.1000000015
100446  -59.746  10.009  12.751 0.1000000015
61135  -59.958  12.061  12.073 0.1000000015
60288  -59.925  10.518  12.253 0.1000000015
63654  -61.170  14.158  11.317 0.1000000015
65987  -59.644  18.500  13.931 0.1000000015
56934  -66.688  6.843  20.072 0.2000000030
101336  -66.363  7.390  20.354 0.2000000030
58587  -66.198  9.027  19.811 0.4000000060
60222  -65.490  11.043  19.322 0.3000000119
59411  -65.607  10.355  19.810 0.3000000119
61040  -64.848  11.643  20.107 0.3000000119
61054  -64.664  12.292  19.524 0.2000000030
57685  -56.396  7.424  26.349 0.1000000015
56863  -56.251  6.824  25.101 0.1000000015
58520  -56.985  8.012  27.034 0.1000000015
57700  -56.710  7.273  25.635 0.1000000015
95127  -57.029  9.564  30.571 0.2000000030
56891  -56.882  6.311  23.607 0.1000000015
56089  -57.260  5.887  22.142 0.1000000015
95402  -56.439  8.166  27.749 0.1000000015
97873  -56.957  6.094  20.835 0.1000000015
56933  -65.729  6.703  20.561 0.2000000030
61055  -65.332  11.674  18.770 0.2000000030
57699  -55.908  6.954  25.786 0.1000000015
109506  -27.324  -11.651  53.296 0.1000000015
111384  -28.256  -11.574  53.491 0.1000000015
39836  -28.203  -11.727  53.932 0.1000000015
41815  -25.700  -8.401  52.157 0.1000000015
42889  -25.953  -8.521  52.588 0.1000000015
39851  -28.936  -11.646  51.971 0.1000000015
40795  -24.476  -9.249  52.649 0.1000000015
40802  -23.778  -10.680  52.471 0.1000000015
41824  -25.638  -8.492  51.141 0.1000000015
42910  -26.247  -8.234  50.837 0.1000000015
41823  -25.043  -9.225  50.660 0.1000000015
104456  -25.150  -8.666  51.589 0.1000000015
39848  -23.806  -11.198  51.391 0.1000000015
47109  -52.130  -5.971  41.981 0.1000000015
48056  -52.415  -5.161  41.816 0.1000000015
103059  -53.181  -3.671  41.962 0.1000000015
47138  -53.834  -4.778  41.536 0.1000000015
49833  -53.647  -2.212  41.939 0.1000000015
112249  -53.507  -2.952  41.994 0.1000000015
103177  -54.051  -2.716  42.161 0.1000000015
49832  -53.296  -2.121  41.740 0.1000000015
50632  -53.916  -1.501  41.895 0.1000000015
50653  -54.382  -1.033  41.673 0.1000000015
50652  -53.826  -0.858  41.709 0.1000000015
41816  -26.310  -8.804  52.314 0.1000000015
41814  -24.970  -8.612  52.471 0.1000000015
112605  -24.122  -9.924  52.731 0.1000000015
101688  -24.620  -9.473  51.515 0.1000000015
40803  -24.178  -10.199  51.941 0.1000000015
48067  -53.714  -4.068  41.731 0.1000000015
49844  -54.290  -1.936  41.987 0.1000000015
49845  -54.807  -1.731  41.675 0.1000000015
42898  -26.173  -8.241  51.670 0.1000000015
42888  -25.433  -8.512  52.969 0.1000000015
48966  -53.602  -3.449  41.934 0.1000000015
59298  -54.464  9.195  30.161 0.1000000015
104437  -66.775  8.525  19.264 0.2000000030
111114  -66.631  10.046  17.271 0.2000000030
58472  -55.395  8.615  29.134 0.1000000015
58588  -66.887  9.254  18.266 0.2000000030
59412  -66.301  9.830  18.994 0.3000000119
58495  -55.988  8.375  28.478 0.1000000015
60223  -66.196  10.573  18.331 0.3000000119
59279  -53.567  9.691  30.874 0.1000000015
60104  -53.076  10.446  32.195 0.1000000015
60105  -53.716  10.397  32.027 0.1000000015
58494  -55.052  8.185  28.300 0.1000000015
58473  -56.514  8.883  29.445 0.1000000015
59297  -53.539  9.201  30.194 0.1000000015
60121  -54.152  10.004  31.391 0.1000000015
58471  -53.975  8.817  29.460 0.1000000015
103331  -54.474  8.468  28.850 0.1000000015
99094  -65.974  11.181  18.053 0.3000000119
61066  -65.550  11.341  17.550 0.2000000030
60239  -66.198  10.698  17.181 0.2000000030
60250  -65.365  11.390  17.547 0.2000000030
107730  -64.384  12.438  17.654 0.2000000030
61895  -63.748  13.049  17.678 0.2000000030
62755  -63.227  13.846  17.384 0.2000000030
61079  -65.017  12.034  17.559 0.2000000030
62736  -63.731  13.237  18.055 0.1000000015
62756  -63.300  13.622  17.623 0.2000000030
61871  -64.269  12.873  18.912 0.1000000015
61065  -65.039  12.284  18.210 0.1000000015
112468  -64.034  13.046  18.392 0.1000000015
60249  -64.669  11.949  17.508 0.2000000030
33725  -46.782  -18.231  33.817 0.1000000015
34629  -46.646  -17.770  33.426 0.1000000015
98232  -46.466  -17.792  32.775 0.1000000015
34622  -47.013  -17.787  34.243 0.1000000015
34634  -46.363  -17.989  32.260 0.1000000015
35538  -46.244  -17.344  33.109 0.1000000015
34642  -46.050  -17.814  31.891 0.1000000015
35543  -46.142  -17.587  32.403 0.1000000015
35532  -46.470  -17.192  33.995 0.1000000015
35537  -45.773  -16.783  33.505 0.1000000015
35547  -45.654  -17.393  31.938 0.1000000015
35536  -45.147  -16.277  33.979 0.1000000015
34641  -45.617  -17.753  31.408 0.1000000015
35552  -45.186  -17.206  31.316 0.1000000015
35551  -44.758  -16.856  30.624 0.1000000015
35542  -45.671  -17.068  32.665 0.1000000015
35541  -44.962  -16.469  32.991 0.1000000015
35546  -45.108  -16.872  32.075 0.1000000015
36496  -44.644  -16.573  31.405 0.1000000015
94210  -44.192  -15.992  33.689 0.1000000015
36489  -44.427  -16.388  32.242 0.1000000015
36504  -44.354  -16.432  29.885 0.1000000015
51696  -62.591  0.195  31.995 0.1000000015
36482  -44.197  -16.153  32.882 0.1000000015
36495  -43.835  -15.998  31.677 0.1000000015
35560  -44.183  -16.652  29.321 0.1000000015
50757  -62.135  -0.049  32.627 0.1000000015
50758  -62.726  -0.330  31.931 0.1000000015
109863  -43.833  -16.038  32.452 0.1000000015
35559  -43.858  -16.337  28.565 0.1000000015
49962  -62.309  -0.542  32.127 0.1000000015
49113  -60.676  -1.959  30.966 0.1000000015
49973  -61.487  -1.048  32.002 0.1000000015
49963  -63.133  -1.255  31.562 0.1000000015
105785  -63.249  -0.584  31.536 0.1000000015
35580  -43.618  -16.030  27.805 0.1000000015
49129  -61.184  -2.500  30.128 0.1000000015
49114  -61.897  -1.866  31.087 0.1000000015
51695  -61.776  0.216  32.491 0.1000000015
50756  -61.334  0.008  32.983 0.1000000015
103696  -44.254  -16.170  30.683 0.1000000015
49961  -60.806  -0.439  32.691 0.1000000015
102024  -61.705  -0.268  32.741 0.1000000015
51697  -63.212  0.120  31.546 0.1000000015
51711  -63.217  0.658  31.283 0.1000000015
50776  -63.523  -0.146  31.231 0.1000000015
97796  -43.385  -15.670  30.872 0.1000000015
36503  -43.827  -15.798  29.951 0.1000000015
36521  -43.616  -15.691  28.130 0.1000000015
49112  -59.921  -2.029  31.753 0.1000000015
49960  -60.323  -1.298  32.356 0.1000000015
49986  -63.501  -0.649  30.475 0.1000000015
36530  -43.477  -15.349  27.397 0.1000000015
36529  -43.358  -15.099  26.707 0.1000000015
36540  -42.994  -14.951  26.062 0.1000000015
42193  -53.350  -9.561  23.284 0.1000000015
42172  -53.050  -9.769  24.180 0.1000000015
42192  -52.725  -9.528  23.318 0.1000000015
51710  -62.368  0.466  31.580 0.1000000015
36511  -43.944  -15.963  29.047 0.1000000015
95546  -59.804  -1.047  32.879 0.1000000015
100267  -61.980  0.652  30.829 0.1000000015
51712  -63.687  0.686  30.976 0.1000000015
108595  -43.443  -15.525  29.323 0.1000000015
49111  -59.284  -2.784  31.543 0.1000000015
49098  -59.464  -1.966  32.814 0.1000000015
51724  -62.251  0.942  29.892 0.1000000015
97308  -63.024  0.995  30.720 0.1000000015
51726  -64.125  1.157  30.284 0.1000000015
51737  -61.104  0.605  28.956 0.1000000015
111846  -63.801  -1.691  31.218 0.1000000015
36509  -41.855  -15.205  29.593 0.1000000015
112042  -64.247  -2.117  31.889 0.1000000015
47289  -58.122  -5.208  31.248 0.1000000015
37453  -42.451  -14.577  25.706 0.1000000015
46318  -57.662  -5.593  30.252 0.1000000015
38262  -41.959  -13.769  25.088 0.1000000015
45309  -55.655  -6.503  25.996 0.1000000015
45287  -56.822  -6.682  28.336 0.1000000015
44211  -55.677  -7.555  26.498 0.1000000015
45310  -56.039  -6.657  26.800 0.1000000015
43194  -54.925  -9.007  25.130 0.1000000015
44225  -55.290  -8.242  25.741 0.1000000015
98385  -54.378  -9.564  24.629 0.1000000015
41164  -54.148  -10.012  25.111 0.1000000015
42190  -51.155  -9.243  23.599 0.1000000015
43248  -49.134  -8.608  22.710 0.1000000015
110003  -50.535  -9.069  23.174 0.1000000015
42191  -51.927  -9.376  22.792 0.1000000015
94671  -49.905  -8.884  21.725 0.1000000015
95826  -50.914  -9.135  22.644 0.1000000015
43268  -48.688  -8.722  21.580 0.1000000015
51709  -61.138  0.502  31.629 0.1000000015
51694  -60.789  0.172  32.654 0.1000000015
49949  -60.403  -0.278  32.758 0.1000000015
50746  -59.667  -0.664  32.803 0.1000000015
110638  -59.368  -1.640  33.002 0.1000000015
94078  -63.793  0.477  30.634 0.1000000015
36520  -43.468  -15.366  28.547 0.1000000015
49088  -59.006  -2.323  33.043 0.1000000015
51723  -61.049  0.573  30.232 0.1000000015
97413  -63.818  1.215  30.542 0.1000000015
50792  -63.944  0.515  29.664 0.1000000015
49130  -63.478  -1.770  30.076 0.1000000015
36510  -42.862  -15.119  29.091 0.1000000015
37432  -43.468  -15.215  27.788 0.1000000015
48221  -58.979  -3.094  32.925 0.1000000015
51725  -63.674  1.553  29.730 0.1000000015
108578  -64.179  1.524  29.783 0.1000000015
37431  -42.936  -14.891  28.084 0.1000000015
37439  -43.376  -14.888  27.195 0.1000000015
37446  -42.882  -14.668  26.418 0.1000000015
99312  -58.725  -3.725  32.040 0.1000000015
47258  -58.309  -4.931  33.168 0.1000000015
51738  -62.539  1.238  28.873 0.1000000015
49131  -64.263  -2.392  31.494 0.1000000015
37423  -42.135  -14.899  28.817 0.1000000015
46288  -58.348  -5.691  33.025 0.1000000015
48251  -64.647  -3.146  31.756 0.1000000015
37430  -41.552  -14.571  28.194 0.1000000015
45288  -57.109  -6.252  28.931 0.1000000015
95935  -57.672  -6.680  30.757 0.1000000015
96976  -40.572  -14.594  28.728 0.1000000015
100873  -41.509  -12.880  24.891 0.1000000015
39134  -41.520  -12.563  24.233 0.1000000015
112223  -56.693  -7.455  28.306 0.1000000015
45277  -57.179  -7.315  29.082 0.1000000015
45278  -57.461  -7.073  29.912 0.1000000015
100479  -41.387  -11.787  24.215 0.1000000015
102470  -55.627  -8.595  26.549 0.1000000015
101385  -56.591  -8.362  28.233 0.1000000015
40139  -41.617  -11.431  23.554 0.1000000015
43175  -55.344  -9.269  26.060 0.1000000015
42152  -54.778  -9.878  25.657 0.1000000015
41163  -53.704  -9.910  24.818 0.1000000015
42171  -51.699  -9.415  24.432 0.1000000015
110013  -52.339  -9.570  24.327 0.1000000015
50775  -59.350  -0.258  32.078 0.1000000015
51708  -60.094  0.259  31.964 0.1000000015
49959  -58.917  -0.972  32.594 0.1000000015
49947  -58.623  -1.840  32.800 0.1000000015
49097  -57.624  -2.153  32.041 0.1000000015
49087  -58.276  -2.809  32.976 0.1000000015
48206  -58.493  -3.476  33.093 0.1000000015
49996  -63.480  -0.766  29.109 0.1000000015
48190  -58.277  -4.336  33.287 0.1000000015
52652  -64.439  1.935  29.154 0.1000000015
51740  -64.445  1.455  29.378 0.1000000015
50810  -64.518  0.867  28.800 0.1000000015
49144  -63.700  -2.845  30.024 0.1000000015
51759  -62.579  1.370  27.784 0.1000000015
51739  -63.883  1.990  28.741 0.1000000015
38256  -42.080  -14.063  25.909 0.1000000015
46302  -58.037  -6.185  31.596 0.1000000015
46287  -58.226  -6.507  32.708 0.1000000015
51772  -61.850  1.082  26.861 0.1000000015
44186  -57.485  -8.135  30.123 0.1000000015
44187  -57.620  -7.714  31.109 0.1000000015
40131  -41.450  -11.134  24.207 0.1000000015
43164  -56.471  -9.287  28.165 0.1000000015
43159  -57.111  -9.282  29.064 0.1000000015
41176  -41.787  -10.674  23.785 0.1000000015
41162  -42.113  -9.976  24.124 0.1000000015
42132  -55.315  -10.096  26.522 0.1000000015
43163  -55.799  -9.482  27.176 0.1000000015
41177  -42.309  -10.162  23.324 0.1000000015
41152  -53.143  -9.917  25.248 0.1000000015
43232  -49.328  -8.743  23.406 0.1000000015
42189  -50.107  -9.067  23.771 0.1000000015
43267  -47.940  -8.638  21.651 0.1000000015
104104  -58.844  -0.209  30.734 0.1000000015
108662  -59.486  0.177  31.133 0.1000000015
49958  -58.138  -1.356  31.778 0.1000000015
49096  -56.838  -2.706  31.483 0.1000000015
49109  -56.992  -2.014  31.005 0.1000000015
47288  -56.178  -4.297  31.212 0.1000000015
48220  -57.465  -3.143  32.538 0.1000000015
47274  -56.797  -4.616  32.274 0.1000000015
48205  -58.059  -3.740  33.220 0.1000000015
103580  -57.095  -5.428  32.704 0.1000000015
47256  -57.603  -5.016  33.128 0.1000000015
110880  -63.887  0.175  28.937 0.1000000015
49143  -63.077  -2.046  28.778 0.1000000015
37438  -41.236  -14.161  27.311 0.1000000015
37445  -42.069  -14.215  26.610 0.1000000015
45226  -58.075  -6.304  33.168 0.1000000015
52679  -64.559  2.022  28.454 0.1000000015
97161  -64.792  1.603  28.404 0.1000000015
45263  -58.016  -7.190  32.056 0.1000000015
45245  -57.927  -7.228  32.735 0.1000000015
38248  -41.181  -13.691  26.542 0.1000000015
38255  -41.299  -13.157  25.696 0.1000000015
44178  -57.689  -8.092  31.961 0.1000000015
38247  -40.244  -13.454  27.420 0.1000000015
39119  -39.975  -12.650  27.267 0.1000000015
101137  -40.521  -12.878  26.646 0.1000000015
39125  -40.602  -12.324  26.040 0.1000000015
110518  -40.966  -12.439  25.372 0.1000000015
43151  -57.398  -9.194  30.111 0.1000000015
104469  -40.121  -12.157  26.791 0.1000000015
40117  -40.436  -11.573  26.309 0.1000000015
40124  -40.819  -10.974  25.817 0.1000000015
42101  -56.879  -9.924  28.920 0.1000000015
103377  -57.130  -9.755  30.893 0.1000000015
40106  -40.144  -11.421  27.089 0.1000000015
42186  -42.695  -9.533  23.687 0.1000000015
42113  -56.214  -10.043  28.259 0.1000000015
96434  -56.705  -10.523  29.187 0.1000000015
42210  -42.867  -9.719  22.879 0.1000000015
43245  -45.048  -8.796  23.009 0.1000000015
42131  -54.921  -10.453  26.327 0.1000000015
104368  -55.221  -10.623  26.874 0.1000000015
42188  -44.104  -9.035  23.103 0.1000000015
107506  -45.901  -8.563  23.354 0.1000000015
43230  -47.680  -8.483  23.787 0.1000000015
42151  -52.344  -9.643  24.923 0.1000000015
41153  -53.818  -10.241  25.597 0.1000000015
41154  -54.391  -10.432  25.984 0.1000000015
93938  -45.863  -8.661  22.608 0.1000000015
43246  -47.576  -8.511  22.668 0.1000000015
111784  -48.904  -8.698  23.793 0.1000000015
102748  -53.242  -10.219  26.031 0.1000000015
42214  -46.133  -8.805  21.838 0.1000000015
94188  -46.596  -8.573  22.534 0.1000000015
51722  -60.115  0.454  30.776 0.1000000015
50773  -57.813  -0.956  30.853 0.1000000015
51736  -60.061  0.371  29.561 0.1000000015
48233  -56.248  -3.324  30.633 0.1000000015
48232  -55.786  -4.099  30.381 0.1000000015
97968  -59.958  0.255  28.477 0.1000000015
47287  -55.517  -4.850  30.781 0.1000000015
50012  -63.115  -1.165  28.046 0.1000000015
46300  -55.264  -5.759  31.205 0.1000000015
46301  -56.238  -5.343  31.728 0.1000000015
46274  -57.742  -5.881  33.259 0.1000000015
50830  -64.776  0.805  27.897 0.1000000015
50809  -63.930  -0.035  28.362 0.1000000015
45262  -55.341  -6.687  31.488 0.1000000015
45244  -56.980  -6.819  32.741 0.1000000015
45225  -57.655  -6.627  33.108 0.1000000015
52689  -64.132  2.062  27.837 0.1000000015
52680  -64.861  1.838  27.679 0.1000000015
44169  -57.106  -7.778  32.545 0.1000000015
43137  -57.319  -8.430  32.050 0.1000000015
44170  -57.458  -7.788  32.369 0.1000000015
40125  -41.193  -11.256  24.958 0.1000000015
39130  -41.101  -12.103  24.862 0.1000000015
42090  -56.812  -10.481  30.711 0.1000000015
43142  -56.974  -9.077  31.633 0.1000000015
93546  -57.181  -10.118  29.880 0.1000000015
41117  -40.490  -10.671  27.485 0.1000000015
41134  -40.592  -10.778  26.638 0.1000000015
96598  -41.359  -10.376  25.369 0.1000000015
41143  -55.337  -10.904  27.636 0.1000000015
41110  -56.276  -11.114  29.460 0.1000000015
42105  -41.557  -9.766  27.367 0.1000000015
42120  -41.664  -9.672  26.663 0.1000000015
41150  -41.132  -10.206  26.201 0.1000000015
43228  -45.317  -8.595  23.938 0.1000000015
94624  -47.001  -8.516  24.389 0.1000000015
41142  -54.744  -10.909  26.847 0.1000000015
94651  -46.161  -8.519  24.143 0.1000000015
42169  -49.825  -9.152  24.789 0.1000000015
41141  -53.859  -10.795  26.519 0.1000000015
42150  -51.423  -9.514  25.316 0.1000000015
41151  -52.290  -9.896  25.963 0.1000000015
41140  -52.818  -10.581  26.725 0.1000000015
50790  -58.553  -0.182  29.667 0.1000000015
50791  -59.328  0.181  30.113 0.1000000015
50789  -57.699  -0.430  29.381 0.1000000015
47317  -55.224  -4.151  28.968 0.1000000015
50829  -63.838  -0.260  27.478 0.1000000015
99568  -62.751  -1.376  27.124 0.1000000015
95873  -64.509  2.076  26.953 0.1000000015
51760  -65.292  1.351  27.252 0.1000000015
111149  -55.668  -7.498  31.731 0.1000000015
52690  -65.210  1.679  26.773 0.1000000015
103318  -56.523  -9.095  31.728 0.1000000015
44177  -55.677  -8.165  31.502 0.1000000015
42078  -56.417  -10.211  31.142 0.1000000015
42165  -41.935  -9.803  24.948 0.1000000015
41083  -56.331  -11.101  31.059 0.1000000015
108664  -43.786  -8.922  23.737 0.1000000015
40085  -55.687  -11.642  29.861 0.1000000015
41099  -56.177  -11.493  30.542 0.1000000015
42143  -42.479  -9.216  25.390 0.1000000015
43211  -45.586  -8.534  24.741 0.1000000015
43193  -48.178  -8.805  25.170 0.1000000015
41125  -54.262  -11.287  27.311 0.1000000015
42121  -42.433  -9.236  26.309 0.1000000015
42107  -43.325  -9.010  26.820 0.1000000015
42148  -49.484  -9.305  25.662 0.1000000015
42130  -51.031  -9.891  26.331 0.1000000015
41139  -51.832  -10.338  26.877 0.1000000015
41124  -53.346  -11.362  27.549 0.1000000015
42149  -50.404  -9.428  25.521 0.1000000015
50808  -59.197  0.044  29.041 0.1000000015
50851  -63.450  -0.574  26.411 0.1000000015
50852  -64.876  0.598  26.940 0.1000000015
48286  -62.056  -2.955  26.853 0.1000000015
51775  -65.463  1.301  26.583 0.1000000015
44185  -54.953  -7.899  30.386 0.1000000015
52700  -64.837  2.055  26.089 0.1000000015
43141  -55.939  -10.260  31.350 0.1000000015
42077  -56.076  -11.158  31.328 0.1000000015
42166  -42.573  -9.349  24.519 0.1000000015
40072  -55.181  -12.326  30.916 0.1000000015
42144  -43.178  -8.814  24.930 0.1000000015
42167  -43.209  -9.033  24.088 0.1000000015
99863  -53.434  -12.047  28.805 0.1000000015
40098  -54.930  -11.811  29.221 0.1000000015
43171  -43.876  -8.660  26.211 0.1000000015
43190  -44.049  -8.561  25.363 0.1000000015
43210  -44.722  -8.586  24.601 0.1000000015
99892  -47.276  -8.672  25.328 0.1000000015
93208  -51.069  -10.399  27.107 0.1000000015
41123  -52.256  -11.007  27.474 0.1000000015
42123  -44.283  -8.819  26.849 0.1000000015
43172  -44.675  -8.582  26.140 0.1000000015
43173  -45.560  -8.603  26.060 0.1000000015
43174  -46.449  -8.679  25.912 0.1000000015
42147  -48.682  -9.106  25.829 0.1000000015
42129  -49.955  -9.698  26.379 0.1000000015
50873  -63.510  -0.494  25.336 0.1000000015
50035  -62.364  -1.260  25.606 0.1000000015
50874  -64.738  0.355  25.980 0.1000000015
50024  -62.296  -1.689  26.319 0.1000000015
51789  -65.600  0.886  25.566 0.1000000015
51774  -65.565  1.048  26.413 0.1000000015
49165  -61.808  -2.528  26.229 0.1000000015
51790  -65.513  1.376  25.830 0.1000000015
95347  -62.674  1.939  24.475 0.1000000015
41081  -54.973  -12.121  31.158 0.1000000015
40071  -54.186  -12.500  30.809 0.1000000015
40083  -53.662  -12.601  30.167 0.1000000015
95455  -54.635  -12.440  30.341 0.1000000015
42109  -45.558  -9.226  27.641 0.1000000015
42110  -46.451  -9.392  27.606 0.1000000015
42111  -47.417  -9.647  27.456 0.1000000015
112253  -48.056  -9.644  27.101 0.1000000015
41137  -49.462  -10.019  27.132 0.1000000015
41122  -50.752  -10.938  27.746 0.1000000015
40108  -51.581  -11.446  28.003 0.1000000015
42108  -44.685  -9.119  27.527 0.1000000015
42124  -45.265  -8.829  26.863 0.1000000015
106169  -46.022  -8.794  26.560 0.1000000015
42145  -47.214  -8.880  26.167 0.1000000015
42127  -48.345  -9.366  26.558 0.1000000015
41138  -50.333  -10.216  27.108 0.1000000015
50891  -63.480  -0.430  24.264 0.1000000015
50892  -64.700  0.277  25.105 0.1000000015
50023  -61.837  -2.072  25.725 0.1000000015
52716  -65.007  2.044  25.181 0.1000000015
48293  -61.766  -3.328  26.108 0.1000000015
52736  -63.943  2.214  24.420 0.1000000015
40092  -49.228  -11.832  29.403 0.1000000015
39103  -51.717  -12.790  31.105 0.1000000015
42097  -46.946  -9.795  28.225 0.1000000015
41108  -50.190  -11.505  28.431 0.1000000015
40094  -50.694  -12.259  29.147 0.1000000015
40095  -51.698  -12.292  29.067 0.1000000015
106570  -52.938  -12.709  30.482 0.1000000015
41119  -48.231  -10.089  27.633 0.1000000015
41120  -48.961  -10.487  27.699 0.1000000015
40107  -50.944  -11.720  28.405 0.1000000015
40096  -52.751  -12.515  29.529 0.1000000015
50806  -57.494  -0.423  28.444 0.1000000015
51810  -64.912  0.493  24.373 0.1000000015
50043  -62.355  -1.088  24.689 0.1000000015
50042  -61.697  -1.928  25.032 0.1000000015
49179  -61.162  -2.547  24.529 0.1000000015
52717  -65.610  1.548  24.791 0.1000000015
51811  -65.887  1.025  25.034 0.1000000015
108510  -65.547  0.752  25.096 0.1000000015
49173  -61.362  -2.797  25.445 0.1000000015
52737  -64.927  2.068  24.292 0.1000000015
47359  -61.557  -3.775  25.332 0.1000000015
53578  -63.884  2.275  23.532 0.1000000015
52748  -62.675  2.180  23.539 0.1000000015
97355  -48.044  -10.771  28.897 0.1000000015
41094  -48.693  -11.234  28.899 0.1000000015
40093  -49.892  -12.085  29.229 0.1000000015
41106  -47.758  -10.213  28.191 0.1000000015
98698  -48.493  -10.708  28.247 0.1000000015
50054  -62.204  -1.027  23.724 0.1000000015
50061  -62.008  -1.016  22.785 0.1000000015
50922  -63.482  -0.334  22.594 0.1000000015
50907  -62.869  -0.582  23.207 0.1000000015
50908  -64.648  0.507  23.182 0.1000000015
102419  -63.897  -0.154  23.513 0.1000000015
50053  -61.574  -1.744  24.157 0.1000000015
95212  -65.300  1.042  23.052 0.1000000015
52749  -65.275  1.327  23.211 0.1000000015
111179  -65.404  1.202  23.677 0.1000000015
51828  -65.656  1.125  24.057 0.1000000015
53579  -64.698  2.066  23.433 0.1000000015
52738  -65.370  1.595  23.900 0.1000000015
47364  -61.413  -4.299  24.568 0.1000000015
48296  -61.081  -3.396  24.682 0.1000000015
53604  -62.835  2.707  21.997 0.1000000015
53591  -63.768  2.350  22.596 0.1000000015
53590  -62.853  2.403  22.709 0.1000000015
47365  -61.987  -4.683  25.130 0.1000000015
50067  -62.088  -1.058  21.826 0.1000000015
50921  -62.598  -0.706  22.446 0.1000000015
50060  -61.444  -1.632  23.259 0.1000000015
101321  -64.885  0.535  22.204 0.1000000015
101239  -64.209  -0.016  22.243 0.1000000015
51836  -65.389  0.922  21.931 0.1000000015
49178  -60.764  -3.091  23.981 0.1000000015
53593  -65.130  1.575  22.392 0.1000000015
102764  -65.276  1.151  22.340 0.1000000015
109020  -63.533  3.256  21.288 0.1000000015
53605  -63.749  2.645  21.719 0.1000000015
53606  -64.663  2.244  21.628 0.1000000015
53580  -65.085  1.723  23.212 0.1000000015
53592  -64.561  2.099  22.513 0.1000000015
47363  -60.941  -3.907  24.001 0.1000000015
46379  -61.814  -5.103  24.387 0.1000000015
46380  -62.483  -5.403  24.778 0.1000000015
46391  -62.255  -5.767  24.052 0.1000000015
46381  -63.168  -5.697  25.068 0.1000000015
50930  -62.824  -0.648  21.920 0.1000000015
50931  -63.536  -0.455  21.685 0.1000000015
52772  -67.540  1.360  20.033 0.1000000015
51857  -67.077  1.007  20.406 0.1000000015
109316  -66.366  0.747  20.702 0.1000000015
50933  -65.209  0.333  21.330 0.1000000015
53633  -66.058  2.534  20.249 0.1000000015
53620  -66.504  1.735  20.685 0.1000000015
52771  -66.848  1.299  20.585 0.1000000015
51837  -65.736  1.146  21.482 0.1000000015
49190  -61.035  -2.377  23.672 0.1000000015
54465  -65.328  2.935  20.339 0.1000000015
53608  -65.917  1.549  21.217 0.1000000015
52750  -65.564  1.332  21.687 0.1000000015
54463  -63.818  3.781  20.961 0.1000000015
54464  -64.603  3.534  20.602 0.1000000015
53618  -64.886  2.537  20.845 0.1000000015
53607  -65.378  1.810  21.498 0.1000000015
47372  -61.270  -4.815  23.788 0.1000000015
50936  -62.766  -0.926  21.087 0.1000000015
50066  -61.425  -1.637  22.332 0.1000000015
53634  -66.910  2.497  19.769 0.1000000015
53635  -67.946  1.889  19.734 0.1000000015
51863  -67.861  1.123  19.751 0.1000000015
51855  -66.427  0.461  20.067 0.1000000015
104374  -64.630  -0.303  20.635 0.1000000015
50937  -63.703  -0.624  20.803 0.1000000015
54479  -67.090  3.740  19.344 0.1000000015
99027  -68.014  0.817  19.273 0.1000000015
51861  -66.393  0.259  19.100 0.1000000015
50942  -64.776  -0.386  19.707 0.1000000015
50941  -63.863  -0.708  19.893 0.1000000015
49200  -60.954  -2.288  22.828 0.1000000015
55290  -65.029  4.627  20.414 0.1000000015
104869  -65.287  3.738  20.247 0.1000000015
51867  -67.337  0.525  18.492 0.1000000015
50946  -64.900  -0.371  18.786 0.1000000015
108794  -61.835  -1.761  20.629 0.1000000015
51884  -67.095  0.674  15.776 0.1000000015
50953  -65.190  -0.229  17.808 0.1000000015
95854  -64.353  -0.477  18.130 0.1000000015
49189  -60.695  -2.951  23.224 0.1000000015
48304  -60.710  -3.559  23.486 0.1000000015
47371  -60.765  -4.264  23.325 0.1000000015
108318  -61.719  -5.459  23.783 0.1000000015
108005  -61.382  -5.447  23.365 0.1000000015
108434  -68.079  4.170  18.686 0.1000000015
53642  -69.415  2.306  18.309 0.1000000015
52780  -69.110  1.545  18.979 0.1000000015
55301  -66.413  4.486  19.731 0.1000000015
53652  -69.614  2.516  17.140 0.1000000015
109571  -69.081  1.145  18.645 0.1000000015
104555  -62.082  -1.375  21.027 0.1000000015
50070  -61.511  -1.815  21.352 0.1000000015
55291  -65.674  4.285  20.077 0.1000000015
52789  -68.934  1.257  16.313 0.1000000015
52782  -69.029  1.137  17.677 0.1000000015
104140  -62.345  -1.420  20.387 0.1000000015
48311  -60.576  -3.636  22.840 0.1000000015
46390  -60.877  -5.051  23.095 0.1000000015
56149  -68.681  5.714  17.379 0.1000000015
56167  -68.905  5.614  16.665 0.1000000015
56944  -68.067  6.915  18.249 0.1000000015
55318  -68.493  4.986  18.139 0.1000000015
94386  -69.205  4.109  17.056 0.1000000015
56130  -67.530  6.115  19.202 0.1000000015
55302  -67.523  4.990  19.105 0.1000000015
54507  -69.339  3.262  16.578 0.1000000015
56120  -65.308  5.704  20.461 0.1000000015
104095  -65.856  5.098  20.141 0.1000000015
53664  -69.108  2.322  15.085 0.1000000015
49206  -60.963  -2.305  21.965 0.1000000015
109498  -60.990  -2.411  21.258 0.1000000015
49199  -60.656  -2.962  22.424 0.1000000015
104957  -60.624  -2.940  21.623 0.1000000015
48317  -60.404  -3.754  21.985 0.1000000015
47382  -60.524  -4.475  22.607 0.1000000015
47391  -60.283  -4.741  21.882 0.1000000015
56960  -68.483  6.598  17.251 0.1000000015
56961  -68.713  6.207  16.611 0.1000000015
57776  -67.728  7.768  18.051 0.1000000015
56978  -68.375  6.828  16.037 0.1000000015
56943  -67.413  6.977  19.258 0.1000000015
55331  -68.332  5.358  16.275 0.1000000015
55332  -68.791  5.115  16.656 0.1000000015
112259  -66.919  6.273  19.774 0.1000000015
54514  -67.306  3.147  16.215 0.1000000015
54515  -68.884  3.167  15.758 0.1000000015
60238  -65.884  10.844  16.985 0.1000000015
110892  -66.432  9.780  16.781 0.1000000015
59425  -66.298  10.240  16.890 0.1000000015
98047  -67.361  8.558  17.961 0.1000000015
57791  -67.527  8.147  16.578 0.1000000015
57765  -67.063  7.768  19.474 0.1000000015
107104  -67.918  5.923  16.035 0.1000000015
100670  -68.016  6.975  15.670 0.1000000015
55330  -67.397  5.084  16.942 0.1000000015
56165  -67.800  6.450  16.011 0.1000000015
54504  -66.435  3.845  17.107 0.1000000015
58613  -66.661  9.256  16.628 0.1000000015
57790  -67.085  8.516  16.481 0.1000000015
58612  -66.168  9.745  16.825 0.1000000015
56164  -66.668  5.780  17.402 0.1000000015
56147  -67.205  7.026  16.665 0.1000000015
98021  -65.294  3.487  17.100 0.1000000015
54512  -64.931  2.962  16.661 0.1000000015
53661  -64.591  2.574  16.082 0.1000000015
54502  -63.610  3.371  17.538 0.1000000015
53660  -63.609  2.522  16.337 0.1000000015
52803  -63.139  2.173  15.611 0.1000000015
52815  -61.652  1.067  14.878 0.1000000015
51918  -60.456  0.716  14.012 0.1000000015
59424  -65.665  10.285  17.152 0.1000000015
57789  -65.434  8.717  17.776 0.1000000015
60237  -64.815  11.004  17.628 0.1000000015
56958  -66.683  7.680  17.012 0.1000000015
58611  -64.692  9.240  18.114 0.1000000015
55329  -66.127  4.750  17.601 0.1000000015
56146  -65.997  6.405  17.843 0.1000000015
99640  -64.647  7.598  18.403 0.1000000015
55328  -65.071  4.199  17.675 0.1000000015
55317  -65.417  5.228  18.022 0.1000000015
56956  -64.008  6.542  18.545 0.1000000015
55316  -64.278  4.838  18.199 0.1000000015
56145  -64.707  5.859  18.371 0.1000000015
54503  -64.434  3.479  17.327 0.1000000015
54495  -63.965  4.005  17.942 0.1000000015
56144  -63.435  5.493  18.490 0.1000000015
54494  -63.123  3.774  18.070 0.1000000015
55315  -63.297  4.526  18.301 0.1000000015
54501  -62.962  3.211  17.711 0.1000000015
104819  -62.420  3.402  18.109 0.1000000015
104592  -61.525  4.328  18.504 0.1000000015
53658  -61.971  2.089  17.053 0.1000000015
53641  -61.838  2.997  18.146 0.1000000015
54493  -61.663  3.647  18.353 0.1000000015
93862  -61.239  1.107  15.669 0.1000000015
53647  -60.673  2.310  18.013 0.1000000015
53640  -61.120  3.025  18.321 0.1000000015
59423  -64.008  9.895  18.156 0.1000000015
57788  -63.964  8.176  18.557 0.1000000015
107010  -62.660  4.952  18.492 0.1000000015
55313  -61.034  4.850  18.615 0.1000000015
110687  -46.641  -9.845  28.904 0.1000000015
41135  -40.987  -10.095  27.016 0.1000000015
111348  -43.938  -9.103  27.417 0.1000000015
107541  -61.565  0.846  28.125 0.1000000015
43150  -55.562  -8.990  30.918 0.1000000015
41082  -55.799  -11.842  31.195 0.1000000015
40082  -52.227  -12.798  30.354 0.1000000015
39105  -53.316  -12.607  30.685 0.1000000015
49984  -56.780  -1.562  30.227 0.1000000015
103616  -56.523  -2.347  30.422 0.1000000015
40081  -51.303  -12.761  30.149 0.1000000015
56121  -66.182  6.007  20.172 0.1000000015
58614  -67.072  9.240  16.705 0.1000000015
61078  -63.914  12.511  17.570 0.1000000015
96881  -46.567  -18.133  32.906 0.1000000015
49974  -62.575  -1.285  31.717 0.1000000015
37422  -41.150  -14.949  29.106 0.1000000015
47275  -58.326  -5.748  32.314 0.1000000015
106785  -57.378  -5.589  29.278 0.1000000015
101904  -57.422  -6.227  29.771 0.1000000015
44212  -56.203  -7.507  27.468 0.1000000015
45299  -56.496  -6.667  27.595 0.1000000015
44205  -56.011  -8.448  27.353 0.1000000015
105833  -52.178  -9.461  23.768 0.1000000015
43269  -49.278  -8.647  21.975 0.1000000015
42215  -49.977  -8.837  22.654 0.1000000015
42216  -50.508  -9.050  21.938 0.1000000015
42235  -49.306  -9.074  21.185 0.1000000015
51678  -60.047  -0.090  32.658 0.1000000015
49948  -59.302  -1.414  33.003 0.1000000015
97206  -58.508  -4.106  32.998 0.1000000015
48234  -58.741  -3.570  30.538 0.1000000015
47276  -58.422  -4.828  32.374 0.1000000015
46265  -58.162  -4.937  33.344 0.1000000015
44197  -57.191  -8.308  29.118 0.1000000015
43247  -48.530  -8.536  22.287 0.1000000015
47257  -58.033  -4.599  33.382 0.1000000015
101643  -42.517  -14.508  27.240 0.1000000015
46275  -58.080  -5.373  33.407 0.1000000015
43143  -57.410  -8.748  31.309 0.1000000015
42112  -55.639  -10.365  27.445 0.1000000015
43231  -48.524  -8.554  23.283 0.1000000015
42170  -50.760  -9.265  24.585 0.1000000015
50774  -58.490  -0.712  31.381 0.1000000015
48219  -56.733  -3.644  31.864 0.1000000015
48204  -57.440  -4.101  32.811 0.1000000015
44154  -57.699  -7.199  32.874 0.1000000015
108576  -40.757  -11.775  25.549 0.1000000015
41161  -41.589  -10.520  24.555 0.1000000015
42187  -43.348  -9.262  23.327 0.1000000015
41111  -56.722  -10.852  30.191 0.1000000015
43227  -44.473  -8.749  23.796 0.1000000015
42100  -55.961  -10.701  28.449 0.1000000015
111831  -46.275  -8.547  22.985 0.1000000015
43229  -46.744  -8.507  23.420 0.1000000015
42213  -45.281  -8.971  22.035 0.1000000015
43214  -49.270  -8.896  24.179 0.1000000015
98201  -58.060  -0.539  30.307 0.1000000015
46285  -56.119  -6.385  31.953 0.1000000015
46286  -56.966  -6.164  32.705 0.1000000015
49155  -62.550  -2.357  27.622 0.1000000015
45243  -56.236  -7.337  32.150 0.1000000015
43136  -57.091  -8.436  32.191 0.1000000015
44168  -56.438  -8.155  32.146 0.1000000015
41126  -54.898  -11.365  27.875 0.1000000015
41109  -55.558  -11.235  28.694 0.1000000015
42142  -41.766  -9.668  25.800 0.1000000015
102098  -46.395  -8.545  24.993 0.1000000015
43213  -48.472  -8.672  24.269 0.1000000015
43212  -47.724  -8.595  24.597 0.1000000015
42168  -48.978  -9.018  24.979 0.1000000015
49166  -62.217  -2.226  26.816 0.1000000015
43209  -43.877  -8.708  24.412 0.1000000015
40084  -55.279  -12.205  30.414 0.1000000015
43192  -45.829  -8.547  25.422 0.1000000015
42146  -47.916  -8.898  26.008 0.1000000015
40110  -54.209  -11.734  28.234 0.1000000015
42122  -43.177  -8.780  25.843 0.1000000015
106542  -51.487  -10.784  27.434 0.1000000015
40073  -55.674  -12.088  30.781 0.1000000015
40097  -54.173  -12.137  29.348 0.1000000015
40109  -52.496  -11.824  28.321 0.1000000015
43191  -45.070  -8.526  25.388 0.1000000015
107283  -46.019  -9.048  27.107 0.1000000015
42125  -46.758  -9.089  26.796 0.1000000015
42126  -47.619  -9.265  26.695 0.1000000015
41136  -48.681  -9.834  27.119 0.1000000015
42128  -49.094  -9.541  26.455 0.1000000015
41121  -49.801  -10.731  27.770 0.1000000015
41107  -49.295  -11.258  28.491 0.1000000015
51848  -65.883  0.780  21.175 0.1000000015
54453  -64.138  2.920  21.090 0.1000000015
50932  -64.413  -0.163  21.497 0.1000000015
53621  -67.230  1.612  20.257 0.1000000015
51856  -66.402  1.091  20.913 0.1000000015
50938  -65.638  0.171  20.506 0.1000000015
52760  -66.154  1.313  21.079 0.1000000015
53619  -65.701  2.177  20.800 0.1000000015
98707  -68.090  3.012  18.973 0.1000000015
52779  -68.357  1.465  19.507 0.1000000015
53636  -68.827  2.098  19.143 0.1000000015
51862  -67.225  0.713  19.632 0.1000000015
50943  -65.649  -0.071  19.507 0.1000000015
50071  -63.039  -1.054  20.154 0.1000000015
54478  -66.016  3.424  19.893 0.1000000015
51864  -68.614  1.095  19.259 0.1000000015
51868  -68.482  0.812  18.571 0.1000000015
51866  -66.229  0.128  18.006 0.1000000015
51872  -67.081  0.446  17.098 0.1000000015
51873  -68.157  0.758  17.384 0.1000000015
50947  -65.648  -0.116  18.659 0.1000000015
51871  -65.992  0.167  16.728 0.1000000015
104348  -68.035  0.882  16.019 0.1000000015
54480  -69.045  3.985  17.988 0.1000000015
54496  -69.431  3.221  17.524 0.1000000015
54481  -69.065  2.911  18.412 0.1000000015
56129  -66.705  5.479  19.737 0.1000000015
52783  -69.479  1.641  18.018 0.1000000015
52790  -69.489  1.777  16.738 0.1000000015
51885  -68.710  1.565  15.083 0.1000000015
52804  -69.369  1.895  15.605 0.1000000015
55319  -68.974  4.943  17.253 0.1000000015
56174  -68.680  6.171  16.041 0.1000000015
56148  -68.218  5.920  18.355 0.1000000015
53665  -69.440  2.532  15.967 0.1000000015
57777  -68.207  7.489  16.814 0.1000000015
56166  -68.305  6.320  15.836 0.1000000015
54505  -68.128  4.046  16.508 0.1000000015
55337  -68.676  5.811  16.101 0.1000000015
54506  -68.742  4.099  16.503 0.1000000015
56977  -67.856  7.468  15.944 0.1000000015
56959  -67.541  7.816  16.277 0.1000000015
101014  -67.824  7.278  15.852 0.1000000015
54513  -65.992  3.069  16.484 0.1000000015
103700  -66.097  8.208  17.426 0.1000000015
53651  -64.008  2.955  16.846 0.1000000015
53650  -63.216  2.815  17.155 0.1000000015
53659  -62.767  2.353  16.707 0.1000000015
94153  -62.216  1.548  15.417 0.1000000015
100908  -62.317  1.962  16.246 0.1000000015
51902  -60.868  0.829  14.874 0.1000000015
56957  -65.338  7.012  18.189 0.1000000015
53649  -62.405  2.702  17.592 0.1000000015
100602  -62.360  4.227  18.368 0.1000000015
55314  -61.876  4.962  18.580 0.1000000015
52802  -61.598  1.571  16.397 0.1000000015
53648  -61.531  2.430  17.811 0.1000000015
51901  -59.948  0.725  14.972 0.1000000015
52788  -61.136  1.796  17.282 0.1000000015
99187  -63.385  7.219  18.628 0.1000000015
56143  -62.369  5.626  18.611 0.1000000015
41973  -53.725  -8.834  40.719 1.0000000000
44991  -45.750  -6.251  48.007 0.6000000238
46276  -58.171  -5.430  33.310 0.1000000015
52492  -55.016  1.309  40.122 0.1000000015
53331  -54.541  1.657  40.520 0.1000000015
53342  -54.365  2.443  40.146 0.1000000015
53344  -54.968  2.400  39.531 0.1000000015
54196  -53.701  3.516  40.211 0.1000000015
55077  -54.857  4.038  38.159 0.2000000030
94634  -52.712  2.945  39.930 0.1000000015
100608  -55.276  2.257  38.319 0.2000000030
109548  -53.700  5.560  39.089 0.1000000015
109631  -55.014  3.660  38.946 0.1000000015
110614  -31.321  -13.647  43.982 0.1000000015
