#!ascii label  , from subject sub-v1s16x0051184_ses-1 vox2ras=TkReg
4733
96758  20.945  -6.926  46.433 0.0000000000
74008  12.956  19.464  41.798 0.0000000000
95249  16.637  2.075  50.490 0.0000000000
63559  1.768  2.700  46.279 0.0000000000
59480  35.204  -3.000  44.300 0.0000000000
69721  6.612  12.215  35.976 0.0000000000
64564  53.074  4.526  23.288 0.0000000000
62314  60.828  0.707  13.624 0.0000000000
59533  18.360  -2.926  42.710 0.0000000000
60422  22.432  -1.729  37.534 0.0000000000
52270  16.133  -10.812  48.977 0.0000000000
58760  11.581  -3.278  41.607 0.0000000000
54395  29.643  -8.448  45.360 0.0000000000
58855  28.277  -3.541  34.326 0.0000000000
77070  10.852  25.094  38.197 0.0000000000
80560  14.798  31.153  35.017 0.0000000000
69617  9.274  11.056  48.490 0.0000000000
65758  6.294  5.800  40.288 0.0000000000
71230  9.652  15.360  40.756 0.0000000000
74101  12.270  19.491  32.447 0.0000000000
62163  44.165  0.487  32.073 0.0000000000
64557  46.846  3.337  24.934 0.0000000000
58923  52.420  -4.062  29.997 0.0000000000
61123  8.248  0.272  50.494 0.0000000000
66417  9.796  6.605  43.487 0.0000000000
58041  39.070  -4.075  39.233 0.0000000000
60473  36.340  -1.096  32.837 0.0000000000
63785  57.505  3.240  20.120 0.0000000000
56390  19.213  -5.981  43.531 0.0000000000
58755  23.118  -3.942  42.032 0.0000000000
107153  22.621  -7.617  40.310 0.0000000000
51189  19.485  -11.501  46.395 0.0000000000
107785  17.168  -9.375  41.597 0.0000000000
52254  22.858  -9.953  50.342 0.0000000000
50147  20.054  -12.942  51.129 0.0000000000
94433  25.223  -9.532  45.303 0.0000000000
54291  26.088  -10.091  50.036 0.0000000000
55536  25.739  -7.585  38.584 0.0000000000
77051  12.367  24.268  43.199 0.0000000000
80534  11.839  30.223  39.273 0.0000000000
77069  13.991  24.939  38.321 0.0000000000
71700  12.178  15.656  46.436 0.0000000000
70690  11.277  13.125  45.556 0.0000000000
73407  9.872  18.494  44.410 0.0000000000
74647  7.485  20.514  39.483 0.0000000000
60445  44.600  -2.061  35.398 0.0000000000
62143  50.182  0.421  33.280 0.0000000000
58663  10.923  -3.418  52.839 0.0000000000
62803  15.543  2.333  41.433 0.0000000000
99072  10.877  3.205  40.300 0.0000000000
65063  14.144  4.845  45.247 0.0000000000
67765  13.645  8.512  49.036 0.0000000000
58726  39.220  -3.212  42.828 0.0000000000
59560  32.245  -2.243  40.208 0.0000000000
58866  33.096  -3.412  33.613 0.0000000000
60399  36.623  -1.493  39.703 0.0000000000
62071  40.727  0.953  38.867 0.0000000000
101019  8.477  6.569  36.670 0.0000000000
63658  3.728  2.327  36.691 0.0000000000
66536  3.029  6.451  33.660 0.0000000000
70285  5.900  12.579  30.739 0.0000000000
64706  62.258  3.780  9.208 0.0000000000
61156  17.251  -1.240  46.569 0.0000000000
62745  21.258  1.111  47.496 0.0000000000
60307  24.448  -2.165  46.818 0.0000000000
62040  24.514  0.290  42.059 0.0000000000
62831  26.361  1.781  37.277 0.0000000000
54310  14.756  -8.562  51.859 0.0000000000
57220  11.961  -5.992  48.895 0.0000000000
55439  13.170  -7.754  44.728 0.0000000000
59602  16.183  -2.680  38.709 0.0000000000
51142  17.969  -11.791  53.882 0.0000000000
97506  31.624  -4.739  45.956 0.0000000000
54330  35.044  -8.499  48.856 0.0000000000
54300  31.127  -9.853  49.145 0.0000000000
62117  28.433  0.796  34.005 0.0000000000
110255  24.578  -2.578  35.005 0.0000000000
58025  28.664  -4.530  40.187 0.0000000000
80572  11.487  30.871  34.853 0.0000000000
108349  3.813  7.437  47.518 0.0000000000
65728  2.496  5.267  43.263 0.0000000000
68491  6.286  9.649  43.520 0.0000000000
68512  11.897  8.980  41.718 0.0000000000
103174  13.363  11.058  36.768 0.0000000000
70778  11.751  13.588  32.936 0.0000000000
72856  11.184  17.717  37.365 0.0000000000
75282  7.703  21.397  35.494 0.0000000000
60578  40.540  -1.200  25.230 0.0000000000
65237  43.669  4.689  27.637 0.0000000000
59773  44.847  -2.432  25.592 0.0000000000
59757  49.407  -1.834  26.117 0.0000000000
59779  55.834  -2.746  24.444 0.0000000000
57386  51.874  -5.632  26.479 0.0000000000
61982  4.799  0.548  47.447 0.0000000000
60311  9.825  -2.035  46.447 0.0000000000
62775  7.192  1.017  43.881 0.0000000000
65081  5.312  4.413  44.040 0.0000000000
67779  9.162  8.688  47.233 0.0000000000
69619  13.691  11.130  48.092 0.0000000000
62169  29.354  0.814  30.287 0.0000000000
61370  31.713  -0.044  26.463 0.0000000000
60583  36.387  -0.863  25.771 0.0000000000
61299  39.637  -0.287  31.996 0.0000000000
60416  43.686  0.291  37.928 0.0000000000
62824  1.796  1.012  40.149 0.0000000000
71842  9.491  15.898  29.697 0.0000000000
63003  58.716  1.156  16.408 0.0000000000
59819  56.646  -2.318  21.659 0.0000000000
55436  20.219  -6.649  44.981 0.0000000000
56412  21.139  -6.623  42.012 0.0000000000
54428  21.576  -7.913  43.324 0.0000000000
53342  19.770  -8.290  47.069 0.0000000000
54400  18.988  -7.695  45.166 0.0000000000
55368  20.929  -7.255  48.796 0.0000000000
52275  21.201  -10.940  47.981 0.0000000000
53354  23.644  -8.926  45.729 0.0000000000
54354  23.687  -8.115  48.304 0.0000000000
53416  23.646  -9.539  42.725 0.0000000000
75195  13.118  22.230  43.137 0.0000000000
77060  13.592  24.762  41.397 0.0000000000
104603  13.645  22.016  40.279 0.0000000000
72247  12.238  17.003  44.344 0.0000000000
72802  10.692  17.569  45.554 0.0000000000
73993  11.895  19.292  43.960 0.0000000000
75193  10.947  21.108  43.650 0.0000000000
65048  17.300  4.842  49.121 0.0000000000
57190  12.035  -5.084  54.199 0.0000000000
62757  16.005  1.904  46.158 0.0000000000
103139  14.953  3.436  43.754 0.0000000000
64351  15.172  3.627  47.615 0.0000000000
65691  15.627  5.180  48.566 0.0000000000
59488  37.437  -2.617  43.592 0.0000000000
57245  37.246  -5.267  44.148 0.0000000000
57230  35.479  -5.758  44.957 0.0000000000
60349  33.550  -1.753  43.865 0.0000000000
59558  34.363  -2.093  40.492 0.0000000000
61173  36.987  -0.707  42.987 0.0000000000
62028  38.839  0.574  42.990 0.0000000000
61997  1.070  0.385  47.683 0.0000000000
61159  0.747  -0.151  45.801 0.0000000000
68564  7.468  9.985  36.365 0.0000000000
98378  4.468  7.158  36.146 0.0000000000
69144  3.463  10.432  36.052 0.0000000000
67244  4.773  7.059  34.077 0.0000000000
69174  5.312  10.876  34.368 0.0000000000
70773  4.935  13.513  33.584 0.0000000000
63046  61.948  2.573  11.953 0.0000000000
94479  18.046  -2.087  44.385 0.0000000000
93595  20.444  -1.654  46.637 0.0000000000
60337  20.952  -1.875  44.418 0.0000000000
59564  22.740  -2.903  40.541 0.0000000000
101861  23.550  -2.031  42.385 0.0000000000
61212  22.969  -0.362  39.603 0.0000000000
62808  25.494  1.465  40.136 0.0000000000
62083  23.615  0.332  37.342 0.0000000000
53301  15.180  -9.621  50.408 0.0000000000
54357  13.637  -8.439  48.580 0.0000000000
52286  14.912  -10.085  47.018 0.0000000000
57286  17.588  -5.745  40.419 0.0000000000
56442  16.002  -6.598  39.335 0.0000000000
58769  17.341  -3.401  40.412 0.0000000000
93202  16.804  -1.154  42.066 0.0000000000
50158  18.309  -12.164  50.178 0.0000000000
50140  18.906  -12.462  52.361 0.0000000000
51161  17.003  -10.999  51.027 0.0000000000
53273  16.133  -10.001  53.484 0.0000000000
111649  30.625  -6.640  45.346 0.0000000000
56358  31.997  -6.895  47.897 0.0000000000
96337  30.592  -8.666  47.617 0.0000000000
50136  25.105  -12.415  51.003 0.0000000000
46008  24.885  -15.380  51.279 0.0000000000
62107  24.532  0.187  35.188 0.0000000000
59641  22.999  -2.487  36.115 0.0000000000
54464  28.212  -8.183  42.000 0.0000000000
56451  27.308  -6.037  38.940 0.0000000000
56410  29.319  -6.274  42.056 0.0000000000
57999  30.142  -4.301  42.593 0.0000000000
77650  10.898  25.805  36.431 0.0000000000
79434  12.567  28.859  34.794 0.0000000000
78829  10.198  27.936  37.173 0.0000000000
80546  13.922  30.534  37.406 0.0000000000
81636  11.718  32.745  37.039 0.0000000000
68448  5.144  9.506  47.895 0.0000000000
68480  3.647  9.400  45.156 0.0000000000
104747  6.275  10.760  46.024 0.0000000000
70707  10.763  14.245  43.416 0.0000000000
69660  11.864  11.123  43.684 0.0000000000
70197  12.310  12.122  41.899 0.0000000000
68528  13.209  9.219  39.485 0.0000000000
111379  11.661  13.631  39.756 0.0000000000
70742  12.799  14.198  37.633 0.0000000000
100446  10.226  16.224  39.234 0.0000000000
75926  10.540  22.375  39.756 0.0000000000
75245  7.718  20.949  37.520 0.0000000000
111169  10.695  22.581  36.666 0.0000000000
77098  9.463  24.100  35.025 0.0000000000
60507  42.109  -0.677  29.096 0.0000000000
60566  42.818  -1.806  25.840 0.0000000000
60504  44.840  -1.112  29.207 0.0000000000
60480  52.243  -0.537  32.225 0.0000000000
60500  50.107  -0.820  29.336 0.0000000000
60521  53.038  -1.189  29.032 0.0000000000
59744  53.929  -2.493  27.923 0.0000000000
58935  55.037  -3.852  26.970 0.0000000000
58130  51.422  -5.336  28.131 0.0000000000
61937  6.822  0.498  51.877 0.0000000000
61943  5.414  0.683  50.860 0.0000000000
61966  6.633  0.848  49.174 0.0000000000
58712  11.217  -4.286  45.374 0.0000000000
58697  10.890  -4.016  47.153 0.0000000000
59505  10.509  -2.475  44.260 0.0000000000
65749  9.973  5.186  41.610 0.0000000000
62796  8.433  1.507  42.293 0.0000000000
108126  7.590  4.064  42.238 0.0000000000
64383  6.135  3.136  42.961 0.0000000000
65726  7.075  5.698  43.720 0.0000000000
66394  7.153  6.724  45.744 0.0000000000
67118  9.129  7.212  45.168 0.0000000000
100988  14.249  9.516  48.876 0.0000000000
70688  14.053  12.621  45.328 0.0000000000
60477  27.451  -1.658  32.596 0.0000000000
62152  29.227  0.645  32.317 0.0000000000
59717  28.799  -2.537  31.854 0.0000000000
59690  35.165  -2.162  33.003 0.0000000000
59736  32.796  -2.374  29.794 0.0000000000
60513  34.381  -1.317  29.384 0.0000000000
61380  33.964  -0.321  25.724 0.0000000000
60535  36.287  -0.810  28.260 0.0000000000
112447  38.115  -1.028  28.508 0.0000000000
95411  38.179  -0.421  31.954 0.0000000000
60396  41.275  -0.084  40.676 0.0000000000
92974  42.235  1.229  38.810 0.0000000000
60419  41.299  -1.184  38.169 0.0000000000
65751  3.490  5.418  41.758 0.0000000000
63608  2.384  2.994  41.476 0.0000000000
64451  4.004  3.000  40.009 0.0000000000
62859  1.835  1.601  34.299 0.0000000000
72338  13.407  16.739  32.480 0.0000000000
71812  10.688  15.132  30.819 0.0000000000
72362  12.357  16.924  30.314 0.0000000000
64530  45.475  3.724  26.231 0.0000000000
65889  46.281  5.881  29.537 0.0000000000
97664  47.874  5.423  28.347 0.0000000000
63774  55.194  2.694  20.246 0.0000000000
101039  56.577  3.598  19.338 0.0000000000
64645  58.036  4.932  17.615 0.0000000000
62993  57.598  1.642  18.004 0.0000000000
58150  53.919  -4.525  23.799 0.0000000000
59795  56.704  -2.055  23.682 0.0000000000
58003  18.920  -4.162  42.388 0.0000000000
104292  21.484  -3.339  42.503 0.0000000000
57276  20.923  -5.103  41.850 0.0000000000
58013  22.598  -5.241  41.124 0.0000000000
106907  22.672  -4.827  39.174 0.0000000000
51184  17.817  -12.069  47.660 0.0000000000
52293  16.430  -11.131  45.303 0.0000000000
95395  18.381  -10.572  43.901 0.0000000000
55464  18.399  -7.497  42.454 0.0000000000
49160  23.531  -13.269  51.247 0.0000000000
49144  21.492  -14.143  51.740 0.0000000000
93489  21.963  -12.554  49.688 0.0000000000
50170  19.884  -12.443  48.238 0.0000000000
95069  27.790  -9.587  45.026 0.0000000000
53323  28.331  -9.615  48.205 0.0000000000
53326  25.792  -9.248  48.021 0.0000000000
54307  23.538  -9.227  50.729 0.0000000000
57314  23.784  -5.292  37.372 0.0000000000
54502  23.739  -8.384  39.514 0.0000000000
53429  26.331  -9.470  41.884 0.0000000000
77061  11.469  25.049  40.999 0.0000000000
98409  10.197  28.141  39.349 0.0000000000
78800  12.954  26.959  41.301 0.0000000000
78815  13.768  28.327  39.293 0.0000000000
107371  14.416  28.370  36.966 0.0000000000
70679  11.351  13.201  48.140 0.0000000000
69625  9.918  11.913  47.368 0.0000000000
93059  10.764  15.340  46.535 0.0000000000
72243  8.974  16.346  44.746 0.0000000000
72820  7.444  16.743  42.656 0.0000000000
72832  7.430  16.924  40.237 0.0000000000
74630  7.686  20.397  43.214 0.0000000000
75197  9.696  22.598  42.314 0.0000000000
62097  46.115  0.371  35.768 0.0000000000
62161  46.671  0.550  32.310 0.0000000000
60442  47.459  -0.359  34.764 0.0000000000
59707  48.669  -1.723  32.366 0.0000000000
59446  9.744  -1.642  52.025 0.0000000000
98552  12.886  0.199  39.163 0.0000000000
96168  11.182  -0.111  40.604 0.0000000000
64432  13.278  3.579  40.326 0.0000000000
65094  12.901  5.176  41.914 0.0000000000
66402  12.721  6.517  44.068 0.0000000000
67106  11.477  7.711  45.191 0.0000000000
99196  13.610  6.634  47.297 0.0000000000
58764  39.435  -3.488  40.704 0.0000000000
56421  37.875  -6.743  40.317 0.0000000000
57263  37.985  -6.048  42.129 0.0000000000
112421  30.601  -2.925  37.173 0.0000000000
58852  30.715  -3.690  33.907 0.0000000000
58798  32.830  -3.145  37.191 0.0000000000
94204  34.641  -2.895  37.197 0.0000000000
60430  36.631  -1.498  36.317 0.0000000000
61242  37.966  -0.402  36.224 0.0000000000
61210  38.467  -0.141  39.373 0.0000000000
61191  40.867  -0.101  41.912 0.0000000000
65777  7.959  5.066  38.301 0.0000000000
64459  5.715  3.196  38.152 0.0000000000
65161  5.813  4.526  36.148 0.0000000000
65168  2.881  4.664  35.098 0.0000000000
64479  3.051  3.502  33.252 0.0000000000
69787  8.208  12.264  29.807 0.0000000000
75321  8.687  21.191  32.116 0.0000000000
74717  11.696  20.195  30.399 0.0000000000
75989  9.160  22.162  29.338 0.0000000000
64589  57.333  3.830  22.143 0.0000000000
61143  16.939  -0.444  48.580 0.0000000000
62740  18.328  0.529  49.928 0.0000000000
60285  19.946  -1.113  49.106 0.0000000000
61132  23.629  -0.711  48.740 0.0000000000
61986  25.407  0.300  47.310 0.0000000000
59502  23.809  -3.438  44.056 0.0000000000
100711  24.484  -1.361  44.262 0.0000000000
62782  26.306  1.698  44.568 0.0000000000
63598  26.842  2.134  41.975 0.0000000000
63611  27.615  2.678  40.962 0.0000000000
98855  29.206  2.559  38.294 0.0000000000
56333  12.918  -5.986  52.049 0.0000000000
55340  13.390  -7.321  50.684 0.0000000000
56369  12.408  -6.636  46.593 0.0000000000
57269  12.268  -5.653  42.592 0.0000000000
54451  14.295  -8.671  42.788 0.0000000000
56429  13.705  -6.263  40.541 0.0000000000
58780  13.228  -3.203  39.130 0.0000000000
62063  15.696  0.457  39.425 0.0000000000
62783  16.390  0.920  43.921 0.0000000000
49127  20.068  -14.092  52.727 0.0000000000
59482  33.144  -2.836  45.587 0.0000000000
57958  34.811  -5.539  47.262 0.0000000000
57218  33.435  -5.661  48.222 0.0000000000
54314  33.002  -8.944  49.844 0.0000000000
104720  29.046  -10.119  49.251 0.0000000000
63654  30.330  2.108  36.486 0.0000000000
62851  26.832  1.177  35.710 0.0000000000
60458  25.837  -0.962  33.600 0.0000000000
58856  26.824  -3.136  34.550 0.0000000000
58051  25.136  -4.521  37.012 0.0000000000
58801  26.982  -2.704  37.706 0.0000000000
59620  28.219  -2.327  37.590 0.0000000000
59563  29.762  -2.477  40.229 0.0000000000
95610  31.560  -2.270  43.401 0.0000000000
80555  10.248  30.869  37.052 0.0000000000
65701  2.155  5.087  47.150 0.0000000000
107230  1.566  3.664  45.434 0.0000000000
66409  2.235  6.613  45.475 0.0000000000
67831  3.715  8.448  43.007 0.0000000000
106530  5.663  7.873  41.579 0.0000000000
69055  9.039  10.666  45.351 0.0000000000
68503  8.520  9.186  42.719 0.0000000000
98001  8.381  7.723  40.858 0.0000000000
67164  10.574  6.948  39.313 0.0000000000
67892  11.158  7.948  36.330 0.0000000000
69157  10.567  10.135  34.946 0.0000000000
70257  8.913  12.330  34.209 0.0000000000
101822  13.123  12.423  34.827 0.0000000000
71768  13.332  15.646  35.724 0.0000000000
73492  12.165  18.608  34.898 0.0000000000
73453  8.129  18.119  38.367 0.0000000000
74065  8.328  18.742  36.216 0.0000000000
74093  8.694  19.816  33.936 0.0000000000
76536  7.695  23.324  33.245 0.0000000000
111689  39.843  2.712  25.529 0.0000000000
96005  41.890  4.760  28.098 0.0000000000
63730  41.479  1.897  24.577 0.0000000000
62909  43.568  1.410  23.991 0.0000000000
62214  45.418  0.389  23.461 0.0000000000
60502  47.482  -1.181  29.350 0.0000000000
98180  46.987  -2.432  25.503 0.0000000000
60609  47.353  -1.100  23.032 0.0000000000
61416  49.115  -0.277  22.449 0.0000000000
103565  54.279  1.069  23.188 0.0000000000
59797  54.642  -2.513  24.331 0.0000000000
57394  53.713  -5.044  25.129 0.0000000000
57404  51.520  -5.599  24.192 0.0000000000
63862  59.390  3.637  13.675 0.0000000000
102470  13.372  16.125  41.287 0.0000000000
73439  14.298  18.362  39.263 0.0000000000
61955  3.128  0.234  50.127 0.0000000000
61995  3.140  0.731  47.041 0.0000000000
57953  11.340  -4.338  50.543 0.0000000000
58679  10.412  -2.898  49.723 0.0000000000
60288  9.437  -1.176  48.727 0.0000000000
61189  9.733  -0.357  42.856 0.0000000000
100575  8.885  -0.208  45.145 0.0000000000
93357  8.331  0.272  47.337 0.0000000000
62002  6.573  0.543  45.668 0.0000000000
62778  4.706  1.539  44.685 0.0000000000
64372  3.145  3.254  45.809 0.0000000000
65708  4.101  5.485  46.461 0.0000000000
67090  5.844  7.620  47.931 0.0000000000
68437  8.931  9.720  47.836 0.0000000000
67777  11.233  9.021  47.007 0.0000000000
96742  11.129  10.128  48.002 0.0000000000
69615  11.445  11.519  48.654 0.0000000000
70681  13.098  13.349  47.319 0.0000000000
71198  13.277  14.626  44.023 0.0000000000
54363  35.320  -8.045  47.242 0.0000000000
62854  30.816  2.076  34.449 0.0000000000
65212  29.757  4.097  29.602 0.0000000000
59731  30.573  -2.651  30.556 0.0000000000
62176  29.811  0.147  27.833 0.0000000000
65229  31.372  4.624  28.262 0.0000000000
64524  33.872  3.743  27.207 0.0000000000
104882  36.181  3.012  26.667 0.0000000000
108849  37.956  2.482  25.741 0.0000000000
61375  38.499  -0.868  25.082 0.0000000000
60531  40.215  -1.275  28.154 0.0000000000
62150  42.464  0.147  32.009 0.0000000000
62103  39.985  0.533  35.705 0.0000000000
93581  41.613  0.719  35.152 0.0000000000
62114  44.007  0.795  35.303 0.0000000000
60426  44.167  -0.542  37.303 0.0000000000
93176  42.244  -3.026  35.148 0.0000000000
75241  15.037  21.367  36.827 0.0000000000
106101  15.809  24.464  35.034 0.0000000000
62798  1.477  1.612  43.043 0.0000000000
62828  3.165  1.678  38.303 0.0000000000
110083  7.961  14.391  32.100 0.0000000000
71311  6.693  15.119  29.894 0.0000000000
107929  8.010  14.403  28.336 0.0000000000
72939  10.207  17.749  28.523 0.0000000000
72389  9.099  16.613  27.874 0.0000000000
65871  43.709  5.932  30.591 0.0000000000
64659  58.283  4.192  15.352 0.0000000000
62289  60.107  0.702  15.448 0.0000000000
62920  56.973  1.189  24.370 0.0000000000
62222  57.585  0.051  23.228 0.0000000000
62243  57.759  0.132  21.064 0.0000000000
100165  57.434  -1.766  20.278 0.0000000000
109038  58.311  0.006  19.296 0.0000000000
61434  58.745  -0.231  18.013 0.0000000000
61466  58.841  -0.699  16.280 0.0000000000
55417  20.606  -6.827  45.701 0.0000000000
97468  20.816  -6.936  43.927 0.0000000000
112278  21.700  -7.919  44.592 0.0000000000
55402  20.328  -6.899  47.069 0.0000000000
55403  19.736  -7.048  46.460 0.0000000000
55401  21.186  -6.972  47.311 0.0000000000
55369  20.411  -7.602  48.254 0.0000000000
54397  21.962  -7.620  46.405 0.0000000000
54370  22.225  -7.526  47.359 0.0000000000
53380  22.632  -8.936  43.926 0.0000000000
74002  12.975  20.256  42.182 0.0000000000
75920  13.534  22.315  41.185 0.0000000000
74636  13.294  20.805  41.438 0.0000000000
73420  12.432  18.579  42.777 0.0000000000
102119  11.832  18.359  44.509 0.0000000000
97623  12.205  19.740  43.720 0.0000000000
74624  12.192  20.749  43.739 0.0000000000
64344  16.915  3.063  50.507 0.0000000000
65047  17.512  4.423  49.127 0.0000000000
104721  17.144  2.841  50.446 0.0000000000
63544  16.016  2.175  48.178 0.0000000000
63550  15.811  2.316  46.953 0.0000000000
63541  15.741  2.843  49.121 0.0000000000
64347  15.954  3.425  49.583 0.0000000000
59479  36.031  -2.893  43.901 0.0000000000
58703  36.273  -4.268  44.627 0.0000000000
58691  35.449  -4.407  45.018 0.0000000000
60316  33.965  -2.139  44.407 0.0000000000
60330  34.795  -1.623  43.827 0.0000000000
61153  35.753  -2.196  43.744 0.0000000000
61151  37.304  -1.043  43.503 0.0000000000
62759  1.395  1.075  46.934 0.0000000000
94423  0.790  0.407  46.927 0.0000000000
62770  1.667  1.764  46.305 0.0000000000
69139  6.787  11.004  36.384 0.0000000000
68565  5.389  10.744  36.661 0.0000000000
69708  4.410  12.438  36.330 0.0000000000
69176  3.753  11.570  35.732 0.0000000000
70261  4.280  13.135  35.725 0.0000000000
69748  4.777  12.943  33.970 0.0000000000
70260  5.481  13.259  35.292 0.0000000000
65950  51.727  6.752  22.942 0.0000000000
65932  53.613  6.693  23.458 0.0000000000
64563  53.948  4.601  23.648 0.0000000000
62324  61.261  1.189  12.926 0.0000000000
59517  17.880  -2.443  43.222 0.0000000000
60354  19.102  -1.999  43.954 0.0000000000
109642  19.628  -2.229  43.325 0.0000000000
59581  22.390  -2.564  39.031 0.0000000000
61204  22.695  -1.141  39.947 0.0000000000
61213  22.610  -0.979  39.068 0.0000000000
62074  23.496  0.335  38.323 0.0000000000
61231  22.707  -0.893  37.391 0.0000000000
94382  15.662  -10.307  49.359 0.0000000000
53329  15.093  -9.889  49.019 0.0000000000
52278  15.490  -10.553  47.645 0.0000000000
58757  17.801  -4.016  42.010 0.0000000000
104946  17.450  -4.244  40.184 0.0000000000
58746  17.547  -3.273  42.073 0.0000000000
59534  17.445  -2.541  42.529 0.0000000000
105835  17.162  -11.499  49.413 0.0000000000
94685  17.574  -11.602  50.356 0.0000000000
51166  16.806  -11.077  50.099 0.0000000000
52259  16.343  -10.540  50.626 0.0000000000
55433  30.256  -7.150  45.023 0.0000000000
101540  30.633  -7.849  46.504 0.0000000000
54381  30.119  -8.307  46.051 0.0000000000
49141  24.585  -13.520  51.593 0.0000000000
48058  25.071  -13.809  51.667 0.0000000000
104401  23.020  -0.969  36.166 0.0000000000
59642  22.587  -2.153  36.689 0.0000000000
54426  28.673  -8.365  43.397 0.0000000000
55477  28.578  -7.477  41.766 0.0000000000
96345  29.501  -7.431  43.841 0.0000000000
56388  29.745  -6.664  43.560 0.0000000000
77645  10.412  25.708  37.537 0.0000000000
78828  10.801  27.443  36.647 0.0000000000
78240  9.892  26.497  37.795 0.0000000000
112113  13.868  31.221  36.334 0.0000000000
81128  13.328  31.773  36.505 0.0000000000
81643  13.672  32.311  35.277 0.0000000000
110782  7.373  9.532  47.200 0.0000000000
102167  5.555  10.180  46.927 0.0000000000
69628  8.388  10.583  47.221 0.0000000000
71213  9.364  15.155  42.014 0.0000000000
70714  11.378  13.375  42.663 0.0000000000
70722  10.750  14.137  41.352 0.0000000000
70212  12.122  12.681  40.589 0.0000000000
103205  11.106  14.136  40.083 0.0000000000
71235  10.913  14.598  39.786 0.0000000000
71742  9.905  15.433  40.282 0.0000000000
76502  11.297  23.598  38.587 0.0000000000
75937  10.815  22.317  37.505 0.0000000000
77074  11.153  24.221  37.950 0.0000000000
77082  10.652  24.672  36.736 0.0000000000
105565  43.449  -0.058  31.058 0.0000000000
60505  43.932  -1.003  28.937 0.0000000000
61316  44.748  -0.263  30.570 0.0000000000
102109  51.602  -2.643  30.939 0.0000000000
60497  53.282  -0.974  30.770 0.0000000000
59735  53.779  -2.075  30.288 0.0000000000
59742  53.764  -2.008  28.926 0.0000000000
58931  54.089  -3.748  29.404 0.0000000000
58118  53.814  -4.491  28.635 0.0000000000
58106  52.180  -4.637  29.311 0.0000000000
60269  8.735  -0.544  52.279 0.0000000000
61112  8.046  -0.058  53.111 0.0000000000
61936  7.734  0.387  51.298 0.0000000000
61941  6.994  0.702  50.900 0.0000000000
61950  7.957  0.532  49.794 0.0000000000
95467  11.355  -3.837  43.090 0.0000000000
58720  11.061  -3.786  44.780 0.0000000000
59519  11.033  -3.052  43.114 0.0000000000
65737  9.638  5.715  42.281 0.0000000000
65095  9.018  5.014  41.882 0.0000000000
65738  8.316  5.284  42.467 0.0000000000
65739  7.603  4.773  42.533 0.0000000000
65725  8.473  6.064  42.951 0.0000000000
66406  8.589  6.784  44.515 0.0000000000
66405  9.459  6.917  44.261 0.0000000000
58785  38.865  -4.047  38.157 0.0000000000
57302  38.371  -5.511  38.367 0.0000000000
59673  28.015  -3.271  33.171 0.0000000000
60476  28.098  -2.092  32.200 0.0000000000
58888  28.805  -3.492  32.900 0.0000000000
60474  35.667  -1.612  32.532 0.0000000000
59712  34.320  -2.163  30.922 0.0000000000
60484  35.476  -1.254  31.287 0.0000000000
60512  35.136  -0.850  29.274 0.0000000000
108488  36.068  -0.648  30.362 0.0000000000
61323  36.861  -0.578  30.558 0.0000000000
61281  36.885  -0.644  32.348 0.0000000000
59573  39.790  -2.013  39.627 0.0000000000
60408  41.132  -0.774  39.061 0.0000000000
101604  39.623  -2.503  38.249 0.0000000000
59612  39.724  -2.503  37.381 0.0000000000
65760  4.700  5.400  40.931 0.0000000000
65112  3.696  4.446  41.140 0.0000000000
65132  4.971  4.031  39.933 0.0000000000
72904  13.116  18.136  33.193 0.0000000000
93049  13.290  17.132  31.704 0.0000000000
73524  12.967  18.457  31.232 0.0000000000
64529  46.398  3.731  26.182 0.0000000000
65234  46.746  4.512  27.273 0.0000000000
65233  47.503  4.634  27.049 0.0000000000
107653  57.052  3.642  20.327 0.0000000000
63786  57.294  3.626  19.751 0.0000000000
64637  57.566  4.086  18.634 0.0000000000
104622  57.475  2.360  19.634 0.0000000000
96452  53.076  -4.752  22.848 0.0000000000
58157  53.900  -4.262  22.735 0.0000000000
57258  18.985  -5.524  42.889 0.0000000000
57267  19.436  -4.818  42.454 0.0000000000
57266  20.098  -5.318  42.462 0.0000000000
56411  21.865  -6.925  41.260 0.0000000000
96148  21.593  -6.280  41.518 0.0000000000
57274  22.356  -6.184  40.917 0.0000000000
57285  22.756  -5.389  40.175 0.0000000000
97868  22.690  -6.335  39.953 0.0000000000
51190  18.743  -11.912  46.386 0.0000000000
51201  18.000  -11.483  45.237 0.0000000000
51211  18.981  -11.041  44.999 0.0000000000
56381  19.122  -6.557  44.179 0.0000000000
101793  18.585  -7.716  43.187 0.0000000000
56391  18.872  -6.052  43.357 0.0000000000
102005  18.594  -5.706  42.621 0.0000000000
105516  23.414  -10.945  50.565 0.0000000000
98914  23.010  -12.596  50.392 0.0000000000
51170  22.339  -11.540  49.222 0.0000000000
52276  20.616  -10.472  47.349 0.0000000000
50175  21.036  -11.928  48.048 0.0000000000
51182  19.888  -11.912  47.120 0.0000000000
50178  18.683  -12.333  47.631 0.0000000000
53376  26.496  -9.629  44.499 0.0000000000
53350  26.995  -9.540  46.850 0.0000000000
53351  26.047  -9.464  46.640 0.0000000000
55353  22.235  -7.731  49.816 0.0000000000
55351  24.005  -8.455  50.029 0.0000000000
54308  23.063  -8.932  50.877 0.0000000000
107522  23.897  -10.685  50.918 0.0000000000
56439  22.966  -6.590  39.077 0.0000000000
55501  23.039  -7.981  39.843 0.0000000000
53397  24.731  -9.624  43.632 0.0000000000
95930  24.928  -9.641  41.954 0.0000000000
95309  25.584  -9.638  43.217 0.0000000000
53413  26.877  -9.453  42.749 0.0000000000
94694  11.511  24.534  42.436 0.0000000000
78222  12.137  26.582  41.424 0.0000000000
77625  12.833  25.878  42.092 0.0000000000
104602  13.788  24.753  39.285 0.0000000000
77631  13.602  26.229  40.281 0.0000000000
78234  13.918  26.533  38.667 0.0000000000
104132  14.224  27.975  37.777 0.0000000000
78244  14.379  26.700  36.864 0.0000000000
71186  12.181  14.385  47.306 0.0000000000
71188  11.127  14.416  47.119 0.0000000000
71697  11.433  15.402  46.802 0.0000000000
102547  10.082  17.792  45.299 0.0000000000
72803  9.731  17.269  45.606 0.0000000000
72238  8.954  17.070  45.024 0.0000000000
72248  8.538  16.134  43.677 0.0000000000
105918  7.852  17.589  44.003 0.0000000000
112279  6.827  18.524  43.059 0.0000000000
73409  8.548  19.016  44.220 0.0000000000
75910  11.548  22.835  43.663 0.0000000000
96669  10.198  22.215  43.289 0.0000000000
75914  10.382  23.065  42.718 0.0000000000
76492  10.731  23.703  41.163 0.0000000000
60435  45.936  -0.583  35.991 0.0000000000
61239  46.680  0.355  35.349 0.0000000000
57942  10.610  -3.964  54.485 0.0000000000
58664  10.379  -3.040  53.714 0.0000000000
59441  10.124  -2.242  52.497 0.0000000000
62812  15.049  1.983  39.926 0.0000000000
63629  13.238  2.268  39.605 0.0000000000
63604  14.881  2.964  40.975 0.0000000000
65069  14.443  4.243  44.679 0.0000000000
65092  14.060  4.594  42.761 0.0000000000
65078  13.722  5.216  43.503 0.0000000000
65734  12.475  5.861  42.470 0.0000000000
65711  13.443  5.796  44.181 0.0000000000
66391  13.243  6.306  45.510 0.0000000000
65699  13.598  5.781  46.056 0.0000000000
104514  39.485  -3.402  41.878 0.0000000000
58010  38.798  -5.152  41.648 0.0000000000
57998  38.764  -4.945  42.381 0.0000000000
56376  35.923  -6.070  44.532 0.0000000000
56384  36.214  -6.169  43.842 0.0000000000
59596  31.605  -2.567  38.571 0.0000000000
58799  31.938  -3.158  37.033 0.0000000000
59595  32.539  -2.576  38.635 0.0000000000
110675  35.599  -1.789  40.482 0.0000000000
93411  34.402  -2.477  38.872 0.0000000000
59593  35.723  -2.057  38.865 0.0000000000
59632  36.108  -2.039  36.857 0.0000000000
111322  36.909  -1.375  38.699 0.0000000000
60420  37.285  -0.940  37.631 0.0000000000
61211  37.746  -0.725  39.343 0.0000000000
60345  39.419  -1.280  43.423 0.0000000000
62027  39.634  0.254  42.546 0.0000000000
60361  39.807  -1.479  42.640 0.0000000000
98533  39.764  -1.907  41.736 0.0000000000
65786  8.484  5.574  37.109 0.0000000000
65151  7.521  4.748  37.161 0.0000000000
65796  7.014  5.404  36.484 0.0000000000
67214  2.870  7.562  35.271 0.0000000000
66496  3.462  6.172  35.508 0.0000000000
65818  2.496  5.657  34.099 0.0000000000
64480  2.582  3.898  33.653 0.0000000000
65851  3.180  5.387  33.181 0.0000000000
63678  4.613  3.529  33.083 0.0000000000
66560  3.874  5.759  33.283 0.0000000000
67940  6.068  8.248  34.282 0.0000000000
66557  5.798  5.669  33.286 0.0000000000
69777  6.835  12.166  30.532 0.0000000000
75977  7.792  22.710  31.270 0.0000000000
75348  8.547  21.953  30.960 0.0000000000
64573  57.232  4.450  22.848 0.0000000000
61147  17.058  -0.937  47.568 0.0000000000
61137  18.355  -0.662  49.429 0.0000000000
95020  18.604  -1.518  47.739 0.0000000000
93840  22.474  -1.971  46.113 0.0000000000
60296  22.104  -1.358  48.328 0.0000000000
60294  24.291  -1.729  47.819 0.0000000000
61130  25.043  -0.481  48.446 0.0000000000
60306  25.008  -1.878  47.129 0.0000000000
58742  22.176  -3.994  42.207 0.0000000000
59530  22.555  -3.684  42.837 0.0000000000
58729  23.545  -3.734  43.170 0.0000000000
61195  23.842  -0.243  41.821 0.0000000000
61186  23.879  -1.548  43.025 0.0000000000
99712  24.639  -0.017  43.299 0.0000000000
62022  24.864  -0.117  44.256 0.0000000000
62021  25.368  0.715  43.557 0.0000000000
62792  26.057  1.412  43.264 0.0000000000
62800  25.816  1.256  42.083 0.0000000000
63639  26.052  2.068  38.954 0.0000000000
109050  26.569  2.189  40.287 0.0000000000
111561  27.128  2.391  39.149 0.0000000000
63647  27.777  2.156  37.737 0.0000000000
55322  14.489  -7.728  53.005 0.0000000000
55329  13.645  -7.095  51.632 0.0000000000
55339  13.834  -7.773  51.155 0.0000000000
54372  13.432  -8.286  47.276 0.0000000000
55389  12.982  -7.579  47.390 0.0000000000
55405  12.708  -7.232  46.108 0.0000000000
56382  12.341  -6.493  44.952 0.0000000000
56392  12.721  -6.851  43.531 0.0000000000
53401  16.589  -10.213  42.873 0.0000000000
53383  15.431  -10.145  44.394 0.0000000000
54450  15.551  -9.166  41.689 0.0000000000
57307  15.745  -5.007  38.672 0.0000000000
56428  14.424  -6.618  40.013 0.0000000000
57298  14.377  -4.978  38.945 0.0000000000
58028  13.145  -4.728  40.004 0.0000000000
101834  14.560  -2.955  38.462 0.0000000000
60413  14.728  -1.403  38.542 0.0000000000
60403  16.030  -1.183  38.957 0.0000000000
100992  16.803  -1.311  44.489 0.0000000000
61187  16.701  -0.479  42.648 0.0000000000
93939  16.619  -0.514  45.448 0.0000000000
101688  16.528  0.014  45.785 0.0000000000
95365  21.117  -13.532  51.396 0.0000000000
49126  20.961  -14.533  52.393 0.0000000000
49145  20.588  -13.841  52.077 0.0000000000
102629  18.428  -12.142  53.249 0.0000000000
50130  18.892  -13.152  53.897 0.0000000000
50125  18.199  -12.845  54.357 0.0000000000
48031  17.415  -13.712  54.618 0.0000000000
50117  17.433  -12.484  54.688 0.0000000000
104182  17.345  -11.868  54.654 0.0000000000
53274  15.783  -9.578  52.798 0.0000000000
53258  15.674  -9.346  53.769 0.0000000000
54295  15.302  -8.837  53.165 0.0000000000
54285  14.926  -8.099  54.269 0.0000000000
58704  32.598  -3.329  46.180 0.0000000000
108174  33.054  -4.375  47.292 0.0000000000
57224  32.664  -5.009  47.565 0.0000000000
55350  31.998  -8.118  48.854 0.0000000000
108769  32.455  -7.669  49.097 0.0000000000
54299  31.827  -9.644  49.478 0.0000000000
54336  27.253  -9.700  49.568 0.0000000000
53313  28.884  -9.747  48.908 0.0000000000
54302  27.780  -10.160  49.579 0.0000000000
63656  28.078  1.897  36.934 0.0000000000
62840  26.585  1.478  36.486 0.0000000000
60450  24.330  -1.182  34.533 0.0000000000
61254  24.695  -0.416  34.528 0.0000000000
60449  25.003  -1.243  33.983 0.0000000000
59676  25.764  -1.829  33.670 0.0000000000
59653  26.073  -3.127  35.146 0.0000000000
95837  24.597  -6.746  37.944 0.0000000000
57313  24.669  -5.379  37.256 0.0000000000
56466  25.801  -6.216  37.827 0.0000000000
57292  28.239  -5.178  39.769 0.0000000000
58043  27.090  -4.155  38.512 0.0000000000
58776  27.714  -3.551  39.031 0.0000000000
59621  27.420  -2.446  37.329 0.0000000000
58786  27.969  -2.675  38.828 0.0000000000
59598  29.480  -2.431  38.790 0.0000000000
58766  29.254  -3.010  40.396 0.0000000000
57987  31.064  -4.449  44.595 0.0000000000
58728  30.774  -3.396  43.309 0.0000000000
108635  31.459  -3.488  44.563 0.0000000000
59500  32.382  -2.350  44.457 0.0000000000
79968  12.270  29.946  34.689 0.0000000000
79929  10.970  29.404  39.505 0.0000000000
79400  9.919  29.342  38.801 0.0000000000
80542  10.662  30.560  38.886 0.0000000000
66386  2.972  6.191  47.333 0.0000000000
66388  1.725  5.456  46.930 0.0000000000
67102  2.779  6.941  46.734 0.0000000000
68478  5.030  9.927  44.563 0.0000000000
67817  3.445  8.700  43.814 0.0000000000
67815  4.874  9.255  43.157 0.0000000000
67133  4.094  8.051  42.383 0.0000000000
68506  5.797  9.347  42.931 0.0000000000
70173  11.038  12.740  46.369 0.0000000000
69642  9.731  11.182  45.891 0.0000000000
69641  10.617  11.349  45.613 0.0000000000
69083  11.648  10.146  43.355 0.0000000000
69084  10.800  9.900  43.784 0.0000000000
67824  9.934  8.679  42.127 0.0000000000
67841  8.445  8.465  41.643 0.0000000000
67853  9.481  7.835  40.868 0.0000000000
67151  9.944  7.309  40.201 0.0000000000
67851  11.515  8.109  40.447 0.0000000000
69121  13.338  10.081  38.058 0.0000000000
67883  12.764  8.522  37.515 0.0000000000
99743  13.046  9.582  36.536 0.0000000000
68581  11.251  9.330  35.382 0.0000000000
69155  12.620  10.363  35.323 0.0000000000
69731  12.186  11.249  34.477 0.0000000000
70244  13.178  11.769  35.431 0.0000000000
71758  12.454  15.366  37.717 0.0000000000
100763  13.268  14.871  36.274 0.0000000000
72295  12.672  17.012  36.545 0.0000000000
94564  13.248  17.104  35.088 0.0000000000
72868  12.058  17.721  36.532 0.0000000000
73434  6.850  18.361  40.068 0.0000000000
72848  7.989  17.555  39.139 0.0000000000
106634  6.994  18.871  38.406 0.0000000000
75265  8.083  21.311  36.299 0.0000000000
74067  6.863  19.851  36.365 0.0000000000
101827  6.891  20.292  35.184 0.0000000000
74085  8.638  19.340  34.805 0.0000000000
74690  7.008  20.505  34.443 0.0000000000
75323  7.531  21.188  33.234 0.0000000000
75310  7.469  21.637  33.974 0.0000000000
77672  11.551  25.151  34.719 0.0000000000
77106  9.738  24.589  33.802 0.0000000000
104355  40.019  0.339  24.483 0.0000000000
97578  40.785  2.433  25.038 0.0000000000
61387  40.618  -0.206  24.468 0.0000000000
59762  44.098  -2.329  25.973 0.0000000000
61384  43.086  -0.811  24.056 0.0000000000
60613  43.867  -1.032  23.928 0.0000000000
102393  44.271  1.096  23.799 0.0000000000
60588  45.158  -1.676  24.013 0.0000000000
62159  48.686  0.687  32.790 0.0000000000
61313  47.500  -0.360  30.894 0.0000000000
61312  48.656  -0.278  31.056 0.0000000000
60544  49.332  -1.528  27.538 0.0000000000
60524  48.665  -1.560  28.125 0.0000000000
59758  48.530  -1.997  26.463 0.0000000000
108648  47.202  -2.126  23.912 0.0000000000
59786  48.007  -2.274  24.234 0.0000000000
108696  47.987  -0.764  22.749 0.0000000000
59785  49.014  -2.186  24.369 0.0000000000
58133  54.118  -5.089  26.894 0.0000000000
58136  54.594  -4.420  25.832 0.0000000000
57385  52.999  -5.445  26.258 0.0000000000
57395  52.902  -5.410  25.389 0.0000000000
57396  51.975  -5.617  25.654 0.0000000000
56573  48.487  -6.410  24.443 0.0000000000
62747  19.572  1.273  48.183 0.0000000000
93587  4.745  0.655  49.258 0.0000000000
95529  3.661  0.242  50.683 0.0000000000
93536  3.598  0.411  49.314 0.0000000000
97187  2.895  0.402  48.496 0.0000000000
61983  3.695  0.541  47.566 0.0000000000
57205  12.258  -5.588  50.706 0.0000000000
57203  11.851  -4.911  51.070 0.0000000000
57206  11.670  -5.078  50.168 0.0000000000
104811  10.172  -2.704  46.912 0.0000000000
58687  10.399  -3.184  48.250 0.0000000000
111923  9.846  -2.158  47.941 0.0000000000
60287  9.748  -1.929  48.525 0.0000000000
60312  9.540  -1.376  46.930 0.0000000000
62813  11.062  1.402  40.227 0.0000000000
61188  10.250  -0.693  42.277 0.0000000000
62044  9.536  0.715  41.872 0.0000000000
62786  8.104  0.992  42.993 0.0000000000
62024  8.723  0.418  43.556 0.0000000000
62025  7.904  0.705  44.008 0.0000000000
61990  8.243  0.254  46.511 0.0000000000
62001  7.839  0.394  45.999 0.0000000000
95567  7.155  0.495  46.305 0.0000000000
62015  6.745  0.686  44.975 0.0000000000
64384  5.471  3.472  43.528 0.0000000000
63569  5.153  2.081  44.023 0.0000000000
63584  4.864  2.878  43.850 0.0000000000
63570  4.334  2.406  44.551 0.0000000000
64371  4.122  3.523  44.830 0.0000000000
65064  4.167  4.793  45.684 0.0000000000
65716  4.756  5.279  45.462 0.0000000000
93339  7.513  7.427  46.794 0.0000000000
67110  6.846  7.037  46.667 0.0000000000
67781  7.252  8.254  47.639 0.0000000000
67768  6.875  8.443  47.684 0.0000000000
68447  9.016  9.201  47.591 0.0000000000
67089  12.842  7.991  47.295 0.0000000000
67792  11.561  8.533  46.471 0.0000000000
67776  12.992  8.625  48.167 0.0000000000
69026  14.205  10.137  48.461 0.0000000000
106019  13.006  9.764  48.044 0.0000000000
108651  12.932  10.889  48.087 0.0000000000
69612  11.190  10.944  48.589 0.0000000000
69614  12.250  11.461  48.332 0.0000000000
70166  12.423  12.470  48.122 0.0000000000
102734  13.430  12.627  47.445 0.0000000000
70697  13.591  13.763  44.389 0.0000000000
71203  13.721  13.915  43.072 0.0000000000
96425  13.192  15.300  42.748 0.0000000000
56347  35.162  -6.640  48.604 0.0000000000
56356  35.648  -6.580  48.057 0.0000000000
53309  35.267  -8.656  48.413 0.0000000000
62849  28.840  1.413  35.304 0.0000000000
62836  30.682  1.969  35.640 0.0000000000
62856  29.175  1.195  34.503 0.0000000000
62165  29.340  0.797  31.745 0.0000000000
62871  29.639  1.335  32.558 0.0000000000
62876  29.589  1.558  31.662 0.0000000000
64489  29.629  3.375  31.253 0.0000000000
108467  29.468  2.354  29.954 0.0000000000
58851  32.291  -3.584  34.093 0.0000000000
58901  30.792  -3.574  31.773 0.0000000000
58900  31.684  -3.457  31.601 0.0000000000
60561  31.925  -1.080  27.786 0.0000000000
61355  31.007  -0.878  27.958 0.0000000000
62180  30.927  0.209  26.814 0.0000000000
63693  30.257  2.311  27.183 0.0000000000
63704  31.401  2.204  26.382 0.0000000000
65246  32.912  4.107  27.525 0.0000000000
63703  32.289  2.357  26.074 0.0000000000
61378  35.585  -0.479  25.642 0.0000000000
62899  34.810  0.974  25.388 0.0000000000
62898  36.384  1.058  25.294 0.0000000000
63700  36.526  2.693  26.312 0.0000000000
62188  37.234  0.709  24.953 0.0000000000
102394  38.034  1.055  24.866 0.0000000000
61376  37.671  -0.776  25.221 0.0000000000
61343  38.767  -0.719  29.681 0.0000000000
60509  39.089  -0.928  29.029 0.0000000000
61320  40.454  -0.530  30.450 0.0000000000
61340  41.238  -0.505  30.052 0.0000000000
93096  41.168  -0.126  32.085 0.0000000000
62081  39.479  0.527  37.769 0.0000000000
62104  39.129  0.217  35.495 0.0000000000
62080  40.342  0.761  37.681 0.0000000000
93855  42.745  0.929  38.710 0.0000000000
93585  42.447  1.109  37.815 0.0000000000
62088  43.142  0.959  37.328 0.0000000000
107137  42.778  0.752  34.705 0.0000000000
62100  43.619  0.800  36.769 0.0000000000
62087  44.341  0.480  36.847 0.0000000000
74028  14.450  20.181  38.612 0.0000000000
65083  2.102  4.711  44.104 0.0000000000
64373  1.639  3.108  44.757 0.0000000000
64387  1.862  3.226  43.599 0.0000000000
62815  1.627  1.376  40.948 0.0000000000
62807  1.521  1.722  41.923 0.0000000000
63650  4.544  2.476  37.276 0.0000000000
63640  4.487  2.404  38.145 0.0000000000
62834  3.029  1.642  37.319 0.0000000000
70770  9.949  13.010  33.019 0.0000000000
94987  8.785  13.284  33.304 0.0000000000
70780  9.490  13.670  32.635 0.0000000000
71828  10.363  15.616  30.260 0.0000000000
71309  8.708  15.078  30.759 0.0000000000
71830  7.746  15.697  29.538 0.0000000000
70820  7.185  14.491  28.690 0.0000000000
71853  8.060  15.496  28.503 0.0000000000
73532  11.662  19.168  29.511 0.0000000000
72945  9.446  17.380  27.793 0.0000000000
65238  42.734  4.773  27.885 0.0000000000
65906  43.190  5.408  29.248 0.0000000000
103835  44.102  5.383  28.911 0.0000000000
63827  58.089  4.575  17.393 0.0000000000
63016  58.400  2.341  15.962 0.0000000000
63837  58.588  2.819  15.341 0.0000000000
63015  59.217  1.415  15.699 0.0000000000
111299  55.033  -0.739  23.455 0.0000000000
98805  55.347  0.680  23.507 0.0000000000
99581  55.975  -1.232  23.780 0.0000000000
59812  56.739  -2.286  22.778 0.0000000000
61397  57.530  -1.147  23.784 0.0000000000
60620  57.556  -1.150  22.570 0.0000000000
62236  57.571  0.098  22.067 0.0000000000
60633  57.734  -1.324  21.382 0.0000000000
60644  56.500  -2.017  18.803 0.0000000000
60636  57.953  -1.259  20.022 0.0000000000
60639  58.055  -1.074  19.235 0.0000000000
62250  58.542  -0.107  18.593 0.0000000000
60648  57.885  -1.090  17.938 0.0000000000
61480  58.829  -0.812  15.353 0.0000000000
56389  19.787  -6.313  44.099 0.0000000000
57257  19.825  -5.839  43.222 0.0000000000
56400  20.531  -6.407  43.102 0.0000000000
55463  21.276  -7.275  42.706 0.0000000000
54469  22.158  -8.214  41.662 0.0000000000
109191  19.808  -9.551  46.456 0.0000000000
53365  19.443  -9.411  45.660 0.0000000000
94815  19.317  -7.547  46.047 0.0000000000
55437  19.068  -6.938  44.967 0.0000000000
54355  21.483  -8.427  49.686 0.0000000000
97077  21.652  -9.656  49.230 0.0000000000
53327  20.973  -8.948  48.875 0.0000000000
53341  20.202  -9.218  47.415 0.0000000000
53364  24.290  -9.394  45.103 0.0000000000
53339  24.650  -9.020  46.703 0.0000000000
54369  23.261  -8.137  47.381 0.0000000000
55384  22.513  -7.479  48.314 0.0000000000
54468  22.722  -8.622  41.154 0.0000000000
53417  22.974  -9.293  42.454 0.0000000000
101144  23.328  -9.317  44.075 0.0000000000
75908  13.042  22.914  43.378 0.0000000000
77055  13.482  24.717  42.146 0.0000000000
75915  13.516  23.152  41.905 0.0000000000
76496  13.662  23.569  40.161 0.0000000000
97720  14.030  23.228  38.543 0.0000000000
71712  12.528  15.828  45.097 0.0000000000
72797  11.618  16.913  45.977 0.0000000000
72800  11.783  17.223  45.502 0.0000000000
73402  11.285  17.914  44.976 0.0000000000
73994  11.317  19.093  43.913 0.0000000000
74628  10.000  20.029  43.546 0.0000000000
75189  11.685  20.572  43.713 0.0000000000
94166  12.053  22.143  43.829 0.0000000000
59669  43.378  -3.161  34.190 0.0000000000
59668  45.313  -2.317  33.987 0.0000000000
57941  11.169  -4.789  54.700 0.0000000000
104154  11.386  -4.033  53.231 0.0000000000
62784  15.940  1.993  44.177 0.0000000000
64381  15.171  3.169  42.969 0.0000000000
63568  15.480  2.677  44.908 0.0000000000
64360  15.064  3.242  45.581 0.0000000000
64355  14.646  3.894  46.128 0.0000000000
65694  14.555  5.156  47.722 0.0000000000
65055  15.268  4.087  48.190 0.0000000000
101852  16.342  4.858  48.939 0.0000000000
59498  38.176  -2.754  43.509 0.0000000000
94099  38.360  -4.390  43.498 0.0000000000
58710  37.511  -4.077  44.181 0.0000000000
57980  36.810  -4.828  44.823 0.0000000000
109286  35.432  -6.296  45.670 0.0000000000
99174  32.610  -1.881  41.902 0.0000000000
93600  33.148  -2.288  40.200 0.0000000000
59525  34.032  -1.854  42.171 0.0000000000
60363  35.520  -1.437  42.565 0.0000000000
61194  37.055  -0.768  42.054 0.0000000000
61193  37.854  -0.405  41.717 0.0000000000
62020  37.800  0.153  43.889 0.0000000000
61161  38.201  -0.449  44.099 0.0000000000
67895  8.012  8.319  36.430 0.0000000000
99373  6.705  7.392  36.383 0.0000000000
101372  6.323  8.617  36.543 0.0000000000
67898  4.013  8.919  36.502 0.0000000000
67925  3.136  8.600  35.063 0.0000000000
67245  4.023  6.937  34.090 0.0000000000
95221  4.001  9.403  34.819 0.0000000000
67922  5.548  9.091  34.429 0.0000000000
69186  5.733  11.231  33.785 0.0000000000
69747  5.128  12.292  33.367 0.0000000000
109413  5.096  13.300  32.219 0.0000000000
65921  56.096  6.119  24.264 0.0000000000
63886  62.068  3.140  11.069 0.0000000000
98640  17.252  -1.776  44.680 0.0000000000
93397  18.749  -1.652  46.585 0.0000000000
60339  18.786  -1.819  44.904 0.0000000000
60322  20.606  -1.681  45.455 0.0000000000
60335  22.761  -2.355  45.239 0.0000000000
59548  23.103  -3.225  41.502 0.0000000000
59547  23.537  -3.315  42.472 0.0000000000
60379  22.845  -2.332  40.951 0.0000000000
61196  23.276  -1.012  41.519 0.0000000000
62050  24.197  0.476  40.698 0.0000000000
62809  24.890  0.929  40.424 0.0000000000
62060  24.135  0.642  39.824 0.0000000000
62827  24.821  1.218  38.618 0.0000000000
62833  24.920  1.270  37.734 0.0000000000
53290  15.063  -9.180  51.301 0.0000000000
54326  14.176  -8.681  50.013 0.0000000000
102036  14.678  -9.396  49.654 0.0000000000
99385  13.895  -8.983  47.347 0.0000000000
54401  13.903  -8.897  45.616 0.0000000000
55482  17.606  -7.615  40.772 0.0000000000
54490  16.351  -8.207  40.356 0.0000000000
56440  17.218  -6.470  39.799 0.0000000000
58035  17.183  -4.644  39.418 0.0000000000
59583  16.757  -2.756  39.254 0.0000000000
60392  16.775  -1.282  40.351 0.0000000000
59550  16.971  -1.861  40.867 0.0000000000
60356  16.976  -1.646  43.828 0.0000000000
50157  19.530  -12.661  50.814 0.0000000000
50148  19.563  -12.808  51.651 0.0000000000
50149  18.854  -12.358  51.239 0.0000000000
51159  18.273  -11.927  51.845 0.0000000000
51151  17.897  -11.524  53.210 0.0000000000
110093  17.141  -10.940  53.745 0.0000000000
52241  17.143  -10.908  52.065 0.0000000000
52243  16.012  -9.983  52.048 0.0000000000
57239  31.340  -5.614  45.890 0.0000000000
112432  31.882  -5.811  46.959 0.0000000000
55399  31.120  -7.094  46.642 0.0000000000
55364  31.171  -8.176  47.876 0.0000000000
99421  30.769  -9.323  48.732 0.0000000000
111680  25.389  -11.077  50.574 0.0000000000
52237  26.234  -11.084  50.477 0.0000000000
93626  25.646  -12.834  51.125 0.0000000000
47010  26.141  -14.106  51.253 0.0000000000
62841  25.744  1.319  36.666 0.0000000000
62094  23.792  0.234  36.395 0.0000000000
60440  23.358  -1.214  35.563 0.0000000000
59655  24.018  -2.454  35.225 0.0000000000
54498  26.871  -8.053  39.902 0.0000000000
56437  26.920  -6.893  39.006 0.0000000000
55500  27.672  -7.489  40.281 0.0000000000
56423  28.673  -6.262  40.771 0.0000000000
57283  29.094  -5.487  41.030 0.0000000000
58012  29.427  -4.597  41.335 0.0000000000
57265  29.700  -5.701  42.502 0.0000000000
57255  30.368  -5.248  43.663 0.0000000000
78264  12.036  25.942  35.111 0.0000000000
78846  12.835  27.137  34.597 0.0000000000
78834  12.228  27.077  35.397 0.0000000000
79423  11.319  28.749  35.894 0.0000000000
79958  11.036  29.750  35.831 0.0000000000
80539  12.837  30.948  38.546 0.0000000000
81115  11.827  31.447  38.504 0.0000000000
81120  12.697  31.932  37.310 0.0000000000
67092  4.090  8.143  47.833 0.0000000000
105802  3.372  8.478  46.396 0.0000000000
68458  4.164  9.594  46.719 0.0000000000
69059  5.351  10.470  45.796 0.0000000000
69073  6.384  10.329  45.052 0.0000000000
70698  11.317  13.417  44.549 0.0000000000
70183  11.482  12.432  44.968 0.0000000000
70706  11.326  13.457  43.548 0.0000000000
69659  12.114  11.789  43.141 0.0000000000
69092  12.568  10.320  41.855 0.0000000000
67837  12.186  8.648  40.872 0.0000000000
69099  12.909  10.641  41.119 0.0000000000
99081  13.150  11.073  39.648 0.0000000000
69690  13.142  11.936  38.345 0.0000000000
70228  13.225  12.936  37.260 0.0000000000
103520  12.697  13.389  38.299 0.0000000000
103506  11.566  15.506  38.545 0.0000000000
72281  10.968  16.326  38.611 0.0000000000
75216  9.247  21.475  39.566 0.0000000000
74657  7.379  20.451  38.287 0.0000000000
75229  9.224  21.364  38.617 0.0000000000
75243  10.021  21.684  37.264 0.0000000000
75281  9.617  21.959  35.896 0.0000000000
110899  8.990  22.574  34.766 0.0000000000
76524  9.988  23.548  35.616 0.0000000000
77660  10.747  25.028  36.057 0.0000000000
94345  41.775  -1.177  27.811 0.0000000000
96973  42.087  -1.600  26.152 0.0000000000
95944  42.614  -1.352  27.631 0.0000000000
60527  44.011  -1.599  28.098 0.0000000000
94912  44.815  -1.904  27.967 0.0000000000
108391  51.788  0.041  32.809 0.0000000000
61311  49.872  -0.241  31.023 0.0000000000
61309  52.488  0.072  31.570 0.0000000000
60499  51.612  -0.607  29.411 0.0000000000
59746  50.875  -1.442  27.020 0.0000000000
59768  50.131  -1.879  25.462 0.0000000000
59745  51.893  -1.575  27.338 0.0000000000
59755  52.313  -2.177  26.625 0.0000000000
59765  53.543  -2.673  26.410 0.0000000000
59764  54.661  -3.362  26.392 0.0000000000
58933  54.675  -3.644  27.882 0.0000000000
58128  54.037  -4.897  27.744 0.0000000000
57378  51.701  -5.550  27.293 0.0000000000
62753  22.725  1.584  46.696 0.0000000000
63553  22.425  2.308  45.348 0.0000000000
61942  6.130  0.615  51.386 0.0000000000
61952  6.067  0.859  49.960 0.0000000000
93588  5.725  0.831  49.228 0.0000000000
57227  11.662  -5.349  47.423 0.0000000000
57969  11.226  -4.640  47.747 0.0000000000
58706  11.062  -4.098  46.252 0.0000000000
58713  10.773  -3.422  45.516 0.0000000000
60340  10.068  -1.829  44.589 0.0000000000
64415  10.072  3.901  40.928 0.0000000000
63606  9.450  2.564  41.121 0.0000000000
64416  9.421  3.470  41.122 0.0000000000
63593  8.190  2.398  41.929 0.0000000000
63581  7.052  2.057  42.750 0.0000000000
62788  6.757  1.552  43.444 0.0000000000
64399  6.651  3.514  42.664 0.0000000000
65080  6.243  4.113  43.188 0.0000000000
65727  6.240  5.108  43.800 0.0000000000
65715  5.516  5.391  44.751 0.0000000000
65713  7.196  6.243  44.367 0.0000000000
67119  8.377  6.969  45.308 0.0000000000
67108  9.137  7.703  46.064 0.0000000000
67759  13.851  8.851  49.376 0.0000000000
69032  14.909  9.708  48.487 0.0000000000
69630  14.544  11.308  47.059 0.0000000000
70177  14.090  12.397  46.312 0.0000000000
69639  14.505  11.800  45.867 0.0000000000
52262  34.375  -10.021  48.507 0.0000000000
61263  27.315  -0.766  32.894 0.0000000000
62130  28.605  0.526  33.271 0.0000000000
61283  28.055  -0.888  32.294 0.0000000000
61305  28.614  -0.581  31.866 0.0000000000
61304  28.942  -0.877  31.188 0.0000000000
59672  33.750  -3.059  33.137 0.0000000000
59693  32.619  -3.106  31.250 0.0000000000
59713  33.552  -2.632  31.151 0.0000000000
60514  33.625  -1.894  29.544 0.0000000000
60560  32.895  -1.147  27.689 0.0000000000
62193  32.908  0.468  25.670 0.0000000000
108063  34.278  -0.868  28.016 0.0000000000
60557  35.286  -0.860  27.085 0.0000000000
60556  36.533  -1.033  27.446 0.0000000000
60555  37.307  -1.366  27.259 0.0000000000
60511  37.625  -0.890  28.669 0.0000000000
103860  38.191  -0.667  29.881 0.0000000000
61300  38.822  -0.436  31.526 0.0000000000
62057  41.548  1.066  40.440 0.0000000000
62070  41.937  1.287  39.450 0.0000000000
61217  42.248  0.622  39.796 0.0000000000
60407  42.100  -0.291  39.013 0.0000000000
60418  42.394  -0.645  38.411 0.0000000000
60428  42.602  -1.188  37.668 0.0000000000
59630  40.684  -2.016  37.158 0.0000000000
65752  3.031  5.283  42.242 0.0000000000
64400  2.396  4.079  42.462 0.0000000000
65113  3.024  4.610  41.811 0.0000000000
64438  2.935  3.265  41.074 0.0000000000
63633  2.972  2.031  40.023 0.0000000000
63662  2.383  2.601  35.425 0.0000000000
62845  1.941  1.005  35.545 0.0000000000
71280  12.816  14.700  32.752 0.0000000000
71281  11.672  14.128  32.399 0.0000000000
71797  12.325  14.931  31.864 0.0000000000
72352  12.165  16.062  30.664 0.0000000000
72363  11.536  16.448  29.995 0.0000000000
64531  44.457  3.706  26.231 0.0000000000
65905  44.891  5.351  28.600 0.0000000000
65235  45.752  4.600  27.387 0.0000000000
65903  47.011  5.676  28.887 0.0000000000
66582  49.510  7.611  30.498 0.0000000000
64638  57.665  4.321  18.307 0.0000000000
108123  57.791  4.392  18.120 0.0000000000
98613  58.098  1.277  17.162 0.0000000000
58952  55.595  -3.360  24.391 0.0000000000
59796  56.275  -2.638  24.081 0.0000000000
58951  56.152  -3.162  24.070 0.0000000000
58960  55.993  -3.269  23.081 0.0000000000
58970  55.560  -3.313  22.001 0.0000000000
60649  57.018  -1.486  17.633 0.0000000000
58745  18.257  -3.666  42.376 0.0000000000
59532  19.623  -2.686  42.753 0.0000000000
100040  20.066  -3.181  42.398 0.0000000000
58743  20.908  -3.661  42.188 0.0000000000
58756  21.723  -4.386  41.932 0.0000000000
56413  20.963  -5.785  41.901 0.0000000000
57275  21.707  -5.675  41.522 0.0000000000
96586  22.781  -4.546  41.365 0.0000000000
58026  22.802  -4.775  40.771 0.0000000000
107881  22.556  -4.050  39.171 0.0000000000
95674  22.396  -3.388  38.636 0.0000000000
51185  16.868  -11.578  47.693 0.0000000000
52277  16.122  -11.077  47.229 0.0000000000
101120  17.086  -11.524  45.935 0.0000000000
52306  16.788  -11.064  44.374 0.0000000000
52325  17.392  -10.164  42.859 0.0000000000
53382  18.771  -9.785  44.000 0.0000000000
53418  18.247  -9.229  42.664 0.0000000000
53434  17.937  -9.023  41.920 0.0000000000
56415  17.993  -6.916  41.317 0.0000000000
57277  18.163  -5.338  41.994 0.0000000000
104348  23.281  -14.001  51.376 0.0000000000
46997  22.167  -15.107  52.213 0.0000000000
107711  22.849  -13.778  51.175 0.0000000000
49162  22.091  -13.628  51.106 0.0000000000
50155  21.249  -12.796  50.166 0.0000000000
51175  21.933  -11.774  48.729 0.0000000000
50162  21.356  -12.475  49.244 0.0000000000
50163  20.492  -12.612  49.549 0.0000000000
50165  18.823  -12.422  49.374 0.0000000000
50172  18.288  -12.263  48.476 0.0000000000
97520  28.540  -9.274  44.861 0.0000000000
53348  29.117  -9.315  46.224 0.0000000000
53349  28.359  -9.534  46.661 0.0000000000
53324  27.401  -9.575  48.318 0.0000000000
54337  26.350  -9.414  49.681 0.0000000000
54367  25.201  -8.906  48.252 0.0000000000
54323  24.863  -8.816  50.091 0.0000000000
54305  24.748  -9.471  50.074 0.0000000000
52239  24.624  -11.052  50.740 0.0000000000
110408  24.581  -12.174  51.017 0.0000000000
58805  22.488  -3.481  37.589 0.0000000000
57306  22.823  -5.171  38.294 0.0000000000
56455  23.625  -6.627  38.303 0.0000000000
54510  24.975  -8.061  38.723 0.0000000000
53445  23.871  -9.363  40.640 0.0000000000
53454  24.865  -9.163  39.854 0.0000000000
54486  25.668  -9.060  40.050 0.0000000000
53428  27.189  -9.160  42.042 0.0000000000
53394  28.091  -8.993  43.450 0.0000000000
77066  11.283  24.736  39.889 0.0000000000
77634  10.650  26.359  39.149 0.0000000000
77633  11.168  26.411  40.056 0.0000000000
78804  12.115  27.809  40.781 0.0000000000
79392  12.302  28.389  40.454 0.0000000000
77628  13.144  26.163  41.689 0.0000000000
78802  13.167  27.468  40.730 0.0000000000
109071  13.205  29.554  39.502 0.0000000000
79934  13.997  29.483  38.459 0.0000000000
79414  14.432  29.179  36.950 0.0000000000
79956  14.614  30.052  35.956 0.0000000000
70168  9.827  12.111  48.735 0.0000000000
69620  9.345  11.482  48.389 0.0000000000
70169  10.372  12.574  48.303 0.0000000000
100593  10.847  13.172  47.175 0.0000000000
71191  10.714  14.784  46.058 0.0000000000
72235  10.729  16.564  46.188 0.0000000000
71701  10.410  16.178  46.094 0.0000000000
71193  10.333  14.987  45.033 0.0000000000
71199  9.866  15.146  44.020 0.0000000000
71721  8.580  15.715  42.868 0.0000000000
71734  8.444  15.836  41.567 0.0000000000
72267  8.548  16.140  40.477 0.0000000000
106304  7.169  16.763  40.987 0.0000000000
73428  6.605  18.359  41.070 0.0000000000
74642  7.117  20.175  41.173 0.0000000000
107654  9.372  20.786  43.398 0.0000000000
75204  8.446  21.624  42.322 0.0000000000
75211  8.327  21.478  41.228 0.0000000000
75209  10.023  22.172  40.461 0.0000000000
75921  10.951  23.323  40.110 0.0000000000
62124  45.090  0.777  33.946 0.0000000000
111785  45.426  0.604  32.614 0.0000000000
95957  46.783  0.896  33.962 0.0000000000
96330  47.743  0.755  34.292 0.0000000000
61257  48.691  0.390  34.157 0.0000000000
94919  48.252  -1.146  33.267 0.0000000000
60471  49.286  -0.742  33.274 0.0000000000
60481  50.562  -1.227  32.545 0.0000000000
59723  50.720  -2.573  31.052 0.0000000000
98429  50.075  -3.876  29.884 0.0000000000
98427  50.378  -4.466  29.318 0.0000000000
60264  9.226  -1.109  52.597 0.0000000000
60272  9.241  -0.830  50.861 0.0000000000
60393  11.952  -1.535  40.048 0.0000000000
60381  11.224  -1.647  41.225 0.0000000000
61216  11.752  -0.064  39.918 0.0000000000
62821  11.889  1.322  39.736 0.0000000000
63618  11.673  2.957  39.955 0.0000000000
64413  14.457  3.644  41.409 0.0000000000
65121  12.867  4.220  40.802 0.0000000000
65122  11.992  4.346  40.737 0.0000000000
65748  10.998  5.183  41.504 0.0000000000
66428  11.016  6.302  42.709 0.0000000000
66416  10.660  6.624  43.363 0.0000000000
67116  10.928  7.342  44.572 0.0000000000
67115  11.949  7.141  44.509 0.0000000000
66392  12.908  7.007  45.842 0.0000000000
67088  13.484  7.416  47.801 0.0000000000
66376  14.611  6.022  48.180 0.0000000000
66373  14.750  6.827  48.340 0.0000000000
58032  39.201  -4.173  40.226 0.0000000000
58033  38.810  -4.828  39.746 0.0000000000
58023  38.901  -4.972  40.696 0.0000000000
56407  38.070  -6.453  41.093 0.0000000000
57254  37.489  -5.535  43.303 0.0000000000
56396  36.786  -6.851  42.461 0.0000000000
58836  29.454  -3.451  35.270 0.0000000000
103173  29.893  -3.657  33.890 0.0000000000
58835  30.467  -3.426  35.578 0.0000000000
58833  32.206  -3.490  35.652 0.0000000000
58832  33.116  -3.459  35.766 0.0000000000
59594  33.444  -2.584  38.733 0.0000000000
58797  33.715  -3.104  37.276 0.0000000000
58849  33.723  -3.388  35.019 0.0000000000
107396  35.292  -2.689  35.028 0.0000000000
59649  35.843  -2.228  35.222 0.0000000000
60447  36.604  -1.363  34.465 0.0000000000
61251  37.157  -0.778  34.080 0.0000000000
107845  37.167  -0.928  35.816 0.0000000000
61228  38.641  0.040  37.856 0.0000000000
62059  39.297  0.504  39.493 0.0000000000
62039  39.309  0.533  41.586 0.0000000000
100431  40.032  0.705  41.121 0.0000000000
62047  40.894  0.957  40.828 0.0000000000
60385  40.695  -0.447  41.212 0.0000000000
59556  39.641  -2.447  40.406 0.0000000000
65769  6.796  5.205  39.528 0.0000000000
65131  5.731  4.249  39.493 0.0000000000
65142  6.953  4.022  38.100 0.0000000000
112319  6.286  3.587  37.041 0.0000000000
64468  4.884  3.395  36.347 0.0000000000
66485  5.386  6.248  36.033 0.0000000000
65162  4.750  4.385  35.886 0.0000000000
64472  3.266  3.778  35.551 0.0000000000
64474  2.111  2.957  34.708 0.0000000000
62868  2.521  1.845  33.619 0.0000000000
69786  9.418  11.974  29.592 0.0000000000
108034  10.278  20.605  32.241 0.0000000000
74709  11.598  20.333  31.306 0.0000000000
75334  10.124  21.210  30.941 0.0000000000
63724  47.211  3.141  24.306 0.0000000000
65250  47.610  4.425  26.305 0.0000000000
64605  57.023  3.685  21.019 0.0000000000
63771  57.605  3.088  20.904 0.0000000000
102179  16.708  0.657  49.514 0.0000000000
62737  17.120  1.108  50.646 0.0000000000
61126  18.124  -0.123  50.164 0.0000000000
61961  19.647  -0.262  49.436 0.0000000000
61960  20.560  -0.165  49.145 0.0000000000
94490  20.419  -1.569  47.918 0.0000000000
61134  21.668  -0.599  49.075 0.0000000000
61958  22.261  -0.152  48.825 0.0000000000
61971  23.850  0.344  48.101 0.0000000000
62751  25.050  1.669  47.010 0.0000000000
63546  25.716  2.006  46.329 0.0000000000
59514  21.452  -2.746  43.053 0.0000000000
59503  22.955  -2.894  44.434 0.0000000000
59492  23.883  -3.087  45.073 0.0000000000
60367  23.998  -3.059  43.231 0.0000000000
60351  24.072  -3.210  44.023 0.0000000000
60318  24.438  -2.324  45.518 0.0000000000
61166  24.739  -1.091  45.222 0.0000000000
93918  26.124  1.528  45.846 0.0000000000
63561  26.489  2.731  45.784 0.0000000000
63586  28.092  2.937  44.333 0.0000000000
63613  26.225  1.858  40.833 0.0000000000
63612  26.943  2.359  41.087 0.0000000000
64425  28.335  3.080  41.932 0.0000000000
64424  29.017  3.365  41.395 0.0000000000
64441  31.142  3.389  39.513 0.0000000000
56330  13.180  -6.055  53.819 0.0000000000
56332  13.464  -6.543  52.385 0.0000000000
56338  13.114  -6.677  50.972 0.0000000000
56352  12.554  -6.628  49.503 0.0000000000
55370  13.202  -7.782  48.815 0.0000000000
55356  12.800  -7.202  48.944 0.0000000000
99529  12.087  -5.998  47.936 0.0000000000
57233  12.000  -6.034  46.239 0.0000000000
57250  11.706  -5.217  44.179 0.0000000000
58006  11.698  -4.343  42.530 0.0000000000
52285  15.359  -10.443  46.173 0.0000000000
53384  14.781  -9.621  44.534 0.0000000000
54431  13.833  -8.383  43.466 0.0000000000
55483  15.443  -8.098  40.521 0.0000000000
55465  14.191  -8.130  41.984 0.0000000000
56403  13.146  -7.266  42.877 0.0000000000
56418  12.798  -6.159  41.911 0.0000000000
105996  12.373  -4.626  41.182 0.0000000000
58770  11.932  -2.995  40.715 0.0000000000
60404  13.235  -1.321  38.903 0.0000000000
104784  14.481  0.465  38.876 0.0000000000
62811  15.701  1.670  40.539 0.0000000000
61205  16.599  -0.513  40.472 0.0000000000
62042  16.398  0.742  41.514 0.0000000000
62794  16.103  1.659  43.074 0.0000000000
62773  16.218  1.240  44.942 0.0000000000
61988  16.456  0.589  47.556 0.0000000000
48047  21.422  -15.012  52.648 0.0000000000
49128  19.426  -13.564  53.276 0.0000000000
52223  16.475  -10.684  54.287 0.0000000000
60291  34.017  -2.996  45.355 0.0000000000
58692  34.608  -4.447  45.628 0.0000000000
58694  33.469  -4.029  46.613 0.0000000000
57217  34.113  -5.630  48.392 0.0000000000
102462  34.467  -7.174  49.043 0.0000000000
96942  32.549  -6.501  48.294 0.0000000000
55348  33.277  -7.552  49.428 0.0000000000
108481  33.626  -8.779  49.579 0.0000000000
53322  29.350  -9.571  47.978 0.0000000000
109382  30.178  -9.807  49.066 0.0000000000
54301  30.142  -10.025  49.002 0.0000000000
52251  30.043  -10.661  49.047 0.0000000000
63634  31.925  2.682  37.847 0.0000000000
63645  29.790  2.367  37.407 0.0000000000
62838  28.447  1.679  36.121 0.0000000000
62858  27.156  0.879  34.934 0.0000000000
62852  26.014  1.040  35.951 0.0000000000
100606  25.897  0.262  34.354 0.0000000000
62131  27.134  -0.018  33.563 0.0000000000
60457  26.408  -1.574  33.318 0.0000000000
58857  26.852  -2.973  33.934 0.0000000000
58838  27.648  -3.355  34.811 0.0000000000
58804  22.967  -3.846  36.904 0.0000000000
58821  24.225  -3.439  36.118 0.0000000000
58820  25.119  -3.383  36.182 0.0000000000
57304  26.283  -5.613  37.977 0.0000000000
58050  25.973  -4.051  37.406 0.0000000000
58819  25.971  -3.095  36.590 0.0000000000
59639  26.364  -2.950  36.194 0.0000000000
59651  27.823  -3.000  35.729 0.0000000000
58818  28.750  -2.993  35.950 0.0000000000
59619  29.141  -2.401  37.816 0.0000000000
59597  30.620  -2.506  38.644 0.0000000000
110266  30.733  -2.319  39.907 0.0000000000
58752  30.124  -2.939  41.680 0.0000000000
59546  30.476  -2.296  41.302 0.0000000000
59545  31.084  -1.977  41.636 0.0000000000
59511  32.071  -1.866  43.283 0.0000000000
111320  33.426  -2.155  44.744 0.0000000000
78822  9.676  28.024  37.870 0.0000000000
79942  10.050  29.910  37.561 0.0000000000
80563  10.551  30.675  36.128 0.0000000000
81123  10.731  32.202  37.845 0.0000000000
102363  10.465  32.499  36.413 0.0000000000
64362  1.881  3.464  46.569 0.0000000000
64363  1.736  3.366  46.317 0.0000000000
65059  1.562  4.476  46.782 0.0000000000
65717  1.792  5.189  45.273 0.0000000000
101177  2.233  5.646  44.193 0.0000000000
67809  2.924  8.113  45.342 0.0000000000
67121  2.655  7.274  44.346 0.0000000000
66431  2.670  6.146  43.257 0.0000000000
67144  3.795  7.309  42.202 0.0000000000
66437  4.273  6.822  41.674 0.0000000000
66447  5.747  6.473  40.918 0.0000000000
69634  8.630  11.127  46.982 0.0000000000
69056  7.997  10.643  45.589 0.0000000000
68475  7.735  9.895  44.062 0.0000000000
69069  10.469  10.276  44.454 0.0000000000
107717  9.237  9.823  43.926 0.0000000000
68490  7.195  9.613  43.382 0.0000000000
67827  7.217  8.928  42.130 0.0000000000
67141  7.203  8.069  41.359 0.0000000000
66445  7.579  6.695  40.346 0.0000000000
66455  8.292  6.331  39.768 0.0000000000
66463  9.759  6.283  38.503 0.0000000000
66462  10.262  6.547  37.885 0.0000000000
67874  12.136  7.745  38.683 0.0000000000
67172  11.533  7.228  38.039 0.0000000000
67201  9.653  7.430  36.606 0.0000000000
102400  9.563  8.985  35.964 0.0000000000
69137  9.060  9.890  35.799 0.0000000000
104668  8.577  11.287  35.198 0.0000000000
70245  7.471  12.535  35.030 0.0000000000
69733  9.405  11.497  34.526 0.0000000000
103949  10.850  11.955  33.824 0.0000000000
70768  12.469  13.312  33.583 0.0000000000
70748  13.293  13.608  36.524 0.0000000000
105984  13.348  13.844  35.058 0.0000000000
71273  13.131  14.499  33.560 0.0000000000
71773  13.531  16.024  34.054 0.0000000000
72891  13.196  17.762  33.891 0.0000000000
73512  11.909  19.099  34.004 0.0000000000
72275  8.961  16.315  39.957 0.0000000000
72847  9.499  17.319  38.747 0.0000000000
72857  10.023  17.915  37.884 0.0000000000
74029  6.928  19.540  37.883 0.0000000000
112428  8.622  18.552  36.854 0.0000000000
73481  10.280  18.359  36.996 0.0000000000
74074  10.077  19.107  35.224 0.0000000000
74084  9.949  19.574  34.401 0.0000000000
74091  10.886  20.028  33.241 0.0000000000
74705  8.241  20.898  32.901 0.0000000000
75337  7.483  21.935  32.262 0.0000000000
76543  7.629  23.995  32.545 0.0000000000
76535  8.386  23.901  33.892 0.0000000000
77107  8.792  24.637  33.348 0.0000000000
77704  8.377  25.354  32.005 0.0000000000
64536  39.876  3.501  26.684 0.0000000000
65219  41.093  4.651  28.319 0.0000000000
64535  40.746  3.515  26.435 0.0000000000
64534  41.544  3.548  26.318 0.0000000000
64549  42.796  3.224  25.563 0.0000000000
61385  42.200  -0.430  24.175 0.0000000000
97882  42.810  1.415  24.105 0.0000000000
64548  43.844  3.183  25.426 0.0000000000
63709  44.550  2.780  24.904 0.0000000000
63726  45.160  2.353  24.538 0.0000000000
62907  45.890  2.080  24.261 0.0000000000
61315  45.630  -0.321  30.667 0.0000000000
61335  46.098  -0.684  29.952 0.0000000000
60547  46.659  -2.015  27.906 0.0000000000
61332  49.097  -0.699  29.931 0.0000000000
60546  47.722  -1.876  27.838 0.0000000000
110075  46.239  -2.531  25.650 0.0000000000
60610  45.959  -1.648  23.791 0.0000000000
62213  46.248  0.464  23.279 0.0000000000
63743  46.590  1.988  23.913 0.0000000000
63742  47.241  2.082  23.404 0.0000000000
112466  49.792  -1.606  22.973 0.0000000000
108627  54.037  -0.694  23.193 0.0000000000
108158  55.571  -3.121  24.791 0.0000000000
101651  54.771  -3.473  25.879 0.0000000000
58945  54.883  -3.750  25.498 0.0000000000
58944  55.230  -3.179  24.879 0.0000000000
57402  54.243  -4.369  24.927 0.0000000000
58151  52.914  -5.076  23.639 0.0000000000
57413  52.118  -5.353  23.656 0.0000000000
58120  50.613  -5.036  28.625 0.0000000000
57380  49.637  -5.947  27.424 0.0000000000
57388  49.828  -6.142  26.779 0.0000000000
56556  48.412  -6.898  26.368 0.0000000000
57398  50.070  -6.078  26.054 0.0000000000
93813  50.326  -5.924  25.268 0.0000000000
94863  50.005  -5.776  23.902 0.0000000000
64691  60.559  3.723  12.478 0.0000000000
63860  60.627  3.119  13.086 0.0000000000
63038  60.734  1.442  14.055 0.0000000000
110280  12.850  18.050  41.548 0.0000000000
73432  13.436  18.558  40.468 0.0000000000
107997  18.036  2.746  48.903 0.0000000000
61968  1.764  0.249  49.001 0.0000000000
61996  1.960  0.753  47.413 0.0000000000
62758  2.404  1.111  46.754 0.0000000000
57198  12.523  -5.384  52.529 0.0000000000
57948  11.972  -4.786  52.016 0.0000000000
58668  11.067  -3.520  51.813 0.0000000000
57955  11.190  -4.437  49.619 0.0000000000
58674  10.864  -3.700  50.052 0.0000000000
58672  10.616  -3.017  51.243 0.0000000000
59450  10.275  -2.498  50.628 0.0000000000
61127  9.350  -0.971  49.851 0.0000000000
61138  9.017  -0.337  48.919 0.0000000000
60370  10.550  -1.441  42.522 0.0000000000
61178  10.162  -1.019  43.091 0.0000000000
60341  9.690  -1.014  44.452 0.0000000000
62795  8.996  1.101  42.022 0.0000000000
62012  9.203  -0.240  44.313 0.0000000000
97548  9.498  -1.212  45.969 0.0000000000
61149  9.189  -0.651  46.684 0.0000000000
61978  8.679  0.047  48.148 0.0000000000
61964  8.380  0.346  48.991 0.0000000000
61980  7.115  0.712  48.265 0.0000000000
110386  6.608  0.658  47.894 0.0000000000
61981  5.971  0.592  47.493 0.0000000000
62776  6.496  1.037  44.229 0.0000000000
62003  5.144  0.682  45.514 0.0000000000
62004  4.519  0.680  45.978 0.0000000000
62005  3.675  0.873  46.256 0.0000000000
95357  2.886  1.995  45.984 0.0000000000
63558  2.268  2.643  46.290 0.0000000000
95834  2.629  3.930  46.491 0.0000000000
65700  2.871  5.597  47.234 0.0000000000
66385  3.866  6.276  47.315 0.0000000000
66396  5.487  6.398  46.254 0.0000000000
66384  4.901  6.620  47.209 0.0000000000
67091  4.448  7.439  47.876 0.0000000000
67783  5.500  8.114  48.222 0.0000000000
68439  6.703  8.786  47.703 0.0000000000
69030  9.153  10.404  47.978 0.0000000000
67107  10.546  7.739  45.247 0.0000000000
67803  10.067  8.039  45.937 0.0000000000
67778  9.870  8.783  47.035 0.0000000000
68433  12.759  9.492  48.117 0.0000000000
68434  11.718  9.783  47.849 0.0000000000
68446  9.846  9.358  47.558 0.0000000000
68426  10.045  10.257  48.482 0.0000000000
69029  9.828  10.633  48.734 0.0000000000
69616  9.690  11.212  49.013 0.0000000000
70675  11.454  12.687  48.467 0.0000000000
70682  12.460  13.664  47.610 0.0000000000
71189  13.045  14.351  46.461 0.0000000000
70178  13.641  13.152  46.022 0.0000000000
103551  13.181  14.380  45.641 0.0000000000
71703  12.887  15.056  45.306 0.0000000000
71720  12.542  16.099  44.149 0.0000000000
72259  12.647  16.856  42.592 0.0000000000
56449  38.109  -6.218  38.837 0.0000000000
106322  34.766  -5.669  46.560 0.0000000000
56361  35.444  -7.005  46.832 0.0000000000
63643  32.199  2.578  36.990 0.0000000000
63652  32.111  2.622  36.120 0.0000000000
103474  31.658  2.863  34.872 0.0000000000
62861  29.867  1.389  33.445 0.0000000000
63667  30.791  2.386  33.823 0.0000000000
58887  29.631  -3.575  32.681 0.0000000000
59732  29.833  -2.392  30.843 0.0000000000
60518  29.636  -1.051  29.806 0.0000000000
59730  31.395  -2.774  30.400 0.0000000000
60517  30.353  -1.576  29.388 0.0000000000
62173  29.386  0.546  29.280 0.0000000000
63689  29.560  2.233  28.349 0.0000000000
65230  30.538  4.348  28.533 0.0000000000
63720  33.560  1.729  25.596 0.0000000000
63698  38.680  2.758  25.828 0.0000000000
62200  39.280  0.386  24.573 0.0000000000
60579  39.845  -1.343  25.413 0.0000000000
95958  38.019  -1.670  27.147 0.0000000000
110277  39.177  -1.878  26.943 0.0000000000
60552  40.516  -1.497  27.550 0.0000000000
109072  41.334  -0.676  29.282 0.0000000000
61319  42.058  -0.369  30.509 0.0000000000
62164  43.385  0.281  31.805 0.0000000000
61260  37.822  -0.408  33.638 0.0000000000
61248  39.095  0.096  33.886 0.0000000000
62128  39.922  0.227  33.973 0.0000000000
62079  41.273  0.921  37.672 0.0000000000
62102  40.917  0.657  35.443 0.0000000000
61258  40.601  0.194  33.355 0.0000000000
62127  41.563  0.424  33.575 0.0000000000
95956  43.126  0.642  33.208 0.0000000000
62125  44.054  0.732  33.512 0.0000000000
62113  44.858  0.741  35.384 0.0000000000
60424  45.537  -0.118  36.473 0.0000000000
60436  45.200  -1.018  36.198 0.0000000000
95271  43.130  -2.993  35.083 0.0000000000
74646  13.967  20.291  39.426 0.0000000000
75227  14.297  21.620  38.349 0.0000000000
76505  14.351  23.443  37.611 0.0000000000
75945  15.085  22.683  36.221 0.0000000000
77081  14.862  24.515  36.200 0.0000000000
62780  1.339  1.656  45.742 0.0000000000
62017  1.125  0.657  45.167 0.0000000000
63596  1.743  2.534  42.783 0.0000000000
64450  4.672  3.287  39.525 0.0000000000
62822  3.136  1.783  39.184 0.0000000000
62068  1.790  0.601  39.260 0.0000000000
70761  7.181  13.530  34.076 0.0000000000
107810  6.413  14.124  33.370 0.0000000000
71285  6.022  14.369  31.239 0.0000000000
71283  9.008  14.302  31.955 0.0000000000
71296  6.750  14.824  30.701 0.0000000000
109993  5.827  13.886  30.143 0.0000000000
70304  6.461  13.362  29.548 0.0000000000
70819  8.015  13.614  28.701 0.0000000000
73531  12.273  18.705  29.996 0.0000000000
72938  11.310  17.815  29.285 0.0000000000
72372  9.544  16.936  28.523 0.0000000000
72944  9.515  17.588  27.950 0.0000000000
72378  9.060  16.618  28.135 0.0000000000
65870  44.640  5.943  30.373 0.0000000000
65911  48.744  6.131  27.967 0.0000000000
63851  60.024  2.508  14.174 0.0000000000
62302  60.547  0.477  14.478 0.0000000000
63739  54.961  3.210  23.992 0.0000000000
64561  55.851  3.800  24.335 0.0000000000
63723  56.735  3.076  24.387 0.0000000000
61399  56.735  -0.659  24.163 0.0000000000
62919  57.193  1.218  24.239 0.0000000000
63736  57.330  2.409  24.038 0.0000000000
63748  57.422  2.587  23.004 0.0000000000
99267  57.450  1.050  21.573 0.0000000000
62958  57.444  1.598  20.463 0.0000000000
59824  55.838  -2.885  21.182 0.0000000000
59823  56.602  -2.276  20.637 0.0000000000
109434  57.851  -1.433  20.659 0.0000000000
62245  57.957  0.093  20.102 0.0000000000
101451  57.527  1.031  19.455 0.0000000000
96828  57.884  0.659  18.653 0.0000000000
62266  58.627  0.271  17.854 0.0000000000
62281  59.348  0.141  17.161 0.0000000000
61454  58.882  -0.547  17.166 0.0000000000
62290  59.813  0.255  16.257 0.0000000000
61464  60.244  0.002  15.575 0.0000000000
61478  60.266  -0.108  14.878 0.0000000000
61488  60.291  -0.004  14.072 0.0000000000
55435  21.073  -7.203  44.833 0.0000000000
54398  21.638  -7.646  45.432 0.0000000000
96736  20.181  -6.743  46.356 0.0000000000
100672  13.226  19.887  41.206 0.0000000000
111802  12.349  19.160  43.270 0.0000000000
74003  12.604  19.494  42.706 0.0000000000
74627  12.536  20.536  43.299 0.0000000000
103307  16.716  2.653  50.595 0.0000000000
62735  16.937  2.127  50.746 0.0000000000
63540  16.260  2.073  49.433 0.0000000000
63537  16.223  2.749  50.120 0.0000000000
59468  35.797  -3.649  44.461 0.0000000000
59469  34.967  -3.694  44.955 0.0000000000
60303  34.137  -2.424  44.580 0.0000000000
61146  34.859  -2.053  44.121 0.0000000000
60302  34.772  -2.360  44.096 0.0000000000
108196  35.520  -2.393  43.819 0.0000000000
69706  5.990  12.118  36.372 0.0000000000
69140  5.729  11.451  36.555 0.0000000000
70234  5.130  12.860  36.439 0.0000000000
70236  4.278  12.873  36.089 0.0000000000
70248  4.718  13.189  36.107 0.0000000000
104220  4.608  13.243  35.182 0.0000000000
70246  6.631  12.734  35.539 0.0000000000
65281  51.945  5.540  23.034 0.0000000000
65280  52.876  5.665  23.336 0.0000000000
65949  52.700  6.830  23.219 0.0000000000
65271  53.764  5.769  23.664 0.0000000000
62325  60.969  0.516  12.743 0.0000000000
61496  60.432  0.111  13.356 0.0000000000
59516  18.848  -2.381  43.206 0.0000000000
60410  22.407  -1.743  38.550 0.0000000000
61221  22.610  -0.929  38.168 0.0000000000
52271  15.538  -10.430  48.534 0.0000000000
99686  16.109  -11.008  48.130 0.0000000000
51178  16.698  -11.331  48.693 0.0000000000
51171  16.590  -11.096  49.394 0.0000000000
52265  16.222  -10.657  49.766 0.0000000000
55434  29.715  -7.815  44.645 0.0000000000
54394  30.096  -7.819  45.369 0.0000000000
98194  23.523  -14.908  51.710 0.0000000000
48059  24.192  -14.478  51.551 0.0000000000
54411  29.173  -8.193  44.001 0.0000000000
55448  29.102  -7.805  43.400 0.0000000000
77640  10.439  26.006  38.355 0.0000000000
80561  14.420  30.837  35.805 0.0000000000
81135  13.981  31.631  35.714 0.0000000000
81134  14.473  31.879  34.775 0.0000000000
69622  8.823  10.519  47.578 0.0000000000
69033  7.408  10.202  46.932 0.0000000000
69621  8.968  10.990  47.998 0.0000000000
71221  9.457  15.264  41.335 0.0000000000
71212  10.089  14.768  41.700 0.0000000000
71220  10.166  14.799  41.013 0.0000000000
70730  10.858  14.143  40.691 0.0000000000
71229  10.386  14.796  40.347 0.0000000000
99669  11.230  24.453  38.872 0.0000000000
77075  10.730  24.871  37.346 0.0000000000
61317  43.880  -0.279  30.474 0.0000000000
61295  44.234  0.138  31.322 0.0000000000
58909  52.005  -3.300  30.543 0.0000000000
59721  53.380  -1.823  30.876 0.0000000000
58908  53.293  -2.942  30.505 0.0000000000
58922  54.140  -3.026  29.970 0.0000000000
112213  53.552  -3.676  29.954 0.0000000000
58105  53.118  -4.327  29.389 0.0000000000
58107  51.373  -4.576  29.367 0.0000000000
108212  8.396  0.031  51.113 0.0000000000
61117  8.219  -0.023  51.927 0.0000000000
61940  7.603  0.562  50.472 0.0000000000
58747  11.413  -3.535  42.399 0.0000000000
59536  11.157  -2.756  42.192 0.0000000000
66429  10.147  6.256  42.789 0.0000000000
108961  8.943  5.687  42.468 0.0000000000
65724  9.296  6.227  42.875 0.0000000000
66418  8.900  6.554  43.595 0.0000000000
58042  38.705  -4.794  38.784 0.0000000000
58871  28.509  -3.548  33.646 0.0000000000
112499  35.443  -1.596  31.892 0.0000000000
60483  36.068  -0.997  31.928 0.0000000000
61303  35.477  -0.957  30.572 0.0000000000
101579  36.053  -0.702  31.058 0.0000000000
61302  36.767  -0.590  31.482 0.0000000000
105764  39.569  -2.552  39.003 0.0000000000
58784  39.242  -3.274  38.690 0.0000000000
58795  39.154  -3.173  37.752 0.0000000000
65759  5.477  5.623  40.622 0.0000000000
65123  5.221  4.821  40.284 0.0000000000
97154  12.523  18.934  33.212 0.0000000000
73518  12.939  18.574  32.276 0.0000000000
64545  46.607  3.506  25.551 0.0000000000
65251  46.970  4.111  26.652 0.0000000000
65260  47.143  3.818  25.979 0.0000000000
63806  57.452  3.529  19.255 0.0000000000
102397  19.417  -5.559  42.915 0.0000000000
55479  22.263  -7.741  41.004 0.0000000000
56425  22.398  -6.995  40.516 0.0000000000
55502  22.799  -7.186  39.758 0.0000000000
51200  18.853  -11.525  45.737 0.0000000000
95443  19.522  -10.619  45.732 0.0000000000
55449  18.704  -6.810  43.447 0.0000000000
51164  22.873  -11.212  49.901 0.0000000000
51188  20.183  -11.111  46.844 0.0000000000
50185  19.112  -12.177  46.944 0.0000000000
53363  26.147  -9.629  45.155 0.0000000000
93606  26.612  -9.571  45.927 0.0000000000
93605  25.876  -9.500  45.847 0.0000000000
53300  22.514  -8.798  50.572 0.0000000000
54325  22.703  -8.525  50.569 0.0000000000
53289  22.807  -9.163  50.885 0.0000000000
52253  23.538  -10.101  50.849 0.0000000000
103316  24.795  -9.572  44.517 0.0000000000
53377  25.640  -9.642  44.274 0.0000000000
77054  12.060  24.798  42.755 0.0000000000
77624  12.517  25.356  42.397 0.0000000000
77053  12.777  24.818  42.827 0.0000000000
77638  13.790  25.733  39.178 0.0000000000
77644  14.041  25.754  38.033 0.0000000000
78239  14.155  26.523  37.702 0.0000000000
101333  11.950  15.176  46.943 0.0000000000
73404  9.984  18.154  44.911 0.0000000000
72804  9.256  17.680  45.152 0.0000000000
73405  9.035  18.093  44.792 0.0000000000
72808  8.490  17.465  44.476 0.0000000000
110507  8.400  17.873  44.451 0.0000000000
73415  7.769  18.159  44.205 0.0000000000
76481  11.923  23.600  43.498 0.0000000000
75913  11.071  23.434  43.164 0.0000000000
76483  11.536  24.187  43.025 0.0000000000
110537  46.106  -0.991  35.339 0.0000000000
94745  10.903  -3.697  53.762 0.0000000000
110761  10.489  -3.486  54.166 0.0000000000
107038  10.430  -2.758  52.910 0.0000000000
58669  10.589  -2.864  52.123 0.0000000000
63603  15.167  2.344  40.589 0.0000000000
63615  14.542  2.635  40.208 0.0000000000
65070  13.982  5.042  44.416 0.0000000000
65706  13.646  5.589  45.138 0.0000000000
65705  13.908  5.206  45.829 0.0000000000
58737  39.279  -3.712  42.479 0.0000000000
58738  39.025  -4.380  42.636 0.0000000000
56372  35.166  -6.424  45.002 0.0000000000
56377  35.346  -6.309  44.519 0.0000000000
59578  31.943  -2.381  39.383 0.0000000000
60388  36.388  -1.482  40.546 0.0000000000
60400  35.853  -1.842  39.711 0.0000000000
100008  36.445  -1.666  38.949 0.0000000000
60398  37.085  -1.265  39.215 0.0000000000
60387  37.320  -1.028  40.123 0.0000000000
59509  39.323  -2.315  42.993 0.0000000000
60344  39.839  -0.688  43.152 0.0000000000
59524  39.531  -2.742  42.336 0.0000000000
66473  8.905  6.061  36.914 0.0000000000
65794  8.304  5.904  36.751 0.0000000000
104415  7.572  6.260  36.487 0.0000000000
66498  2.732  6.943  34.689 0.0000000000
66497  2.853  6.492  35.120 0.0000000000
66514  2.691  6.417  34.092 0.0000000000
65829  2.790  5.492  33.463 0.0000000000
103350  2.757  6.045  33.566 0.0000000000
65850  3.702  5.424  33.190 0.0000000000
65828  3.225  5.890  33.258 0.0000000000
69767  5.622  12.415  31.546 0.0000000000
76548  7.547  24.050  31.586 0.0000000000
65277  56.596  5.348  23.312 0.0000000000
65267  56.884  4.935  23.629 0.0000000000
60299  17.659  -1.322  47.643 0.0000000000
93158  17.891  -1.567  46.672 0.0000000000
60308  23.410  -1.945  46.977 0.0000000000
60293  24.899  -1.748  47.799 0.0000000000
58741  23.119  -3.987  42.471 0.0000000000
61185  24.172  -0.375  42.665 0.0000000000
62031  24.760  0.318  42.760 0.0000000000
62030  25.273  0.756  42.457 0.0000000000
62801  24.958  0.733  41.419 0.0000000000
62825  26.162  2.016  38.110 0.0000000000
63638  26.749  2.247  38.715 0.0000000000
63637  27.558  2.387  38.662 0.0000000000
63648  26.954  2.119  37.919 0.0000000000
54296  14.827  -8.363  52.643 0.0000000000
55328  14.302  -7.851  51.996 0.0000000000
53291  14.322  -8.470  51.036 0.0000000000
107663  13.485  -8.354  45.871 0.0000000000
54385  13.151  -7.892  46.515 0.0000000000
55420  13.117  -7.796  45.611 0.0000000000
55421  12.711  -7.164  45.268 0.0000000000
96979  17.047  -9.896  42.278 0.0000000000
53420  16.222  -9.744  42.115 0.0000000000
53435  16.354  -9.255  41.354 0.0000000000
58789  15.832  -3.490  38.538 0.0000000000
57308  14.991  -4.840  38.665 0.0000000000
58046  15.384  -4.240  38.553 0.0000000000
58047  14.526  -4.254  38.667 0.0000000000
59603  15.336  -2.778  38.468 0.0000000000
60412  15.622  -1.835  38.615 0.0000000000
60325  16.892  -1.212  45.422 0.0000000000
61167  16.614  -0.660  44.698 0.0000000000
61157  16.768  -0.677  46.399 0.0000000000
49175  20.740  -13.094  50.951 0.0000000000
49163  20.258  -13.296  51.631 0.0000000000
50131  18.397  -12.472  53.916 0.0000000000
51138  17.838  -12.128  54.408 0.0000000000
51139  17.462  -11.542  54.318 0.0000000000
54309  15.239  -8.989  52.284 0.0000000000
58705  32.077  -3.843  46.004 0.0000000000
57974  32.629  -3.876  46.738 0.0000000000
57975  32.116  -4.553  46.594 0.0000000000
54316  31.738  -9.266  49.375 0.0000000000
53283  31.795  -10.160  49.398 0.0000000000
95967  30.984  -10.476  49.087 0.0000000000
54321  26.434  -9.648  49.776 0.0000000000
54320  27.459  -9.870  49.527 0.0000000000
54303  26.618  -9.974  50.091 0.0000000000
62830  27.185  1.860  37.086 0.0000000000
59665  24.501  -2.022  34.525 0.0000000000
59664  25.210  -2.139  34.103 0.0000000000
59654  25.175  -2.722  34.831 0.0000000000
56454  25.133  -7.281  38.235 0.0000000000
109925  25.301  -6.688  37.896 0.0000000000
56453  25.815  -6.908  38.202 0.0000000000
58034  28.199  -4.127  39.614 0.0000000000
58775  28.290  -3.092  39.479 0.0000000000
58774  28.790  -2.861  39.816 0.0000000000
58767  28.689  -3.535  40.044 0.0000000000
57981  31.509  -4.167  45.293 0.0000000000
57993  30.902  -3.863  43.939 0.0000000000
105762  31.851  -3.460  45.310 0.0000000000
79969  11.592  30.085  35.245 0.0000000000
79928  11.829  29.652  39.599 0.0000000000
80535  11.105  30.113  39.307 0.0000000000
80541  11.403  30.775  38.966 0.0000000000
107283  2.568  6.263  47.145 0.0000000000
67093  3.249  6.789  47.211 0.0000000000
68492  5.381  9.611  43.736 0.0000000000
68493  4.509  9.534  43.966 0.0000000000
69631  10.938  11.937  46.084 0.0000000000
109410  11.262  12.361  45.665 0.0000000000
68500  11.566  9.442  42.549 0.0000000000
68501  10.529  9.140  42.676 0.0000000000
68513  10.964  8.767  42.030 0.0000000000
67839  10.390  8.414  41.535 0.0000000000
67852  10.414  7.974  40.833 0.0000000000
67838  11.264  8.440  41.263 0.0000000000
69128  13.341  10.202  37.087 0.0000000000
68549  13.208  9.310  37.342 0.0000000000
69136  13.118  10.259  36.163 0.0000000000
68580  12.411  9.473  35.712 0.0000000000
69718  12.710  11.109  35.080 0.0000000000
69705  13.167  11.056  35.827 0.0000000000
72288  11.575  16.830  37.826 0.0000000000
72287  12.472  16.374  37.284 0.0000000000
72296  12.074  17.168  37.160 0.0000000000
74648  6.955  19.968  40.050 0.0000000000
73442  6.968  18.572  39.175 0.0000000000
107007  6.892  19.603  38.940 0.0000000000
75266  7.149  20.852  35.966 0.0000000000
75297  6.827  20.853  35.072 0.0000000000
95675  7.008  21.078  34.251 0.0000000000
75296  7.386  21.461  34.632 0.0000000000
77682  11.604  24.879  33.772 0.0000000000
61373  40.145  -0.831  24.821 0.0000000000
60593  40.953  -0.858  24.821 0.0000000000
106760  44.770  -2.416  26.446 0.0000000000
60575  44.140  -2.184  25.010 0.0000000000
60589  44.345  -1.671  24.270 0.0000000000
60612  44.661  -1.068  23.772 0.0000000000
59789  44.941  -2.172  24.677 0.0000000000
62144  49.203  0.570  33.483 0.0000000000
104925  48.918  0.411  32.005 0.0000000000
61290  49.554  0.281  31.764 0.0000000000
60563  49.904  -1.577  26.896 0.0000000000
60564  49.018  -1.748  26.863 0.0000000000
59769  48.559  -2.130  25.706 0.0000000000
108583  48.556  -2.231  24.950 0.0000000000
59802  48.601  -2.018  23.508 0.0000000000
96336  49.275  -2.011  25.224 0.0000000000
57397  50.996  -5.791  25.862 0.0000000000
62746  20.377  1.177  47.752 0.0000000000
62756  19.863  1.808  47.174 0.0000000000
94876  4.203  0.512  48.371 0.0000000000
94789  12.093  -5.808  49.819 0.0000000000
57212  11.552  -5.227  49.252 0.0000000000
59473  10.112  -2.679  47.703 0.0000000000
97546  9.814  -2.088  47.292 0.0000000000
63619  10.749  2.363  40.278 0.0000000000
62804  10.346  1.452  40.785 0.0000000000
63605  10.046  2.202  40.843 0.0000000000
62787  7.456  1.301  43.228 0.0000000000
93788  7.886  0.392  45.085 0.0000000000
62014  7.291  0.712  44.605 0.0000000000
100071  7.284  0.543  45.452 0.0000000000
64385  4.751  3.601  44.131 0.0000000000
103896  4.395  3.085  44.339 0.0000000000
65082  4.513  4.165  44.691 0.0000000000
65071  4.768  4.770  44.893 0.0000000000
67796  7.772  7.920  47.195 0.0000000000
67780  8.254  8.515  47.432 0.0000000000
111605  13.370  8.085  48.266 0.0000000000
97481  13.622  10.507  48.123 0.0000000000
69613  12.963  11.363  48.142 0.0000000000
70165  12.959  11.971  48.076 0.0000000000
100238  13.521  12.007  47.824 0.0000000000
55346  35.259  -7.652  48.856 0.0000000000
54329  35.601  -7.990  48.489 0.0000000000
62857  28.145  1.010  34.760 0.0000000000
100200  29.166  0.141  30.944 0.0000000000
104227  29.415  0.996  31.079 0.0000000000
62880  29.474  1.789  30.687 0.0000000000
58867  32.290  -3.582  33.124 0.0000000000
58884  32.416  -3.452  32.233 0.0000000000
61361  32.230  -0.709  26.955 0.0000000000
61362  31.345  -0.486  27.204 0.0000000000
62893  31.041  1.489  26.421 0.0000000000
62185  31.342  0.745  26.311 0.0000000000
62892  31.750  1.475  25.993 0.0000000000
62190  35.910  0.157  25.206 0.0000000000
62189  36.605  0.235  25.015 0.0000000000
61391  37.225  -0.140  24.881 0.0000000000
108260  36.962  -0.685  25.390 0.0000000000
61321  39.632  -0.534  30.976 0.0000000000
61342  39.581  -0.677  29.870 0.0000000000
61298  40.614  -0.343  31.477 0.0000000000
61278  40.468  -0.095  32.457 0.0000000000
62091  39.439  0.437  36.856 0.0000000000
61226  43.159  0.658  38.429 0.0000000000
62078  43.311  0.901  38.163 0.0000000000
101819  43.741  0.636  37.536 0.0000000000
65084  1.834  3.846  44.406 0.0000000000
64386  2.123  3.994  43.340 0.0000000000
100548  1.255  0.704  40.622 0.0000000000
63657  4.527  2.759  36.678 0.0000000000
70769  11.223  12.974  33.068 0.0000000000
70779  10.708  13.562  32.650 0.0000000000
71829  8.500  15.688  30.001 0.0000000000
71843  8.403  15.917  29.242 0.0000000000
71844  7.734  15.625  29.009 0.0000000000
65255  42.919  4.145  27.106 0.0000000000
65217  43.391  5.119  28.403 0.0000000000
63004  57.924  2.676  16.645 0.0000000000
61400  55.676  -0.249  23.613 0.0000000000
60602  56.198  -2.146  23.941 0.0000000000
60621  57.179  -1.671  23.254 0.0000000000
60634  57.148  -1.740  22.084 0.0000000000
60640  57.391  -1.660  19.430 0.0000000000
60643  57.414  -1.449  18.500 0.0000000000
54448  21.858  -8.153  42.392 0.0000000000
54383  19.465  -8.412  46.299 0.0000000000
55418  19.799  -6.648  45.803 0.0000000000
55419  19.319  -6.980  45.655 0.0000000000
56373  19.462  -6.688  45.046 0.0000000000
55354  21.449  -7.665  49.512 0.0000000000
105881  20.817  -7.921  49.014 0.0000000000
54371  19.996  -8.069  47.804 0.0000000000
53353  23.894  -8.714  46.585 0.0000000000
55385  21.436  -7.092  48.220 0.0000000000
55367  21.793  -7.338  49.061 0.0000000000
54447  22.468  -8.807  42.043 0.0000000000
54427  22.318  -8.762  43.038 0.0000000000
110812  22.881  -8.942  44.583 0.0000000000
53379  23.487  -9.183  44.861 0.0000000000
53378  24.081  -9.500  44.280 0.0000000000
108235  13.312  23.037  42.768 0.0000000000
110523  13.595  22.571  40.606 0.0000000000
75924  13.659  22.724  40.089 0.0000000000
103677  13.811  22.964  39.333 0.0000000000
72242  12.180  16.708  45.022 0.0000000000
72807  11.953  17.578  44.893 0.0000000000
73992  11.921  19.202  44.102 0.0000000000
73406  11.746  18.392  44.349 0.0000000000
73990  11.343  18.438  44.373 0.0000000000
93296  11.699  19.821  43.695 0.0000000000
75196  12.639  21.466  43.438 0.0000000000
75191  12.267  21.472  43.729 0.0000000000
75190  12.682  22.183  43.581 0.0000000000
58861  43.128  -3.348  33.388 0.0000000000
108554  17.351  3.471  49.820 0.0000000000
109698  11.630  -5.359  54.838 0.0000000000
57945  11.408  -4.335  53.963 0.0000000000
62774  15.899  1.978  45.289 0.0000000000
63580  15.402  2.866  43.932 0.0000000000
63545  15.489  2.915  47.848 0.0000000000
64354  15.185  3.181  46.703 0.0000000000
64352  14.795  3.861  46.978 0.0000000000
65056  14.868  4.311  47.606 0.0000000000
65050  16.455  3.987  49.511 0.0000000000
99643  16.803  4.616  49.341 0.0000000000
97455  37.622  -3.419  43.759 0.0000000000
57973  35.831  -5.011  44.937 0.0000000000
57979  36.900  -4.451  44.577 0.0000000000
57231  35.872  -5.882  44.757 0.0000000000
59526  33.108  -1.807  42.436 0.0000000000
59543  33.367  -1.964  41.603 0.0000000000
60365  33.760  -1.724  43.054 0.0000000000
61174  35.721  -1.492  43.177 0.0000000000
60347  35.058  -1.539  43.076 0.0000000000
60346  36.021  -1.257  42.924 0.0000000000
60362  36.295  -1.110  42.359 0.0000000000
61184  36.943  -0.647  42.954 0.0000000000
62008  37.551  -0.204  43.371 0.0000000000
60314  37.376  -1.650  43.644 0.0000000000
60329  38.144  -1.611  43.664 0.0000000000
61985  1.170  0.088  48.680 0.0000000000
61145  0.688  -0.368  48.119 0.0000000000
104058  8.021  9.132  36.373 0.0000000000
101232  7.223  8.191  36.452 0.0000000000
67896  7.077  9.231  36.532 0.0000000000
95408  4.513  10.860  36.554 0.0000000000
68566  4.263  9.912  36.560 0.0000000000
68567  3.409  9.701  36.204 0.0000000000
67900  3.127  8.917  36.000 0.0000000000
68568  3.180  9.749  35.943 0.0000000000
67924  3.464  8.682  34.815 0.0000000000
68597  3.731  9.963  35.231 0.0000000000
69175  4.305  11.709  35.084 0.0000000000
68596  4.823  10.154  34.716 0.0000000000
68595  5.786  9.916  34.400 0.0000000000
68608  6.299  10.242  34.100 0.0000000000
101697  4.762  13.325  34.198 0.0000000000
69758  4.894  13.125  33.048 0.0000000000
69757  5.369  12.356  32.430 0.0000000000
70784  5.042  13.678  32.847 0.0000000000
63060  62.164  2.171  11.137 0.0000000000
107808  17.849  -1.941  45.087 0.0000000000
60353  20.118  -1.977  43.793 0.0000000000
60338  19.840  -1.740  44.668 0.0000000000
60321  21.641  -1.856  45.300 0.0000000000
60336  21.967  -2.154  44.605 0.0000000000
60390  22.847  -1.488  40.809 0.0000000000
61203  23.065  -0.589  40.510 0.0000000000
62041  23.617  -0.083  41.017 0.0000000000
62051  23.511  0.127  40.150 0.0000000000
62073  24.137  0.745  38.913 0.0000000000
62082  24.191  0.837  37.971 0.0000000000
53302  14.656  -9.099  50.486 0.0000000000
52272  14.826  -9.904  48.098 0.0000000000
53343  14.374  -9.537  47.482 0.0000000000
54384  13.746  -8.751  46.488 0.0000000000
105865  14.203  -9.291  46.069 0.0000000000
56426  17.608  -6.751  40.529 0.0000000000
55503  17.166  -7.340  40.107 0.0000000000
58778  17.118  -3.655  39.474 0.0000000000
59582  17.126  -2.867  39.849 0.0000000000
59565  17.176  -2.616  40.619 0.0000000000
59518  17.265  -2.025  43.142 0.0000000000
60355  17.541  -2.098  43.849 0.0000000000
96215  18.927  -12.429  50.361 0.0000000000
111030  18.567  -12.241  50.669 0.0000000000
51160  17.667  -11.457  51.451 0.0000000000
93930  17.771  -11.416  52.400 0.0000000000
51152  17.255  -10.971  53.124 0.0000000000
52266  15.740  -10.157  50.166 0.0000000000
95113  16.474  -10.442  51.596 0.0000000000
52260  15.788  -9.909  51.141 0.0000000000
100967  15.588  -9.519  51.905 0.0000000000
57240  30.895  -5.933  45.258 0.0000000000
56367  31.486  -6.143  46.499 0.0000000000
56368  31.014  -6.460  45.902 0.0000000000
55383  30.903  -7.950  47.165 0.0000000000
54349  31.385  -8.533  48.530 0.0000000000
106795  30.845  -8.785  48.208 0.0000000000
51148  25.129  -11.516  50.670 0.0000000000
93619  25.629  -11.336  50.520 0.0000000000
93129  24.780  -14.381  51.533 0.0000000000
105696  25.512  -14.253  51.480 0.0000000000
47011  25.174  -14.869  51.366 0.0000000000
47025  26.063  -14.729  51.017 0.0000000000
62093  24.431  0.824  36.940 0.0000000000
60431  22.925  -1.688  36.087 0.0000000000
61244  23.485  -0.426  35.900 0.0000000000
59656  23.361  -2.034  35.539 0.0000000000
60439  23.822  -1.590  34.964 0.0000000000
58841  23.549  -2.664  35.754 0.0000000000
54484  27.262  -8.334  40.722 0.0000000000
55478  28.007  -7.898  41.185 0.0000000000
55461  29.085  -7.002  42.322 0.0000000000
55499  28.379  -7.144  40.942 0.0000000000
55476  28.864  -6.723  41.546 0.0000000000
56422  29.101  -6.082  41.423 0.0000000000
57273  29.423  -5.527  41.759 0.0000000000
56379  30.465  -6.371  44.726 0.0000000000
56387  30.234  -6.104  43.990 0.0000000000
57248  30.693  -5.411  44.502 0.0000000000
78253  11.504  26.356  35.895 0.0000000000
79415  10.733  28.305  36.533 0.0000000000
79949  10.691  29.108  36.416 0.0000000000
80547  13.237  31.128  37.818 0.0000000000
96235  12.520  31.581  38.049 0.0000000000
81635  12.627  32.445  36.529 0.0000000000
67770  5.202  8.789  48.339 0.0000000000
67784  4.391  9.099  47.884 0.0000000000
69046  6.144  10.512  46.341 0.0000000000
69047  5.358  10.405  46.356 0.0000000000
107048  5.788  10.669  46.027 0.0000000000
69074  5.537  10.319  45.175 0.0000000000
69058  5.987  10.642  45.733 0.0000000000
110181  11.125  13.928  43.942 0.0000000000
70198  11.950  12.556  42.428 0.0000000000
69665  12.331  11.610  42.435 0.0000000000
106812  12.436  10.838  42.345 0.0000000000
102990  12.570  11.331  41.712 0.0000000000
100517  12.710  11.459  41.049 0.0000000000
70218  12.267  12.902  39.711 0.0000000000
93174  12.732  12.016  40.072 0.0000000000
69682  12.975  12.029  39.245 0.0000000000
70224  12.734  12.764  38.819 0.0000000000
70737  12.147  13.507  39.138 0.0000000000
71748  10.712  15.641  39.237 0.0000000000
71243  11.306  14.843  39.146 0.0000000000
72282  10.161  16.729  38.901 0.0000000000
104968  9.909  21.821  39.909 0.0000000000
75215  10.063  21.728  39.118 0.0000000000
75263  10.274  21.990  36.592 0.0000000000
75264  9.284  21.567  36.617 0.0000000000
75956  10.245  22.548  36.034 0.0000000000
76515  10.625  23.295  36.382 0.0000000000
77651  10.598  25.306  36.811 0.0000000000
103599  10.626  24.714  36.297 0.0000000000
77659  11.313  25.485  35.614 0.0000000000
60550  41.971  -1.484  27.047 0.0000000000
60529  42.379  -0.946  28.374 0.0000000000
104576  44.577  -1.467  28.593 0.0000000000
60526  45.297  -1.591  28.643 0.0000000000
61287  52.142  0.046  32.272 0.0000000000
61308  52.801  -0.308  31.562 0.0000000000
60498  53.033  -0.606  30.045 0.0000000000
99233  52.291  -0.831  28.975 0.0000000000
60522  51.393  -0.912  28.357 0.0000000000
60543  51.339  -1.173  27.665 0.0000000000
94743  52.169  -1.077  28.181 0.0000000000
59741  54.400  -2.969  28.812 0.0000000000
94363  52.807  -2.083  27.379 0.0000000000
59754  53.371  -2.484  27.083 0.0000000000
59753  54.446  -3.117  27.148 0.0000000000
58119  52.488  -4.913  28.766 0.0000000000
58129  52.753  -5.179  27.979 0.0000000000
62763  22.063  2.073  46.081 0.0000000000
62762  23.191  2.049  46.110 0.0000000000
63564  22.736  2.468  44.566 0.0000000000
61118  7.456  0.312  52.462 0.0000000000
61113  7.058  0.240  53.558 0.0000000000
61951  7.035  0.808  49.979 0.0000000000
96136  6.357  0.779  50.576 0.0000000000
57982  11.371  -4.890  46.028 0.0000000000
57976  11.277  -4.749  46.871 0.0000000000
58721  10.790  -3.143  44.578 0.0000000000
59493  10.398  -2.590  45.079 0.0000000000
65110  10.340  4.583  41.140 0.0000000000
97814  9.566  4.380  41.314 0.0000000000
65096  8.191  4.451  42.039 0.0000000000
64397  7.959  3.422  41.833 0.0000000000
63594  7.463  2.652  42.244 0.0000000000
63595  6.756  2.843  42.555 0.0000000000
64398  7.220  3.441  42.313 0.0000000000
95690  7.682  5.592  43.015 0.0000000000
65079  6.926  4.959  43.048 0.0000000000
65714  6.461  5.888  44.446 0.0000000000
98346  8.548  7.275  45.812 0.0000000000
95811  14.440  11.745  46.572 0.0000000000
69638  14.925  11.081  45.702 0.0000000000
61262  27.924  -0.043  32.956 0.0000000000
60487  28.583  -1.519  31.724 0.0000000000
60486  29.171  -1.989  31.237 0.0000000000
59671  34.570  -2.673  33.521 0.0000000000
59692  33.453  -3.003  32.120 0.0000000000
59691  34.381  -2.572  32.626 0.0000000000
60492  34.307  -1.782  30.166 0.0000000000
111312  33.655  -1.324  28.558 0.0000000000
60559  33.724  -0.929  27.537 0.0000000000
61346  35.966  -0.700  29.082 0.0000000000
60536  35.453  -0.745  28.479 0.0000000000
104016  35.766  -0.836  27.674 0.0000000000
107043  35.991  -0.982  26.982 0.0000000000
94732  37.104  -0.982  28.056 0.0000000000
61354  36.824  -0.744  28.894 0.0000000000
106390  37.408  -0.571  31.122 0.0000000000
99741  37.789  -0.612  30.498 0.0000000000
61301  38.069  -0.554  31.243 0.0000000000
61279  38.745  -0.248  32.429 0.0000000000
61209  41.752  0.756  40.394 0.0000000000
105800  41.616  0.031  40.112 0.0000000000
58811  39.172  -3.082  36.857 0.0000000000
64436  4.232  3.811  40.360 0.0000000000
64437  3.549  3.537  40.731 0.0000000000
63620  3.306  2.757  40.379 0.0000000000
95791  1.820  1.712  34.989 0.0000000000
95088  1.751  0.918  34.736 0.0000000000
97726  13.196  15.699  32.391 0.0000000000
72923  13.006  17.577  30.797 0.0000000000
72351  12.876  16.596  31.080 0.0000000000
65253  45.082  4.169  26.839 0.0000000000
65913  46.556  5.043  28.032 0.0000000000
65888  48.286  6.132  29.245 0.0000000000
66598  49.005  6.821  30.198 0.0000000000
106871  57.612  3.444  18.564 0.0000000000
63819  57.674  3.036  17.633 0.0000000000
58149  54.741  -3.905  23.615 0.0000000000
58962  54.650  -3.801  22.601 0.0000000000
96045  55.281  -3.531  22.544 0.0000000000
58971  54.802  -3.614  21.782 0.0000000000
58744  19.235  -3.301  42.470 0.0000000000
104052  20.247  -4.621  42.176 0.0000000000
58002  19.942  -3.919  42.255 0.0000000000
58015  20.888  -4.432  41.959 0.0000000000
56401  20.502  -5.923  42.528 0.0000000000
111152  22.606  -4.801  41.468 0.0000000000
98587  22.718  -4.431  40.005 0.0000000000
99423  22.579  -4.223  38.376 0.0000000000
97419  16.693  -11.455  46.790 0.0000000000
94574  17.445  -11.809  46.846 0.0000000000
51212  18.292  -11.093  44.464 0.0000000000
51213  17.560  -11.255  44.603 0.0000000000
52305  17.641  -10.988  43.979 0.0000000000
52316  17.036  -10.681  43.482 0.0000000000
52315  17.841  -10.472  43.401 0.0000000000
53381  19.097  -9.245  44.865 0.0000000000
54414  18.831  -8.691  44.133 0.0000000000
54429  18.596  -8.515  43.314 0.0000000000
54449  18.357  -8.444  42.507 0.0000000000
54470  18.101  -8.311  41.859 0.0000000000
55481  18.048  -7.679  41.550 0.0000000000
103191  18.279  -6.966  42.005 0.0000000000
57268  18.705  -4.989  42.468 0.0000000000
58004  18.215  -4.485  42.177 0.0000000000
50154  22.643  -12.189  49.749 0.0000000000
49174  22.231  -12.916  50.374 0.0000000000
111963  21.493  -13.211  50.798 0.0000000000
106350  21.345  -10.050  48.512 0.0000000000
52269  21.808  -10.912  48.746 0.0000000000
51176  21.536  -11.602  48.384 0.0000000000
50176  20.299  -12.209  47.783 0.0000000000
50169  20.658  -12.391  48.584 0.0000000000
95566  19.765  -12.532  48.987 0.0000000000
50164  19.614  -12.591  49.927 0.0000000000
51177  17.444  -11.824  48.546 0.0000000000
53361  28.433  -9.483  45.708 0.0000000000
53338  26.254  -9.428  47.487 0.0000000000
53325  26.472  -9.427  48.349 0.0000000000
53315  26.963  -9.563  49.044 0.0000000000
54351  26.093  -9.329  48.892 0.0000000000
54368  24.237  -8.629  47.368 0.0000000000
112302  24.592  -8.648  47.967 0.0000000000
55337  23.451  -8.533  50.446 0.0000000000
54339  24.661  -8.625  49.432 0.0000000000
55336  24.252  -8.813  50.429 0.0000000000
55335  24.874  -8.988  50.233 0.0000000000
54306  24.087  -9.323  50.434 0.0000000000
54293  24.474  -9.907  50.346 0.0000000000
54294  24.185  -9.835  50.570 0.0000000000
51158  23.861  -11.561  50.915 0.0000000000
51150  24.349  -11.457  50.940 0.0000000000
50138  24.144  -12.459  51.184 0.0000000000
49142  24.047  -13.324  51.539 0.0000000000
56438  23.466  -7.509  39.069 0.0000000000
55522  24.164  -8.075  38.931 0.0000000000
55537  24.304  -7.426  38.483 0.0000000000
53433  23.071  -9.242  41.668 0.0000000000
54467  23.310  -9.176  41.006 0.0000000000
53432  23.722  -9.487  41.425 0.0000000000
53430  25.443  -9.562  41.438 0.0000000000
53431  24.541  -9.589  41.189 0.0000000000
53442  26.012  -9.343  40.873 0.0000000000
54485  26.466  -8.761  40.364 0.0000000000
94339  27.188  -9.582  44.327 0.0000000000
53395  27.370  -9.414  43.515 0.0000000000
94190  27.950  -9.391  44.201 0.0000000000
53375  28.634  -8.866  44.094 0.0000000000
98257  11.390  25.643  40.437 0.0000000000
78801  12.414  27.168  41.209 0.0000000000
78225  11.658  27.228  40.719 0.0000000000
78803  12.710  27.685  40.824 0.0000000000
101398  13.386  25.435  41.865 0.0000000000
77632  13.554  25.657  41.051 0.0000000000
78229  13.739  26.610  39.575 0.0000000000
78230  13.539  27.107  40.282 0.0000000000
78809  13.461  27.929  40.040 0.0000000000
79396  13.325  28.767  39.812 0.0000000000
79404  13.684  29.144  39.160 0.0000000000
79403  14.036  28.648  38.536 0.0000000000
79409  14.268  28.932  37.742 0.0000000000
79948  14.400  29.946  36.813 0.0000000000
111449  14.672  28.665  36.381 0.0000000000
70167  10.409  12.539  48.701 0.0000000000
70680  10.880  12.992  48.196 0.0000000000
70683  10.920  13.358  47.697 0.0000000000
105592  10.969  14.244  46.958 0.0000000000
72234  11.330  16.530  46.260 0.0000000000
72798  11.032  17.108  46.022 0.0000000000
72237  9.416  16.785  45.438 0.0000000000
71702  10.057  16.749  45.833 0.0000000000
71706  9.758  16.273  45.518 0.0000000000
71705  10.298  15.604  45.698 0.0000000000
71713  9.664  15.673  44.832 0.0000000000
72249  8.012  16.303  42.921 0.0000000000
71726  8.255  15.875  42.162 0.0000000000
71725  8.741  15.527  42.143 0.0000000000
107113  7.774  16.301  41.669 0.0000000000
74004  7.130  19.441  42.843 0.0000000000
73421  6.612  18.341  42.269 0.0000000000
74009  6.733  19.403  41.717 0.0000000000
74638  7.301  20.363  42.313 0.0000000000
109923  10.535  20.551  43.543 0.0000000000
75194  9.880  21.165  43.380 0.0000000000
75198  9.250  21.977  42.786 0.0000000000
75203  9.009  22.103  41.824 0.0000000000
75210  9.275  21.796  40.593 0.0000000000
75202  9.736  22.461  41.301 0.0000000000
76485  11.262  24.484  41.612 0.0000000000
76491  11.176  24.206  40.489 0.0000000000
93580  45.457  0.789  34.945 0.0000000000
62123  46.147  0.828  34.443 0.0000000000
62112  46.386  0.567  35.233 0.0000000000
61247  47.205  0.086  35.164 0.0000000000
62111  47.356  0.532  34.765 0.0000000000
62110  47.997  0.560  34.408 0.0000000000
62122  48.543  0.545  34.026 0.0000000000
60452  48.913  -0.278  33.951 0.0000000000
60482  49.696  -1.218  32.694 0.0000000000
58912  48.664  -3.089  30.530 0.0000000000
59724  49.650  -2.504  31.130 0.0000000000
58911  49.773  -3.220  30.479 0.0000000000
59442  9.588  -1.714  53.011 0.0000000000
60268  9.297  -1.002  51.659 0.0000000000
94037  12.440  -0.711  39.505 0.0000000000
95655  11.621  -0.793  40.264 0.0000000000
99665  12.268  0.142  39.531 0.0000000000
63616  13.726  2.891  39.917 0.0000000000
62820  12.766  1.550  39.454 0.0000000000
63617  12.782  3.008  39.858 0.0000000000
101853  11.479  2.071  39.863 0.0000000000
64396  14.599  3.812  42.344 0.0000000000
103124  13.567  4.856  42.089 0.0000000000
65107  13.294  4.611  41.458 0.0000000000
65108  12.489  4.786  41.289 0.0000000000
65109  11.716  4.823  41.233 0.0000000000
65747  12.027  5.339  41.716 0.0000000000
65712  12.301  6.433  43.212 0.0000000000
66427  11.775  6.305  42.711 0.0000000000
93793  11.967  6.765  43.774 0.0000000000
66403  11.228  6.925  43.915 0.0000000000
66382  13.343  6.491  46.354 0.0000000000
67097  13.101  7.194  46.784 0.0000000000
65692  15.001  5.408  48.321 0.0000000000
67085  14.305  7.658  48.692 0.0000000000
58022  39.241  -4.333  41.145 0.0000000000
93183  38.438  -5.545  42.134 0.0000000000
57272  38.284  -5.988  41.702 0.0000000000
56408  37.754  -6.652  41.739 0.0000000000
93095  37.449  -6.566  42.252 0.0000000000
57986  37.896  -4.933  43.569 0.0000000000
56395  36.988  -6.183  43.024 0.0000000000
108236  30.495  -3.155  36.489 0.0000000000
58815  31.710  -3.376  36.274 0.0000000000
58814  32.523  -3.380  36.422 0.0000000000
109553  33.848  -2.264  40.153 0.0000000000
59576  33.687  -2.402  39.521 0.0000000000
95068  34.897  -2.577  38.067 0.0000000000
93052  34.054  -2.803  38.027 0.0000000000
58831  33.986  -3.364  35.926 0.0000000000
59634  34.743  -3.101  36.235 0.0000000000
59650  34.648  -3.133  35.289 0.0000000000
59648  36.025  -2.135  35.997 0.0000000000
60437  36.533  -1.580  35.348 0.0000000000
60438  36.152  -1.873  34.728 0.0000000000
60429  37.229  -0.894  36.724 0.0000000000
61219  38.018  -0.513  38.763 0.0000000000
61229  37.959  -0.503  38.080 0.0000000000
61218  38.586  -0.011  38.660 0.0000000000
62029  38.082  0.262  43.289 0.0000000000
61182  38.558  0.332  42.327 0.0000000000
62037  40.392  0.099  42.056 0.0000000000
62038  39.924  0.681  41.840 0.0000000000
100078  40.549  0.336  41.246 0.0000000000
95122  41.305  0.513  40.963 0.0000000000
59541  39.576  -2.819  41.239 0.0000000000
60373  39.842  -1.622  40.992 0.0000000000
65768  7.590  5.379  39.194 0.0000000000
65778  7.259  4.731  38.653 0.0000000000
65141  7.514  4.548  37.737 0.0000000000
65160  6.641  4.611  36.504 0.0000000000
65152  6.996  4.060  37.110 0.0000000000
64466  6.254  3.922  36.619 0.0000000000
64467  5.697  3.445  36.763 0.0000000000
108600  5.551  3.877  36.318 0.0000000000
99308  5.579  7.201  36.301 0.0000000000
66484  6.447  6.282  36.244 0.0000000000
65808  3.128  5.505  35.288 0.0000000000
65807  4.013  5.388  35.663 0.0000000000
65167  3.594  4.596  35.547 0.0000000000
64473  2.523  3.656  35.047 0.0000000000
63671  2.497  2.817  33.630 0.0000000000
63670  3.146  2.460  33.303 0.0000000000
63669  4.127  2.584  33.248 0.0000000000
66534  4.528  6.287  33.613 0.0000000000
74711  9.716  20.988  31.792 0.0000000000
74710  10.743  20.726  31.544 0.0000000000
75347  9.392  21.705  30.328 0.0000000000
64556  47.356  3.768  24.707 0.0000000000
64590  57.101  4.005  21.890 0.0000000000
64604  57.328  3.576  21.328 0.0000000000
61976  16.629  0.272  48.676 0.0000000000
61963  16.987  0.055  49.709 0.0000000000
101184  17.580  -0.374  49.611 0.0000000000
60286  19.011  -1.164  48.882 0.0000000000
61136  19.290  -0.646  49.364 0.0000000000
61135  20.221  -0.685  49.286 0.0000000000
60310  19.550  -1.618  47.152 0.0000000000
60282  22.908  -1.006  48.657 0.0000000000
60283  21.875  -0.997  48.892 0.0000000000
61133  22.599  -0.641  48.905 0.0000000000
61957  23.269  -0.241  48.744 0.0000000000
61972  22.779  0.447  48.169 0.0000000000
61987  25.219  0.811  47.413 0.0000000000
62750  25.519  1.387  46.660 0.0000000000
59531  20.601  -2.879  42.556 0.0000000000
59515  20.366  -2.360  43.101 0.0000000000
59513  22.840  -3.396  43.597 0.0000000000
61175  24.330  -0.886  43.520 0.0000000000
61176  24.244  -2.222  43.826 0.0000000000
60333  24.376  -2.426  44.642 0.0000000000
62009  25.693  1.116  44.926 0.0000000000
62772  26.486  2.216  45.798 0.0000000000
62771  27.008  2.713  45.605 0.0000000000
62791  26.689  1.967  42.973 0.0000000000
63587  27.667  2.672  44.490 0.0000000000
103587  27.414  2.451  43.243 0.0000000000
98016  25.604  1.296  41.068 0.0000000000
100639  27.047  2.432  40.289 0.0000000000
63597  27.691  2.681  42.459 0.0000000000
63624  28.523  2.661  39.227 0.0000000000
64443  29.206  3.086  40.124 0.0000000000
63623  29.633  2.865  39.116 0.0000000000
64455  30.499  3.078  39.062 0.0000000000
56343  12.615  -6.286  50.415 0.0000000000
56342  12.960  -6.879  50.258 0.0000000000
54342  13.635  -8.225  49.437 0.0000000000
109141  12.758  -7.211  46.827 0.0000000000
55371  12.859  -7.335  48.189 0.0000000000
56363  12.536  -6.764  47.497 0.0000000000
56359  12.456  -6.664  48.490 0.0000000000
57226  12.102  -6.010  47.054 0.0000000000
97859  12.014  -5.808  43.939 0.0000000000
57249  11.980  -5.836  44.644 0.0000000000
57260  11.913  -5.413  43.396 0.0000000000
57270  11.870  -5.000  42.850 0.0000000000
52284  16.097  -11.075  46.252 0.0000000000
107668  15.582  -10.659  46.864 0.0000000000
101644  15.768  -10.747  45.536 0.0000000000
53402  15.250  -9.806  43.670 0.0000000000
54430  14.384  -9.097  43.720 0.0000000000
54415  14.110  -8.997  44.770 0.0000000000
55524  15.914  -7.474  39.836 0.0000000000
56416  14.098  -7.024  40.772 0.0000000000
55485  13.805  -7.345  41.597 0.0000000000
106897  13.590  -7.523  42.300 0.0000000000
95457  13.220  -6.906  42.136 0.0000000000
57279  13.049  -5.833  41.078 0.0000000000
58038  12.863  -3.910  39.816 0.0000000000
57289  12.798  -5.065  40.787 0.0000000000
101194  12.380  -3.660  40.428 0.0000000000
58781  12.520  -3.124  39.900 0.0000000000
60405  12.606  -1.789  39.457 0.0000000000
59584  13.230  -2.230  38.930 0.0000000000
61222  15.420  -0.897  38.727 0.0000000000
61223  14.719  -0.688  38.619 0.0000000000
62818  15.452  1.271  39.708 0.0000000000
62053  16.054  0.852  40.100 0.0000000000
60380  16.798  -1.114  41.145 0.0000000000
61197  16.658  -0.222  41.537 0.0000000000
62023  16.563  0.173  43.279 0.0000000000
62032  16.535  0.409  42.362 0.0000000000
98888  16.387  0.894  42.976 0.0000000000
62793  16.286  1.217  42.268 0.0000000000
61148  16.671  -0.301  47.445 0.0000000000
96268  16.506  0.260  46.531 0.0000000000
48061  21.856  -14.747  52.059 0.0000000000
48048  20.374  -14.832  52.930 0.0000000000
46999  19.750  -15.109  53.128 0.0000000000
49146  19.698  -13.292  52.483 0.0000000000
50139  19.015  -12.820  53.279 0.0000000000
52229  16.675  -10.568  53.704 0.0000000000
52222  17.054  -11.032  54.146 0.0000000000
53248  15.647  -9.560  54.289 0.0000000000
59481  33.474  -3.071  45.650 0.0000000000
59471  33.646  -3.602  45.966 0.0000000000
59472  33.142  -3.524  46.346 0.0000000000
57962  33.105  -4.930  47.742 0.0000000000
58685  33.428  -4.714  47.498 0.0000000000
57209  34.401  -6.278  48.929 0.0000000000
57210  33.672  -6.262  48.747 0.0000000000
56362  31.701  -6.539  47.174 0.0000000000
56357  32.302  -5.942  47.561 0.0000000000
55333  32.862  -8.256  49.633 0.0000000000
55349  32.790  -7.604  49.338 0.0000000000
54313  33.425  -8.202  49.557 0.0000000000
53298  33.458  -9.382  49.683 0.0000000000
53299  32.916  -9.616  49.792 0.0000000000
53336  28.614  -9.546  47.468 0.0000000000
53335  29.216  -9.416  47.047 0.0000000000
54319  28.635  -9.956  49.368 0.0000000000
54334  29.314  -9.873  49.246 0.0000000000
54318  29.854  -9.943  49.137 0.0000000000
96331  29.504  -10.264  49.023 0.0000000000
63635  30.494  2.711  38.222 0.0000000000
62839  27.459  1.582  36.308 0.0000000000
62850  27.778  1.316  35.529 0.0000000000
62106  25.263  0.702  35.606 0.0000000000
110096  25.538  0.969  36.160 0.0000000000
61253  25.453  -0.330  34.126 0.0000000000
62119  26.640  0.436  34.289 0.0000000000
61252  26.220  -0.202  33.826 0.0000000000
61264  26.600  -0.796  33.308 0.0000000000
59663  26.031  -2.665  34.218 0.0000000000
59675  26.512  -2.379  33.553 0.0000000000
58872  27.605  -3.361  33.938 0.0000000000
58054  22.820  -4.419  37.623 0.0000000000
58053  23.400  -4.575  37.150 0.0000000000
58052  24.195  -4.677  36.931 0.0000000000
58058  24.666  -3.938  36.566 0.0000000000
56452  26.511  -6.336  38.391 0.0000000000
57303  26.882  -5.313  38.490 0.0000000000
58788  26.655  -3.539  37.918 0.0000000000
58802  26.317  -3.128  37.280 0.0000000000
59622  26.691  -2.687  37.018 0.0000000000
59637  28.018  -2.523  36.705 0.0000000000
59636  28.926  -2.583  36.913 0.0000000000
59579  29.318  -2.510  39.703 0.0000000000
108373  30.187  -2.391  39.599 0.0000000000
59562  30.430  -2.292  40.449 0.0000000000
58000  29.763  -4.852  42.191 0.0000000000
58753  29.588  -3.477  41.170 0.0000000000
58011  29.868  -3.895  41.956 0.0000000000
58739  30.955  -2.617  42.962 0.0000000000
59529  30.693  -2.402  42.124 0.0000000000
59528  31.419  -1.980  42.556 0.0000000000
59527  32.213  -1.777  42.580 0.0000000000
59491  32.821  -2.866  45.764 0.0000000000
59499  32.994  -2.188  44.710 0.0000000000
60304  33.638  -2.590  45.033 0.0000000000
110679  9.957  27.455  39.022 0.0000000000
78816  9.667  27.680  38.550 0.0000000000
79405  9.735  28.559  38.657 0.0000000000
104050  10.200  30.595  37.829 0.0000000000
79950  10.396  29.870  36.690 0.0000000000
81121  11.828  32.178  37.854 0.0000000000
81122  11.213  32.143  38.166 0.0000000000
81630  11.147  32.649  37.590 0.0000000000
81137  10.550  32.412  35.541 0.0000000000
109011  1.839  4.368  46.874 0.0000000000
64356  1.652  3.972  46.630 0.0000000000
65709  1.708  5.600  46.266 0.0000000000
97562  2.016  5.929  45.134 0.0000000000
68469  3.631  9.222  46.112 0.0000000000
67798  3.006  7.896  46.186 0.0000000000
67804  3.244  8.743  45.626 0.0000000000
67120  2.991  8.089  44.422 0.0000000000
67127  3.166  7.791  43.460 0.0000000000
66419  2.777  6.958  43.565 0.0000000000
66430  3.203  6.947  42.759 0.0000000000
107258  3.548  7.762  42.719 0.0000000000
67845  4.952  8.187  41.987 0.0000000000
67143  4.397  7.573  41.894 0.0000000000
66436  5.110  7.253  41.447 0.0000000000
67155  6.071  7.284  41.176 0.0000000000
69626  9.276  11.506  47.688 0.0000000000
69633  9.445  11.445  46.780 0.0000000000
69643  8.730  11.068  46.187 0.0000000000
69072  7.347  10.283  44.908 0.0000000000
69071  8.353  10.221  44.725 0.0000000000
69650  11.593  11.565  44.470 0.0000000000
69651  11.034  10.938  44.939 0.0000000000
69068  11.304  10.585  44.170 0.0000000000
68488  9.122  9.553  43.380 0.0000000000
69085  9.862  9.831  43.896 0.0000000000
68489  8.120  9.551  43.343 0.0000000000
68504  7.613  9.270  42.705 0.0000000000
67826  8.050  8.883  42.153 0.0000000000
67854  8.751  8.039  41.122 0.0000000000
67140  7.950  8.205  41.305 0.0000000000
67153  7.756  7.576  40.862 0.0000000000
67154  6.937  7.398  40.982 0.0000000000
67166  8.491  7.019  40.322 0.0000000000
67165  9.840  6.679  39.401 0.0000000000
67174  10.279  6.602  38.703 0.0000000000
67850  12.851  8.957  40.230 0.0000000000
101592  12.305  8.374  40.096 0.0000000000
67862  12.749  8.431  39.293 0.0000000000
67891  12.073  8.118  36.791 0.0000000000
67884  12.162  7.830  37.724 0.0000000000
67184  11.476  7.407  37.085 0.0000000000
67200  10.601  7.324  36.718 0.0000000000
67893  10.110  8.084  36.255 0.0000000000
68582  10.116  9.501  35.521 0.0000000000
112458  9.578  10.156  35.373 0.0000000000
69158  8.765  10.608  35.560 0.0000000000
69719  9.511  10.737  35.029 0.0000000000
106045  10.281  10.896  34.603 0.0000000000
70254  12.393  11.971  34.263 0.0000000000
70255  11.546  11.612  34.108 0.0000000000
108092  11.723  12.366  33.666 0.0000000000
103230  12.591  12.661  34.135 0.0000000000
101377  13.370  12.651  35.973 0.0000000000
71261  13.328  14.097  35.891 0.0000000000
102585  13.412  14.599  35.265 0.0000000000
71266  13.232  14.048  34.247 0.0000000000
71774  13.448  15.183  34.438 0.0000000000
72315  13.451  16.265  34.885 0.0000000000
110091  12.573  18.134  35.318 0.0000000000
72892  13.017  17.890  34.775 0.0000000000
92965  12.727  18.430  34.004 0.0000000000
72268  7.893  16.496  40.564 0.0000000000
72276  8.314  16.511  40.018 0.0000000000
72842  7.883  16.930  39.801 0.0000000000
106111  8.634  17.622  38.798 0.0000000000
72858  9.004  18.045  38.159 0.0000000000
74050  7.016  20.250  37.158 0.0000000000
74066  7.396  19.184  36.238 0.0000000000
74048  7.831  18.824  36.903 0.0000000000
73482  9.287  18.549  36.475 0.0000000000
73494  10.228  18.665  36.057 0.0000000000
74075  9.055  18.811  35.666 0.0000000000
105963  7.701  19.877  34.281 0.0000000000
74083  10.992  19.697  33.931 0.0000000000
74092  9.978  20.004  33.641 0.0000000000
74696  8.983  20.333  33.247 0.0000000000
75967  7.405  22.430  33.009 0.0000000000
104546  7.424  21.843  32.821 0.0000000000
75971  7.359  22.460  32.464 0.0000000000
76537  7.393  23.076  32.674 0.0000000000
76525  9.277  23.431  34.943 0.0000000000
76530  8.689  23.192  34.353 0.0000000000
108509  8.923  23.912  34.562 0.0000000000
109397  9.445  24.907  33.034 0.0000000000
77113  8.840  25.216  32.551 0.0000000000
63697  39.459  3.021  25.957 0.0000000000
63696  40.204  3.141  25.935 0.0000000000
64551  40.989  3.106  25.674 0.0000000000
63712  41.456  2.743  25.156 0.0000000000
64533  42.421  3.610  26.327 0.0000000000
63711  42.185  2.731  24.990 0.0000000000
60576  42.237  -1.497  25.286 0.0000000000
60592  41.772  -1.012  24.776 0.0000000000
60591  42.607  -1.192  24.658 0.0000000000
62196  43.159  0.738  23.818 0.0000000000
61406  42.953  -0.037  23.738 0.0000000000
63710  43.056  2.718  24.868 0.0000000000
63728  43.312  2.106  24.366 0.0000000000
109461  43.785  2.606  24.735 0.0000000000
63727  44.232  2.049  24.283 0.0000000000
62925  45.033  0.946  23.686 0.0000000000
62908  45.065  1.634  24.046 0.0000000000
99236  45.868  2.611  24.715 0.0000000000
62924  45.854  1.257  23.697 0.0000000000
107139  46.261  0.692  32.947 0.0000000000
104924  45.717  0.463  32.075 0.0000000000
61293  46.095  0.081  31.467 0.0000000000
61334  46.999  -0.728  30.021 0.0000000000
101591  46.579  -1.216  29.342 0.0000000000
60525  46.163  -1.652  28.667 0.0000000000
102717  47.089  -1.630  28.664 0.0000000000
104926  50.249  -0.458  30.265 0.0000000000
60501  48.932  -1.220  28.957 0.0000000000
59747  48.023  -2.107  26.997 0.0000000000
59748  47.150  -2.286  27.093 0.0000000000
59760  46.638  -2.487  26.334 0.0000000000
59771  46.359  -2.395  24.897 0.0000000000
110090  46.743  -1.061  23.242 0.0000000000
102323  46.791  -1.603  23.527 0.0000000000
61402  46.687  -0.406  23.092 0.0000000000
62923  46.763  1.305  23.312 0.0000000000
62212  47.080  0.515  22.910 0.0000000000
60627  48.690  -0.899  22.681 0.0000000000
62229  47.902  0.516  22.634 0.0000000000
62228  48.771  0.499  22.438 0.0000000000
59767  51.097  -1.942  25.660 0.0000000000
59784  49.866  -2.061  24.640 0.0000000000
60603  53.778  -1.690  23.489 0.0000000000
96732  55.095  -1.766  23.688 0.0000000000
58937  55.047  -3.904  26.272 0.0000000000
58142  54.803  -3.754  24.631 0.0000000000
101149  52.029  -5.562  24.926 0.0000000000
57403  52.663  -5.337  24.439 0.0000000000
58121  49.761  -4.849  28.814 0.0000000000
57379  50.574  -5.729  27.353 0.0000000000
57389  49.005  -6.492  26.950 0.0000000000
56555  49.218  -6.479  26.204 0.0000000000
56564  49.498  -6.245  25.422 0.0000000000
57407  49.192  -5.981  24.133 0.0000000000
101812  61.213  3.881  11.912 0.0000000000
109576  60.110  3.224  13.497 0.0000000000
63861  60.574  2.419  13.621 0.0000000000
72258  12.976  16.852  41.690 0.0000000000
72831  13.396  17.728  40.561 0.0000000000
94695  13.386  16.910  40.840 0.0000000000
62736  17.621  0.760  50.358 0.0000000000
63538  18.027  1.746  49.556 0.0000000000
61939  5.201  0.350  51.893 0.0000000000
94462  4.510  0.277  51.474 0.0000000000
61945  2.930  0.006  50.594 0.0000000000
61125  2.468  -0.316  50.463 0.0000000000
61946  2.312  -0.014  50.109 0.0000000000
61139  1.541  -0.036  49.557 0.0000000000
94952  2.424  0.236  49.518 0.0000000000
102622  2.730  0.549  47.714 0.0000000000
57193  13.107  -5.997  52.955 0.0000000000
57194  12.608  -5.472  53.491 0.0000000000
57951  11.462  -4.224  51.451 0.0000000000
57949  11.486  -4.111  52.404 0.0000000000
57963  11.137  -4.547  48.671 0.0000000000
58686  10.816  -3.885  48.048 0.0000000000
100283  10.312  -2.941  48.895 0.0000000000
58678  10.693  -3.675  49.035 0.0000000000
58675  10.633  -3.162  50.503 0.0000000000
60277  9.673  -1.715  49.215 0.0000000000
61198  11.083  -0.887  40.965 0.0000000000
60382  10.743  -1.134  41.725 0.0000000000
62033  9.894  0.074  42.076 0.0000000000
60358  10.083  -1.352  43.832 0.0000000000
61179  9.707  -0.668  43.667 0.0000000000
62806  8.913  2.025  41.685 0.0000000000
62013  8.496  0.181  44.648 0.0000000000
61168  9.349  -0.708  45.159 0.0000000000
61158  9.042  -0.401  45.881 0.0000000000
61989  8.699  -0.082  46.589 0.0000000000
96658  8.004  0.528  48.239 0.0000000000
61979  7.669  0.540  47.607 0.0000000000
93982  6.973  0.568  47.289 0.0000000000
61992  6.326  0.511  46.507 0.0000000000
63582  6.374  2.330  43.103 0.0000000000
62789  5.982  1.779  43.706 0.0000000000
62777  5.553  1.294  44.360 0.0000000000
62766  5.097  0.959  44.902 0.0000000000
62767  4.324  1.049  45.424 0.0000000000
100809  3.913  2.963  44.883 0.0000000000
62779  3.815  1.737  45.241 0.0000000000
63571  3.433  2.482  45.447 0.0000000000
65065  3.006  4.723  46.702 0.0000000000
66408  5.964  6.156  45.312 0.0000000000
66395  6.371  6.603  45.958 0.0000000000
98584  6.130  7.246  47.434 0.0000000000
66383  5.851  6.818  46.911 0.0000000000
67101  5.256  7.120  47.748 0.0000000000
100864  5.140  7.651  48.118 0.0000000000
68438  7.866  9.052  47.489 0.0000000000
68428  8.832  9.682  47.538 0.0000000000
112269  9.351  10.178  48.195 0.0000000000
67802  11.033  8.186  45.816 0.0000000000
67793  10.508  8.594  46.550 0.0000000000
104785  10.439  9.043  47.156 0.0000000000
68424  14.019  9.158  49.235 0.0000000000
67766  13.359  8.954  48.749 0.0000000000
68425  13.299  9.315  48.451 0.0000000000
68422  11.952  10.187  47.922 0.0000000000
97143  12.378  9.844  47.902 0.0000000000
68435  10.446  9.913  48.092 0.0000000000
68436  9.516  9.884  48.232 0.0000000000
69025  10.348  10.900  48.906 0.0000000000
102858  10.551  11.485  49.030 0.0000000000
70163  10.865  12.263  48.936 0.0000000000
70677  12.850  12.778  47.808 0.0000000000
70678  12.040  13.093  48.099 0.0000000000
71185  12.777  14.112  47.129 0.0000000000
111568  13.439  14.201  44.233 0.0000000000
70689  13.554  13.594  45.213 0.0000000000
71192  13.272  14.391  44.737 0.0000000000
71711  12.923  15.199  44.476 0.0000000000
71719  13.004  15.298  43.628 0.0000000000
72254  13.036  16.052  42.190 0.0000000000
72255  12.767  16.047  43.121 0.0000000000
72826  12.672  17.743  42.087 0.0000000000
56433  38.212  -6.223  39.741 0.0000000000
57291  38.490  -5.515  39.270 0.0000000000
58682  34.447  -5.160  46.445 0.0000000000
55381  35.620  -7.555  47.435 0.0000000000
98436  35.675  -7.046  47.559 0.0000000000
55397  35.421  -7.341  46.828 0.0000000000
53321  34.842  -9.418  48.183 0.0000000000
63644  31.133  2.388  37.182 0.0000000000
63653  31.451  2.278  36.261 0.0000000000
62847  30.776  1.928  35.010 0.0000000000
63660  31.394  2.261  35.521 0.0000000000
62846  31.258  2.262  34.973 0.0000000000
63664  31.301  2.588  34.517 0.0000000000
62153  28.679  0.145  32.482 0.0000000000
62129  29.287  0.815  32.966 0.0000000000
63674  29.875  2.118  32.314 0.0000000000
62870  30.222  2.030  33.142 0.0000000000
64497  29.600  3.783  30.326 0.0000000000
65199  29.859  4.672  30.062 0.0000000000
58869  30.145  -3.669  33.244 0.0000000000
59715  30.292  -3.120  31.264 0.0000000000
60493  30.038  -1.999  30.079 0.0000000000
96837  32.979  -2.685  30.576 0.0000000000
59729  32.248  -2.802  30.419 0.0000000000
59737  31.781  -2.432  29.738 0.0000000000
61356  30.176  -0.552  28.220 0.0000000000
60540  30.679  -1.225  28.687 0.0000000000
61357  29.593  -0.117  28.599 0.0000000000
62177  29.524  0.701  28.349 0.0000000000
62886  29.447  1.472  28.814 0.0000000000
62889  29.578  1.472  28.033 0.0000000000
64527  30.500  3.216  27.430 0.0000000000
64513  30.127  3.608  28.150 0.0000000000
103738  33.038  3.485  26.776 0.0000000000
61381  33.321  -0.172  25.765 0.0000000000
62901  33.343  1.044  25.526 0.0000000000
62900  34.010  1.066  25.437 0.0000000000
63718  35.474  1.703  25.622 0.0000000000
63701  34.912  2.507  26.076 0.0000000000
64540  35.434  3.187  26.765 0.0000000000
63699  37.244  2.654  26.123 0.0000000000
111636  37.459  3.092  26.642 0.0000000000
64538  38.046  3.061  26.430 0.0000000000
64537  38.945  3.253  26.560 0.0000000000
61390  38.073  -0.246  24.777 0.0000000000
62201  38.481  0.384  24.660 0.0000000000
61389  38.881  -0.294  24.695 0.0000000000
61374  39.329  -0.879  24.937 0.0000000000
60580  38.981  -1.451  25.585 0.0000000000
60534  37.937  -1.282  27.931 0.0000000000
60533  38.596  -1.194  28.393 0.0000000000
60508  39.921  -0.942  28.924 0.0000000000
60532  39.387  -1.337  28.257 0.0000000000
60553  39.746  -1.697  27.395 0.0000000000
60530  40.986  -1.176  28.009 0.0000000000
61353  40.750  -0.912  28.737 0.0000000000
61297  41.716  -0.213  31.488 0.0000000000
61296  42.693  -0.110  31.227 0.0000000000
98130  37.699  -0.550  35.387 0.0000000000
61250  37.921  -0.414  34.585 0.0000000000
61249  38.825  0.025  34.678 0.0000000000
111825  39.448  0.221  34.452 0.0000000000
106473  41.349  1.074  38.515 0.0000000000
93584  42.071  0.914  36.287 0.0000000000
62089  41.111  0.810  36.578 0.0000000000
94342  40.918  0.468  34.367 0.0000000000
62115  41.932  0.655  34.460 0.0000000000
93583  43.281  0.815  35.666 0.0000000000
93578  43.432  0.765  34.238 0.0000000000
93579  44.474  0.790  34.545 0.0000000000
93826  44.680  0.619  36.102 0.0000000000
61234  44.255  0.245  37.241 0.0000000000
61233  44.913  0.197  36.690 0.0000000000
60425  44.849  -0.304  36.867 0.0000000000
59629  41.699  -1.981  36.807 0.0000000000
60427  43.459  -0.847  37.620 0.0000000000
59660  41.271  -2.960  35.126 0.0000000000
59645  43.718  -2.306  35.707 0.0000000000
58845  42.530  -3.243  34.342 0.0000000000
58846  41.653  -3.229  34.315 0.0000000000
73440  13.814  18.892  39.795 0.0000000000
74017  13.797  19.660  39.804 0.0000000000
102834  14.279  19.327  39.074 0.0000000000
74668  14.901  20.269  37.811 0.0000000000
74656  14.500  20.828  38.285 0.0000000000
75242  14.731  21.077  37.613 0.0000000000
105911  14.280  22.143  38.092 0.0000000000
96044  14.565  21.926  37.500 0.0000000000
76522  16.137  23.744  35.044 0.0000000000
96986  16.100  22.917  35.235 0.0000000000
97785  15.412  24.052  35.494 0.0000000000
76513  15.029  23.599  36.147 0.0000000000
96304  15.354  24.904  35.406 0.0000000000
64364  1.518  3.159  45.851 0.0000000000
63560  1.547  2.554  46.063 0.0000000000
63585  1.664  2.376  43.932 0.0000000000
62790  1.424  1.396  44.341 0.0000000000
61180  1.148  0.313  44.013 0.0000000000
64419  2.261  3.419  42.043 0.0000000000
64401  2.044  3.359  42.655 0.0000000000
63609  1.919  2.735  41.980 0.0000000000
62046  0.591  -0.031  41.620 0.0000000000
65143  6.175  3.760  38.589 0.0000000000
64449  5.422  3.505  39.067 0.0000000000
64460  5.011  2.884  38.615 0.0000000000
63641  3.783  2.102  38.678 0.0000000000
62829  2.550  1.271  38.808 0.0000000000
62095  2.041  0.635  36.874 0.0000000000
70258  7.955  12.858  34.440 0.0000000000
70781  8.393  13.986  32.734 0.0000000000
70771  7.704  13.797  33.387 0.0000000000
70782  7.269  14.323  32.687 0.0000000000
70783  6.208  14.385  32.352 0.0000000000
71284  6.987  14.597  31.756 0.0000000000
71293  11.109  14.602  31.555 0.0000000000
71282  10.270  14.093  32.098 0.0000000000
71294  9.776  14.677  31.283 0.0000000000
71310  7.512  15.423  30.185 0.0000000000
71295  7.983  14.757  31.269 0.0000000000
71297  6.102  14.397  30.158 0.0000000000
71326  6.068  14.015  29.701 0.0000000000
71325  6.648  14.749  29.373 0.0000000000
71337  7.810  15.048  28.292 0.0000000000
70314  9.158  13.192  28.678 0.0000000000
70818  8.790  13.953  28.302 0.0000000000
74110  12.168  19.754  31.017 0.0000000000
74115  12.109  19.495  30.178 0.0000000000
73537  10.805  18.685  28.779 0.0000000000
72937  11.744  18.448  29.507 0.0000000000
72371  10.701  16.935  29.254 0.0000000000
104396  41.585  5.008  28.726 0.0000000000
101425  43.007  5.763  30.049 0.0000000000
65890  45.020  5.686  29.422 0.0000000000
65869  45.791  6.142  30.395 0.0000000000
65916  48.079  5.105  26.707 0.0000000000
65915  48.582  6.033  27.079 0.0000000000
63838  58.215  4.152  16.242 0.0000000000
64650  58.083  5.071  16.868 0.0000000000
63029  59.610  1.967  14.985 0.0000000000
63028  60.399  1.157  14.776 0.0000000000
109021  60.380  0.328  15.078 0.0000000000
63740  54.015  3.291  23.514 0.0000000000
110069  54.463  2.186  23.434 0.0000000000
62921  56.116  1.346  23.997 0.0000000000
63738  55.710  2.411  24.064 0.0000000000
62906  56.688  2.016  24.329 0.0000000000
60601  56.746  -1.660  23.944 0.0000000000
106672  57.544  -0.471  23.971 0.0000000000
62207  57.432  0.355  23.962 0.0000000000
64559  57.434  3.283  23.574 0.0000000000
62932  57.455  1.268  23.447 0.0000000000
101217  57.473  0.807  22.484 0.0000000000
102263  57.434  2.149  21.358 0.0000000000
106048  54.744  -3.427  20.664 0.0000000000
60641  56.585  -2.207  19.708 0.0000000000
60637  57.366  -1.785  21.075 0.0000000000
61432  58.218  -0.612  19.740 0.0000000000
61442  59.166  -0.119  17.496 0.0000000000
60655  57.821  -1.106  17.280 0.0000000000
61453  59.636  -0.122  16.966 0.0000000000
61465  59.780  -0.181  16.071 0.0000000000
61479  59.791  -0.433  15.172 0.0000000000
61489  59.675  -0.495  14.311 0.0000000000
54413  21.455  -7.664  44.131 0.0000000000
94402  21.983  -8.340  43.936 0.0000000000
55387  20.023  -7.433  47.398 0.0000000000
55404  19.619  -7.642  46.690 0.0000000000
55386  20.559  -6.997  47.971 0.0000000000
54396  22.702  -8.491  45.436 0.0000000000
92955  22.955  -8.299  46.468 0.0000000000
54412  22.277  -8.429  44.641 0.0000000000
74631  13.093  21.334  42.557 0.0000000000
75912  13.370  22.285  42.226 0.0000000000
75201  13.397  21.620  41.635 0.0000000000
75208  13.529  21.381  40.770 0.0000000000
72819  12.315  17.741  43.108 0.0000000000
72813  12.133  17.752  44.088 0.0000000000
73414  12.134  18.738  43.796 0.0000000000
104047  12.114  19.995  43.830 0.0000000000
109715  12.181  20.344  43.829 0.0000000000
65049  16.936  3.980  49.796 0.0000000000
64345  17.111  3.712  49.880 0.0000000000
64348  17.770  3.532  49.090 0.0000000000
106227  16.136  1.793  46.711 0.0000000000
63557  15.538  2.536  45.919 0.0000000000
64349  15.510  3.532  48.565 0.0000000000
64346  16.567  3.255  50.202 0.0000000000
97784  36.775  -2.565  43.635 0.0000000000
59489  36.813  -3.554  44.059 0.0000000000
60331  34.110  -1.771  44.195 0.0000000000
60348  34.173  -1.438  43.447 0.0000000000
61165  34.359  -1.782  44.129 0.0000000000
112290  34.968  -1.309  43.985 0.0000000000
61164  35.612  -1.433  43.385 0.0000000000
61163  36.767  -0.969  43.030 0.0000000000
61152  36.804  -1.327  43.342 0.0000000000
60315  36.485  -2.094  43.609 0.0000000000
62006  1.136  0.939  46.336 0.0000000000
96211  6.395  10.395  36.578 0.0000000000
69141  4.818  11.688  36.524 0.0000000000
69142  4.083  11.626  36.295 0.0000000000
69161  3.542  11.095  35.910 0.0000000000
69709  3.887  12.057  36.023 0.0000000000
69722  4.007  12.623  35.729 0.0000000000
69736  4.473  12.972  34.987 0.0000000000
69735  4.808  12.124  34.277 0.0000000000
70763  5.042  13.465  34.339 0.0000000000
65270  54.760  6.021  24.238 0.0000000000
63047  61.600  1.943  12.641 0.0000000000
63061  61.726  1.353  12.142 0.0000000000
108698  18.263  -2.234  43.721 0.0000000000
111156  22.549  -2.508  39.794 0.0000000000
60391  22.655  -1.986  40.246 0.0000000000
60401  22.510  -1.792  39.436 0.0000000000
62061  23.463  0.262  39.251 0.0000000000
61220  22.939  -0.251  38.701 0.0000000000
61230  23.009  -0.248  37.780 0.0000000000
110536  15.258  -9.884  49.719 0.0000000000
58016  17.844  -4.655  41.694 0.0000000000
58017  17.615  -4.835  40.841 0.0000000000
58758  17.565  -3.938  41.286 0.0000000000
108689  17.362  -3.141  41.239 0.0000000000
59549  17.195  -2.450  41.659 0.0000000000
50166  17.904  -12.023  49.388 0.0000000000
55400  30.555  -7.325  45.833 0.0000000000
54365  30.347  -8.538  46.875 0.0000000000
94515  25.165  -13.157  51.507 0.0000000000
111874  24.510  -14.034  51.626 0.0000000000
47012  24.369  -15.034  51.520 0.0000000000
96798  24.417  -15.719  51.301 0.0000000000
61237  23.114  -0.417  36.794 0.0000000000
60432  22.707  -1.287  36.740 0.0000000000
54445  28.200  -8.523  42.751 0.0000000000
55462  28.766  -7.801  42.670 0.0000000000
95638  29.302  -7.197  43.103 0.0000000000
56399  29.547  -6.470  42.798 0.0000000000
56380  29.977  -6.917  44.302 0.0000000000
98778  10.322  26.145  37.141 0.0000000000
78245  10.867  26.635  36.630 0.0000000000
96932  10.007  27.069  37.376 0.0000000000
80554  13.502  31.189  36.988 0.0000000000
81136  13.290  32.174  35.994 0.0000000000
105797  6.167  9.435  47.670 0.0000000000
110344  5.272  9.900  47.360 0.0000000000
69038  6.393  10.056  46.903 0.0000000000
69037  7.278  10.362  46.593 0.0000000000
69045  7.004  10.656  46.201 0.0000000000
71205  10.180  14.662  42.595 0.0000000000
104951  10.930  14.045  42.826 0.0000000000
70715  10.775  14.122  42.114 0.0000000000
70721  11.372  13.416  41.836 0.0000000000
70207  11.905  12.743  41.581 0.0000000000
70206  12.369  12.178  41.238 0.0000000000
103714  11.429  13.335  41.031 0.0000000000
71228  11.517  13.478  40.312 0.0000000000
70738  11.513  14.145  39.453 0.0000000000
71236  10.453  15.163  39.788 0.0000000000
71749  9.840  15.896  39.835 0.0000000000
75925  11.125  22.993  39.165 0.0000000000
75932  10.743  22.248  38.668 0.0000000000
75931  11.131  22.848  38.335 0.0000000000
75936  11.174  23.314  37.724 0.0000000000
75947  11.031  23.035  36.992 0.0000000000
76506  10.903  23.970  37.027 0.0000000000
61339  42.587  -0.480  29.727 0.0000000000
60506  42.964  -0.739  28.996 0.0000000000
61338  43.474  -0.541  29.713 0.0000000000
61337  44.352  -0.626  29.784 0.0000000000
59704  51.948  -1.751  31.678 0.0000000000
59703  52.966  -1.169  31.455 0.0000000000
59722  52.632  -2.285  31.051 0.0000000000
102408  53.603  -1.510  29.863 0.0000000000
59734  54.089  -2.502  29.597 0.0000000000
58921  54.368  -3.194  29.345 0.0000000000
58930  54.510  -3.716  28.737 0.0000000000
98258  51.596  -4.957  28.860 0.0000000000
63552  23.584  2.364  45.421 0.0000000000
60265  8.687  -0.689  53.087 0.0000000000
60262  8.276  -0.640  53.872 0.0000000000
57989  11.366  -4.450  44.481 0.0000000000
58730  11.132  -3.683  43.918 0.0000000000
58731  10.829  -2.940  43.891 0.0000000000
59520  10.651  -2.389  43.539 0.0000000000
95598  7.922  6.315  43.810 0.0000000000
58796  38.810  -3.732  37.222 0.0000000000
109261  38.595  -4.329  37.431 0.0000000000
59696  27.656  -2.595  32.763 0.0000000000
59695  28.385  -3.008  32.476 0.0000000000
59694  29.174  -3.258  32.216 0.0000000000
108613  35.029  -2.098  32.197 0.0000000000
60485  34.926  -1.562  30.744 0.0000000000
60491  34.950  -1.180  30.025 0.0000000000
60537  34.626  -0.918  28.636 0.0000000000
61324  35.649  -0.769  29.848 0.0000000000
61345  36.468  -0.639  29.724 0.0000000000
102232  37.504  -0.505  31.829 0.0000000000
60397  40.549  -0.926  39.713 0.0000000000
59591  40.089  -1.763  38.877 0.0000000000
59611  40.358  -1.815  38.075 0.0000000000
65750  4.154  5.915  41.488 0.0000000000
65761  4.070  5.167  41.199 0.0000000000
65124  4.465  4.618  40.653 0.0000000000
72903  13.413  17.284  33.254 0.0000000000
72914  13.324  17.640  32.439 0.0000000000
93478  13.274  17.901  31.667 0.0000000000
64546  45.844  3.377  25.636 0.0000000000
65252  46.098  4.116  26.779 0.0000000000
101351  47.373  4.901  27.645 0.0000000000
63787  56.340  3.357  19.999 0.0000000000
63807  57.356  3.871  18.973 0.0000000000
62974  57.443  2.075  18.896 0.0000000000
57294  22.784  -5.721  39.187 0.0000000000
51183  18.299  -12.107  46.908 0.0000000000
51191  18.042  -11.819  46.146 0.0000000000
55438  18.797  -7.396  44.167 0.0000000000
56402  18.531  -6.457  42.727 0.0000000000
50146  23.561  -12.559  50.862 0.0000000000
50153  23.344  -11.952  50.282 0.0000000000
51181  20.595  -11.512  47.448 0.0000000000
50177  19.506  -12.333  47.645 0.0000000000
93604  26.979  -9.639  45.145 0.0000000000
53362  27.571  -9.604  46.010 0.0000000000
55366  22.805  -7.611  49.228 0.0000000000
55365  23.789  -8.187  49.282 0.0000000000
55352  23.103  -7.974  49.986 0.0000000000
54324  23.169  -8.721  50.702 0.0000000000
108815  23.802  -10.006  50.894 0.0000000000
109706  23.743  -10.798  50.946 0.0000000000
99432  24.266  -9.628  42.940 0.0000000000
95875  24.207  -9.634  42.139 0.0000000000
53415  24.879  -9.657  42.704 0.0000000000
53414  25.567  -9.621  42.320 0.0000000000
100080  26.182  -9.582  42.750 0.0000000000
53396  26.491  -9.598  43.613 0.0000000000
77629  11.797  25.900  41.453 0.0000000000
77056  11.807  25.245  42.108 0.0000000000
77626  12.308  25.955  41.960 0.0000000000
78221  12.650  26.440  41.634 0.0000000000
77065  13.670  24.580  40.337 0.0000000000
77064  13.673  25.391  40.048 0.0000000000
78808  13.811  27.399  39.283 0.0000000000
108595  13.999  27.924  38.641 0.0000000000
78814  14.063  27.247  38.256 0.0000000000
78821  14.251  27.180  37.478 0.0000000000
78827  14.426  27.519  36.858 0.0000000000
71183  11.791  13.801  47.717 0.0000000000
71184  11.273  13.663  47.643 0.0000000000
71187  11.512  14.569  47.190 0.0000000000
71698  11.054  15.306  46.803 0.0000000000
72799  10.422  17.093  45.919 0.0000000000
72244  8.356  16.749  44.112 0.0000000000
103642  7.765  17.068  43.595 0.0000000000
72814  6.899  17.659  43.244 0.0000000000
73416  7.345  18.810  43.685 0.0000000000
73998  7.968  19.815  43.894 0.0000000000
75911  11.219  22.072  43.687 0.0000000000
109290  10.845  22.727  43.311 0.0000000000
75916  10.225  23.131  41.784 0.0000000000
76486  10.888  23.849  42.316 0.0000000000
61240  46.159  0.129  36.041 0.0000000000
60434  46.542  -0.233  35.596 0.0000000000
60443  46.703  -0.922  34.870 0.0000000000
57936  10.313  -4.614  55.010 0.0000000000
59445  10.204  -2.307  51.553 0.0000000000
101494  14.161  1.167  39.138 0.0000000000
94754  13.231  0.976  39.157 0.0000000000
63628  14.194  2.071  39.583 0.0000000000
64431  14.143  3.359  40.554 0.0000000000
64370  14.631  3.877  44.012 0.0000000000
64382  14.615  3.887  43.271 0.0000000000
65077  14.261  4.479  43.771 0.0000000000
65093  13.344  5.318  42.651 0.0000000000
65723  13.099  5.977  43.290 0.0000000000
66401  13.191  6.214  44.767 0.0000000000
108607  13.692  6.007  46.808 0.0000000000
65687  16.000  5.774  48.602 0.0000000000
65688  15.247  5.984  48.398 0.0000000000
58751  39.418  -3.700  41.410 0.0000000000
58009  39.222  -4.280  41.973 0.0000000000
57238  36.503  -5.595  44.555 0.0000000000
57246  36.870  -5.781  43.774 0.0000000000
59617  31.196  -2.820  37.684 0.0000000000
58800  31.176  -3.190  36.801 0.0000000000
59616  32.207  -2.811  37.826 0.0000000000
59557  35.050  -2.001  40.102 0.0000000000
59575  34.415  -2.256  39.745 0.0000000000
59574  35.109  -2.197  39.332 0.0000000000
107309  35.160  -2.354  38.667 0.0000000000
98124  35.604  -2.244  38.174 0.0000000000
59633  35.412  -2.573  36.572 0.0000000000
59613  36.163  -1.972  37.682 0.0000000000
60421  36.686  -1.460  37.212 0.0000000000
60409  37.366  -0.974  38.534 0.0000000000
61201  38.322  -0.277  40.213 0.0000000000
61171  39.262  -0.458  43.572 0.0000000000
62018  39.172  0.105  43.448 0.0000000000
61170  39.783  -0.111  43.137 0.0000000000
60360  40.177  -0.384  42.571 0.0000000000
60372  40.221  -0.834  42.150 0.0000000000
108904  40.192  -0.925  41.572 0.0000000000
110084  39.601  -2.794  41.764 0.0000000000
65776  8.597  5.414  37.848 0.0000000000
65787  8.012  5.090  37.478 0.0000000000
65795  7.809  5.330  36.829 0.0000000000
66487  3.402  7.183  35.675 0.0000000000
65809  2.687  5.588  34.809 0.0000000000
65169  2.548  4.724  34.515 0.0000000000
65172  2.515  4.793  33.839 0.0000000000
65174  2.906  4.873  33.355 0.0000000000
64487  3.097  4.319  33.216 0.0000000000
106259  3.712  3.262  33.163 0.0000000000
65182  3.448  4.919  33.129 0.0000000000
65181  4.167  4.956  33.107 0.0000000000
104089  4.905  4.994  33.073 0.0000000000
67243  5.640  7.204  34.099 0.0000000000
66533  5.263  6.333  33.628 0.0000000000
66532  6.111  6.459  33.700 0.0000000000
70291  7.137  12.538  29.911 0.0000000000
75336  8.010  21.742  31.691 0.0000000000
75335  9.093  21.465  31.309 0.0000000000
75983  8.516  22.550  30.317 0.0000000000
64574  56.763  4.477  22.446 0.0000000000
61142  17.564  -0.932  48.613 0.0000000000
106849  18.192  -1.217  48.526 0.0000000000
93596  21.418  -1.706  46.287 0.0000000000
60309  21.290  -1.616  47.520 0.0000000000
94491  22.284  -1.685  47.183 0.0000000000
60295  23.179  -1.461  47.975 0.0000000000
60281  23.973  -1.200  48.446 0.0000000000
61956  24.291  -0.334  48.694 0.0000000000
61141  25.036  -1.224  48.300 0.0000000000
60292  25.170  -1.411  47.795 0.0000000000
60305  25.299  -0.987  47.254 0.0000000000
106956  23.658  -0.971  42.282 0.0000000000
62799  26.227  1.664  41.722 0.0000000000
62816  25.429  1.622  39.231 0.0000000000
63627  26.053  1.949  39.821 0.0000000000
63626  26.719  2.282  39.548 0.0000000000
63625  27.542  2.552  39.735 0.0000000000
63636  28.320  2.409  38.280 0.0000000000
55323  13.986  -7.187  52.634 0.0000000000
99278  13.646  -8.564  47.887 0.0000000000
55388  13.271  -7.992  48.022 0.0000000000
56374  12.332  -6.595  45.780 0.0000000000
95634  12.344  -6.365  44.135 0.0000000000
57259  12.286  -6.125  43.377 0.0000000000
52317  16.095  -10.437  43.758 0.0000000000
52307  15.912  -10.693  44.748 0.0000000000
103192  15.829  -9.974  42.988 0.0000000000
53421  15.123  -9.420  42.676 0.0000000000
93913  15.978  -5.830  38.894 0.0000000000
56427  15.245  -6.788  39.582 0.0000000000
57297  15.087  -5.557  38.885 0.0000000000
108579  14.387  -5.570  39.286 0.0000000000
57287  14.040  -5.903  39.816 0.0000000000
57288  13.406  -5.502  40.294 0.0000000000
57299  13.802  -5.181  39.540 0.0000000000
58037  13.650  -4.284  39.161 0.0000000000
106831  13.899  -2.669  38.590 0.0000000000
59605  13.928  -1.809  38.579 0.0000000000
59604  14.670  -2.238  38.477 0.0000000000
61214  15.908  -0.409  39.167 0.0000000000
60368  16.895  -1.376  42.979 0.0000000000
61177  16.679  -0.802  43.723 0.0000000000
96997  16.534  -0.023  44.111 0.0000000000
62011  16.465  0.254  44.935 0.0000000000
48039  18.134  -14.217  54.334 0.0000000000
48030  17.860  -13.346  54.570 0.0000000000
49103  17.303  -13.072  54.719 0.0000000000
106557  17.015  -12.576  54.835 0.0000000000
54288  15.297  -8.609  53.873 0.0000000000
54289  14.934  -8.179  53.496 0.0000000000
59483  32.873  -3.354  46.318 0.0000000000
58696  32.943  -3.888  46.892 0.0000000000
57967  32.857  -4.349  47.300 0.0000000000
57219  32.880  -5.673  48.046 0.0000000000
56351  32.248  -7.304  48.588 0.0000000000
55334  32.325  -8.411  49.383 0.0000000000
54315  32.371  -8.982  49.691 0.0000000000
53282  32.413  -9.571  49.687 0.0000000000
52249  31.944  -10.557  49.278 0.0000000000
53314  27.888  -9.702  49.034 0.0000000000
54335  28.277  -9.842  49.402 0.0000000000
63646  28.675  2.245  37.562 0.0000000000
61243  23.930  -0.601  35.078 0.0000000000
62120  25.274  0.276  34.741 0.0000000000
56468  24.129  -6.051  37.627 0.0000000000
57312  25.662  -5.275  37.483 0.0000000000
98974  27.846  -5.807  39.455 0.0000000000
57293  27.622  -4.912  39.117 0.0000000000
58787  27.311  -3.003  38.387 0.0000000000
59600  27.679  -2.453  38.081 0.0000000000
59599  28.473  -2.422  38.419 0.0000000000
59580  28.693  -2.601  39.210 0.0000000000
57994  30.487  -4.273  43.293 0.0000000000
58727  31.236  -3.019  43.708 0.0000000000
59501  31.758  -2.627  44.149 0.0000000000
58719  32.026  -2.880  44.910 0.0000000000
58711  32.351  -3.103  45.614 0.0000000000
106273  10.837  28.749  39.652 0.0000000000
79399  10.225  29.029  39.255 0.0000000000
79930  10.370  29.802  39.146 0.0000000000
104358  10.436  30.821  38.338 0.0000000000
65702  1.717  5.013  46.996 0.0000000000
66387  2.176  5.634  47.159 0.0000000000
66398  2.091  6.211  46.697 0.0000000000
67111  2.549  7.229  45.991 0.0000000000
68479  4.257  9.791  44.800 0.0000000000
68494  3.785  9.328  44.257 0.0000000000
67816  4.047  9.101  43.415 0.0000000000
67830  4.459  8.721  42.691 0.0000000000
67829  5.353  8.883  42.460 0.0000000000
67844  5.882  8.469  41.903 0.0000000000
70174  10.552  12.284  46.930 0.0000000000
69632  10.270  11.664  46.437 0.0000000000
68486  11.003  9.554  43.189 0.0000000000
68487  10.135  9.500  43.278 0.0000000000
68502  9.494  9.124  42.723 0.0000000000
67825  8.944  8.702  42.167 0.0000000000
67840  9.436  8.295  41.457 0.0000000000
67152  9.035  7.514  40.598 0.0000000000
67864  10.968  7.522  39.938 0.0000000000
69113  13.350  10.026  39.106 0.0000000000
68539  13.248  9.024  38.460 0.0000000000
68560  12.631  8.869  36.583 0.0000000000
68561  11.784  8.617  35.961 0.0000000000
68562  10.674  8.684  35.813 0.0000000000
69156  11.798  9.987  34.881 0.0000000000
69173  11.333  10.808  34.502 0.0000000000
69172  12.142  10.607  34.723 0.0000000000
104166  12.779  11.679  34.775 0.0000000000
97092  13.014  14.894  37.077 0.0000000000
71762  13.021  15.600  36.818 0.0000000000
72303  13.171  16.673  35.771 0.0000000000
72879  12.763  17.591  35.719 0.0000000000
106589  12.080  18.256  35.773 0.0000000000
73441  7.389  17.630  39.631 0.0000000000
73454  7.449  18.237  38.736 0.0000000000
74678  7.407  20.855  36.737 0.0000000000
74679  6.960  20.450  36.406 0.0000000000
74076  7.941  19.097  35.526 0.0000000000
74086  7.430  19.683  34.925 0.0000000000
74697  7.664  20.438  33.646 0.0000000000
74698  7.107  20.924  33.815 0.0000000000
103712  7.447  21.542  33.511 0.0000000000
75966  7.646  22.347  33.572 0.0000000000
77097  9.967  24.420  34.728 0.0000000000
77683  10.754  24.667  34.251 0.0000000000
95451  10.500  24.804  33.219 0.0000000000
62911  39.805  1.194  24.630 0.0000000000
62896  39.964  2.167  25.003 0.0000000000
63731  40.551  1.713  24.683 0.0000000000
62199  40.783  0.816  24.416 0.0000000000
62910  41.622  0.928  24.274 0.0000000000
106673  43.434  -2.074  25.416 0.0000000000
112243  42.868  -1.751  25.070 0.0000000000
60590  43.456  -1.591  24.585 0.0000000000
107268  43.565  -0.422  23.728 0.0000000000
62216  43.763  0.287  23.641 0.0000000000
61405  44.233  -0.403  23.624 0.0000000000
61404  45.025  -0.367  23.520 0.0000000000
62160  47.693  0.676  32.603 0.0000000000
61292  47.058  0.192  31.605 0.0000000000
61291  48.057  0.335  31.776 0.0000000000
61333  47.966  -0.699  30.037 0.0000000000
60523  49.620  -1.215  28.355 0.0000000000
99670  48.512  -1.909  26.917 0.0000000000
59759  47.682  -2.314  26.207 0.0000000000
93741  47.144  -2.290  24.640 0.0000000000
59770  47.835  -2.349  25.208 0.0000000000
61401  47.520  -0.252  22.739 0.0000000000
60608  48.218  -1.440  22.979 0.0000000000
60607  49.068  -1.600  22.954 0.0000000000
58132  54.801  -4.460  26.612 0.0000000000
58137  54.014  -5.136  26.020 0.0000000000
95458  51.218  -5.746  25.050 0.0000000000
62739  19.166  0.445  49.271 0.0000000000
62748  18.778  1.440  48.770 0.0000000000
61953  5.139  0.776  50.024 0.0000000000
61944  4.487  0.493  50.727 0.0000000000
61954  4.158  0.496  50.056 0.0000000000
56339  12.758  -6.075  51.222 0.0000000000
57202  12.411  -5.438  51.585 0.0000000000
58698  10.486  -3.313  47.436 0.0000000000
59462  10.053  -2.560  48.396 0.0000000000
59455  10.003  -2.364  49.104 0.0000000000
60300  9.579  -1.451  47.827 0.0000000000
62055  10.741  0.622  40.755 0.0000000000
61199  10.561  -0.205  41.409 0.0000000000
62043  10.087  0.677  41.363 0.0000000000
62785  8.668  0.834  42.680 0.0000000000
62000  8.438  0.078  45.711 0.0000000000
61991  7.761  0.455  46.851 0.0000000000
63583  5.647  2.606  43.463 0.0000000000
65072  3.745  4.119  45.582 0.0000000000
112004  4.334  4.468  45.145 0.0000000000
67100  6.800  7.659  47.471 0.0000000000
67782  6.314  8.069  47.963 0.0000000000
67767  7.966  8.881  47.602 0.0000000000
67098  12.561  7.671  46.259 0.0000000000
67801  11.916  8.059  45.874 0.0000000000
67791  12.241  8.231  46.581 0.0000000000
94571  12.217  8.753  47.218 0.0000000000
69027  13.991  9.737  48.610 0.0000000000
68421  13.698  9.412  48.490 0.0000000000
69023  13.345  10.135  48.045 0.0000000000
69024  12.671  10.204  47.906 0.0000000000
111818  11.792  10.533  48.109 0.0000000000
69611  12.244  10.833  48.193 0.0000000000
70162  11.718  12.072  48.584 0.0000000000
70161  12.353  11.970  48.282 0.0000000000
100392  14.290  12.510  44.406 0.0000000000
70696  13.833  13.132  44.608 0.0000000000
70704  13.909  13.273  43.794 0.0000000000
70705  13.555  14.061  43.809 0.0000000000
71204  13.376  14.625  43.299 0.0000000000
71732  13.495  15.282  41.766 0.0000000000
57216  35.343  -5.888  48.014 0.0000000000
106225  35.784  -7.630  47.998 0.0000000000
54348  35.593  -8.097  47.954 0.0000000000
62837  29.600  1.755  35.873 0.0000000000
62848  29.964  1.548  35.087 0.0000000000
62855  30.096  1.517  34.313 0.0000000000
61282  28.962  0.083  31.762 0.0000000000
63679  29.649  2.435  31.466 0.0000000000
63682  29.549  2.828  30.551 0.0000000000
64504  29.568  3.227  29.581 0.0000000000
109018  31.469  -3.643  34.228 0.0000000000
58868  30.849  -3.712  33.129 0.0000000000
58885  31.424  -3.672  32.536 0.0000000000
59714  31.084  -3.232  31.052 0.0000000000
60515  32.176  -2.050  29.067 0.0000000000
60539  31.592  -1.491  28.497 0.0000000000
61363  30.504  -0.212  27.471 0.0000000000
62181  30.235  0.659  27.184 0.0000000000
62888  29.940  1.482  27.408 0.0000000000
62894  30.449  1.489  26.846 0.0000000000
63692  30.952  2.753  26.825 0.0000000000
64526  31.329  3.489  27.155 0.0000000000
65247  31.836  4.129  27.610 0.0000000000
64525  32.222  3.598  26.984 0.0000000000
107399  32.476  3.084  26.501 0.0000000000
64542  33.069  2.839  26.226 0.0000000000
61379  34.704  -0.388  25.694 0.0000000000
62191  34.355  0.228  25.443 0.0000000000
104232  35.124  0.098  25.337 0.0000000000
102617  35.835  2.537  26.188 0.0000000000
63717  36.481  2.075  25.767 0.0000000000
63716  37.399  1.730  25.381 0.0000000000
62202  37.803  0.344  24.749 0.0000000000
60581  38.067  -1.408  25.701 0.0000000000
61341  40.538  -0.682  29.551 0.0000000000
106344  41.209  -0.394  30.787 0.0000000000
61277  41.775  0.052  32.241 0.0000000000
61235  38.705  0.018  36.974 0.0000000000
61241  38.403  -0.194  35.406 0.0000000000
101786  38.830  0.095  36.153 0.0000000000
111637  39.461  0.411  36.148 0.0000000000
93582  42.396  0.807  35.400 0.0000000000
62101  42.907  0.901  36.313 0.0000000000
62099  44.008  0.730  36.207 0.0000000000
73452  14.810  18.535  38.597 0.0000000000
74027  15.010  19.345  38.120 0.0000000000
74047  15.497  19.703  37.205 0.0000000000
65073  1.622  4.344  45.359 0.0000000000
63622  2.060  2.170  41.248 0.0000000000
64464  5.169  2.763  37.705 0.0000000000
63651  3.816  2.052  37.716 0.0000000000
62835  2.614  1.302  38.057 0.0000000000
70270  9.386  12.633  33.620 0.0000000000
70271  8.619  12.873  33.907 0.0000000000
71813  9.602  15.346  30.487 0.0000000000
71831  7.131  15.461  29.406 0.0000000000
71845  7.316  15.234  28.830 0.0000000000
74722  11.039  20.535  29.603 0.0000000000
74118  11.614  19.863  29.689 0.0000000000
103327  42.177  4.398  27.511 0.0000000000
65218  42.399  5.152  28.757 0.0000000000
65891  43.916  5.687  29.740 0.0000000000
66599  46.878  6.359  30.375 0.0000000000
110171  46.577  6.447  30.849 0.0000000000
62210  54.630  0.082  23.235 0.0000000000
62209  56.441  0.374  24.030 0.0000000000
60600  57.191  -1.535  23.938 0.0000000000
110668  57.619  -0.698  23.305 0.0000000000
110489  57.628  -0.523  22.550 0.0000000000
61425  57.772  -0.688  21.676 0.0000000000
59833  55.665  -2.502  19.160 0.0000000000
95706  58.345  -0.515  19.063 0.0000000000
61435  58.321  -0.656  18.477 0.0000000000
61443  58.575  -0.558  17.756 0.0000000000
55480  21.712  -7.534  41.797 0.0000000000
52283  19.929  -10.651  46.357 0.0000000000
54399  19.227  -8.392  45.639 0.0000000000
53316  22.058  -9.226  50.013 0.0000000000
52264  22.305  -10.431  49.536 0.0000000000
53328  20.425  -8.460  48.301 0.0000000000
53340  20.802  -9.677  48.046 0.0000000000
52282  20.230  -10.226  46.815 0.0000000000
53352  25.272  -9.320  46.300 0.0000000000
94070  24.506  -9.187  45.956 0.0000000000
54340  22.080  -8.150  50.209 0.0000000000
54488  22.738  -8.161  40.494 0.0000000000
53399  23.100  -9.323  43.281 0.0000000000
53398  23.862  -9.538  43.488 0.0000000000
76480  12.765  23.608  43.428 0.0000000000
76479  13.056  24.205  43.078 0.0000000000
76482  13.410  23.939  42.536 0.0000000000
76484  13.629  24.000  41.698 0.0000000000
97165  13.588  23.209  40.939 0.0000000000
76490  13.618  24.038  40.930 0.0000000000
76495  13.796  23.858  39.351 0.0000000000
76501  13.996  24.080  38.448 0.0000000000
71704  12.504  15.593  45.804 0.0000000000
72233  11.785  16.355  46.257 0.0000000000
72236  12.116  16.418  45.876 0.0000000000
72801  11.377  17.434  45.538 0.0000000000
73401  11.608  17.792  44.968 0.0000000000
73403  10.738  18.056  44.967 0.0000000000
73991  10.721  18.470  44.419 0.0000000000
107211  9.606  18.937  44.068 0.0000000000
73995  10.477  19.084  43.916 0.0000000000
74626  11.056  20.004  43.685 0.0000000000
75188  12.046  20.897  43.793 0.0000000000
75192  11.760  21.375  43.807 0.0000000000
75909  12.439  22.889  43.697 0.0000000000
93385  44.386  -2.693  34.287 0.0000000000
59658  45.124  -2.113  34.755 0.0000000000
93228  10.967  -5.472  55.271 0.0000000000
111638  15.848  2.136  42.732 0.0000000000
63592  15.587  2.537  42.408 0.0000000000
104400  15.703  2.406  43.215 0.0000000000
64369  14.954  3.440  44.589 0.0000000000
64361  14.691  3.802  45.283 0.0000000000
104750  14.432  4.278  45.464 0.0000000000
65062  14.246  4.650  46.028 0.0000000000
65058  14.464  4.498  46.865 0.0000000000
65053  15.135  4.733  48.284 0.0000000000
65052  15.785  4.278  48.854 0.0000000000
59510  38.835  -3.042  43.202 0.0000000000
109338  38.904  -3.950  43.078 0.0000000000
58718  38.199  -3.766  43.632 0.0000000000
57985  37.803  -4.448  43.983 0.0000000000
100368  37.404  -4.890  44.378 0.0000000000
108428  37.355  -4.571  44.458 0.0000000000
57237  36.819  -5.254  44.647 0.0000000000
56371  35.735  -6.003  44.938 0.0000000000
112034  35.391  -6.602  45.883 0.0000000000
94074  32.627  -2.055  41.069 0.0000000000
59559  33.598  -2.115  40.798 0.0000000000
59542  34.230  -1.946  41.285 0.0000000000
60364  34.652  -1.635  42.786 0.0000000000
60377  34.997  -1.703  41.827 0.0000000000
60389  34.997  -1.887  40.890 0.0000000000
60376  35.701  -1.627  41.189 0.0000000000
60375  36.393  -1.247  41.519 0.0000000000
60374  37.144  -0.958  41.116 0.0000000000
61183  37.702  -0.180  42.714 0.0000000000
61162  37.691  -0.279  43.735 0.0000000000
62007  38.181  0.038  44.220 0.0000000000
61160  38.800  -0.036  44.375 0.0000000000
60328  38.850  -0.756  44.075 0.0000000000
59497  38.814  -1.932  43.455 0.0000000000
107064  8.743  7.450  36.564 0.0000000000
67202  7.830  7.325  36.466 0.0000000000
104034  5.720  8.063  36.469 0.0000000000
100005  5.906  9.725  36.647 0.0000000000
67897  5.155  9.046  36.655 0.0000000000
101371  4.763  8.062  36.434 0.0000000000
67203  3.169  8.264  35.767 0.0000000000
67908  3.043  8.455  35.433 0.0000000000
67227  2.912  7.768  34.863 0.0000000000
67246  3.382  6.957  34.080 0.0000000000
67226  3.182  7.788  34.576 0.0000000000
67943  3.602  7.654  34.386 0.0000000000
67942  4.189  8.075  34.395 0.0000000000
107909  4.032  10.618  35.199 0.0000000000
67941  5.154  8.076  34.302 0.0000000000
70278  5.115  12.897  32.040 0.0000000000
70286  5.349  13.171  31.299 0.0000000000
64697  62.020  3.820  10.352 0.0000000000
63913  62.477  3.001  9.021 0.0000000000
63902  62.320  3.121  10.081 0.0000000000
63075  62.269  1.981  9.930 0.0000000000
94823  17.474  -1.614  45.673 0.0000000000
60324  18.298  -1.767  45.766 0.0000000000
60323  19.471  -1.667  45.822 0.0000000000
60320  23.710  -2.505  45.986 0.0000000000
60378  23.185  -2.244  41.632 0.0000000000
112439  24.202  0.280  41.391 0.0000000000
62817  24.825  1.095  39.517 0.0000000000
62826  25.472  1.686  38.359 0.0000000000
62832  25.608  1.604  37.523 0.0000000000
54341  14.084  -8.932  49.116 0.0000000000
53330  14.529  -9.470  48.812 0.0000000000
54356  14.084  -9.166  48.194 0.0000000000
97322  13.581  -8.368  45.139 0.0000000000
101214  17.554  -8.498  41.205 0.0000000000
54471  16.790  -8.791  40.872 0.0000000000
54489  17.056  -8.100  40.444 0.0000000000
55504  16.664  -7.670  40.027 0.0000000000
56441  16.646  -6.129  39.257 0.0000000000
58027  17.459  -5.014  40.000 0.0000000000
57295  17.208  -5.552  39.514 0.0000000000
57296  16.644  -5.127  38.917 0.0000000000
58779  16.597  -3.499  38.852 0.0000000000
60411  16.394  -1.884  39.080 0.0000000000
102368  16.880  -2.013  39.860 0.0000000000
59535  16.946  -1.713  41.648 0.0000000000
100904  17.055  -1.908  42.364 0.0000000000
51165  18.199  -11.977  50.949 0.0000000000
106453  18.270  -11.873  52.625 0.0000000000
51143  17.481  -11.273  53.782 0.0000000000
52242  16.503  -10.348  52.716 0.0000000000
57232  31.752  -5.319  46.510 0.0000000000
55382  31.448  -7.401  47.492 0.0000000000
55363  31.723  -7.737  48.219 0.0000000000
54332  31.483  -9.020  49.103 0.0000000000
54317  30.898  -9.724  49.078 0.0000000000
53269  25.815  -10.430  50.265 0.0000000000
53268  26.527  -10.483  50.150 0.0000000000
96332  26.237  -10.728  50.360 0.0000000000
93623  26.037  -11.794  50.335 0.0000000000
50135  26.077  -12.530  50.677 0.0000000000
94516  25.764  -13.586  51.402 0.0000000000
62842  25.128  1.246  37.013 0.0000000000
62092  25.084  0.942  36.385 0.0000000000
96960  24.475  0.541  35.988 0.0000000000
62108  23.982  0.088  35.642 0.0000000000
55520  26.431  -7.701  39.130 0.0000000000
55535  26.306  -7.112  38.627 0.0000000000
55519  27.132  -7.380  39.552 0.0000000000
56436  27.642  -6.652  39.609 0.0000000000
56424  28.160  -6.747  40.287 0.0000000000
56435  28.277  -6.060  39.988 0.0000000000
57284  28.677  -5.420  40.386 0.0000000000
99275  29.109  -3.993  40.646 0.0000000000
58024  29.038  -4.842  40.688 0.0000000000
57264  30.100  -5.068  42.912 0.0000000000
57256  29.974  -5.896  43.237 0.0000000000
57988  30.680  -4.648  44.016 0.0000000000
57247  31.189  -5.060  45.245 0.0000000000
79422  12.080  28.275  35.388 0.0000000000
103627  11.471  27.047  36.157 0.0000000000
78835  11.473  27.800  35.996 0.0000000000
79957  11.839  29.287  35.299 0.0000000000
107069  11.084  30.526  35.485 0.0000000000
80540  12.289  30.616  39.006 0.0000000000
104187  3.411  7.704  46.966 0.0000000000
67797  3.771  8.636  47.137 0.0000000000
69040  4.832  9.970  47.103 0.0000000000
69060  4.749  10.156  46.140 0.0000000000
68468  4.157  9.822  45.684 0.0000000000
68467  4.808  10.175  45.348 0.0000000000
68477  5.888  9.958  44.374 0.0000000000
70691  10.999  14.113  45.326 0.0000000000
102827  11.631  12.540  44.131 0.0000000000
111587  11.908  11.915  43.792 0.0000000000
70191  11.744  12.590  43.299 0.0000000000
69082  12.187  10.910  42.974 0.0000000000
69093  12.214  10.133  42.592 0.0000000000
68499  12.249  9.613  42.029 0.0000000000
68511  12.672  9.525  41.198 0.0000000000
69105  13.179  10.035  40.220 0.0000000000
70211  12.597  11.929  40.683 0.0000000000
69673  12.953  11.198  40.478 0.0000000000
98728  13.255  11.047  38.688 0.0000000000
99737  13.330  11.039  37.728 0.0000000000
69697  13.266  11.929  37.453 0.0000000000
101378  13.347  11.900  36.446 0.0000000000
106040  13.052  12.621  38.065 0.0000000000
71242  12.072  14.141  38.689 0.0000000000
71249  12.065  14.804  38.382 0.0000000000
71250  11.851  16.086  38.026 0.0000000000
75217  8.279  21.248  40.085 0.0000000000
75230  8.227  21.111  39.055 0.0000000000
104675  8.216  21.124  38.228 0.0000000000
75228  10.110  21.662  38.122 0.0000000000
75244  9.068  21.342  37.602 0.0000000000
100266  8.772  21.678  35.887 0.0000000000
75295  8.697  21.918  35.130 0.0000000000
75957  9.581  22.545  35.348 0.0000000000
94936  10.452  24.162  36.255 0.0000000000
77089  10.228  24.395  35.607 0.0000000000
77673  10.786  24.798  35.195 0.0000000000
60567  41.264  -1.539  26.477 0.0000000000
60577  41.327  -1.349  25.477 0.0000000000
60549  42.832  -1.737  26.821 0.0000000000
60528  43.237  -1.193  28.254 0.0000000000
109482  43.387  -1.674  27.508 0.0000000000
109777  43.448  -1.942  26.989 0.0000000000
59751  44.137  -2.102  27.104 0.0000000000
59750  45.197  -2.307  27.175 0.0000000000
62157  50.872  0.426  32.831 0.0000000000
61289  50.599  0.404  32.044 0.0000000000
61288  51.648  0.302  32.247 0.0000000000
61310  51.328  0.026  31.171 0.0000000000
61331  51.140  -0.409  30.138 0.0000000000
61329  52.984  -0.225  31.009 0.0000000000
61330  52.457  -0.126  30.650 0.0000000000
99141  50.578  -0.919  28.590 0.0000000000
98643  50.415  -1.203  27.721 0.0000000000
94344  50.455  -1.716  26.251 0.0000000000
59756  51.307  -1.797  26.497 0.0000000000
60542  52.941  -1.628  28.118 0.0000000000
59766  52.285  -2.350  25.677 0.0000000000
59781  52.554  -2.417  24.673 0.0000000000
99066  53.820  -2.869  25.529 0.0000000000
58127  54.770  -4.408  27.395 0.0000000000
58117  54.576  -4.283  28.112 0.0000000000
57377  52.934  -5.371  27.118 0.0000000000
57387  50.794  -5.817  26.643 0.0000000000
62754  21.665  1.632  46.739 0.0000000000
63565  21.749  2.431  44.575 0.0000000000
61967  5.323  0.649  48.371 0.0000000000
57221  11.597  -5.295  48.319 0.0000000000
58707  10.597  -3.376  46.553 0.0000000000
97072  10.262  -2.695  46.014 0.0000000000
60326  9.917  -1.977  45.541 0.0000000000
102457  10.147  3.077  40.686 0.0000000000
63607  8.715  2.978  41.402 0.0000000000
65111  8.770  3.959  41.520 0.0000000000
62797  7.783  1.795  42.540 0.0000000000
65097  7.013  4.160  42.605 0.0000000000
66407  6.819  6.417  45.091 0.0000000000
66393  7.704  6.666  44.956 0.0000000000
67109  7.805  7.049  45.999 0.0000000000
67099  8.253  7.551  46.482 0.0000000000
67795  8.671  8.089  46.896 0.0000000000
67081  13.966  8.380  49.212 0.0000000000
93123  14.504  9.903  48.668 0.0000000000
69618  14.281  10.625  48.264 0.0000000000
69624  14.022  11.382  47.918 0.0000000000
70171  14.095  12.002  47.305 0.0000000000
69649  14.606  11.796  45.076 0.0000000000
53311  34.070  -9.820  49.098 0.0000000000
53310  34.765  -9.253  48.769 0.0000000000
108211  27.904  0.400  33.594 0.0000000000
97174  29.251  -0.705  30.505 0.0000000000
58883  33.006  -3.391  32.829 0.0000000000
59728  33.611  -2.297  30.348 0.0000000000
97136  32.979  -1.919  29.061 0.0000000000
60538  32.559  -1.560  28.424 0.0000000000
61369  32.649  -0.290  26.105 0.0000000000
61360  33.162  -0.832  26.821 0.0000000000
61368  33.551  -0.633  26.113 0.0000000000
60573  34.003  -0.799  26.680 0.0000000000
60558  34.502  -0.823  27.274 0.0000000000
60572  34.792  -0.800  26.539 0.0000000000
61366  34.982  -0.734  25.989 0.0000000000
60571  35.660  -0.912  26.319 0.0000000000
60570  36.660  -1.204  26.540 0.0000000000
61344  37.441  -0.668  29.612 0.0000000000
60510  38.264  -0.834  29.099 0.0000000000
61322  38.695  -0.600  30.527 0.0000000000
94994  41.595  1.240  39.955 0.0000000000
61208  41.951  1.096  39.948 0.0000000000
62069  42.315  1.040  39.357 0.0000000000
61227  42.734  0.543  38.973 0.0000000000
60417  43.237  -0.147  38.405 0.0000000000
106198  41.698  -1.421  37.600 0.0000000000
65741  2.796  5.524  42.702 0.0000000000
96230  2.376  4.600  43.092 0.0000000000
65098  2.692  4.838  42.495 0.0000000000
112151  2.679  4.364  42.098 0.0000000000
64418  2.670  3.830  41.742 0.0000000000
64417  3.163  3.943  41.315 0.0000000000
63621  2.643  2.494  40.763 0.0000000000
62814  2.293  1.725  40.466 0.0000000000
62843  2.854  2.041  36.238 0.0000000000
62853  2.235  1.734  35.747 0.0000000000
112537  2.186  1.015  36.224 0.0000000000
71274  12.463  14.048  33.160 0.0000000000
71811  11.770  15.292  31.078 0.0000000000
112028  13.174  16.368  31.814 0.0000000000
71810  12.643  15.794  31.468 0.0000000000
71827  11.250  15.729  30.419 0.0000000000
72364  10.591  16.095  29.774 0.0000000000
65254  44.032  4.151  26.948 0.0000000000
65216  44.325  5.081  28.139 0.0000000000
65236  44.687  4.646  27.477 0.0000000000
65215  45.320  5.073  28.009 0.0000000000
65904  45.811  5.460  28.695 0.0000000000
94938  47.971  6.673  30.588 0.0000000000
66583  48.570  7.475  30.981 0.0000000000
63788  55.347  2.694  19.479 0.0000000000
63820  56.394  3.768  18.046 0.0000000000
58943  55.877  -3.058  24.602 0.0000000000
58961  55.465  -3.545  23.425 0.0000000000
58950  56.436  -2.803  23.493 0.0000000000
59820  56.265  -2.895  22.410 0.0000000000
58001  22.656  -4.452  41.836 0.0000000000
58014  21.955  -4.972  41.632 0.0000000000
58768  22.930  -4.014  40.919 0.0000000000
58777  22.585  -3.405  39.731 0.0000000000
59601  22.280  -2.596  38.077 0.0000000000
51202  17.148  -11.346  45.074 0.0000000000
52303  19.284  -10.210  45.091 0.0000000000
52304  18.920  -10.395  44.482 0.0000000000
53400  18.517  -9.416  43.396 0.0000000000
52314  18.372  -10.072  43.499 0.0000000000
52324  18.073  -9.888  42.970 0.0000000000
53419  17.689  -9.625  42.329 0.0000000000
102715  17.905  -6.072  41.267 0.0000000000
56414  18.257  -6.224  42.022 0.0000000000
57278  17.812  -5.336  41.298 0.0000000000
47013  22.790  -15.115  51.964 0.0000000000
48060  22.816  -14.729  51.710 0.0000000000
49143  22.386  -14.259  51.509 0.0000000000
49161  22.931  -13.232  50.818 0.0000000000
50161  22.049  -12.207  49.101 0.0000000000
50168  21.502  -12.141  48.612 0.0000000000
50156  20.275  -12.790  50.448 0.0000000000
50171  19.148  -12.463  48.367 0.0000000000
53374  29.172  -8.660  44.723 0.0000000000
99610  29.565  -8.879  45.935 0.0000000000
53360  29.120  -9.093  45.458 0.0000000000
110108  27.686  -9.569  46.741 0.0000000000
53337  27.770  -9.561  47.419 0.0000000000
106625  25.256  -9.131  47.345 0.0000000000
54353  24.526  -8.547  48.663 0.0000000000
96070  25.166  -8.818  48.913 0.0000000000
54352  25.740  -9.154  48.699 0.0000000000
54338  25.539  -9.003  49.512 0.0000000000
54322  25.529  -9.202  49.794 0.0000000000
54304  25.553  -9.692  49.901 0.0000000000
53270  25.099  -10.367  50.405 0.0000000000
97463  25.062  -10.821  50.601 0.0000000000
51149  24.766  -11.925  50.853 0.0000000000
52240  24.091  -10.492  50.783 0.0000000000
50137  24.680  -12.723  51.346 0.0000000000
93099  23.868  -14.143  51.560 0.0000000000
59623  22.395  -2.621  37.274 0.0000000000
57315  23.181  -5.061  37.641 0.0000000000
56456  23.030  -6.000  38.509 0.0000000000
57305  23.352  -5.749  37.892 0.0000000000
55521  25.737  -8.147  39.005 0.0000000000
54487  23.335  -8.737  40.330 0.0000000000
53455  24.093  -9.080  39.915 0.0000000000
53444  24.497  -9.390  40.386 0.0000000000
54501  24.524  -8.618  39.344 0.0000000000
54500  25.323  -8.645  39.370 0.0000000000
54499  26.115  -8.465  39.571 0.0000000000
54465  27.570  -8.555  41.557 0.0000000000
53412  27.575  -9.085  42.786 0.0000000000
54446  27.768  -8.697  42.223 0.0000000000
77639  11.014  25.475  39.261 0.0000000000
78811  10.671  27.216  39.608 0.0000000000
109962  11.638  26.417  40.912 0.0000000000
78810  11.295  28.137  40.177 0.0000000000
79398  11.649  28.970  39.985 0.0000000000
79397  12.634  29.105  39.958 0.0000000000
77623  13.124  25.309  42.405 0.0000000000
109162  13.135  25.734  42.065 0.0000000000
78224  13.354  26.666  41.048 0.0000000000
79391  13.010  28.274  40.405 0.0000000000
79927  12.538  29.905  39.430 0.0000000000
79935  13.101  30.261  39.082 0.0000000000
79941  13.651  30.338  38.349 0.0000000000
79940  14.237  29.794  37.675 0.0000000000
80553  14.142  30.647  36.569 0.0000000000
108143  9.561  11.619  48.761 0.0000000000
70170  9.771  12.072  48.216 0.0000000000
100456  10.387  12.542  47.771 0.0000000000
70685  11.025  13.764  46.351 0.0000000000
71696  11.647  15.918  46.531 0.0000000000
72232  11.114  16.002  46.560 0.0000000000
102492  10.804  15.937  46.440 0.0000000000
70699  10.694  14.418  44.239 0.0000000000
102021  10.154  14.758  43.418 0.0000000000
71714  9.087  15.677  43.834 0.0000000000
71206  9.331  15.209  42.927 0.0000000000
95559  8.918  15.510  41.594 0.0000000000
71733  8.877  15.710  41.006 0.0000000000
72260  8.283  16.092  41.026 0.0000000000
72821  6.951  16.951  42.052 0.0000000000
73427  6.682  17.480  41.475 0.0000000000
73433  6.929  17.446  40.491 0.0000000000
74013  6.696  19.290  40.610 0.0000000000
74641  7.618  20.742  40.624 0.0000000000
73996  9.313  19.548  43.859 0.0000000000
74629  8.675  20.532  43.490 0.0000000000
75199  8.871  21.339  43.174 0.0000000000
74632  7.897  21.160  42.914 0.0000000000
74637  7.697  21.028  41.801 0.0000000000
75922  10.365  22.842  40.760 0.0000000000
76497  11.301  23.858  39.488 0.0000000000
62148  44.690  0.660  32.829 0.0000000000
62162  44.875  0.454  32.004 0.0000000000
62147  45.730  0.757  33.444 0.0000000000
62146  47.299  0.819  33.372 0.0000000000
93845  47.031  0.675  34.732 0.0000000000
62145  48.296  0.776  33.633 0.0000000000
62121  49.482  0.381  33.659 0.0000000000
59667  46.310  -1.839  33.838 0.0000000000
100048  47.150  -1.084  34.235 0.0000000000
60453  48.034  -0.531  34.229 0.0000000000
61276  49.766  0.102  33.718 0.0000000000
61256  50.391  0.193  33.407 0.0000000000
61275  51.093  0.130  33.267 0.0000000000
60469  51.383  -0.406  32.844 0.0000000000
106294  51.452  -1.205  32.321 0.0000000000
59706  49.646  -1.930  32.014 0.0000000000
59705  50.714  -1.965  31.882 0.0000000000
58910  50.830  -3.334  30.481 0.0000000000
58924  51.166  -4.036  29.995 0.0000000000
60261  8.974  -1.203  53.547 0.0000000000
61116  8.804  -0.420  51.379 0.0000000000
61122  8.821  -0.273  50.568 0.0000000000
59567  11.678  -2.070  40.654 0.0000000000
59551  11.409  -2.453  41.389 0.0000000000
60394  11.502  -1.391  40.630 0.0000000000
62066  12.488  0.792  39.454 0.0000000000
62054  11.390  0.616  40.159 0.0000000000
64395  15.125  3.143  41.897 0.0000000000
64414  13.698  3.991  41.036 0.0000000000
65106  14.005  4.321  41.812 0.0000000000
64433  12.342  3.713  40.242 0.0000000000
64434  11.418  3.771  40.383 0.0000000000
102552  11.074  4.417  40.889 0.0000000000
65735  11.481  5.844  42.173 0.0000000000
65736  10.527  5.770  42.165 0.0000000000
66404  10.338  6.952  44.060 0.0000000000
67105  12.304  7.449  45.393 0.0000000000
96730  12.734  6.778  44.995 0.0000000000
67086  13.862  7.850  48.700 0.0000000000
65698  14.038  5.296  46.704 0.0000000000
65695  14.075  5.965  47.582 0.0000000000
66377  14.114  6.892  48.209 0.0000000000
57282  38.553  -5.572  40.168 0.0000000000
106313  38.269  -6.191  40.479 0.0000000000
95980  38.520  -5.738  41.006 0.0000000000
55471  37.419  -7.054  41.030 0.0000000000
57992  38.614  -4.698  42.987 0.0000000000
57253  38.181  -5.380  42.698 0.0000000000
108745  37.611  -5.921  42.594 0.0000000000
58854  29.149  -3.633  34.306 0.0000000000
58853  30.120  -3.610  34.618 0.0000000000
101023  31.004  -3.591  34.790 0.0000000000
58816  31.055  -3.351  36.142 0.0000000000
58834  31.382  -3.480  35.555 0.0000000000
93725  31.840  -3.563  34.881 0.0000000000
58850  33.173  -3.432  34.360 0.0000000000
59577  32.843  -2.426  39.441 0.0000000000
59615  33.132  -2.812  37.941 0.0000000000
58813  33.402  -3.341  36.550 0.0000000000
58865  33.959  -3.228  34.100 0.0000000000
59662  34.832  -2.808  34.424 0.0000000000
103255  35.355  -2.691  35.717 0.0000000000
59670  35.351  -2.234  33.814 0.0000000000
60448  36.029  -1.783  34.083 0.0000000000
60455  35.869  -1.696  33.317 0.0000000000
60454  36.513  -1.218  33.662 0.0000000000
61261  37.061  -0.691  33.213 0.0000000000
60446  37.164  -0.912  34.941 0.0000000000
61236  37.936  -0.449  37.224 0.0000000000
62072  39.500  0.558  38.717 0.0000000000
62058  40.662  1.054  40.015 0.0000000000
61202  37.838  -0.555  40.853 0.0000000000
61192  38.568  0.056  41.245 0.0000000000
62049  39.209  0.456  40.772 0.0000000000
99533  39.206  0.502  42.185 0.0000000000
62048  39.915  0.737  40.419 0.0000000000
60386  40.137  -1.240  40.378 0.0000000000
58773  39.421  -3.197  39.715 0.0000000000
65770  6.003  5.023  39.895 0.0000000000
65130  6.532  4.439  39.058 0.0000000000
64458  6.376  3.579  37.664 0.0000000000
64463  5.759  3.217  37.349 0.0000000000
63649  5.187  2.878  36.964 0.0000000000
64469  3.961  3.084  36.124 0.0000000000
65797  6.131  5.368  36.125 0.0000000000
66486  4.304  6.241  35.809 0.0000000000
65798  5.112  5.351  35.881 0.0000000000
64471  4.092  3.819  35.857 0.0000000000
63661  3.095  2.865  35.778 0.0000000000
63663  1.991  2.308  35.077 0.0000000000
63665  1.890  2.337  34.511 0.0000000000
64477  2.268  3.853  34.282 0.0000000000
64481  2.040  3.021  34.060 0.0000000000
63672  2.060  2.198  33.953 0.0000000000
62869  2.119  1.463  33.871 0.0000000000
66535  3.739  6.263  33.548 0.0000000000
66559  4.431  5.771  33.345 0.0000000000
66558  5.122  5.713  33.319 0.0000000000
74102  11.322  20.215  32.360 0.0000000000
111675  12.090  19.902  31.776 0.0000000000
74718  11.026  20.795  30.643 0.0000000000
109230  47.146  3.698  25.334 0.0000000000
65259  47.600  4.328  25.300 0.0000000000
63772  57.332  3.498  20.500 0.0000000000
62741  16.617  1.337  49.947 0.0000000000
62738  16.878  1.419  50.675 0.0000000000
61949  16.968  0.730  50.367 0.0000000000
61948  17.580  0.357  50.268 0.0000000000
61947  18.025  0.067  50.339 0.0000000000
61962  18.609  -0.231  49.884 0.0000000000
61975  20.044  0.489  48.721 0.0000000000
61974  20.894  0.525  48.391 0.0000000000
60298  19.665  -1.452  48.389 0.0000000000
106244  20.421  -1.351  48.791 0.0000000000
60297  21.150  -1.356  48.619 0.0000000000
60284  20.876  -1.017  49.105 0.0000000000
102814  20.969  -0.530  49.205 0.0000000000
61959  21.388  -0.093  48.961 0.0000000000
61973  21.783  0.494  48.214 0.0000000000
62744  22.235  1.061  47.394 0.0000000000
62743  23.353  1.022  47.408 0.0000000000
61970  24.841  0.252  48.108 0.0000000000
62742  24.587  0.986  47.505 0.0000000000
60352  20.899  -2.180  43.603 0.0000000000
59504  21.812  -2.402  43.889 0.0000000000
60319  24.172  -2.583  45.707 0.0000000000
58754  23.464  -3.762  42.760 0.0000000000
107736  23.704  -3.619  43.104 0.0000000000
59512  23.835  -3.495  43.494 0.0000000000
60334  24.090  -3.038  44.834 0.0000000000
61155  24.902  -1.582  46.318 0.0000000000
61154  25.246  -0.250  46.385 0.0000000000
62010  25.312  0.442  45.525 0.0000000000
61998  25.706  1.058  46.520 0.0000000000
62760  26.024  2.062  46.101 0.0000000000
62781  26.976  2.222  44.435 0.0000000000
64405  28.483  3.306  43.657 0.0000000000
64404  29.018  3.607  42.942 0.0000000000
112309  13.201  -6.467  51.644 0.0000000000
54327  13.700  -8.016  50.355 0.0000000000
55355  13.148  -7.454  49.718 0.0000000000
57234  11.675  -5.424  46.592 0.0000000000
57242  11.691  -5.502  45.901 0.0000000000
57241  11.965  -5.947  45.455 0.0000000000
100090  11.599  -5.161  45.158 0.0000000000
57995  11.562  -4.566  43.490 0.0000000000
53355  14.732  -9.810  46.114 0.0000000000
53366  15.196  -10.139  45.269 0.0000000000
53367  14.472  -9.466  45.394 0.0000000000
54416  13.699  -8.400  44.252 0.0000000000
54472  15.941  -8.769  40.916 0.0000000000
107306  14.803  -8.815  42.083 0.0000000000
55505  14.915  -7.393  40.175 0.0000000000
55484  14.525  -7.805  41.027 0.0000000000
55466  13.686  -7.958  42.858 0.0000000000
55450  13.242  -7.693  43.722 0.0000000000
56404  12.695  -6.519  42.729 0.0000000000
57280  12.466  -5.269  41.655 0.0000000000
58018  12.026  -4.525  41.766 0.0000000000
58759  12.047  -3.923  41.148 0.0000000000
59566  12.204  -2.353  40.018 0.0000000000
61215  13.387  -0.430  38.862 0.0000000000
60414  14.008  -0.975  38.608 0.0000000000
61224  14.239  -0.195  38.687 0.0000000000
62065  13.711  0.386  38.883 0.0000000000
107803  14.825  1.508  39.466 0.0000000000
60402  16.445  -1.015  39.614 0.0000000000
62062  16.288  0.013  39.826 0.0000000000
62052  16.414  0.353  40.674 0.0000000000
62810  16.175  1.057  40.838 0.0000000000
62802  16.070  1.524  41.463 0.0000000000
104508  15.945  1.920  42.230 0.0000000000
62765  16.190  1.443  45.701 0.0000000000
61999  16.394  0.758  45.707 0.0000000000
98362  16.311  1.221  46.499 0.0000000000
96774  16.235  1.589  47.368 0.0000000000
62749  16.403  1.246  48.616 0.0000000000
49112  19.619  -14.191  53.156 0.0000000000
53257  16.060  -10.081  54.063 0.0000000000
97422  34.486  -2.995  44.776 0.0000000000
59470  34.254  -3.660  45.524 0.0000000000
58693  33.991  -4.413  46.356 0.0000000000
58683  34.251  -5.095  47.188 0.0000000000
58695  33.238  -4.137  47.012 0.0000000000
57960  33.955  -5.143  47.735 0.0000000000
57959  34.643  -5.470  47.967 0.0000000000
94707  34.850  -5.821  48.578 0.0000000000
55347  34.230  -8.149  49.120 0.0000000000
57225  32.211  -5.177  47.061 0.0000000000
57211  33.076  -6.325  48.572 0.0000000000
56350  32.695  -7.003  48.932 0.0000000000
56349  33.162  -6.897  49.103 0.0000000000
56348  33.763  -6.920  49.131 0.0000000000
100166  33.797  -7.576  49.341 0.0000000000
54331  34.159  -9.114  49.278 0.0000000000
108166  33.673  -9.747  49.534 0.0000000000
54382  29.747  -9.003  46.579 0.0000000000
54366  29.968  -9.190  47.352 0.0000000000
54350  30.269  -9.313  48.110 0.0000000000
53312  29.873  -9.708  48.748 0.0000000000
54333  30.703  -9.662  49.049 0.0000000000
53284  30.552  -10.200  48.977 0.0000000000
93839  30.517  -11.193  49.060 0.0000000000
51156  30.947  -11.734  48.912 0.0000000000
64454  31.445  3.056  38.700 0.0000000000
63655  29.110  2.016  36.737 0.0000000000
62118  27.539  0.614  34.187 0.0000000000
62105  26.112  0.740  35.040 0.0000000000
95373  26.905  -1.377  32.964 0.0000000000
60456  26.977  -2.129  33.027 0.0000000000
59674  27.255  -2.893  33.389 0.0000000000
58823  22.664  -3.026  36.716 0.0000000000
58822  23.368  -3.243  36.224 0.0000000000
58059  23.749  -3.983  36.613 0.0000000000
58840  23.931  -3.004  35.712 0.0000000000
58839  24.642  -2.970  35.537 0.0000000000
58044  26.428  -4.668  37.970 0.0000000000
58803  25.578  -3.622  36.815 0.0000000000
59640  25.494  -3.127  35.753 0.0000000000
59652  26.924  -3.061  35.517 0.0000000000
59638  27.169  -2.663  36.497 0.0000000000
58837  28.515  -3.447  35.039 0.0000000000
58817  29.676  -3.071  36.202 0.0000000000
59635  29.852  -2.751  37.074 0.0000000000
59618  30.155  -2.582  37.872 0.0000000000
100045  31.064  -2.416  39.373 0.0000000000
59561  31.273  -2.225  40.176 0.0000000000
58765  29.865  -2.651  40.908 0.0000000000
58740  30.426  -3.370  42.569 0.0000000000
106945  30.923  -2.077  40.937 0.0000000000
96065  31.623  -2.025  40.986 0.0000000000
59544  31.868  -1.867  41.798 0.0000000000
60366  32.826  -1.759  43.254 0.0000000000
106912  32.084  -2.140  43.835 0.0000000000
60350  32.755  -1.936  43.999 0.0000000000
60332  33.494  -1.941  44.428 0.0000000000
94189  33.803  -2.015  44.455 0.0000000000
78235  9.903  26.877  38.591 0.0000000000
102423  9.526  27.160  38.010 0.0000000000
79410  9.731  29.131  38.091 0.0000000000
79416  10.093  28.899  37.206 0.0000000000
80562  10.778  31.313  35.502 0.0000000000
81116  10.907  31.463  38.505 0.0000000000
81129  10.404  31.913  37.083 0.0000000000
81638  10.568  33.025  36.557 0.0000000000
81138  10.424  31.651  36.306 0.0000000000
64357  1.520  3.939  46.297 0.0000000000
65703  1.581  5.022  46.816 0.0000000000
65066  1.524  4.739  46.319 0.0000000000
108432  2.633  7.505  45.110 0.0000000000
67808  3.263  8.840  44.721 0.0000000000
66420  2.379  6.461  44.302 0.0000000000
65740  3.111  5.979  42.429 0.0000000000
66438  3.612  6.430  42.010 0.0000000000
66448  4.917  6.236  41.230 0.0000000000
69627  8.761  11.097  47.648 0.0000000000
69635  8.066  10.725  46.761 0.0000000000
69044  7.959  10.917  46.041 0.0000000000
69057  6.873  10.723  45.802 0.0000000000
68476  6.799  9.934  44.203 0.0000000000
69640  11.270  11.710  45.322 0.0000000000
69054  10.092  10.711  45.146 0.0000000000
69070  9.386  10.140  44.511 0.0000000000
68474  8.645  9.846  43.972 0.0000000000
68505  6.718  9.341  42.766 0.0000000000
67828  6.276  8.984  42.292 0.0000000000
67843  6.733  8.539  41.796 0.0000000000
104537  7.796  8.625  41.770 0.0000000000
67842  7.389  8.509  41.678 0.0000000000
67142  6.412  7.970  41.471 0.0000000000
66446  6.615  6.612  40.620 0.0000000000
66456  7.118  5.922  39.976 0.0000000000
104780  7.816  5.968  39.678 0.0000000000
66465  8.435  5.659  38.938 0.0000000000
103731  9.287  6.938  40.049 0.0000000000
66454  9.072  6.341  39.374 0.0000000000
66464  9.180  5.840  38.220 0.0000000000
66472  9.557  6.235  37.441 0.0000000000
66483  9.275  6.735  36.829 0.0000000000
67863  11.889  7.860  39.594 0.0000000000
67163  11.379  7.251  39.017 0.0000000000
67873  12.684  8.276  38.346 0.0000000000
67173  10.850  6.833  38.384 0.0000000000
67185  10.866  6.886  37.463 0.0000000000
67186  10.078  6.786  37.085 0.0000000000
67894  8.960  8.423  36.362 0.0000000000
68563  8.503  9.512  36.163 0.0000000000
69138  7.951  10.504  36.010 0.0000000000
69160  7.140  11.438  36.031 0.0000000000
69720  7.552  11.880  35.485 0.0000000000
69734  8.300  12.033  34.789 0.0000000000
69732  10.545  11.439  34.209 0.0000000000
70256  9.884  12.008  33.925 0.0000000000
70269  10.477  12.452  33.468 0.0000000000
70755  13.349  13.312  35.445 0.0000000000
70759  13.107  13.247  34.500 0.0000000000
109827  12.863  13.964  33.635 0.0000000000
71784  13.404  15.364  33.391 0.0000000000
72327  13.530  16.345  33.287 0.0000000000
72314  13.436  16.975  34.191 0.0000000000
74090  11.720  19.634  33.225 0.0000000000
71743  9.243  15.810  40.401 0.0000000000
72274  9.519  16.575  39.402 0.0000000000
72841  8.642  16.961  39.423 0.0000000000
72289  10.603  17.174  38.274 0.0000000000
73470  7.426  18.765  37.797 0.0000000000
74049  7.058  19.344  37.012 0.0000000000
73469  8.377  18.438  37.553 0.0000000000
73468  9.287  18.333  37.328 0.0000000000
73480  11.241  18.322  36.419 0.0000000000
73493  11.197  18.729  35.530 0.0000000000
73503  11.091  19.190  34.694 0.0000000000
74703  10.165  20.361  32.916 0.0000000000
74704  9.338  20.722  32.547 0.0000000000
75322  7.801  21.465  32.501 0.0000000000
108254  7.455  22.347  31.909 0.0000000000
75978  7.329  23.124  32.083 0.0000000000
93412  7.858  24.823  32.100 0.0000000000
75961  8.175  22.242  34.275 0.0000000000
107680  8.113  23.010  33.850 0.0000000000
102677  9.128  24.283  34.274 0.0000000000
97325  8.077  24.218  33.165 0.0000000000
77114  8.219  24.825  32.623 0.0000000000
65240  40.524  4.191  27.858 0.0000000000
64518  40.628  3.855  27.143 0.0000000000
64517  41.250  3.828  26.881 0.0000000000
65256  41.954  3.974  26.951 0.0000000000
64532  43.413  3.658  26.295 0.0000000000
61386  41.399  -0.447  24.478 0.0000000000
62198  41.462  0.155  24.195 0.0000000000
62197  42.304  0.573  23.996 0.0000000000
110915  42.130  1.385  24.270 0.0000000000
63729  42.489  2.099  24.487 0.0000000000
64547  44.929  3.286  25.595 0.0000000000
63708  45.425  2.929  25.076 0.0000000000
63725  46.552  2.693  24.494 0.0000000000
61294  45.189  0.111  31.345 0.0000000000
61336  45.229  -0.643  29.881 0.0000000000
61314  46.534  -0.372  30.779 0.0000000000
60503  45.697  -1.174  29.297 0.0000000000
60548  45.711  -2.011  27.939 0.0000000000
59761  45.629  -2.533  26.250 0.0000000000
109082  48.278  -1.081  29.361 0.0000000000
102937  48.012  -1.460  28.705 0.0000000000
59749  46.161  -2.368  27.142 0.0000000000
59772  45.612  -2.453  25.226 0.0000000000
59788  45.731  -2.142  24.384 0.0000000000
60611  45.464  -1.050  23.618 0.0000000000
59787  46.500  -2.107  24.107 0.0000000000
106817  46.234  -1.038  23.430 0.0000000000
61403  45.828  -0.341  23.359 0.0000000000
110522  47.080  2.550  23.988 0.0000000000
63741  47.633  2.888  23.498 0.0000000000
62939  47.510  1.376  22.901 0.0000000000
59801  49.616  -2.054  23.638 0.0000000000
60626  49.491  -0.991  22.687 0.0000000000
64576  53.300  3.680  23.261 0.0000000000
94015  53.655  -2.557  24.519 0.0000000000
59780  54.712  -3.334  25.091 0.0000000000
108385  53.510  -4.949  24.353 0.0000000000
57423  51.311  -5.408  23.204 0.0000000000
57365  50.331  -5.547  27.923 0.0000000000
57405  50.588  -5.792  24.474 0.0000000000
57406  49.762  -5.965  24.685 0.0000000000
95769  50.759  -5.655  23.772 0.0000000000
64707  61.877  4.062  9.527 0.0000000000
64698  61.430  3.872  10.900 0.0000000000
63887  61.727  3.620  11.495 0.0000000000
63874  61.334  3.097  12.472 0.0000000000
63037  61.154  1.922  13.286 0.0000000000
73426  12.796  18.658  41.850 0.0000000000
94263  13.138  19.038  41.121 0.0000000000
73425  13.063  18.263  41.107 0.0000000000
63536  17.288  1.809  50.456 0.0000000000
63539  17.526  2.693  49.809 0.0000000000
106968  3.955  0.201  51.157 0.0000000000
61984  1.783  0.414  48.194 0.0000000000
62769  1.966  1.880  46.563 0.0000000000
57944  11.970  -4.708  53.119 0.0000000000
58671  11.014  -3.655  50.921 0.0000000000
59451  9.732  -1.609  50.913 0.0000000000
59456  9.919  -2.012  49.902 0.0000000000
61128  8.695  0.007  49.769 0.0000000000
60369  10.944  -1.949  41.956 0.0000000000
59537  10.791  -2.207  42.774 0.0000000000
60357  10.436  -1.715  43.282 0.0000000000
108590  10.326  -1.959  43.893 0.0000000000
110506  9.677  -1.360  45.142 0.0000000000
62805  9.618  1.527  41.382 0.0000000000
62034  9.256  0.381  42.651 0.0000000000
101449  9.326  -0.070  43.429 0.0000000000
106307  9.309  -0.850  47.368 0.0000000000
61977  8.919  -0.268  47.361 0.0000000000
61144  9.190  -0.638  48.051 0.0000000000
61965  7.529  0.703  49.074 0.0000000000
93586  6.261  0.751  48.437 0.0000000000
62016  5.907  0.713  44.995 0.0000000000
93292  5.857  0.540  45.802 0.0000000000
61993  5.269  0.541  46.452 0.0000000000
61994  4.201  0.614  46.696 0.0000000000
62768  3.239  1.389  46.065 0.0000000000
66379  3.805  6.833  47.447 0.0000000000
65707  5.097  5.854  45.753 0.0000000000
66397  4.682  6.130  46.647 0.0000000000
66378  4.425  6.854  47.636 0.0000000000
95853  4.732  8.221  48.191 0.0000000000
67769  5.980  8.479  48.121 0.0000000000
68440  5.877  9.129  48.061 0.0000000000
69031  8.298  10.003  47.220 0.0000000000
67117  10.013  7.334  44.758 0.0000000000
101953  9.768  7.611  45.425 0.0000000000
67794  9.538  8.313  46.618 0.0000000000
68444  12.519  9.217  47.845 0.0000000000
110640  11.768  9.323  47.443 0.0000000000
68445  10.883  9.499  47.524 0.0000000000
68427  9.478  10.298  48.464 0.0000000000
69028  10.846  10.523  48.340 0.0000000000
101580  9.452  10.649  48.553 0.0000000000
70164  9.995  12.021  49.046 0.0000000000
70676  10.937  12.816  48.559 0.0000000000
70674  11.996  12.478  48.355 0.0000000000
71190  12.491  14.790  46.810 0.0000000000
70172  13.598  12.876  46.853 0.0000000000
70684  13.288  13.645  46.660 0.0000000000
110520  13.369  13.832  45.985 0.0000000000
71699  12.778  15.004  46.144 0.0000000000
101548  12.410  16.894  43.544 0.0000000000
57966  34.713  -5.049  45.698 0.0000000000
97287  34.873  -5.700  45.827 0.0000000000
110788  35.226  -5.826  47.312 0.0000000000
57214  35.046  -5.820  46.803 0.0000000000
57223  35.001  -5.784  45.896 0.0000000000
56365  35.188  -6.467  46.056 0.0000000000
56366  35.272  -6.829  46.334 0.0000000000
53320  35.115  -8.727  47.780 0.0000000000
53334  34.598  -9.500  47.447 0.0000000000
54364  34.789  -8.695  47.128 0.0000000000
54379  34.576  -8.506  46.604 0.0000000000
62862  29.297  1.009  33.728 0.0000000000
62860  30.406  1.840  33.849 0.0000000000
63666  31.029  2.832  33.845 0.0000000000
64475  31.336  3.063  34.239 0.0000000000
58870  29.331  -3.638  33.412 0.0000000000
58886  30.458  -3.664  32.526 0.0000000000
58902  29.959  -3.492  31.951 0.0000000000
59716  29.527  -2.887  31.530 0.0000000000
60494  29.460  -1.540  30.584 0.0000000000
61325  29.315  -0.111  30.011 0.0000000000
96582  31.819  -3.147  30.904 0.0000000000
60516  31.225  -1.891  29.163 0.0000000000
59738  30.854  -2.267  29.837 0.0000000000
61348  29.528  -0.335  29.310 0.0000000000
62883  29.404  1.553  29.710 0.0000000000
63685  29.477  2.336  29.175 0.0000000000
63688  29.826  2.823  27.829 0.0000000000
64514  29.630  3.076  28.628 0.0000000000
65211  30.238  4.643  29.276 0.0000000000
62902  32.679  1.431  25.677 0.0000000000
108317  33.079  2.229  25.794 0.0000000000
110743  33.661  3.177  26.527 0.0000000000
63719  34.431  1.795  25.613 0.0000000000
63702  33.869  2.533  25.966 0.0000000000
63714  39.274  2.409  25.376 0.0000000000
63715  38.483  1.933  25.200 0.0000000000
62912  38.877  1.139  24.742 0.0000000000
62897  39.263  1.790  24.909 0.0000000000
61388  39.698  -0.284  24.601 0.0000000000
60569  37.624  -1.566  26.466 0.0000000000
96375  38.588  -1.810  26.500 0.0000000000
60554  38.766  -1.664  27.535 0.0000000000
60568  39.621  -1.754  26.358 0.0000000000
106144  40.511  -1.521  25.957 0.0000000000
60551  41.163  -1.454  27.302 0.0000000000
61352  41.551  -0.886  28.539 0.0000000000
110339  41.856  -0.522  29.720 0.0000000000
61318  43.029  -0.280  30.442 0.0000000000
61280  37.801  -0.396  32.680 0.0000000000
106389  38.447  -0.162  34.003 0.0000000000
93995  38.563  -0.149  33.281 0.0000000000
61259  39.553  -0.008  33.050 0.0000000000
62090  40.192  0.664  36.717 0.0000000000
62116  40.075  0.390  34.804 0.0000000000
62151  41.292  0.148  32.757 0.0000000000
103521  42.231  0.395  32.848 0.0000000000
62126  42.485  0.645  33.796 0.0000000000
104341  42.980  0.433  32.482 0.0000000000
62149  43.717  0.580  32.612 0.0000000000
62098  45.526  0.531  35.814 0.0000000000
109792  45.017  0.363  36.400 0.0000000000
62086  45.594  0.292  36.250 0.0000000000
59659  43.856  -2.785  34.969 0.0000000000
74012  13.487  19.404  40.448 0.0000000000
74640  13.569  20.372  40.395 0.0000000000
75214  13.765  21.173  39.838 0.0000000000
74645  14.137  21.013  38.969 0.0000000000
75213  13.871  21.984  39.332 0.0000000000
75930  14.079  22.423  38.597 0.0000000000
97018  14.265  24.330  37.599 0.0000000000
75955  15.701  22.366  35.615 0.0000000000
105962  14.883  22.062  36.706 0.0000000000
110885  14.715  23.257  36.760 0.0000000000
76514  14.575  23.942  36.844 0.0000000000
110131  14.253  25.073  37.421 0.0000000000
77649  14.332  25.828  36.984 0.0000000000
79421  15.167  28.520  35.584 0.0000000000
79955  15.218  29.409  35.385 0.0000000000
63572  1.498  2.373  45.256 0.0000000000
100151  1.284  0.814  43.331 0.0000000000
63631  4.305  2.611  39.104 0.0000000000
63632  3.617  2.352  39.581 0.0000000000
62823  2.468  1.391  39.652 0.0000000000
62844  2.508  1.330  36.662 0.0000000000
70259  6.798  13.136  34.807 0.0000000000
70762  5.963  13.606  34.235 0.0000000000
70760  8.082  13.277  33.864 0.0000000000
70772  5.399  13.833  33.552 0.0000000000
104752  5.575  14.120  32.849 0.0000000000
70791  5.350  13.893  31.895 0.0000000000
110806  8.910  14.679  31.347 0.0000000000
70790  5.657  13.790  30.771 0.0000000000
70293  5.790  13.404  30.281 0.0000000000
70292  6.280  12.774  30.134 0.0000000000
70303  7.536  12.979  29.286 0.0000000000
70812  6.544  14.108  29.183 0.0000000000
70811  7.042  13.735  29.013 0.0000000000
70302  8.669  12.736  29.184 0.0000000000
69800  9.560  12.543  29.014 0.0000000000
74109  12.519  19.212  31.604 0.0000000000
74114  12.513  18.998  30.745 0.0000000000
94652  12.707  18.305  30.491 0.0000000000
72930  12.291  17.839  29.948 0.0000000000
72931  11.752  17.183  29.720 0.0000000000
106093  9.859  16.399  29.202 0.0000000000
73542  9.765  18.409  28.009 0.0000000000
97964  8.999  16.271  28.841 0.0000000000
71336  8.547  14.726  27.999 0.0000000000
110863  9.600  13.560  28.330 0.0000000000
65892  42.373  5.473  29.631 0.0000000000
66585  45.266  6.309  31.151 0.0000000000
65912  48.069  5.227  27.507 0.0000000000
65902  48.876  6.204  28.752 0.0000000000
66606  49.623  7.304  28.707 0.0000000000
66607  49.573  6.812  29.499 0.0000000000
67274  50.012  8.071  30.336 0.0000000000
63852  58.875  3.465  14.532 0.0000000000
64562  54.991  4.604  24.206 0.0000000000
62922  55.151  1.517  23.554 0.0000000000
64555  56.016  5.195  24.444 0.0000000000
64554  56.595  4.397  24.330 0.0000000000
64553  57.132  3.842  24.251 0.0000000000
61398  57.287  -0.963  24.182 0.0000000000
62208  57.190  0.095  24.234 0.0000000000
62905  57.092  2.134  24.409 0.0000000000
63722  57.149  2.971  24.283 0.0000000000
64560  57.336  4.153  23.677 0.0000000000
64572  57.501  3.693  22.850 0.0000000000
63761  57.502  3.074  21.917 0.0000000000
62946  57.433  1.801  22.257 0.0000000000
59825  55.098  -3.419  21.134 0.0000000000
101768  55.121  -3.198  20.454 0.0000000000
61430  58.084  -0.815  20.656 0.0000000000
60661  57.705  -1.155  16.434 0.0000000000
48037  19.404  -14.532  53.283 0.0000000000
52238  25.669  -10.799  50.503 0.0000000000
52268  34.439  -10.243  47.880 0.0000000000
53271  24.447  -10.248  50.682 0.0000000000
53272  23.831  -9.760  50.807 0.0000000000
53288  23.460  -9.463  50.814 0.0000000000
53356  14.286  -9.431  46.752 0.0000000000
53443  25.183  -9.449  40.576 0.0000000000
54292  25.252  -10.114  50.285 0.0000000000
54466  26.825  -9.026  41.215 0.0000000000
54473  15.037  -8.513  41.338 0.0000000000
55325  25.099  -9.182  49.979 0.0000000000
55326  24.473  -9.047  50.355 0.0000000000
55327  23.820  -8.924  50.659 0.0000000000
55338  22.723  -8.210  50.378 0.0000000000
55345  35.763  -7.276  48.378 0.0000000000
55398  35.005  -7.037  45.937 0.0000000000
55440  12.737  -7.063  44.385 0.0000000000
55523  16.622  -6.982  39.675 0.0000000000
56355  35.543  -6.354  47.193 0.0000000000
56417  13.421  -6.594  41.347 0.0000000000
56443  14.744  -6.144  39.402 0.0000000000
56467  25.056  -6.145  37.522 0.0000000000
57215  35.514  -6.342  47.366 0.0000000000
57961  33.605  -5.193  47.960 0.0000000000
57968  32.523  -4.533  47.118 0.0000000000
58005  12.039  -4.971  42.271 0.0000000000
58019  11.718  -3.935  41.876 0.0000000000
58029  12.576  -4.328  40.555 0.0000000000
58036  16.852  -4.240  38.964 0.0000000000
58045  16.252  -4.269  38.661 0.0000000000
58684  33.685  -4.597  47.113 0.0000000000
58790  14.939  -3.543  38.471 0.0000000000
58791  14.079  -3.506  38.640 0.0000000000
59490  33.058  -2.440  45.112 0.0000000000
59585  12.730  -2.548  39.458 0.0000000000
59592  36.722  -1.493  38.140 0.0000000000
59614  35.479  -2.408  37.422 0.0000000000
59661  35.596  -2.282  34.544 0.0000000000
59803  47.678  -1.849  23.459 0.0000000000
60280  24.674  -1.417  48.281 0.0000000000
60317  33.483  -2.329  44.842 0.0000000000
60470  50.446  -0.353  33.305 0.0000000000
60475  34.966  -1.925  31.453 0.0000000000
60545  48.526  -1.800  27.373 0.0000000000
60565  43.449  -2.063  26.376 0.0000000000
60582  37.190  -1.193  25.804 0.0000000000
61131  24.532  -0.918  48.589 0.0000000000
61140  25.331  -0.637  47.972 0.0000000000
61172  37.527  -0.071  43.496 0.0000000000
61246  47.829  0.353  34.658 0.0000000000
61347  29.924  -0.836  28.975 0.0000000000
61367  34.302  -0.724  26.051 0.0000000000
61377  36.435  -0.312  25.278 0.0000000000
61417  48.295  -0.206  22.538 0.0000000000
61969  25.369  0.116  47.983 0.0000000000
62019  38.409  0.166  43.760 0.0000000000
62064  15.023  0.859  39.157 0.0000000000
62067  11.928  0.555  39.737 0.0000000000
62075  15.136  -0.014  38.833 0.0000000000
62141  51.494  0.218  32.877 0.0000000000
62142  50.896  0.302  33.209 0.0000000000
62158  49.762  0.554  32.704 0.0000000000
62182  29.741  0.864  27.723 0.0000000000
62184  32.099  0.582  25.893 0.0000000000
62186  30.743  0.898  26.643 0.0000000000
62192  33.630  0.384  25.536 0.0000000000
62215  44.612  0.320  23.561 0.0000000000
62819  13.523  1.627  39.354 0.0000000000
63630  12.296  2.222  39.687 0.0000000000
63694  29.761  2.087  27.728 0.0000000000
63705  30.773  2.077  26.660 0.0000000000
63707  46.207  3.091  25.082 0.0000000000
63713  40.351  2.727  25.424 0.0000000000
63737  57.310  3.373  24.065 0.0000000000
64435  10.651  3.760  40.645 0.0000000000
64486  3.804  4.181  33.079 0.0000000000
64503  29.876  3.898  28.921 0.0000000000
64512  30.896  3.972  27.798 0.0000000000
64519  39.998  3.836  27.445 0.0000000000
64521  37.657  3.390  27.208 0.0000000000
64543  31.756  2.957  26.600 0.0000000000
64550  41.891  3.215  25.636 0.0000000000
65159  7.252  4.772  36.822 0.0000000000
65239  41.366  4.253  27.537 0.0000000000
65262  56.845  4.799  24.051 0.0000000000
65849  4.357  5.393  33.221 0.0000000000
66415  11.498  6.599  43.262 0.0000000000
66597  50.032  7.490  30.149 0.0000000000
67247  2.942  7.040  34.280 0.0000000000
67899  3.327  8.839  36.156 0.0000000000
67923  4.746  8.958  34.540 0.0000000000
68429  7.675  9.294  47.342 0.0000000000
68430  6.638  9.242  47.574 0.0000000000
68583  3.355  10.096  35.752 0.0000000000
68598  3.322  9.317  35.323 0.0000000000
69034  6.567  9.623  47.271 0.0000000000
69039  5.807  9.737  47.507 0.0000000000
69143  3.662  11.269  36.049 0.0000000000
69159  8.008  11.127  35.695 0.0000000000
69177  3.565  10.688  35.687 0.0000000000
69707  5.085  12.427  36.465 0.0000000000
70235  4.676  12.907  36.374 0.0000000000
70247  5.691  12.926  36.181 0.0000000000
71256  13.195  14.339  36.710 0.0000000000
72825  13.020  17.582  41.281 0.0000000000
73408  8.901  18.465  44.476 0.0000000000
74018  6.777  19.175  39.723 0.0000000000
74077  7.087  19.681  35.656 0.0000000000
74625  12.095  20.226  43.708 0.0000000000
74686  6.865  20.352  35.783 0.0000000000
75935  14.300  22.632  37.912 0.0000000000
75946  14.635  22.659  37.104 0.0000000000
76523  15.547  23.205  35.554 0.0000000000
77052  13.215  24.643  42.649 0.0000000000
77073  14.467  24.572  36.930 0.0000000000
79936  10.074  30.056  38.445 0.0000000000
79947  14.719  29.296  36.178 0.0000000000
80548  10.377  31.358  37.818 0.0000000000
81631  10.649  32.664  37.131 0.0000000000
93181  34.291  -2.410  31.747 0.0000000000
93622  25.497  -12.106  50.614 0.0000000000
94471  14.521  25.096  36.705 0.0000000000
95680  26.975  -9.527  47.687 0.0000000000
95998  32.653  -2.583  45.158 0.0000000000
96568  15.346  21.786  36.134 0.0000000000
96823  3.785  10.719  36.271 0.0000000000
96956  32.715  -3.497  34.966 0.0000000000
97112  8.328  21.218  36.958 0.0000000000
97285  35.788  -1.435  41.896 0.0000000000
97905  17.079  4.889  49.215 0.0000000000
98394  23.497  -9.505  42.067 0.0000000000
100161  12.647  -5.684  54.155 0.0000000000
100428  33.216  -9.979  49.696 0.0000000000
100543  34.976  -0.766  27.873 0.0000000000
100556  24.534  -2.185  46.302 0.0000000000
100927  3.188  9.255  35.619 0.0000000000
100953  13.002  16.287  36.475 0.0000000000
101295  3.731  8.081  36.167 0.0000000000
102437  13.790  9.039  49.181 0.0000000000
103566  15.436  -6.207  39.163 0.0000000000
104061  2.583  6.244  34.587 0.0000000000
104682  8.974  5.803  37.407 0.0000000000
105536  34.116  -3.232  36.650 0.0000000000
106388  40.475  -1.665  26.853 0.0000000000
106537  38.991  0.390  40.047 0.0000000000
106793  47.526  6.227  29.761 0.0000000000
107194  16.594  -0.050  48.047 0.0000000000
107751  10.519  4.169  40.893 0.0000000000
107855  25.792  -9.523  49.864 0.0000000000
108723  31.303  -10.084  49.230 0.0000000000
108730  35.536  0.777  25.336 0.0000000000
108888  31.502  -3.671  33.494 0.0000000000
109229  5.036  10.100  36.698 0.0000000000
109733  13.316  9.780  48.024 0.0000000000
110033  34.945  -8.238  46.866 0.0000000000
110345  34.307  -3.186  34.707 0.0000000000
110346  17.052  -12.245  54.873 0.0000000000
110385  6.678  17.550  42.280 0.0000000000
110842  50.517  0.093  33.498 0.0000000000
110972  13.175  23.570  43.099 0.0000000000
111189  21.976  -8.520  50.202 0.0000000000
111233  39.463  0.277  35.009 0.0000000000
111369  43.680  0.878  23.783 0.0000000000
111719  11.930  12.751  41.094 0.0000000000
111737  36.148  -1.920  38.358 0.0000000000
112027  43.349  0.778  34.943 0.0000000000
112271  3.776  7.954  47.429 0.0000000000
112350  36.398  -5.279  44.795 0.0000000000
112431  46.951  0.531  35.045 0.0000000000
112508  9.936  19.300  43.724 0.0000000000
112518  13.580  29.801  38.983 0.0000000000
