#!ascii label  , from subject sub-v1s16x0051184_ses-1 vox2ras=TkReg
3460
52203  3.123  -11.331  56.765 0.6250000000
95838  3.920  -11.604  57.412 0.6250000000
99790  2.942  -11.557  57.303 0.6250000000
53212  2.066  -11.170  56.820 0.6250000000
52191  5.586  -11.400  57.584 0.5000000000
52192  4.658  -11.608  57.598 0.5000000000
51108  5.506  -11.906  58.147 0.5000000000
52182  5.030  -11.692  57.855 0.5000000000
52202  4.669  -11.433  57.298 0.6250000000
50086  5.702  -12.412  58.189 0.5000000000
50087  4.816  -12.367  58.158 0.5000000000
51109  4.457  -11.950  58.053 0.5000000000
52183  3.976  -11.758  57.699 0.5000000000
53241  1.426  -9.969  55.912 0.7500000000
53206  8.124  -10.311  57.670 0.7500000000
53207  7.294  -10.733  57.575 0.7500000000
53210  7.156  -10.530  57.353 0.7500000000
53211  6.415  -10.910  57.364 0.7500000000
52178  8.139  -10.611  57.842 0.7500000000
52179  7.456  -10.966  57.841 0.7500000000
52180  6.743  -11.315  57.894 0.7500000000
52190  6.531  -11.113  57.591 0.7500000000
52201  5.686  -11.167  57.314 0.6250000000
52170  7.726  -11.286  58.105 0.7500000000
98797  6.700  -11.598  58.111 0.6250000000
51107  6.314  -11.712  58.123 0.6250000000
52181  5.954  -11.530  57.887 0.7500000000
50079  7.509  -12.346  58.145 0.6250000000
50080  6.980  -12.261  58.246 0.6250000000
49072  7.128  -12.641  57.947 0.5000000000
50085  6.475  -12.466  58.135 0.5000000000
49077  5.936  -12.926  57.898 0.5000000000
50081  6.236  -12.050  58.293 0.5000000000
102438  4.118  -11.315  56.945 0.6250000000
47997  6.891  -13.126  57.556 0.5000000000
98482  6.542  -12.889  57.827 0.5000000000
52211  3.101  -11.201  56.538 0.6250000000
52212  2.492  -10.849  55.825 0.6250000000
109805  2.004  -10.801  56.399 0.6250000000
53222  2.103  -11.050  56.625 0.6250000000
52226  2.583  -10.729  54.647 0.6250000000
52219  1.647  -10.125  55.374 0.7500000000
52227  1.630  -10.055  54.363 0.6250000000
53233  1.260  -10.349  56.399 0.7500000000
53209  7.879  -9.992  57.381 0.7500000000
112245  7.649  -9.940  57.263 0.7500000000
53220  6.971  -10.240  57.008 0.7500000000
54270  8.366  -9.361  57.249 0.7500000000
53230  7.254  -9.488  56.663 0.8750000000
99584  6.787  -10.026  56.726 0.7500000000
53221  6.292  -10.658  57.048 0.6250000000
52177  8.867  -10.202  57.848 0.7500000000
53205  8.668  -9.971  57.712 0.7500000000
54266  8.450  -9.610  57.427 0.7500000000
53240  5.809  -9.748  55.265 0.6250000000
53232  6.172  -10.169  56.237 0.6250000000
94817  5.272  -11.047  56.812 0.6250000000
51099  8.098  -11.676  58.252 0.7500000000
53250  5.532  -9.336  54.413 0.6250000000
52209  5.265  -10.639  55.794 0.6250000000
50084  8.099  -12.176  58.216 0.7500000000
53251  4.958  -9.792  53.908 0.6250000000
52216  5.166  -10.201  54.769 0.6250000000
52210  4.296  -11.101  56.306 0.6250000000
107844  7.494  -12.820  57.691 0.5000000000
52224  4.559  -10.499  54.339 0.6250000000
95799  3.346  -10.956  55.237 0.6250000000
52218  3.516  -11.070  55.889 0.6250000000
52225  3.726  -10.840  54.400 0.6250000000
52244  3.000  -10.420  52.624 0.6250000000
52231  3.123  -10.703  53.497 0.6250000000
52245  2.391  -10.121  51.948 0.6250000000
98451  2.261  -10.494  53.756 0.6250000000
52233  1.562  -10.039  53.404 0.6250000000
52255  1.366  -9.850  51.447 0.5000000000
53278  0.469  -9.550  52.001 0.5000000000
112377  -0.522  -9.291  51.676 0.5000000000
55297  10.543  -8.024  57.157 0.7500000000
56304  10.326  -7.752  56.745 0.7500000000
56305  9.878  -7.791  56.764 0.7500000000
56303  10.833  -7.702  56.536 0.7500000000
55298  9.828  -7.888  57.206 0.7500000000
55299  9.557  -8.164  57.155 0.7500000000
55300  8.998  -8.348  57.089 0.7500000000
55303  8.880  -8.016  56.809 0.8750000000
55304  8.366  -8.063  56.754 0.8750000000
55308  7.052  -7.816  56.394 0.7500000000
55296  10.962  -8.034  56.744 0.7500000000
55291  10.719  -8.244  57.378 0.7500000000
54264  9.949  -8.712  57.893 0.8750000000
104297  9.381  -8.749  57.681 0.8750000000
55294  9.247  -8.594  57.487 0.7500000000
99952  8.002  -9.332  56.994 0.8750000000
53219  7.753  -9.492  57.018 0.7500000000
54279  6.988  -8.696  56.244 0.8750000000
93316  11.147  -10.555  57.887 0.8750000000
51104  10.306  -10.643  58.162 0.7500000000
53204  9.221  -9.341  57.801 0.7500000000
54286  5.403  -8.344  54.383 0.8750000000
54282  6.434  -8.771  55.609 0.8750000000
50082  10.427  -11.542  57.956 0.7500000000
50083  9.535  -12.162  58.031 0.6250000000
51105  9.321  -10.821  58.121 0.7500000000
54287  4.837  -7.644  53.770 0.7500000000
50098  9.907  -12.303  57.639 0.6250000000
51106  8.864  -11.770  58.221 0.6250000000
54290  4.604  -8.119  53.046 0.7500000000
53259  5.105  -8.816  53.673 0.7500000000
49094  8.872  -12.986  56.977 0.6250000000
50099  9.210  -12.559  57.656 0.6250000000
49075  8.029  -12.838  57.584 0.5000000000
54297  4.325  -8.577  52.283 0.7500000000
53260  4.591  -9.400  52.990 0.7500000000
48013  8.357  -13.276  56.963 0.6250000000
49086  8.803  -12.889  57.300 0.6250000000
97802  7.440  -13.586  57.038 0.5000000000
54298  3.792  -9.019  51.557 0.6250000000
53261  3.794  -10.170  52.794 0.6250000000
52230  4.217  -10.351  53.595 0.6250000000
48023  8.402  -13.268  56.718 0.6250000000
108626  7.987  -13.581  56.718 0.6250000000
48014  7.821  -13.635  56.812 0.6250000000
94185  6.767  -13.931  57.000 0.5000000000
110086  3.390  -8.996  50.987 0.6250000000
53276  3.367  -9.914  52.054 0.6250000000
48015  7.233  -13.982  56.712 0.3750000000
46967  6.524  -14.354  56.779 0.3750000000
53292  2.845  -8.967  50.515 0.5000000000
53293  2.134  -9.736  50.961 0.5000000000
54345  1.657  -8.401  49.262 0.5000000000
53304  1.320  -9.094  49.811 0.5000000000
53317  0.661  -9.070  49.268 0.5000000000
98474  0.390  -9.491  50.054 0.5000000000
53318  -0.252  -9.500  49.493 0.5000000000
54361  0.197  -8.447  48.145 0.5000000000
56314  10.933  -6.777  55.951 0.7500000000
55309  6.278  -6.973  56.020 0.7500000000
55302  11.344  -7.645  56.006 0.7500000000
55290  11.089  -8.427  56.928 0.6250000000
54262  11.236  -8.751  57.442 0.8750000000
54283  5.747  -8.016  55.137 1.0000000000
55313  6.276  -7.865  55.874 0.7500000000
55289  11.202  -8.339  56.416 0.6250000000
53202  11.105  -9.062  57.597 0.7500000000
55320  4.787  -6.866  53.824 0.8750000000
55317  5.056  -7.122  54.527 0.8750000000
51103  11.153  -11.093  57.418 0.7500000000
56337  4.729  -6.981  52.508 0.8750000000
50097  10.614  -11.753  57.229 0.8750000000
55331  4.465  -7.299  51.750 0.7500000000
50107  10.101  -12.394  56.899 0.6250000000
55330  4.923  -6.837  51.755 0.7500000000
55324  4.468  -7.609  52.408 0.7500000000
102009  9.230  -12.815  56.749 0.6250000000
55343  4.594  -7.209  50.968 0.8750000000
54311  4.175  -7.940  51.659 0.7500000000
49100  8.889  -12.931  56.561 0.6250000000
55344  4.018  -7.596  50.531 0.5000000000
55332  4.155  -7.545  51.177 0.6250000000
109779  8.936  -12.739  56.004 0.6250000000
55360  3.895  -7.697  49.798 0.5000000000
54344  2.519  -8.168  49.440 0.6250000000
54328  2.269  -8.520  49.811 0.5000000000
54360  0.993  -8.337  48.614 0.6250000000
55380  0.815  -7.996  48.010 0.5000000000
54375  0.141  -8.195  47.596 0.5000000000
55305  13.081  -7.520  55.342 0.6250000000
55306  12.066  -7.375  55.544 0.7500000000
54277  13.153  -7.929  55.326 0.7500000000
55295  11.438  -7.923  55.941 0.7500000000
54267  12.298  -8.639  55.404 0.6250000000
53200  11.861  -8.869  55.621 0.6250000000
101994  11.346  -8.910  56.852 0.7500000000
57201  5.516  -5.993  53.078 1.0000000000
56328  4.909  -6.242  54.209 1.0000000000
93787  12.719  -9.641  55.527 0.7500000000
52189  12.547  -9.708  55.761 0.7500000000
53201  11.817  -9.211  56.181 0.7500000000
56335  6.041  -6.009  52.370 1.0000000000
51123  12.746  -10.295  55.532 0.7500000000
51118  12.304  -10.511  55.866 0.7500000000
51119  11.520  -11.088  56.437 0.7500000000
96512  5.153  -7.145  50.264 1.0000000000
98630  10.762  -11.781  56.218 0.7500000000
93921  6.081  -6.964  50.147 1.0000000000
50106  10.220  -12.165  55.585 0.6250000000
55359  4.815  -7.509  49.654 1.0000000000
49093  9.621  -12.588  56.411 0.6250000000
55376  4.365  -7.863  48.908 1.0000000000
49108  9.284  -12.475  55.109 0.6250000000
110937  4.912  -8.017  48.384 0.6250000000
104331  3.504  -7.897  49.147 0.6250000000
49109  8.679  -12.764  55.476 0.6250000000
96576  2.732  -7.914  48.024 0.6250000000
55378  2.803  -7.911  48.783 0.6250000000
49122  9.195  -12.442  54.283 0.6250000000
109654  2.162  -7.871  48.410 0.6250000000
55395  1.838  -7.753  47.751 0.6250000000
55396  0.970  -7.784  47.381 0.5000000000
111574  1.128  -7.655  45.674 0.5000000000
55413  0.266  -7.995  46.775 0.5000000000
55428  0.367  -7.952  45.908 0.5000000000
104878  -0.210  -9.051  45.877 0.5000000000
55310  14.433  -7.765  54.833 0.6250000000
55311  13.789  -7.263  55.152 0.6250000000
108301  14.461  -8.176  55.031 0.6250000000
53218  13.121  -8.469  55.279 0.6250000000
56334  6.991  -5.695  52.102 0.8750000000
54284  15.336  -8.856  54.329 0.6250000000
53238  14.661  -8.737  54.999 0.6250000000
53229  13.997  -8.953  55.188 0.5000000000
53217  13.110  -9.166  55.293 0.6250000000
56340  7.103  -6.002  51.219 0.8750000000
56341  5.754  -6.434  51.682 1.0000000000
53237  15.343  -9.325  54.687 0.5000000000
53228  14.853  -9.535  55.001 0.5000000000
52199  14.014  -9.751  55.145 0.5000000000
96771  13.205  -10.804  55.144 0.6250000000
51124  12.498  -11.044  55.318 0.7500000000
95784  11.803  -11.283  55.593 0.7500000000
55341  6.998  -6.907  49.906 1.0000000000
55342  5.444  -6.797  50.946 1.0000000000
52208  14.081  -10.537  54.999 0.5000000000
51131  13.021  -11.567  54.636 0.7500000000
51125  11.879  -11.614  54.890 0.7500000000
98635  11.064  -11.723  55.382 0.7500000000
55357  6.547  -7.307  49.529 1.0000000000
50112  12.189  -12.104  54.153 0.7500000000
50113  11.030  -11.986  54.588 0.6250000000
49098  9.768  -12.385  55.223 0.6250000000
55375  5.457  -7.898  48.789 1.0000000000
50123  10.247  -12.261  54.272 0.6250000000
55392  5.335  -8.175  47.938 1.0000000000
49107  9.763  -12.334  54.642 0.6250000000
54388  5.497  -8.427  46.424 0.8750000000
55408  5.000  -8.226  47.181 1.0000000000
49120  9.872  -12.315  53.826 0.6250000000
108937  4.254  -8.186  47.144 0.7500000000
49134  9.411  -12.452  53.221 0.6250000000
95247  3.716  -8.086  46.685 0.5000000000
55394  2.696  -7.915  46.994 0.5000000000
100230  1.706  -7.628  46.940 0.5000000000
55411  2.069  -7.640  46.068 0.5000000000
55445  0.783  -8.068  44.946 0.5000000000
54406  0.167  -8.632  45.454 0.5000000000
53257  16.060  -10.081  54.063 0.5000000000
53248  15.647  -9.560  54.289 0.6250000000
54289  14.934  -8.179  53.496 0.6250000000
57207  7.984  -5.174  50.642 0.8750000000
53247  15.883  -10.168  54.411 0.5000000000
100752  7.614  -6.520  49.836 1.0000000000
52215  16.260  -10.766  54.495 0.5000000000
53227  15.664  -10.329  54.684 0.5000000000
52207  15.011  -10.339  54.984 0.5000000000
109175  7.826  -7.173  48.533 0.8750000000
56354  7.604  -6.969  49.209 1.0000000000
106649  16.977  -11.285  54.465 0.5000000000
52206  16.309  -11.105  54.644 0.5000000000
112244  15.774  -10.873  54.792 0.5000000000
51130  14.094  -11.258  54.752 0.5000000000
96356  7.724  -7.585  48.028 1.0000000000
55373  7.320  -7.548  48.689 1.0000000000
50110  16.742  -12.039  54.883 0.3750000000
50111  15.878  -11.970  54.712 0.5000000000
51135  15.005  -11.763  54.556 0.3750000000
50120  14.626  -12.275  54.224 0.5000000000
50121  13.453  -12.276  53.999 0.5000000000
55391  7.523  -7.969  47.475 1.0000000000
54359  6.259  -8.181  48.051 1.0000000000
101549  12.636  -12.447  53.637 0.6250000000
49106  10.801  -12.292  53.626 0.6250000000
54373  6.884  -8.356  47.219 1.0000000000
54374  5.914  -8.424  47.261 1.0000000000
108133  10.829  -12.274  53.251 0.6250000000
55409  4.553  -8.222  46.512 0.7500000000
49133  11.327  -12.379  52.569 0.6250000000
55424  4.029  -8.067  45.933 0.6250000000
55426  2.761  -7.726  45.265 0.5000000000
55427  1.745  -7.651  45.103 0.5000000000
55443  2.320  -7.767  44.435 0.5000000000
55444  1.439  -7.885  44.351 0.5000000000
54421  0.948  -8.333  43.910 0.3750000000
54422  0.384  -8.890  44.461 0.3750000000
54439  0.727  -8.852  43.490 0.3750000000
54456  0.997  -8.762  42.739 0.3750000000
54455  1.285  -8.703  42.120 0.3750000000
106164  7.870  -4.421  50.700 0.8750000000
56353  8.111  -6.251  49.404 0.8750000000
57213  8.180  -5.455  49.652 0.8750000000
50140  18.906  -12.462  52.361 0.3750000000
93930  17.771  -11.416  52.400 0.3750000000
51152  17.255  -10.971  53.124 0.3750000000
110093  17.141  -10.940  53.745 0.3750000000
52222  17.054  -11.032  54.146 0.3750000000
49146  19.698  -13.292  52.483 0.2500000000
50139  19.015  -12.820  53.279 0.2500000000
102629  18.428  -12.142  53.249 0.3750000000
51142  17.969  -11.791  53.882 0.2500000000
51143  17.481  -11.273  53.782 0.3750000000
104182  17.345  -11.868  54.654 0.5000000000
103972  8.382  -6.311  48.094 0.8750000000
56360  8.159  -6.613  48.673 0.8750000000
49128  19.426  -13.564  53.276 0.2500000000
50130  18.892  -13.152  53.897 0.2500000000
50131  18.397  -12.472  53.916 0.2500000000
51138  17.838  -12.128  54.408 0.2500000000
51134  17.049  -11.931  54.864 0.3750000000
55372  8.167  -6.958  48.008 0.8750000000
48037  19.404  -14.532  53.283 0.2500000000
49114  18.551  -13.631  54.210 0.2500000000
48030  17.860  -13.346  54.570 0.3750000000
49103  17.303  -13.072  54.719 0.5000000000
50118  16.509  -12.505  54.737 0.5000000000
50126  15.224  -12.769  54.170 0.5000000000
50127  14.150  -12.608  53.784 0.5000000000
110182  13.409  -12.556  53.675 0.5000000000
50128  13.243  -12.605  53.418 0.5000000000
55390  8.088  -7.400  47.250 1.0000000000
48031  17.415  -13.712  54.618 0.3750000000
48032  17.013  -13.886  54.588 0.5000000000
49115  16.481  -13.626  54.415 0.5000000000
49116  15.615  -13.250  54.025 0.5000000000
94473  14.811  -12.889  53.836 0.5000000000
49117  14.035  -12.721  53.313 0.5000000000
49118  12.860  -12.555  53.028 0.3750000000
49119  11.727  -12.380  53.010 0.6250000000
55407  7.649  -8.061  46.721 1.0000000000
49129  15.364  -13.551  53.216 0.5000000000
93426  14.887  -13.041  53.544 0.5000000000
49131  13.499  -12.699  52.736 0.3750000000
49132  12.389  -12.485  52.506 0.5000000000
54386  7.029  -8.497  46.137 1.0000000000
95254  11.670  -12.448  52.086 0.6250000000
49150  10.841  -12.353  52.367 0.6250000000
54389  4.839  -8.341  45.777 0.8750000000
54405  4.253  -8.197  45.181 0.7500000000
55425  3.564  -7.922  45.397 0.5000000000
55442  3.462  -7.997  44.499 0.6250000000
102648  2.696  -7.883  43.823 0.6250000000
55454  3.351  -8.032  43.503 0.5000000000
54437  1.750  -8.135  42.721 0.3750000000
54454  2.353  -8.125  42.057 0.5000000000
54475  2.406  -8.289  41.393 0.3750000000
54438  1.190  -8.384  43.040 0.3750000000
99361  1.454  -8.370  42.314 0.3750000000
94107  1.814  -8.421  41.744 0.3750000000
110189  1.635  -8.746  41.666 0.2500000000
49145  20.588  -13.841  52.077 0.2500000000
57964  8.141  -4.881  49.029 0.8750000000
57956  8.041  -4.632  49.936 0.8750000000
49126  20.961  -14.533  52.393 0.2500000000
48048  20.374  -14.832  52.930 0.2500000000
57970  8.199  -5.079  48.119 0.8750000000
46998  20.967  -15.424  52.717 0.2500000000
49127  20.068  -14.092  52.727 0.2500000000
57228  8.405  -5.789  47.732 0.8750000000
57229  8.141  -5.268  47.248 0.8750000000
46010  21.264  -15.943  52.485 0.2500000000
46000  20.575  -15.867  52.744 0.3750000000
46999  19.750  -15.109  53.128 0.2500000000
46989  19.102  -14.816  53.378 0.3750000000
46990  18.615  -14.829  53.675 0.3750000000
48040  17.445  -14.337  54.388 0.3750000000
56364  8.376  -6.499  47.421 1.0000000000
57235  8.400  -5.943  46.892 0.8750000000
46011  20.746  -16.304  52.364 0.6250000000
46001  19.894  -15.649  52.944 0.5000000000
46002  19.258  -15.837  52.886 0.5000000000
47002  17.877  -15.370  53.306 0.5000000000
48049  17.338  -14.785  53.842 0.5000000000
48041  16.850  -14.233  54.267 0.5000000000
48042  16.166  -13.955  53.917 0.5000000000
55406  8.166  -7.503  46.429 1.0000000000
56370  8.391  -6.720  46.617 1.0000000000
46029  20.835  -16.667  51.682 0.7500000000
96573  20.104  -16.497  52.085 0.3750000000
93856  18.806  -16.337  52.076 0.5000000000
46013  18.516  -15.982  52.729 0.5000000000
47016  17.657  -15.719  52.579 0.6250000000
48062  16.362  -14.741  52.773 0.6250000000
48051  16.021  -14.215  53.217 0.6250000000
49147  14.695  -13.494  52.357 0.6250000000
95518  13.981  -12.981  52.336 0.3750000000
49148  13.163  -12.799  52.075 0.3750000000
55422  8.381  -7.010  45.790 1.0000000000
46045  19.295  -16.593  50.792 0.5000000000
46014  18.136  -16.189  51.961 0.6250000000
47026  17.394  -15.782  51.650 0.6250000000
47017  16.868  -15.271  52.227 0.6250000000
48073  16.062  -14.855  51.882 0.6250000000
48064  14.756  -14.066  51.652 0.6250000000
49164  13.877  -13.368  51.633 0.6250000000
49149  12.398  -12.630  51.863 0.5000000000
54403  6.495  -8.591  45.414 1.0000000000
54402  7.324  -8.387  45.116 1.0000000000
47028  15.729  -14.910  50.922 0.6250000000
95004  14.880  -14.523  51.009 0.6250000000
48075  14.146  -14.001  50.946 0.5000000000
49165  12.840  -13.029  51.263 0.5000000000
54419  5.922  -8.624  44.865 0.8750000000
54417  7.128  -8.371  44.241 0.8750000000
54432  7.578  -8.042  43.696 0.8750000000
48082  14.034  -14.203  50.284 0.5000000000
48083  13.509  -13.832  50.427 0.3750000000
49166  11.900  -12.714  51.359 0.5000000000
104200  5.089  -8.483  45.019 0.7500000000
106985  5.386  -8.487  44.264 0.7500000000
54433  6.766  -8.274  43.380 0.8750000000
55452  6.844  -7.978  42.608 0.8750000000
55467  7.314  -7.381  42.267 0.7500000000
48084  12.918  -13.795  49.831 0.2500000000
49183  12.177  -13.455  49.996 0.3750000000
54420  4.511  -8.311  44.416 0.7500000000
54435  4.828  -8.353  43.633 0.7500000000
54452  6.081  -8.234  42.667 0.7500000000
55468  6.418  -7.716  41.886 0.6250000000
55487  5.542  -7.594  41.043 0.6250000000
54453  5.127  -8.293  42.799 0.6250000000
104282  4.760  -7.929  41.320 0.6250000000
99457  5.212  -7.463  40.160 0.6250000000
54436  4.061  -8.195  43.824 0.6250000000
55453  4.092  -8.193  42.953 0.6250000000
55470  4.473  -8.134  42.043 0.6250000000
55508  4.496  -7.840  40.506 0.6250000000
112127  3.155  -8.029  42.709 0.6250000000
108440  3.483  -8.102  42.001 0.6250000000
55488  3.899  -8.020  41.173 0.5000000000
55509  3.605  -8.132  40.725 0.5000000000
55489  3.022  -8.110  41.257 0.5000000000
54474  2.918  -8.326  40.947 0.2500000000
95082  2.998  -8.718  40.635 0.2500000000
95365  21.117  -13.532  51.396 0.2500000000
49144  21.492  -14.143  51.740 0.2500000000
57965  7.810  -4.355  48.485 0.7500000000
57971  7.740  -4.565  47.597 0.8750000000
46997  22.167  -15.107  52.213 0.1250000000
48047  21.422  -15.012  52.648 0.2500000000
101259  7.607  -4.785  46.726 0.8750000000
57977  7.565  -4.984  46.014 0.8750000000
47015  21.711  -15.443  52.420 0.2500000000
57236  8.063  -5.447  46.406 0.8750000000
57244  8.017  -5.465  45.556 0.8750000000
46009  22.024  -15.946  52.111 0.6250000000
46028  21.487  -16.409  52.002 0.6250000000
57251  8.394  -6.287  44.930 0.8750000000
57261  8.231  -5.755  43.997 0.7500000000
106216  7.773  -5.091  43.979 0.7500000000
57262  7.982  -5.289  43.137 0.7500000000
104521  7.406  -4.475  42.682 0.7500000000
46027  22.287  -16.493  51.602 0.7500000000
108704  21.588  -16.814  51.229 0.7500000000
93512  20.081  -16.701  51.232 0.7500000000
56393  8.340  -6.488  44.041 0.7500000000
56405  8.294  -6.251  43.290 0.7500000000
58007  7.839  -5.109  42.116 0.7500000000
93638  20.789  -16.859  50.690 0.6250000000
93637  19.964  -16.704  50.231 0.6250000000
46031  18.663  -16.433  51.329 0.5000000000
47035  17.218  -15.779  50.699 0.5000000000
47027  16.625  -15.316  51.288 0.6250000000
56383  8.300  -7.094  44.401 0.8750000000
57271  8.149  -5.966  42.423 0.7500000000
57281  7.874  -5.780  41.566 0.7500000000
46059  19.195  -16.525  49.889 0.6250000000
46060  18.469  -16.285  49.558 0.6250000000
46047  17.824  -16.092  50.120 0.5000000000
47036  16.496  -15.311  50.341 0.5000000000
47037  15.775  -14.971  49.903 0.6250000000
48081  15.022  -14.748  50.276 0.6250000000
55441  7.915  -7.950  44.432 0.8750000000
56394  8.135  -7.259  43.615 0.8750000000
56406  8.011  -6.862  42.719 0.8750000000
56419  7.729  -6.563  41.947 0.8750000000
48091  15.084  -14.820  49.425 0.3750000000
48092  14.375  -14.537  49.753 0.5000000000
48093  13.641  -14.186  49.739 0.3750000000
55451  7.522  -7.737  42.995 0.8750000000
55486  7.103  -7.093  41.640 0.8750000000
56430  7.341  -6.459  41.098 0.8750000000
111161  14.525  -14.743  49.008 0.6250000000
56420  6.528  -7.132  41.090 0.7500000000
56431  6.730  -6.645  40.428 0.7500000000
94505  13.669  -14.799  47.640 0.2500000000
48094  13.083  -14.260  49.078 0.3750000000
55506  6.001  -7.142  40.375 0.6250000000
54491  4.101  -8.227  40.198 0.3750000000
53458  3.766  -8.675  40.076 0.1250000000
52353  4.064  -9.315  39.917 0.1250000000
49143  22.386  -14.259  51.509 0.1250000000
58708  6.348  -3.729  46.575 0.7500000000
97280  22.953  -15.959  51.758 0.3750000000
57978  6.991  -4.316  46.072 0.8750000000
57983  7.398  -4.793  45.320 0.8750000000
46044  23.093  -16.610  51.182 0.5000000000
57990  7.298  -4.638  44.466 0.8750000000
57996  7.319  -4.588  43.590 0.8750000000
93639  22.344  -16.970  50.776 0.7500000000
107738  21.524  -17.055  50.176 0.6250000000
57997  6.710  -4.109  43.155 0.7500000000
58008  6.794  -3.891  42.283 0.7500000000
93635  20.628  -16.877  49.490 0.6250000000
93634  19.784  -16.637  49.402 0.6250000000
58030  7.503  -4.860  40.425 0.7500000000
58020  7.684  -4.937  41.240 0.7500000000
46080  20.911  -16.933  48.459 0.6250000000
95927  19.150  -16.428  49.017 0.6250000000
46082  18.408  -16.132  48.716 0.6250000000
47056  17.111  -15.574  48.933 0.5000000000
47046  16.464  -15.282  49.423 0.5000000000
57300  7.289  -5.576  39.996 0.7500000000
57290  7.587  -5.657  40.756 0.8750000000
96436  19.068  -16.308  48.127 0.6250000000
47057  16.440  -15.237  48.562 0.5000000000
47047  15.767  -15.019  49.011 0.3750000000
56444  7.197  -6.142  40.390 0.8750000000
48119  14.988  -14.992  47.739 0.5000000000
94506  13.876  -14.554  49.024 0.6250000000
56445  6.817  -6.243  39.649 0.7500000000
48103  14.244  -14.848  48.233 0.2500000000
56446  6.075  -6.818  39.164 0.6250000000
56432  6.253  -6.804  39.843 0.6250000000
48120  14.250  -14.901  47.275 0.2500000000
55507  5.566  -7.208  39.645 0.3750000000
55525  5.465  -7.400  39.051 0.3750000000
55526  4.868  -7.795  39.696 0.5000000000
54512  5.057  -7.978  39.016 0.1250000000
54503  4.482  -8.423  39.579 0.1250000000
54511  5.370  -8.232  38.466 0.1250000000
111717  4.192  -8.841  39.691 0.1250000000
98194  23.523  -14.908  51.710 0.2500000000
48060  22.816  -14.729  51.710 0.1250000000
105692  23.703  -15.525  51.632 0.5000000000
47013  22.790  -15.115  51.964 0.1250000000
58714  6.266  -3.761  45.706 0.7500000000
96798  24.417  -15.719  51.301 0.5000000000
57984  6.767  -4.176  45.082 0.7500000000
58732  5.662  -3.808  44.081 0.7500000000
46057  23.738  -16.956  49.910 0.5000000000
57991  6.545  -4.138  44.106 0.8750000000
104927  6.054  -3.899  43.493 0.8750000000
58748  6.091  -3.729  42.763 0.8750000000
46042  24.586  -16.675  50.062 0.6250000000
46058  23.081  -17.024  50.285 0.7500000000
46076  25.520  -16.245  48.742 0.6250000000
46077  24.585  -16.567  48.587 0.7500000000
93511  23.132  -17.162  49.199 0.7500000000
46079  22.222  -17.178  48.721 0.7500000000
93636  21.505  -17.122  49.127 0.6250000000
58021  7.380  -4.136  40.874 0.7500000000
101634  27.647  -15.023  47.587 0.7500000000
98268  26.447  -15.653  48.402 0.7500000000
46095  25.028  -16.187  48.061 0.7500000000
46096  23.417  -16.602  47.651 0.8750000000
96575  22.842  -16.969  48.190 0.7500000000
94833  21.587  -17.072  48.353 0.6250000000
46098  21.326  -16.968  47.702 0.6250000000
46099  20.524  -16.809  47.650 0.6250000000
58039  7.315  -4.836  39.736 0.8750000000
58031  7.269  -4.126  40.039 0.8750000000
47073  26.165  -15.276  47.384 0.7500000000
47074  25.279  -15.667  47.554 0.7500000000
46112  24.018  -16.168  47.241 0.7500000000
104572  22.643  -16.750  47.363 0.7500000000
95775  21.890  -16.844  46.986 0.7500000000
46116  20.246  -16.643  46.822 0.6250000000
46100  19.713  -16.498  47.503 0.6250000000
46118  18.913  -16.024  47.188 0.5000000000
47076  18.046  -15.506  47.243 0.5000000000
97571  17.096  -15.417  48.132 0.5000000000
57309  6.754  -5.527  38.294 0.6250000000
57301  7.050  -5.363  39.102 0.7500000000
46073  28.630  -14.943  47.352 0.7500000000
47072  27.159  -14.985  47.117 0.7500000000
47075  24.676  -15.606  47.039 0.7500000000
46113  23.203  -16.381  46.900 0.6250000000
108879  21.482  -16.752  46.312 0.8750000000
46131  20.767  -16.614  46.028 0.6250000000
105901  19.594  -16.321  46.774 0.6250000000
108523  16.388  -15.037  47.098 0.6250000000
47058  15.727  -15.066  48.164 0.3750000000
56457  6.522  -6.232  38.610 0.5000000000
99919  29.038  -14.988  46.486 0.6250000000
46092  28.262  -14.869  46.625 0.7500000000
47113  23.209  -15.513  45.684 0.5000000000
46130  21.563  -16.436  45.614 0.6250000000
47116  20.934  -16.248  45.178 0.5000000000
46132  19.913  -16.350  46.111 0.5000000000
46117  19.196  -15.926  46.292 0.5000000000
47097  18.460  -15.462  46.536 0.5000000000
47098  17.643  -15.118  46.590 0.5000000000
47100  15.888  -14.853  46.554 0.3750000000
97647  18.145  -14.914  45.343 0.2500000000
47099  16.772  -14.933  46.520 0.3750000000
48136  15.012  -14.911  46.835 0.3750000000
48137  14.182  -14.732  46.334 0.2500000000
56476  6.677  -6.589  36.236 0.1250000000
56469  6.491  -6.826  37.023 0.3750000000
55538  6.130  -7.002  37.851 0.3750000000
56458  5.938  -6.996  38.572 0.2500000000
47138  17.519  -14.665  44.762 0.2500000000
47139  16.709  -14.612  44.990 0.2500000000
47120  16.277  -14.713  45.757 0.2500000000
55545  6.333  -7.601  37.219 0.1250000000
55554  7.234  -7.609  36.281 0.1250000000
54536  6.870  -8.016  36.898 0.1250000000
54524  5.817  -7.872  37.840 0.1250000000
55539  5.618  -7.591  38.445 0.1250000000
54535  7.603  -8.202  36.741 0.1250000000
54523  6.402  -8.342  37.482 0.1250000000
54522  7.129  -8.680  37.300 0.1250000000
53484  5.889  -8.639  38.060 0.1250000000
47024  26.827  -14.735  50.303 0.6250000000
47025  26.063  -14.729  51.017 0.6250000000
47012  24.369  -15.034  51.520 0.5000000000
46023  26.330  -15.282  50.323 0.6250000000
46008  24.885  -15.380  51.279 0.5000000000
46040  26.878  -15.347  49.651 0.5000000000
93403  26.265  -15.790  49.788 0.7500000000
109833  25.140  -16.417  50.424 0.5000000000
58733  5.267  -3.694  43.287 0.7500000000
46055  27.031  -15.436  49.133 0.6250000000
108983  25.524  -16.335  49.766 0.7500000000
94495  24.888  -16.647  49.270 0.6250000000
58749  5.387  -3.498  42.298 0.8750000000
108285  28.591  -15.082  47.977 0.7500000000
46075  27.119  -15.393  48.552 0.6250000000
93923  26.335  -15.885  49.093 0.6250000000
58772  6.264  -3.097  40.481 0.7500000000
46074  27.854  -15.160  48.027 0.6250000000
58806  6.260  -3.944  37.859 0.7500000000
58792  6.570  -3.695  38.686 0.7500000000
58782  6.687  -3.424  39.637 0.8750000000
58771  6.950  -3.588  40.471 0.7500000000
57318  6.410  -5.712  36.037 0.2500000000
58055  6.433  -4.628  37.522 0.5000000000
58048  6.764  -4.642  38.314 0.7500000000
58040  7.092  -4.286  39.208 0.7500000000
46109  29.697  -15.127  45.945 0.6250000000
57322  6.260  -5.847  35.098 0.1250000000
96443  6.651  -5.915  36.899 0.1250000000
94106  6.611  -5.312  37.624 0.5000000000
100315  30.148  -15.403  45.342 0.5000000000
56485  6.670  -6.420  35.486 0.1250000000
93790  6.610  -6.101  37.688 0.3750000000
56484  7.112  -6.693  35.173 0.1250000000
55584  8.527  -6.811  34.714 0.1250000000
55585  7.814  -6.773  34.926 0.1250000000
55568  7.555  -7.152  35.653 0.1250000000
55555  6.725  -7.358  36.534 0.2500000000
55567  8.450  -7.214  35.463 0.1250000000
55599  9.791  -6.876  33.911 0.1250000000
55582  10.398  -7.447  34.688 0.1250000000
55566  9.206  -7.556  35.661 0.1250000000
54553  7.983  -7.702  36.140 0.1250000000
54534  8.587  -8.332  36.624 0.1250000000
101785  27.399  -14.813  49.831 0.6250000000
47009  26.741  -14.231  50.785 0.5000000000
48072  28.397  -14.449  49.884 0.5000000000
47008  27.509  -14.348  50.253 0.6250000000
46038  28.472  -15.043  48.783 0.5000000000
105806  27.788  -14.958  49.352 0.6250000000
58762  4.687  -3.280  41.759 0.8750000000
94827  29.280  -15.033  48.457 0.5000000000
46054  27.945  -15.173  48.533 0.6250000000
59568  5.338  -2.803  40.389 0.8750000000
102175  5.668  -3.169  41.333 0.8750000000
95185  29.658  -14.955  48.137 0.7500000000
46053  28.941  -15.070  48.264 0.6250000000
58056  5.940  -4.281  36.905 0.6250000000
58793  5.882  -3.236  38.326 0.7500000000
59586  5.869  -2.782  39.669 0.8750000000
46071  30.054  -14.860  47.824 0.7500000000
109634  6.054  -4.902  36.208 0.5000000000
58783  6.157  -3.055  39.021 0.8750000000
94644  29.471  -14.930  46.890 0.6250000000
57326  6.453  -5.727  34.272 0.1250000000
57327  5.883  -5.265  34.668 0.1250000000
98881  29.980  -14.976  46.563 0.6250000000
56501  7.578  -6.052  33.509 0.1250000000
56495  6.673  -6.300  34.839 0.1250000000
46107  30.506  -15.427  45.319 0.3750000000
56494  7.193  -6.324  34.358 0.1250000000
46125  30.564  -15.606  44.638 0.5000000000
56500  8.319  -6.312  33.268 0.1250000000
56499  9.117  -6.554  33.077 0.1250000000
56492  8.871  -6.675  34.010 0.1250000000
56505  10.126  -6.570  31.980 0.1250000000
56512  10.355  -6.263  31.200 0.1250000000
56498  9.999  -6.731  32.914 0.1250000000
98371  30.504  -13.697  49.673 0.6250000000
48071  29.067  -13.959  50.245 0.3750000000
47033  30.521  -14.663  48.789 0.5000000000
47023  29.357  -14.557  49.491 0.6250000000
47043  30.996  -14.642  48.614 0.6250000000
105778  29.728  -14.963  48.418 0.6250000000
96622  30.885  -14.767  48.121 0.6250000000
46052  30.121  -14.881  48.204 0.6250000000
58824  5.045  -3.718  36.621 0.6250000000
58807  5.496  -3.515  37.502 0.7500000000
47069  31.806  -14.438  47.474 0.5000000000
46091  30.423  -14.806  47.475 0.7500000000
58064  5.408  -4.803  34.897 0.2500000000
47090  31.319  -14.773  46.020 0.6250000000
47071  30.774  -14.847  47.106 0.5000000000
57319  5.932  -5.123  35.451 0.2500000000
57325  6.961  -5.806  33.709 0.1250000000
47107  31.292  -14.837  45.203 0.6250000000
57337  8.915  -5.796  31.704 0.1250000000
57330  7.787  -5.759  32.597 0.1250000000
98414  31.124  -15.255  43.811 0.5000000000
56506  9.328  -6.390  32.190 0.1250000000
49159  29.480  -13.357  50.171 0.6250000000
48070  29.840  -13.845  49.928 0.6250000000
48080  31.542  -14.089  49.099 0.6250000000
48079  32.195  -13.642  48.928 0.6250000000
47042  31.902  -14.350  48.110 0.6250000000
106021  31.342  -14.600  48.300 0.6250000000
109146  5.294  -4.377  35.789 0.5000000000
57333  5.847  -4.993  33.893 0.1250000000
48135  31.934  -14.308  46.699 0.6250000000
49220  32.034  -13.570  45.474 0.7500000000
48170  31.224  -14.852  44.435 0.6250000000
49237  31.732  -13.239  43.619 0.6250000000
57332  6.487  -5.282  33.431 0.1250000000
48193  31.136  -14.832  43.606 0.5000000000
57347  8.731  -5.046  31.456 0.1250000000
57339  7.329  -4.918  32.169 0.1250000000
49157  30.650  -13.168  49.589 0.6250000000
49158  30.118  -13.353  49.906 0.6250000000
50144  31.389  -12.146  48.853 0.6250000000
49156  31.271  -12.891  49.239 0.6250000000
49172  32.242  -12.901  48.830 0.6250000000
48089  32.424  -13.870  48.424 0.6250000000
49190  32.850  -13.480  48.099 0.7500000000
48101  32.488  -13.992  47.863 0.6250000000
48118  32.494  -13.936  47.277 0.6250000000
49200  32.853  -13.417  47.161 0.6250000000
48134  32.310  -13.492  46.048 0.6250000000
49227  31.911  -13.275  44.743 0.6250000000
49247  31.804  -13.253  42.585 0.3750000000
49257  31.945  -13.228  41.854 0.2500000000
57338  8.142  -5.426  31.867 0.1250000000
49155  31.814  -12.517  48.896 0.6250000000
49171  32.662  -12.450  48.489 0.6250000000
49181  33.021  -12.798  48.223 0.7500000000
49189  33.137  -13.041  47.673 0.7500000000
50184  33.150  -12.313  46.742 0.6250000000
49210  32.722  -13.069  46.487 0.6250000000
50207  32.011  -11.960  43.695 0.7500000000
50208  31.803  -12.564  43.266 0.5000000000
50217  31.775  -12.576  42.501 0.3750000000
51233  31.751  -11.437  42.410 0.2500000000
103953  31.871  -13.115  41.431 0.2500000000
50225  31.443  -12.459  41.372 0.2500000000
52350  30.814  -10.773  40.791 0.2500000000
51255  30.545  -11.540  40.487 0.1250000000
95787  33.693  -11.746  47.756 0.7500000000
50174  33.367  -12.316  47.428 0.7500000000
50195  32.670  -12.335  45.843 0.7500000000
94498  32.357  -12.049  44.950 0.8750000000
51227  31.855  -11.733  42.984 0.3750000000
52340  31.172  -10.905  41.397 0.2500000000
52351  30.476  -10.619  39.992 0.1250000000
53453  30.561  -9.768  39.360 0.3750000000
52359  29.977  -10.584  39.168 0.1250000000
51173  34.095  -11.100  47.819 0.6250000000
51187  33.221  -11.488  46.350 0.7500000000
51210  32.396  -11.203  44.732 0.8750000000
99673  32.183  -11.805  44.257 0.8750000000
52313  32.077  -10.667  42.872 0.7500000000
52332  31.803  -10.645  42.234 0.5000000000
52333  31.491  -10.584  41.730 0.3750000000
108541  31.154  -9.407  40.435 0.3750000000
53452  30.872  -9.963  40.211 0.2500000000
53466  30.320  -9.667  38.366 0.1250000000
52274  34.174  -10.607  47.313 0.6250000000
52281  33.795  -10.673  46.693 0.6250000000
51198  33.292  -10.652  46.022 0.6250000000
52292  32.827  -10.543  45.317 0.8750000000
52302  32.531  -10.345  44.494 0.8750000000
52312  32.401  -10.131  43.603 0.8750000000
53393  32.410  -9.721  43.033 0.8750000000
53427  31.805  -9.833  41.712 0.3750000000
54463  31.549  -9.243  40.965 0.3750000000
102571  31.077  -9.194  39.657 0.3750000000
53465  31.178  -9.199  38.652 0.2500000000
52280  34.248  -10.016  46.954 0.6250000000
107795  33.333  -10.029  45.734 0.8750000000
97309  32.804  -9.443  44.387 1.0000000000
53392  32.597  -9.370  43.620 1.0000000000
53411  32.154  -9.949  42.436 0.6250000000
98390  32.169  -9.054  42.018 0.6250000000
54461  32.627  -8.315  41.278 0.5000000000
54462  31.966  -8.946  41.369 0.3750000000
54483  31.543  -8.777  40.154 0.5000000000
54497  31.735  -8.722  39.300 0.3750000000
110483  30.936  -9.407  37.995 0.1250000000
53334  34.598  -9.500  47.447 0.6250000000
53359  33.553  -9.363  45.747 0.7500000000
98850  33.017  -9.772  45.174 0.8750000000
54410  32.952  -8.676  43.961 1.0000000000
54425  32.725  -8.655  43.130 1.0000000000
54443  32.717  -8.383  42.248 1.0000000000
54482  32.107  -8.589  40.666 0.5000000000
55497  33.369  -7.928  40.579 0.5000000000
55498  32.706  -8.217  40.387 0.5000000000
108095  32.485  -8.536  39.204 0.3750000000
53464  32.250  -8.963  38.453 0.2500000000
54380  34.050  -8.947  46.225 0.7500000000
54393  33.839  -8.602  45.680 0.6250000000
53373  33.303  -9.027  45.160 0.8750000000
112132  33.202  -8.709  44.628 1.0000000000
55447  33.282  -7.838  43.533 1.0000000000
55432  33.413  -7.990  44.365 1.0000000000
55460  33.313  -7.775  42.629 1.0000000000
55475  33.547  -7.737  41.562 0.8750000000
101686  33.130  -8.191  39.670 0.5000000000
93425  33.150  -8.615  38.780 0.3750000000
54392  34.417  -8.162  46.117 0.5000000000
55415  34.770  -7.287  45.885 0.5000000000
54409  33.624  -8.270  45.077 0.7500000000
56378  34.563  -6.696  44.257 0.7500000000
97615  33.847  -7.173  43.915 1.0000000000
55446  33.929  -7.186  43.023 0.8750000000
55459  34.232  -7.331  42.168 0.8750000000
55518  34.046  -7.843  39.967 0.6250000000
54496  33.969  -8.268  39.129 0.5000000000
55430  34.605  -6.875  45.125 0.6250000000
55416  34.194  -7.780  45.494 0.6250000000
56377  35.346  -6.309  44.519 0.6250000000
55431  33.985  -7.415  44.759 0.6250000000
56386  34.651  -6.766  43.356 0.8750000000
55458  35.285  -7.218  41.964 0.7500000000
55474  34.656  -7.444  41.330 0.8750000000
55496  34.993  -7.617  40.403 0.6250000000
55517  34.808  -8.003  39.473 0.7500000000
56376  35.923  -6.070  44.532 0.3750000000
108535  36.300  -6.479  43.110 0.6250000000
55473  35.705  -7.418  41.239 0.8750000000
55495  36.024  -7.535  40.489 0.8750000000
55516  35.580  -7.771  39.732 1.0000000000
56384  36.214  -6.169  43.842 0.3750000000
56396  36.786  -6.851  42.461 0.5000000000
55457  36.351  -7.241  41.942 0.6250000000
55472  36.637  -7.345  41.260 0.7500000000
55493  37.245  -7.188  40.033 0.8750000000
55515  36.345  -7.549  39.724 0.8750000000
57254  37.489  -5.535  43.303 0.3750000000
57263  37.985  -6.048  42.129 0.5000000000
56395  36.988  -6.183  43.024 0.3750000000
56408  37.754  -6.652  41.739 0.5000000000
55471  37.419  -7.054  41.030 0.5000000000
55494  36.764  -7.374  40.522 0.6250000000
101604  39.623  -2.503  38.249 0.1250000000
105764  39.569  -2.552  39.003 0.1250000000
56434  37.678  -6.763  39.403 0.5000000000
58784  39.242  -3.274  38.690 0.1250000000
58041  39.070  -4.075  39.233 0.3750000000
57291  38.490  -5.515  39.270 0.5000000000
58042  38.705  -4.794  38.784 0.5000000000
56449  38.109  -6.218  38.837 0.5000000000
55514  36.900  -7.223  39.129 0.8750000000
57302  38.371  -5.511  38.367 0.5000000000
56450  37.464  -6.818  38.404 0.5000000000
93183  38.438  -5.545  42.134 0.3750000000
56407  38.070  -6.453  41.093 0.5000000000
59591  40.089  -1.763  38.877 0.2500000000
56433  38.212  -6.223  39.741 0.5000000000
56421  37.875  -6.743  40.317 0.5000000000
59611  40.358  -1.815  38.075 0.1250000000
58033  38.810  -4.828  39.746 0.5000000000
59630  40.684  -2.016  37.158 0.2500000000
104514  39.485  -3.402  41.878 0.2500000000
58738  39.025  -4.380  42.636 0.3750000000
57998  38.764  -4.945  42.381 0.3750000000
58751  39.418  -3.700  41.410 0.2500000000
58009  39.222  -4.280  41.973 0.2500000000
58010  38.798  -5.152  41.648 0.3750000000
58764  39.435  -3.488  40.704 0.2500000000
58022  39.241  -4.333  41.145 0.3750000000
57272  38.284  -5.988  41.702 0.3750000000
58023  38.901  -4.972  40.696 0.5000000000
95980  38.520  -5.738  41.006 0.5000000000
59573  39.790  -2.013  39.627 0.2500000000
58773  39.421  -3.197  39.715 0.2500000000
58032  39.201  -4.173  40.226 0.3750000000
106313  38.269  -6.191  40.479 0.5000000000
57282  38.553  -5.572  40.168 0.5000000000
59631  39.836  -2.639  36.488 0.5000000000
109142  39.873  -2.857  35.729 0.3750000000
59556  39.641  -2.447  40.406 0.2500000000
60397  40.549  -0.926  39.713 0.2500000000
60408  41.132  -0.774  39.061 0.2500000000
58828  40.784  -2.611  36.029 0.5000000000
60419  41.299  -1.184  38.169 0.2500000000
58847  40.290  -3.001  35.104 0.3750000000
105969  39.771  -3.418  34.461 0.6250000000
58864  40.100  -3.673  33.586 0.7500000000
58072  39.302  -4.060  33.152 0.6250000000
97682  40.702  -3.265  34.302 0.8750000000
58081  39.355  -4.308  32.460 0.6250000000
58091  39.832  -4.423  31.972 0.6250000000
57352  39.023  -5.548  31.248 0.2500000000
59660  41.271  -2.960  35.126 0.5000000000
58863  41.076  -3.533  33.466 0.8750000000
58071  40.062  -3.959  32.716 0.6250000000
57343  39.740  -5.079  31.375 0.5000000000
57359  42.920  -5.189  29.385 0.3750000000
57374  42.163  -5.761  29.108 0.1250000000
57348  42.042  -5.341  29.870 0.3750000000
57349  41.215  -5.555  30.185 0.3750000000
57350  40.516  -5.722  30.455 0.3750000000
57342  40.435  -5.220  30.988 0.2500000000
58846  41.653  -3.229  34.315 0.7500000000
98123  42.017  -3.425  33.588 0.8750000000
58881  41.604  -3.688  32.814 0.7500000000
58882  40.840  -3.828  32.709 0.6250000000
58080  40.479  -4.112  32.156 0.6250000000
58079  41.216  -4.088  32.004 0.5000000000
58090  40.459  -4.563  31.570 0.3750000000
58113  44.590  -4.539  29.485 0.3750000000
58114  43.660  -4.545  29.846 0.5000000000
58100  41.767  -4.808  30.616 0.3750000000
57341  41.008  -5.211  30.687 0.2500000000
57371  44.791  -5.594  28.413 0.2500000000
58099  42.737  -4.558  30.297 0.5000000000
59659  43.856  -2.785  34.969 0.7500000000
95271  43.130  -2.993  35.083 0.6250000000
59669  43.378  -3.161  34.190 0.7500000000
58911  49.773  -3.220  30.479 0.6250000000
58912  48.664  -3.089  30.530 0.6250000000
58899  42.690  -3.733  32.070 0.7500000000
106373  42.001  -3.837  32.251 0.6250000000
58913  47.628  -3.330  30.392 0.7500000000
58914  46.672  -3.445  30.324 0.8750000000
96462  45.969  -3.269  30.575 0.6250000000
58915  45.186  -3.500  30.612 0.5000000000
58917  43.724  -3.739  31.309 0.5000000000
58088  42.949  -3.997  31.206 0.3750000000
58078  42.003  -4.173  31.445 0.5000000000
58089  41.131  -4.644  31.188 0.3750000000
98429  50.075  -3.876  29.884 0.6250000000
98428  49.074  -3.777  29.865 0.7500000000
58925  48.123  -3.798  29.853 0.7500000000
58926  47.244  -3.863  29.771 0.7500000000
95911  46.421  -4.050  29.626 0.7500000000
58096  45.111  -4.008  29.977 0.5000000000
58097  44.420  -4.042  30.254 0.6250000000
58098  43.646  -4.076  30.646 0.5000000000
110038  42.345  -4.334  30.854 0.5000000000
58112  45.569  -4.323  29.499 0.6250000000
58110  47.680  -4.362  29.303 0.8750000000
58111  46.957  -4.381  29.308 0.6250000000
58124  47.185  -4.965  28.872 0.6250000000
58125  46.244  -4.795  28.978 0.6250000000
57356  45.213  -4.965  28.903 0.5000000000
57370  45.705  -5.612  28.476 0.6250000000
56533  45.225  -6.226  27.981 0.3750000000
56534  44.361  -6.094  27.919 0.3750000000
93385  44.386  -2.693  34.287 0.7500000000
59707  48.669  -1.723  32.366 0.7500000000
94919  48.252  -1.146  33.267 0.6250000000
59689  43.785  -3.079  33.382 0.8750000000
58861  43.128  -3.348  33.388 0.8750000000
59708  47.788  -2.378  31.592 0.7500000000
58879  43.257  -3.413  32.705 0.7500000000
58880  42.488  -3.530  32.926 0.8750000000
59723  50.720  -2.573  31.052 0.3750000000
59724  49.650  -2.504  31.130 0.6250000000
59725  48.694  -2.379  31.354 0.6250000000
102339  47.163  -2.745  30.887 0.7500000000
59727  45.782  -2.818  31.124 0.7500000000
58910  50.830  -3.334  30.481 0.5000000000
98157  47.959  -2.703  30.878 0.7500000000
58916  44.338  -3.615  30.983 0.7500000000
58898  43.468  -3.567  31.925 0.7500000000
58924  51.166  -4.036  29.995 0.5000000000
59726  46.434  -2.837  30.858 0.7500000000
58109  48.541  -4.359  29.302 0.7500000000
58123  48.056  -4.971  28.795 0.6250000000
57369  46.634  -5.669  28.458 0.6250000000
56532  46.112  -6.360  28.039 0.3750000000
60472  47.220  -1.591  33.318 0.7500000000
59686  46.405  -2.221  32.743 0.8750000000
59688  44.624  -2.745  33.236 0.8750000000
59685  47.587  -1.960  32.476 0.8750000000
59687  45.534  -2.476  33.019 0.8750000000
59709  46.713  -2.446  31.739 0.8750000000
59710  45.673  -2.572  32.013 0.8750000000
58878  44.012  -3.142  32.540 0.8750000000
58896  44.959  -3.022  31.421 0.7500000000
59711  44.811  -2.824  32.301 0.8750000000
58909  52.005  -3.300  30.543 0.3750000000
58897  44.204  -3.323  31.742 1.0000000000
98427  50.378  -4.466  29.318 0.6250000000
58108  49.444  -4.368  29.305 0.6250000000
58122  48.954  -4.967  28.790 0.6250000000
57368  47.536  -5.699  28.356 0.6250000000
57382  47.896  -6.370  27.817 0.6250000000
57383  47.019  -6.428  27.976 0.6250000000
56547  46.462  -6.997  27.479 0.5000000000
56546  47.331  -6.959  27.362 0.7500000000
58931  54.089  -3.748  29.404 0.5000000000
58105  53.118  -4.327  29.389 0.6250000000
58923  52.420  -4.062  29.997 0.5000000000
58127  54.770  -4.408  27.395 0.5000000000
58128  54.037  -4.897  27.744 0.5000000000
58119  52.488  -4.913  28.766 0.5000000000
98258  51.596  -4.957  28.860 0.6250000000
58107  51.373  -4.576  29.367 0.6250000000
57377  52.934  -5.371  27.118 0.6250000000
58129  52.753  -5.179  27.979 0.7500000000
58130  51.422  -5.336  28.131 0.6250000000
58120  50.613  -5.036  28.625 0.6250000000
58121  49.761  -4.849  28.814 0.6250000000
58133  54.118  -5.089  26.894 0.7500000000
57378  51.701  -5.550  27.293 0.6250000000
57387  50.794  -5.817  26.643 0.7500000000
57379  50.574  -5.729  27.353 0.7500000000
57380  49.637  -5.947  27.424 0.6250000000
57381  48.770  -6.174  27.603 0.6250000000
57367  48.458  -5.625  28.259 0.6250000000
57397  50.996  -5.791  25.862 0.6250000000
57388  49.828  -6.142  26.779 0.7500000000
57398  50.070  -6.078  26.054 0.6250000000
56545  48.187  -6.783  27.166 0.7500000000
56557  47.571  -7.205  26.592 0.5000000000
57386  51.874  -5.632  26.479 0.8750000000
57385  52.999  -5.445  26.258 0.8750000000
57396  51.975  -5.617  25.654 0.7500000000
56555  49.218  -6.479  26.204 0.6250000000
93813  50.326  -5.924  25.268 0.6250000000
56564  49.498  -6.245  25.422 0.6250000000
58137  54.014  -5.136  26.020 0.8750000000
57395  52.902  -5.410  25.389 0.8750000000
101149  52.029  -5.562  24.926 0.7500000000
95458  51.218  -5.746  25.050 0.7500000000
57404  51.520  -5.599  24.192 0.7500000000
57405  50.588  -5.792  24.474 0.7500000000
58136  54.594  -4.420  25.832 0.5000000000
57402  54.243  -4.369  24.927 0.5000000000
57394  53.713  -5.044  25.129 0.7500000000
108385  53.510  -4.949  24.353 0.7500000000
57403  52.663  -5.337  24.439 0.7500000000
58151  52.914  -5.076  23.639 0.8750000000
58150  53.919  -4.525  23.799 0.7500000000
96452  53.076  -4.752  22.848 0.7500000000
57413  52.118  -5.353  23.656 0.7500000000
58152  52.205  -5.098  22.963 0.7500000000
58158  52.295  -4.651  22.192 0.8750000000
58171  51.584  -4.531  21.603 0.6250000000
58179  51.666  -4.187  20.790 0.7500000000
58142  54.803  -3.754  24.631 0.5000000000
58157  53.900  -4.262  22.735 0.6250000000
58169  53.103  -4.306  22.005 0.6250000000
58170  52.375  -4.231  21.389 0.8750000000
58944  55.230  -3.179  24.879 0.3750000000
58952  55.595  -3.360  24.391 0.5000000000
58149  54.741  -3.905  23.615 0.5000000000
58962  54.650  -3.801  22.601 0.6250000000
58973  53.106  -3.984  21.248 0.6250000000
58976  53.612  -3.705  20.712 0.6250000000
58975  54.331  -3.425  20.177 0.6250000000
59829  54.933  -2.989  19.618 0.3750000000
59830  54.065  -3.219  19.242 0.5000000000
59833  55.665  -2.502  19.160 0.3750000000
58951  56.152  -3.162  24.070 0.3750000000
96045  55.281  -3.531  22.544 0.5000000000
58972  53.920  -3.887  21.703 0.6250000000
93817  54.419  -3.591  20.998 0.5000000000
59825  55.098  -3.419  21.134 0.5000000000
106048  54.744  -3.427  20.664 0.5000000000
101768  55.121  -3.198  20.454 0.3750000000
59828  55.773  -2.689  20.102 0.3750000000
58960  55.993  -3.269  23.081 0.2500000000
58971  54.802  -3.614  21.782 0.5000000000
58970  55.560  -3.313  22.001 0.3750000000
59824  55.838  -2.885  21.182 0.3750000000
59823  56.602  -2.276  20.637 0.3750000000
100165  57.434  -1.766  20.278 0.3750000000
60641  56.585  -2.207  19.708 0.3750000000
52169  8.464  -11.074  58.103 0.7500000000
52171  7.089  -11.489  58.105 0.7500000000
51100  7.435  -11.893  58.282 0.7500000000
51101  6.743  -11.880  58.261 0.6250000000
49076  7.916  -12.563  57.895 0.5000000000
111489  6.612  -12.164  58.289 0.5000000000
55301  8.521  -8.732  56.991 0.7500000000
54273  8.028  -8.789  56.788 0.6250000000
54278  7.653  -8.765  56.639 0.8750000000
53231  6.777  -9.423  56.154 0.8750000000
54265  9.181  -9.128  57.764 0.7500000000
54269  8.773  -8.946  57.351 0.7500000000
53249  6.056  -8.969  54.942 0.7500000000
53239  6.332  -9.375  55.598 0.7500000000
52217  4.329  -10.897  55.239 0.6250000000
52232  2.334  -10.396  52.935 0.6250000000
52246  1.492  -10.033  52.432 0.6250000000
53277  0.633  -9.527  53.011 0.6250000000
93045  0.180  -9.494  50.974 0.5000000000
92978  1.228  -9.579  50.582 0.5000000000
53294  -0.803  -9.430  50.982 0.5000000000
100316  -0.518  -9.218  52.590 0.5000000000
55292  10.272  -8.271  57.618 0.7500000000
55293  9.717  -8.380  57.604 0.8750000000
55307  7.824  -7.955  56.661 0.7500000000
56307  11.203  -7.210  55.955 0.7500000000
54263  10.565  -8.510  57.706 0.8750000000
94463  9.815  -9.679  58.049 0.7500000000
53203  10.473  -9.019  57.974 0.8750000000
52176  10.861  -9.726  58.079 0.8750000000
99994  11.710  -10.432  57.061 0.7500000000
52175  11.516  -9.789  57.464 0.7500000000
99907  9.705  -11.468  58.127 0.7500000000
55321  4.672  -7.215  53.173 0.7500000000
49085  9.422  -12.718  57.227 0.6250000000
97770  8.584  -12.741  57.563 0.6250000000
98453  8.695  -12.410  57.923 0.5000000000
48004  8.127  -13.175  57.234 0.6250000000
53275  4.028  -9.471  52.308 0.7500000000
94469  3.016  -9.597  51.278 0.6250000000
54312  3.680  -8.157  50.890 0.6250000000
94179  7.558  -13.882  56.586 0.6250000000
53303  1.944  -9.274  50.299 0.5000000000
55362  2.081  -8.010  48.913 0.5000000000
54346  0.088  -9.103  48.755 0.5000000000
109756  -0.136  -8.541  47.907 0.5000000000
56313  11.800  -6.889  55.551 0.7500000000
55314  5.578  -7.040  55.373 0.7500000000
56324  5.152  -6.249  54.909 0.8750000000
54268  11.601  -8.326  55.749 0.6250000000
97414  11.587  -9.341  56.935 0.7500000000
56331  4.988  -6.512  53.377 0.8750000000
56336  5.232  -6.485  52.502 1.0000000000
49099  9.299  -12.594  55.928 0.6250000000
54343  3.244  -8.048  50.013 0.6250000000
99997  4.453  -7.402  50.277 0.7500000000
55361  3.029  -8.009  49.398 0.6250000000
55379  1.509  -7.925  48.277 0.6250000000
111872  1.258  -7.805  47.905 0.5000000000
54272  12.182  -7.717  55.508 0.7500000000
56321  13.373  -6.753  54.845 0.6250000000
54281  13.903  -7.874  55.301 0.6250000000
54271  12.230  -8.077  55.437 0.6250000000
53208  12.374  -9.165  55.509 0.7500000000
52172  12.205  -9.269  55.715 0.7500000000
57197  5.321  -5.629  53.886 0.8750000000
57192  5.241  -5.583  54.670 0.8750000000
52200  13.201  -10.046  55.286 0.6250000000
52173  12.350  -9.815  56.139 0.7500000000
110800  6.524  -6.098  51.632 1.0000000000
111262  11.301  -11.475  55.847 0.8750000000
55358  5.797  -7.452  49.555 1.0000000000
55374  6.560  -7.767  48.874 1.0000000000
55393  4.437  -8.091  47.918 0.8750000000
55377  3.561  -7.988  48.416 0.6250000000
102599  3.564  -8.095  47.513 0.6250000000
55412  1.031  -7.661  46.444 0.5000000000
55316  14.092  -7.105  54.643 0.6250000000
54276  13.975  -8.297  55.231 0.6250000000
54288  15.297  -8.609  53.873 0.5000000000
57204  7.535  -5.412  51.503 0.8750000000
57208  7.588  -5.809  50.787 0.8750000000
56346  6.484  -6.477  50.837 1.0000000000
56345  7.325  -6.329  50.464 1.0000000000
93525  7.040  -7.371  49.256 1.0000000000
50122  11.306  -12.196  54.064 0.6250000000
50114  10.509  -12.057  54.791 0.6250000000
54387  6.337  -8.519  46.619 0.8750000000
53258  15.674  -9.346  53.769 0.3750000000
52229  16.675  -10.568  53.704 0.3750000000
52223  16.475  -10.684  54.287 0.3750000000
56344  7.949  -5.977  50.164 0.8750000000
51127  16.696  -11.625  54.767 0.5000000000
51129  15.249  -11.115  54.830 0.5000000000
51128  16.220  -11.470  54.759 0.3750000000
51136  14.059  -11.818  54.377 0.6250000000
54358  7.095  -8.016  48.094 1.0000000000
110346  17.052  -12.245  54.873 0.5000000000
50119  15.660  -12.379  54.514 0.5000000000
50129  12.089  -12.441  53.293 0.6250000000
55410  3.178  -7.810  46.048 0.5000000000
55456  1.758  -7.933  43.571 0.5000000000
57222  8.349  -5.760  48.671 0.8750000000
106453  18.270  -11.873  52.625 0.3750000000
51151  17.897  -11.524  53.210 0.3750000000
51139  17.462  -11.542  54.318 0.3750000000
49112  19.619  -14.191  53.156 0.2500000000
49113  19.150  -13.882  53.701 0.2500000000
50125  18.199  -12.845  54.357 0.1250000000
50117  17.433  -12.484  54.688 0.3750000000
106557  17.015  -12.576  54.835 0.5000000000
48038  18.808  -14.335  53.817 0.3750000000
48039  18.134  -14.217  54.334 0.3750000000
49104  16.872  -13.222  54.684 0.5000000000
49105  16.142  -12.966  54.448 0.5000000000
49130  14.460  -12.990  52.927 0.6250000000
95954  6.216  -8.548  46.037 1.0000000000
54404  5.668  -8.544  45.591 1.0000000000
55455  2.487  -7.944  43.040 0.5000000000
54476  2.239  -8.640  41.223 0.3750000000
94683  20.349  -15.410  52.933 0.3750000000
47001  18.558  -15.400  53.305 0.5000000000
47000  19.176  -15.261  53.179 0.3750000000
46991  17.999  -14.886  53.908 0.2500000000
104350  20.025  -16.143  52.654 0.5000000000
46012  19.364  -16.276  52.420 0.5000000000
47003  17.138  -15.129  53.120 0.5000000000
48050  16.636  -14.555  53.603 0.5000000000
57243  8.405  -6.102  46.013 0.8750000000
46030  19.386  -16.535  51.679 0.3750000000
48063  15.516  -14.222  52.392 0.6250000000
55423  7.905  -8.018  45.770 1.0000000000
56375  8.240  -7.448  45.056 1.0000000000
46046  18.544  -16.394  50.439 0.6250000000
46032  17.929  -16.197  51.038 0.3750000000
48074  15.350  -14.562  51.602 0.6250000000
54418  6.647  -8.552  44.754 1.0000000000
109626  14.482  -14.437  50.482 0.5000000000
49176  13.467  -13.535  50.952 0.3750000000
101730  6.266  -8.496  44.157 0.8750000000
49177  12.841  -13.403  50.536 0.5000000000
54434  5.748  -8.433  43.475 0.7500000000
55469  5.419  -8.040  41.965 0.6250000000
54492  3.470  -8.406  40.531 0.2500000000
49162  22.091  -13.628  51.106 0.1250000000
48061  21.856  -14.747  52.059 0.2500000000
57972  7.038  -4.165  47.074 0.7500000000
57252  7.911  -5.285  44.713 0.8750000000
104633  7.399  -4.266  41.762 0.7500000000
47045  17.133  -15.715  49.790 0.5000000000
46061  17.761  -15.976  49.255 0.5000000000
48104  13.388  -14.603  48.297 0.2500000000
47014  22.448  -15.446  52.091 0.3750000000
112083  23.078  -15.372  51.871 0.2500000000
46026  23.805  -16.145  51.284 0.5000000000
46081  19.962  -16.673  48.505 0.6250000000
46083  17.736  -15.753  48.468 0.5000000000
46101  18.326  -15.866  47.930 0.5000000000
47077  17.682  -15.521  47.826 0.5000000000
48102  15.058  -14.899  48.597 0.5000000000
47079  15.723  -15.002  47.356 0.5000000000
53471  4.948  -8.528  39.000 0.1250000000
53457  4.682  -9.105  39.408 0.1250000000
48059  24.192  -14.478  51.551 0.3750000000
104348  23.281  -14.001  51.376 0.1250000000
46043  23.845  -16.664  50.677 0.5000000000
46025  24.670  -16.286  50.861 0.5000000000
58722  6.049  -3.724  44.861 0.7500000000
46041  25.554  -16.031  50.577 0.6250000000
46056  24.077  -16.871  49.237 0.7500000000
106371  22.292  -17.189  49.712 0.7500000000
58761  6.743  -3.563  41.329 0.7500000000
102785  6.167  -3.521  42.007 0.7500000000
93993  24.239  -16.403  47.912 0.6250000000
46078  23.697  -16.816  48.442 0.7500000000
105814  27.134  -15.256  48.116 0.7500000000
46094  25.835  -15.796  48.015 0.7500000000
106341  24.640  -16.003  47.592 0.7500000000
46097  22.070  -16.980  47.874 0.7500000000
108611  22.543  -16.582  46.689 0.7500000000
46115  21.029  -16.873  46.908 0.6250000000
95415  17.141  -15.250  47.310 0.6250000000
47078  16.418  -15.166  47.758 0.5000000000
47092  27.537  -14.840  46.227 0.7500000000
47095  23.842  -15.694  46.461 0.6250000000
47096  22.879  -16.172  46.194 0.6250000000
46114  22.135  -16.555  46.144 0.6250000000
47117  19.564  -15.787  45.432 0.3750000000
47118  18.739  -15.337  45.782 0.3750000000
105913  18.079  -15.062  46.019 0.3750000000
47119  17.311  -14.799  45.725 0.3750000000
107360  18.268  -14.810  44.688 0.2500000000
102772  15.149  -14.690  45.782 0.2500000000
55569  6.956  -7.040  35.840 0.1250000000
48057  27.283  -13.785  50.535 0.6250000000
46024  25.517  -15.400  51.025 0.6250000000
47011  25.174  -14.869  51.366 0.5000000000
108055  25.032  -15.830  51.077 0.6250000000
93129  24.780  -14.381  51.533 0.5000000000
46022  27.129  -15.039  49.760 0.5000000000
58060  6.422  -5.110  36.869 0.3750000000
46108  30.267  -15.151  45.990 0.6250000000
46110  29.034  -15.145  45.584 0.5000000000
47091  30.764  -15.082  46.193 0.6250000000
56493  8.065  -6.491  34.145 0.1250000000
55583  9.358  -7.106  34.909 0.1250000000
105792  28.500  -14.850  49.248 0.5000000000
59552  4.804  -2.973  41.002 0.8750000000
97741  4.384  -3.534  42.673 0.8750000000
47022  30.215  -14.336  49.361 0.6250000000
59606  5.427  -2.732  38.914 0.8750000000
59587  4.932  -2.580  39.591 0.8750000000
95265  29.974  -14.887  47.237 0.7500000000
46070  30.482  -14.800  47.955 0.6250000000
57331  7.102  -5.465  32.979 0.1250000000
46126  29.994  -15.775  44.931 0.3750000000
47108  30.892  -15.316  45.305 0.7500000000
47129  30.899  -15.396  44.590 0.6250000000
56507  8.541  -6.130  32.369 0.1250000000
48068  31.145  -13.536  49.464 0.6250000000
112531  31.413  -14.467  48.647 0.6250000000
47054  31.290  -14.656  47.879 0.5000000000
47070  31.278  -14.749  46.851 0.5000000000
98444  32.444  -13.719  46.629 0.6250000000
48152  31.873  -14.089  45.880 0.7500000000
49173  31.757  -13.265  49.190 0.6250000000
104180  31.627  -14.090  44.983 0.6250000000
103437  31.527  -14.045  44.065 0.5000000000
50152  32.297  -12.034  48.618 0.6250000000
99424  32.831  -13.600  47.630 0.7500000000
49199  33.098  -12.910  47.111 0.6250000000
49226  32.229  -12.696  45.076 0.8750000000
50199  32.030  -12.541  44.236 0.7500000000
51174  33.725  -11.526  48.186 0.7500000000
50167  33.374  -12.261  47.952 0.7500000000
51180  33.679  -11.454  47.186 0.7500000000
110076  31.712  -12.021  42.462 0.3750000000
51234  31.446  -11.447  41.852 0.2500000000
50224  31.687  -12.366  41.984 0.2500000000
51243  30.981  -11.633  41.202 0.2500000000
51256  30.110  -11.343  39.867 0.1250000000
51199  32.751  -11.386  45.560 0.7500000000
51219  32.142  -11.105  43.745 0.8750000000
53441  31.226  -10.110  41.091 0.3750000000
53347  33.825  -9.847  46.324 0.7500000000
54444  32.361  -9.125  42.624 0.7500000000
98648  32.267  -8.430  39.872 0.3750000000
53346  34.335  -9.253  46.766 0.6250000000
56398  34.769  -7.004  42.599 0.8750000000
106136  34.119  -7.651  40.751 0.6250000000
56385  35.466  -6.429  43.627 0.5000000000
56397  35.700  -6.817  42.688 0.6250000000
93095  37.449  -6.566  42.252 0.3750000000
56409  37.185  -7.103  41.864 0.6250000000
108745  37.611  -5.921  42.594 0.3750000000
58737  39.279  -3.712  42.479 0.2500000000
60373  39.842  -1.622  40.992 0.2500000000
57357  44.422  -5.129  28.847 0.3750000000
58845  42.530  -3.243  34.342 0.7500000000
58927  45.822  -3.765  30.097 0.6250000000
56549  44.744  -6.729  27.452 0.2500000000
112117  46.975  -2.112  32.566 0.8750000000
59667  46.310  -1.839  33.838 0.8750000000
58106  52.180  -4.637  29.311 0.6250000000
58118  53.814  -4.491  28.635 0.5000000000
57365  50.331  -5.547  27.923 0.6250000000
57366  49.497  -5.482  28.189 0.6250000000
57389  49.005  -6.492  26.950 0.7500000000
56556  48.412  -6.898  26.368 0.6250000000
94957  46.920  -7.449  25.966 0.6250000000
58159  51.487  -4.984  22.363 0.6250000000
58961  55.465  -3.545  23.425 0.3750000000
50093  -1.098  -12.586  57.777 0.1250000000
50092  -0.831  -12.719  57.724 0.1250000000
51115  -1.019  -11.994  57.916 0.1250000000
105908  -1.199  -11.552  57.681 0.1250000000
52198  -1.296  -11.315  57.471 0.1250000000
48009  0.611  -13.982  56.956 0.1250000000
49079  0.045  -13.311  57.491 0.1250000000
106222  -0.296  -12.828  57.640 0.1250000000
52213  -1.404  -10.451  56.769 0.2500000000
53246  -1.511  -9.938  55.289 0.2500000000
101761  0.681  -14.355  56.634 0.1250000000
51114  -0.890  -12.155  57.812 0.1250000000
52197  -1.028  -10.980  57.572 0.1250000000
106553  0.565  -13.501  57.204 0.1250000000
96826  0.900  -12.856  57.321 0.1250000000
52204  -1.247  -10.645  57.220 0.2500000000
93434  1.351  -13.693  56.715 0.1250000000
53236  -1.102  -9.862  56.519 0.3750000000
53265  -1.519  -9.662  53.338 0.2500000000
53255  -1.459  -9.708  54.279 0.2500000000
53307  -1.537  -9.957  50.558 0.2500000000
53296  -1.598  -9.868  51.318 0.2500000000
98680  -0.280  -12.108  57.730 0.1250000000
51113  0.663  -11.861  57.604 0.1250000000
52187  0.122  -11.367  57.592 0.1250000000
52196  -0.308  -10.797  57.519 0.1250000000
52188  -0.737  -11.547  57.744 0.1250000000
50091  0.367  -12.502  57.557 0.1250000000
53235  -0.675  -9.706  56.715 0.3750000000
49091  1.399  -13.232  57.044 0.1250000000
111846  -1.185  -9.789  55.950 0.3750000000
53245  -1.074  -9.563  55.288 0.3750000000
111270  -1.308  -9.513  53.890 0.2500000000
103656  -1.585  -9.669  51.845 0.2500000000
53280  -1.723  -9.773  52.545 0.2500000000
95184  -1.315  -9.851  49.638 0.3750000000
53216  -0.696  -10.296  57.322 0.2500000000
53225  -0.333  -9.779  57.026 0.2500000000
48021  1.944  -13.696  56.445 0.1250000000
49096  2.211  -13.312  56.866 0.1250000000
53254  -0.767  -9.258  54.393 0.3750000000
53279  -1.210  -9.385  51.803 0.2500000000
101222  -1.366  -9.476  52.587 0.2500000000
53306  -1.275  -9.725  50.404 0.3750000000
54362  -0.435  -9.106  48.270 0.3750000000
53331  -1.101  -9.681  48.676 0.3750000000
54347  -0.699  -9.563  49.066 0.3750000000
54376  -0.383  -8.791  47.656 0.3750000000
54377  -0.956  -9.368  47.902 0.3750000000
55414  -0.224  -8.555  47.023 0.3750000000
52185  1.720  -11.464  57.305 0.3750000000
52193  1.911  -11.288  57.083 0.5000000000
52194  1.181  -10.975  57.090 0.5000000000
100772  2.171  -12.115  57.648 0.3750000000
51111  2.339  -11.827  57.577 0.3750000000
51112  1.532  -11.774  57.535 0.2500000000
52195  0.503  -10.747  57.296 0.3750000000
53224  0.378  -9.808  56.841 0.5000000000
50103  1.837  -12.595  57.388 0.2500000000
109134  2.333  -12.918  57.230 0.1250000000
111745  0.001  -9.260  56.051 0.5000000000
111915  2.938  -13.459  56.801 0.1250000000
53264  -0.984  -9.314  53.445 0.3750000000
53305  -0.682  -9.526  50.332 0.3750000000
55429  -0.051  -8.467  46.267 0.3750000000
53213  1.247  -10.964  57.039 0.5000000000
53223  0.873  -10.085  56.564 0.5000000000
50089  3.002  -12.024  57.861 0.3750000000
54274  0.591  -9.627  56.521 0.5000000000
53243  0.574  -9.344  56.260 0.5000000000
49090  3.176  -13.141  57.268 0.3750000000
104284  0.503  -9.084  55.575 0.3750000000
53253  0.253  -8.984  54.670 0.3750000000
53263  -0.106  -9.027  53.691 0.3750000000
50101  3.680  -12.861  57.713 0.3750000000
50102  2.898  -12.520  57.626 0.3750000000
53242  1.004  -9.407  55.906 0.3750000000
53262  0.836  -9.335  54.044 0.3750000000
52184  3.069  -11.787  57.632 0.3750000000
112250  2.389  -11.588  57.357 0.3750000000
110296  1.387  -10.681  56.578 0.6250000000
48008  4.489  -13.901  57.263 0.2500000000
49089  4.056  -13.366  57.494 0.3750000000
49095  3.744  -13.647  57.074 0.2500000000
51110  3.817  -12.169  58.031 0.3750000000
50100  4.366  -12.919  57.909 0.3750000000
50088  3.838  -12.313  57.973 0.3750000000
48007  5.090  -14.032  57.354 0.2500000000
48018  4.833  -14.259  57.112 0.2500000000
109424  6.132  -14.593  56.587 0.2500000000
46969  5.029  -14.468  56.904 0.2500000000
46982  6.911  -14.268  56.049 0.2500000000
46983  6.063  -14.491  55.784 0.1250000000
48043  7.577  -13.485  55.223 0.2500000000
46992  6.642  -14.177  55.141 0.2500000000
49087  5.459  -13.509  57.632 0.3750000000
48016  6.057  -14.246  57.115 0.3750000000
48017  5.386  -14.333  57.164 0.3750000000
48025  7.376  -13.980  56.306 0.2500000000
46966  7.092  -14.206  56.515 0.3750000000
109340  7.573  -13.703  55.976 0.2500000000
49123  8.215  -12.898  54.842 0.2500000000
48052  7.602  -13.209  54.060 0.2500000000
48005  6.407  -13.707  57.286 0.3750000000
47998  6.156  -13.360  57.572 0.3750000000
48024  7.882  -13.603  56.439 0.3750000000
48033  8.457  -13.103  56.275 0.5000000000
46975  6.605  -14.445  56.426 0.2500000000
48034  8.025  -13.268  55.795 0.3750000000
49135  8.507  -12.696  53.798 0.2500000000
95771  10.106  -12.352  52.600 0.5000000000
49151  9.500  -12.598  52.328 0.3750000000
95949  10.311  -12.547  51.911 0.5000000000
106721  6.997  -13.489  57.234 0.3750000000
108854  10.573  -12.747  51.273 0.5000000000
47111  25.822  -14.936  46.014 0.6250000000
47094  25.508  -15.231  46.849 0.5000000000
49121  10.268  -12.225  53.213 0.5000000000
49167  11.095  -12.559  51.632 0.5000000000
109734  25.024  -14.869  45.442 0.3750000000
47131  25.073  -14.786  44.556 0.1250000000
49178  11.233  -12.905  50.855 0.3750000000
48171  25.076  -14.833  43.754 0.1250000000
47114  22.352  -15.890  45.390 0.3750000000
95176  26.051  -14.835  45.016 0.3750000000
48195  24.447  -14.728  43.203 0.1250000000
48194  25.173  -14.915  43.003 0.1250000000
47168  24.658  -14.745  42.445 0.1250000000
105922  25.678  -14.912  44.203 0.2500000000
107271  25.281  -14.958  42.350 0.1250000000
56320  5.670  -6.235  55.534 0.6250000000
47093  26.514  -14.985  46.604 0.6250000000
95950  29.981  -16.135  43.636 0.2500000000
47182  25.004  -14.758  41.666 0.1250000000
58794  4.962  -2.922  38.121 0.6250000000
58808  4.467  -3.222  37.277 0.6250000000
58061  4.527  -3.793  35.947 0.5000000000
58825  4.039  -3.440  36.442 0.5000000000
56312  8.129  -7.225  56.602 0.7500000000
56319  6.378  -6.152  56.036 0.7500000000
57200  6.366  -5.391  53.038 0.7500000000
93056  3.290  -2.767  47.192 0.5000000000
59484  3.737  -2.793  46.130 0.5000000000
47110  26.844  -14.846  45.701 0.3750000000
59494  2.723  -2.746  45.782 0.5000000000
47109  27.786  -14.904  45.272 0.3750000000
59506  2.321  -2.772  45.212 0.5000000000
47130  26.526  -15.086  44.143 0.1250000000
58717  3.406  -2.971  45.026 0.5000000000
58725  2.140  -2.967  43.683 0.5000000000
58736  2.536  -3.091  43.076 0.5000000000
46129  28.563  -15.185  44.885 0.2500000000
105656  27.236  -15.247  44.254 0.1250000000
47148  26.518  -15.427  43.287 0.1250000000
58734  4.309  -3.589  43.613 0.6250000000
97432  3.462  -3.340  44.045 0.5000000000
108676  2.813  -3.215  43.674 0.5000000000
59538  2.128  -2.794  42.268 0.5000000000
46128  29.222  -15.565  44.549 0.2500000000
108006  28.641  -15.686  44.136 0.2500000000
47167  25.804  -15.259  42.751 0.1250000000
58735  3.479  -3.461  43.165 0.5000000000
58750  3.135  -3.211  42.471 0.5000000000
94457  2.152  -2.631  41.282 0.5000000000
47166  26.487  -15.730  42.478 0.1250000000
111268  3.723  -3.426  42.591 0.6250000000
59554  3.064  -2.971  41.678 0.6250000000
109178  29.789  -15.908  44.170 0.2500000000
106716  26.513  -15.838  41.762 0.1250000000
58763  3.844  -3.281  42.062 0.7500000000
59571  2.105  -2.532  40.348 0.6250000000
58809  3.371  -3.049  37.027 0.6250000000
58810  2.503  -2.908  36.725 0.6250000000
58826  3.073  -3.263  36.123 0.6250000000
58827  2.396  -3.143  35.734 0.6250000000
58062  3.714  -3.599  35.669 0.5000000000
58842  2.859  -3.484  35.341 0.5000000000
57185  6.414  -5.342  56.129 0.7500000000
57188  5.409  -5.652  55.168 0.7500000000
57186  5.800  -5.474  55.661 0.7500000000
57191  5.590  -4.928  54.619 0.7500000000
57196  5.927  -4.973  53.915 0.7500000000
57199  7.266  -5.042  52.425 0.7500000000
57957  7.805  -4.161  49.358 0.7500000000
58702  4.448  -2.839  46.939 0.5000000000
59485  2.455  -2.760  46.615 0.5000000000
104655  5.750  -3.424  46.174 0.5000000000
58709  4.962  -3.096  46.156 0.5000000000
58715  5.500  -3.416  45.484 0.5000000000
58716  4.566  -3.137  45.307 0.5000000000
92954  1.471  -2.757  44.089 0.5000000000
58723  5.206  -3.496  44.700 0.6250000000
58724  4.335  -3.385  44.447 0.5000000000
59521  1.556  -2.732  43.157 0.5000000000
47149  25.781  -15.065  43.524 0.1250000000
59539  1.290  -2.529  42.451 0.5000000000
59555  1.389  -2.433  41.739 0.5000000000
47191  24.933  -14.764  40.775 0.1250000000
47181  25.797  -15.359  41.875 0.1250000000
101147  25.498  -15.065  41.122 0.1250000000
59570  3.085  -2.758  40.787 0.7500000000
46193  26.186  -15.574  40.926 0.1250000000
47190  25.516  -15.162  40.323 0.1250000000
59569  4.208  -2.693  40.334 0.7500000000
59588  3.048  -2.607  39.850 0.7500000000
96227  3.975  -2.589  39.473 0.7500000000
59607  4.415  -2.617  38.808 0.7500000000
59608  3.053  -2.661  38.788 0.7500000000
59626  2.001  -2.654  37.433 0.6250000000
59625  2.677  -2.771  37.707 0.7500000000
58843  2.374  -3.424  35.055 0.3750000000
95490  7.184  -5.980  56.290 0.7500000000
57943  5.842  -4.040  55.136 0.7500000000
57947  6.097  -4.239  54.364 0.7500000000
57946  6.607  -3.671  53.645 0.7500000000
57950  7.231  -4.122  52.662 0.7500000000
58670  6.845  -3.243  52.950 0.7500000000
57952  7.698  -4.525  51.600 0.7500000000
58673  7.303  -3.567  51.935 0.7500000000
59453  5.553  -2.224  50.885 0.5000000000
59458  5.340  -2.516  49.761 0.5000000000
104568  4.359  -2.362  49.913 0.5000000000
111146  3.754  -2.056  50.385 0.5000000000
57954  7.671  -3.900  50.267 0.7500000000
58676  7.248  -3.403  51.028 0.7500000000
59457  6.315  -2.735  50.032 0.5000000000
59459  3.484  -2.389  49.658 0.5000000000
58680  7.403  -3.642  49.604 0.7500000000
58681  6.836  -3.243  49.392 0.6250000000
59463  6.146  -2.872  49.255 0.5000000000
59464  5.516  -2.790  48.769 0.5000000000
59474  4.774  -2.707  48.253 0.5000000000
59465  3.768  -2.661  48.642 0.5000000000
59466  2.698  -2.544  49.012 0.5000000000
58688  7.347  -3.718  48.872 0.6250000000
58689  6.459  -3.306  48.502 0.6250000000
58690  5.617  -3.051  47.895 0.5000000000
107165  4.918  -2.832  47.530 0.5000000000
93307  2.917  -2.834  48.130 0.5000000000
59476  2.087  -2.879  47.581 0.5000000000
58699  7.192  -3.917  47.988 0.6250000000
58700  6.376  -3.571  47.486 0.6250000000
59507  1.561  -2.691  44.994 0.5000000000
59522  0.929  -2.412  43.631 0.5000000000
59572  1.435  -2.251  39.940 0.5000000000
59589  1.986  -2.574  39.373 0.6250000000
59590  1.409  -2.308  38.978 0.6250000000
106959  25.008  -14.965  39.207 0.1250000000
59610  1.569  -2.321  38.043 0.6250000000
59627  1.768  -2.426  37.150 0.6250000000
59609  1.947  -2.630  38.393 0.6250000000
59643  2.124  -2.753  36.519 0.6250000000
59644  2.053  -2.916  35.717 0.3750000000
59447  6.882  -2.920  51.724 0.6250000000
59452  6.532  -2.663  51.026 0.5000000000
58677  7.061  -3.244  50.195 0.5000000000
93251  1.897  -2.671  48.486 0.5000000000
59486  1.406  -2.781  46.980 0.5000000000
59496  1.082  -2.473  45.656 0.5000000000
59508  1.077  -2.427  44.678 0.5000000000
95084  1.441  -2.299  40.854 0.5000000000
54509  34.722  -8.335  38.653 0.5000000000
55534  35.455  -8.089  39.055 0.6250000000
55533  35.435  -8.120  38.228 0.5000000000
110487  35.879  -7.850  39.328 0.7500000000
55544  36.196  -7.691  37.764 0.5000000000
54530  35.986  -7.676  36.821 0.3750000000
54546  35.754  -7.534  36.017 0.2500000000
58908  53.293  -2.942  30.505 0.2500000000
112213  53.552  -3.676  29.954 0.3750000000
58117  54.576  -4.283  28.112 0.3750000000
57406  49.762  -5.965  24.685 0.6250000000
100802  49.355  -5.693  23.202 0.6250000000
57415  48.529  -6.036  23.639 0.6250000000
55531  36.722  -7.341  38.370 0.8750000000
104275  36.529  -7.277  37.086 0.6250000000
55553  36.352  -7.130  36.373 0.6250000000
56483  36.430  -6.647  35.162 0.5000000000
55579  35.988  -7.035  34.755 0.5000000000
59706  49.646  -1.930  32.014 0.6250000000
55595  35.953  -7.048  33.908 0.5000000000
55608  35.973  -7.029  33.069 0.3750000000
94863  50.005  -5.776  23.902 0.6250000000
57423  51.311  -5.408  23.204 0.6250000000
57414  50.339  -5.535  23.157 0.6250000000
96191  48.486  -5.768  22.849 0.2500000000
57427  47.760  -5.809  22.547 0.1250000000
57428  46.966  -5.850  22.188 0.1250000000
57445  45.733  -5.390  21.134 0.1250000000
57425  49.866  -5.363  22.427 0.5000000000
57457  45.487  -5.370  20.444 0.1250000000
59658  45.124  -2.113  34.755 0.6250000000
59668  45.313  -2.317  33.987 0.7500000000
56497  36.425  -6.515  33.535 0.5000000000
56491  36.421  -6.541  34.406 0.5000000000
58082  38.699  -4.554  32.750 0.5000000000
57328  38.034  -4.939  33.189 0.5000000000
57336  37.551  -5.506  32.766 0.5000000000
56496  36.906  -5.916  33.145 0.5000000000
57335  38.221  -5.129  32.362 0.5000000000
56503  36.512  -6.497  32.696 0.5000000000
57334  39.008  -4.874  31.935 0.5000000000
57344  38.431  -5.426  31.702 0.3750000000
57345  37.768  -5.708  31.935 0.2500000000
56502  37.089  -6.050  32.313 0.3750000000
57426  49.025  -5.484  22.293 0.5000000000
97661  48.312  -5.553  22.186 0.3750000000
57443  47.671  -5.444  21.644 0.2500000000
57444  46.660  -5.452  21.337 0.1250000000
57424  50.685  -5.230  22.463 0.5000000000
57455  47.242  -5.194  20.706 0.1250000000
57441  49.494  -5.045  21.599 0.3750000000
57442  48.586  -5.236  21.589 0.3750000000
57454  48.089  -5.081  20.878 0.2500000000
57456  46.239  -5.270  20.376 0.1250000000
95683  45.616  -5.411  19.876 0.1250000000
57462  46.126  -5.365  19.383 0.1250000000
55562  36.688  -6.589  35.904 0.6250000000
58066  39.153  -3.855  33.987 0.5000000000
58067  38.432  -4.196  34.467 0.5000000000
57329  37.436  -5.402  33.644 0.5000000000
56490  36.866  -5.928  34.068 0.5000000000
58073  38.542  -4.345  33.599 0.5000000000
58172  50.215  -4.685  21.278 0.3750000000
93974  49.593  -4.547  20.816 0.3750000000
58173  48.873  -4.794  20.894 0.2500000000
110334  47.688  -4.974  20.196 0.2500000000
105827  51.005  -4.173  20.393 0.3750000000
98449  50.255  -4.300  20.501 0.3750000000
106035  49.672  -4.311  20.325 0.3750000000
58180  49.125  -4.426  20.144 0.2500000000
58181  48.337  -4.725  20.167 0.2500000000
57461  46.958  -5.084  19.752 0.2500000000
58980  50.648  -4.042  19.781 0.2500000000
93283  49.774  -4.150  19.766 0.3750000000
58186  48.512  -4.381  19.301 0.1250000000
58187  47.660  -4.769  19.428 0.2500000000
58185  49.315  -4.064  18.898 0.1250000000
112057  49.181  -4.233  19.554 0.1250000000
58189  49.926  -3.847  18.298 0.1250000000
58191  48.414  -4.212  18.235 0.1250000000
58192  47.693  -4.652  18.443 0.1250000000
58984  52.180  -3.346  17.756 0.2500000000
58990  50.458  -3.577  17.654 0.1250000000
58991  49.656  -3.750  17.556 0.1250000000
57323  37.931  -4.785  34.102 0.6250000000
57324  37.424  -5.341  34.633 0.6250000000
56482  36.912  -6.027  35.167 0.5000000000
58979  51.583  -3.903  19.855 0.6250000000
58978  52.451  -3.597  19.449 0.6250000000
93831  51.753  -3.667  19.057 0.5000000000
94543  51.053  -3.886  19.083 0.2500000000
59835  53.798  -2.931  18.389 0.8750000000
58983  53.153  -3.296  18.927 0.7500000000
99940  52.316  -3.441  18.599 0.2500000000
58184  50.243  -3.950  19.057 0.2500000000
59840  54.428  -2.528  17.815 0.7500000000
59836  52.967  -3.150  18.099 0.5000000000
58989  51.346  -3.359  17.277 0.1250000000
58985  51.399  -3.595  18.289 0.1250000000
49078  5.165  -12.958  57.964 0.3750000000
53234  0.880  -9.673  56.363 0.6250000000
99988  7.235  -6.933  56.429 0.7500000000
54390  -0.454  -9.086  46.501 0.3750000000
93314  12.099  -13.066  50.676 0.3750000000
99194  4.951  -3.644  44.030 0.6250000000
46111  28.324  -14.935  45.730 0.3750000000
46127  29.753  -15.474  44.988 0.2500000000
59553  3.973  -3.008  41.255 0.7500000000
46142  30.271  -15.854  44.099 0.2500000000
55532  36.132  -7.771  38.820 0.6250000000
95769  50.759  -5.655  23.772 0.6250000000
53252  1.046  -9.228  55.019 0.3750000000
109773  -1.215  -9.593  50.748 0.3750000000
47999  -0.084  -14.158  57.298 0.1250000000
52220  -1.408  -10.109  56.167 0.2500000000
52221  -1.648  -10.299  55.764 0.2500000000
53226  -0.990  -10.012  56.970 0.2500000000
53295  -1.395  -9.677  51.134 0.2500000000
52186  0.967  -11.331  57.391 0.2500000000
53215  0.093  -10.154  57.240 0.3750000000
50090  1.255  -12.248  57.531 0.2500000000
53244  -0.676  -9.535  56.151 0.3750000000
54275  -0.007  -9.494  56.602 0.5000000000
95588  -0.330  -9.194  55.374 0.3750000000
93041  -0.951  -9.639  49.783 0.3750000000
53214  0.743  -10.336  56.914 0.5000000000
49088  4.762  -13.518  57.626 0.2500000000
48006  5.724  -13.949  57.352 0.3750000000
46968  5.775  -14.539  56.943 0.2500000000
48044  7.070  -13.794  54.632 0.2500000000
48035  7.202  -13.931  55.632 0.2500000000
97206  27.108  -14.990  44.807 0.3750000000
56318  7.860  -6.495  56.430 0.7500000000
57195  6.649  -4.598  53.339 0.7500000000
59475  4.031  -2.773  47.772 0.5000000000
108413  2.421  -2.974  44.383 0.5000000000
46144  27.872  -15.340  44.369 0.1250000000
46157  27.276  -15.510  43.778 0.1250000000
46170  27.278  -15.869  43.015 0.1250000000
57940  5.619  -4.905  55.283 0.7500000000
58701  5.517  -3.213  46.953 0.5000000000
59495  1.666  -2.725  45.972 0.5000000000
59624  3.835  -2.788  37.947 0.7500000000
59443  6.669  -2.720  52.570 0.7500000000
93093  7.649  -3.961  51.110 0.7500000000
93937  4.571  -2.576  49.141 0.5000000000
59448  6.194  -2.102  52.158 0.5000000000
55563  36.119  -7.047  35.572 0.5000000000
58986  50.631  -3.791  18.503 0.1250000000
94361  53.371  -3.537  19.806 0.7500000000
59834  54.720  -2.741  18.713 0.6250000000
59841  53.577  -2.859  17.575 0.5000000000
47004  6.448  -14.107  54.034 0.1250000000
46993  5.900  -14.364  54.573 0.1250000000
48053  6.941  -13.794  53.465 0.1250000000
47005  5.760  -14.456  53.467 0.1250000000
49168  8.645  -12.868  52.065 0.1250000000
108788  7.465  -13.391  52.921 0.1250000000
106306  8.394  -12.994  51.376 0.1250000000
49152  8.683  -12.704  52.892 0.1250000000
108494  8.002  -12.919  53.268 0.1250000000
48065  8.025  -12.968  52.593 0.1250000000
57939  6.139  -4.018  55.748 0.6250000000
58667  6.185  -3.104  54.694 0.6250000000
57184  7.965  -5.704  56.252 0.6250000000
106318  7.174  -5.212  56.300 0.6250000000
55405  12.708  -7.232  46.108 0.2500000000
56369  12.408  -6.636  46.593 0.2500000000
56363  12.536  -6.764  47.497 0.2500000000
58654  6.846  -3.849  56.141 0.6250000000
57226  12.102  -6.010  47.054 0.2500000000
58659  6.840  -3.082  55.873 0.6250000000
55421  12.711  -7.164  45.268 0.2500000000
56374  12.332  -6.595  45.780 0.2500000000
57233  12.000  -6.034  46.239 0.2500000000
59433  6.600  -2.437  55.450 0.6250000000
95634  12.344  -6.365  44.135 0.2500000000
56382  12.341  -6.493  44.952 0.2500000000
57241  11.965  -5.947  45.455 0.2500000000
57234  11.675  -5.424  46.592 0.2500000000
60256  6.692  -1.744  55.322 0.6250000000
59436  6.283  -2.163  55.073 0.6250000000
57249  11.980  -5.836  44.644 0.2500000000
100090  11.599  -5.161  45.158 0.2500000000
57242  11.691  -5.502  45.901 0.2500000000
59440  6.148  -1.919  54.497 0.6250000000
59439  6.425  -2.500  53.426 0.5000000000
57259  12.286  -6.125  43.377 0.2500000000
97859  12.014  -5.808  43.939 0.2500000000
48192  31.556  -14.058  42.874 0.3750000000
95758  31.114  -14.936  42.649 0.2500000000
54342  13.635  -8.225  49.437 0.2500000000
55355  13.148  -7.454  49.718 0.2500000000
55340  13.390  -7.321  50.684 0.2500000000
56338  13.114  -6.677  50.972 0.5000000000
54372  13.432  -8.286  47.276 0.2500000000
55388  13.271  -7.992  48.022 0.2500000000
55356  12.800  -7.202  48.944 0.2500000000
56343  12.615  -6.286  50.415 0.5000000000
97322  13.581  -8.368  45.139 0.2500000000
55371  12.859  -7.335  48.189 0.2500000000
56352  12.554  -6.628  49.503 0.2500000000
58657  8.486  -3.021  55.586 0.6250000000
58652  8.197  -3.626  55.911 0.6250000000
107663  13.485  -8.354  45.871 0.2500000000
54385  13.151  -7.892  46.515 0.2500000000
109141  12.758  -7.211  46.827 0.2500000000
56359  12.456  -6.664  48.490 0.2500000000
94789  12.093  -5.808  49.819 0.5000000000
59430  8.750  -2.510  55.217 0.5000000000
54416  13.699  -8.400  44.252 0.2500000000
55439  13.170  -7.754  44.728 0.2500000000
55420  13.117  -7.796  45.611 0.2500000000
57227  11.662  -5.349  47.423 0.2500000000
57212  11.552  -5.227  49.252 0.5000000000
57206  11.670  -5.078  50.168 0.5000000000
59437  9.953  -2.327  53.415 0.5000000000
59434  9.016  -2.098  54.759 0.5000000000
59435  8.371  -1.761  55.170 0.6250000000
58658  7.791  -2.883  55.884 0.6250000000
55466  13.686  -7.958  42.858 0.2500000000
55450  13.242  -7.693  43.722 0.2500000000
57221  11.597  -5.295  48.319 0.3750000000
57955  11.190  -4.437  49.619 0.5000000000
58674  10.864  -3.700  50.052 0.5000000000
58672  10.616  -3.017  51.243 0.5000000000
59441  10.124  -2.242  52.497 0.5000000000
59442  9.588  -1.714  53.011 0.3750000000
60255  7.600  -1.626  55.348 0.6250000000
106897  13.590  -7.523  42.300 0.1250000000
56392  12.721  -6.851  43.531 0.2500000000
57969  11.226  -4.640  47.747 0.2500000000
57963  11.137  -4.547  48.671 0.5000000000
58678  10.693  -3.675  49.035 0.5000000000
58679  10.412  -2.898  49.723 0.3750000000
59445  10.204  -2.307  51.553 0.5000000000
59446  9.744  -1.642  52.025 0.3750000000
60257  8.530  -1.310  54.527 0.3750000000
60258  7.697  -0.695  54.661 0.3750000000
60259  6.979  -0.967  55.128 0.3750000000
55485  13.805  -7.345  41.597 0.1250000000
95457  13.220  -6.906  42.136 0.1250000000
57982  11.371  -4.890  46.028 0.2500000000
57976  11.277  -4.749  46.871 0.2500000000
58686  10.816  -3.885  48.048 0.3750000000
60264  9.226  -1.109  52.597 0.3750000000
60262  8.276  -0.640  53.872 0.3750000000
61108  6.394  -0.624  54.643 0.3750000000
56404  12.695  -6.519  42.729 0.2500000000
58712  11.217  -4.286  45.374 0.1250000000
61112  8.046  -0.058  53.111 0.3750000000
61109  7.458  -0.163  54.103 0.3750000000
57279  13.049  -5.833  41.078 0.1250000000
56418  12.798  -6.159  41.911 0.1250000000
57269  12.268  -5.653  42.592 0.1250000000
57260  11.913  -5.413  43.396 0.1250000000
110102  5.967  -2.143  51.473 0.3750000000
57250  11.706  -5.217  44.179 0.1250000000
51159  18.273  -11.927  51.845 0.2500000000
51161  17.003  -10.999  51.027 0.2500000000
52241  17.143  -10.908  52.065 0.2500000000
52242  16.503  -10.348  52.716 0.2500000000
53273  16.133  -10.001  53.484 0.3750000000
54280  14.896  -8.461  54.695 0.5000000000
95113  16.474  -10.442  51.596 0.2500000000
52243  16.012  -9.983  52.048 0.2500000000
53274  15.783  -9.578  52.798 0.2500000000
54295  15.302  -8.837  53.165 0.3750000000
54285  14.926  -8.099  54.269 0.5000000000
55315  14.488  -7.508  54.364 0.5000000000
52266  15.740  -10.157  50.166 0.2500000000
52260  15.788  -9.909  51.141 0.2500000000
53290  15.063  -9.180  51.301 0.2500000000
54309  15.239  -8.989  52.284 0.2500000000
54296  14.827  -8.363  52.643 0.3750000000
56326  13.666  -6.588  54.243 0.5000000000
56322  12.365  -6.395  55.093 0.5000000000
56309  10.098  -7.336  56.451 0.6250000000
52271  15.538  -10.430  48.534 0.2500000000
53301  15.180  -9.621  50.408 0.2500000000
53302  14.656  -9.099  50.486 0.2500000000
54310  14.756  -8.562  51.859 0.2500000000
55328  14.302  -7.851  51.996 0.2500000000
55322  14.489  -7.728  53.005 0.5000000000
56329  13.710  -6.659  53.355 0.5000000000
56327  12.980  -6.164  54.501 0.5000000000
56323  11.376  -6.290  55.479 0.6250000000
57181  10.553  -6.160  55.792 0.6250000000
100975  9.809  -6.900  56.318 0.6250000000
56306  9.358  -7.829  56.744 0.6250000000
53330  14.529  -9.470  48.812 0.2500000000
102036  14.678  -9.396  49.654 0.2500000000
54326  14.176  -8.681  50.013 0.2500000000
55339  13.834  -7.773  51.155 0.2500000000
56332  13.464  -6.543  52.385 0.5000000000
56330  13.180  -6.055  53.819 0.5000000000
57189  12.253  -5.732  54.671 0.5000000000
93228  10.967  -5.472  55.271 0.6250000000
97288  9.944  -6.200  56.065 0.6250000000
56316  9.394  -6.343  56.162 0.6250000000
52272  14.826  -9.904  48.098 0.2500000000
99385  13.895  -8.983  47.347 0.2500000000
54357  13.637  -8.439  48.580 0.2500000000
112309  13.201  -6.467  51.644 0.5000000000
57193  13.107  -5.997  52.955 0.5000000000
57194  12.608  -5.472  53.491 0.5000000000
57190  12.035  -5.084  54.199 0.5000000000
57941  11.169  -4.789  54.700 0.5000000000
57936  10.313  -4.614  55.010 0.6250000000
57187  9.988  -5.334  55.556 0.6250000000
57182  9.505  -5.635  55.887 0.6250000000
56317  8.660  -6.581  56.352 0.6250000000
53355  14.732  -9.810  46.114 0.2500000000
105865  14.203  -9.291  46.069 0.2500000000
99278  13.646  -8.564  47.887 0.2500000000
56339  12.758  -6.075  51.222 0.5000000000
57198  12.523  -5.384  52.529 0.5000000000
57944  11.970  -4.708  53.119 0.5000000000
57945  11.408  -4.335  53.963 0.5000000000
57937  9.497  -4.303  55.228 0.6250000000
57932  8.594  -4.407  55.819 0.6250000000
57183  8.786  -5.423  56.023 0.6250000000
53367  14.472  -9.466  45.394 0.2500000000
54401  13.903  -8.897  45.616 0.2500000000
54384  13.746  -8.751  46.488 0.2500000000
57948  11.972  -4.786  52.016 0.5000000000
104154  11.386  -4.033  53.231 0.5000000000
94745  10.903  -3.697  53.762 0.5000000000
57942  10.610  -3.964  54.485 0.5000000000
58656  9.085  -3.359  55.178 0.5000000000
57938  8.834  -3.891  55.522 0.6250000000
54415  14.110  -8.997  44.770 0.2500000000
54431  13.833  -8.383  43.466 0.2500000000
57205  12.258  -5.588  50.706 0.5000000000
57203  11.851  -4.911  51.070 0.5000000000
57949  11.486  -4.111  52.404 0.5000000000
58663  10.923  -3.418  52.839 0.5000000000
58664  10.379  -3.040  53.714 0.5000000000
58665  9.661  -2.561  54.258 0.5000000000
54430  14.384  -9.097  43.720 0.2500000000
57953  11.340  -4.338  50.543 0.5000000000
58668  11.067  -3.520  51.813 0.5000000000
107038  10.430  -2.758  52.910 0.5000000000
55465  14.191  -8.130  41.984 0.1250000000
58669  10.589  -2.864  52.123 0.5000000000
55484  14.525  -7.805  41.027 0.1250000000
59450  10.275  -2.498  50.628 0.3750000000
59451  9.732  -1.609  50.913 0.3750000000
51155  31.654  -11.218  48.942 0.5000000000
100283  10.312  -2.941  48.895 0.3750000000
60268  9.297  -1.002  51.659 0.3750000000
60269  8.735  -0.544  52.279 0.3750000000
61111  6.079  -0.272  54.163 0.3750000000
60267  5.789  -0.535  53.726 0.3750000000
53299  32.916  -9.616  49.792 0.5000000000
51154  32.283  -10.810  49.190 0.6250000000
55505  14.915  -7.393  40.175 0.1250000000
56416  14.098  -7.024  40.772 0.1250000000
58697  10.890  -4.016  47.153 0.3750000000
59462  10.053  -2.560  48.396 0.3750000000
59456  9.919  -2.012  49.902 0.3750000000
61113  7.058  0.240  53.558 0.3750000000
108166  33.673  -9.747  49.534 0.3750000000
53298  33.458  -9.382  49.683 0.3750000000
51163  32.616  -11.188  48.956 0.6250000000
55524  15.914  -7.474  39.836 0.1250000000
56429  13.705  -6.263  40.541 0.1250000000
58707  10.597  -3.376  46.553 0.2500000000
59473  10.112  -2.679  47.703 0.3750000000
60287  9.748  -1.929  48.525 0.3750000000
60277  9.673  -1.715  49.215 0.3750000000
60272  9.241  -0.830  50.861 0.3750000000
60266  5.538  -0.962  52.866 0.3750000000
52257  33.520  -10.258  49.438 0.6250000000
50151  32.923  -11.593  48.657 0.6250000000
56427  15.245  -6.788  39.582 0.1250000000
56428  14.424  -6.618  40.013 0.1250000000
57280  12.466  -5.269  41.655 0.1250000000
57270  11.870  -5.000  42.850 0.1250000000
57989  11.366  -4.450  44.481 0.1250000000
53310  34.765  -9.253  48.769 0.6250000000
52262  34.375  -10.021  48.507 0.6250000000
51169  33.578  -11.217  48.657 0.5000000000
50160  33.182  -11.962  48.323 0.6250000000
57288  13.406  -5.502  40.294 0.1250000000
53321  34.842  -9.418  48.183 0.6250000000
51168  34.106  -10.804  48.381 0.5000000000
53320  35.115  -8.727  47.780 0.5000000000
51160  17.667  -11.457  51.451 0.2500000000
50148  19.563  -12.808  51.651 0.2500000000
50149  18.854  -12.358  51.239 0.2500000000
51165  18.199  -11.977  50.949 0.2500000000
94685  17.574  -11.602  50.356 0.2500000000
52259  16.343  -10.540  50.626 0.2500000000
50158  18.309  -12.164  50.178 0.2500000000
51166  16.806  -11.077  50.099 0.2500000000
99686  16.109  -11.008  48.130 0.2500000000
52270  16.133  -10.812  48.977 0.2500000000
52277  16.122  -11.077  47.229 0.2500000000
52278  15.490  -10.553  47.645 0.2500000000
52284  16.097  -11.075  46.252 0.2500000000
107668  15.582  -10.659  46.864 0.2500000000
52286  14.912  -10.085  47.018 0.2500000000
101644  15.768  -10.747  45.536 0.2500000000
53366  15.196  -10.139  45.269 0.2500000000
53383  15.431  -10.145  44.394 0.2500000000
53384  14.781  -9.621  44.534 0.2500000000
53420  16.222  -9.744  42.115 0.2500000000
103192  15.829  -9.974  42.988 0.2500000000
53402  15.250  -9.806  43.670 0.2500000000
96160  30.095  -12.992  49.757 0.5000000000
53435  16.354  -9.255  41.354 0.1250000000
54450  15.551  -9.166  41.689 0.2500000000
53421  15.123  -9.420  42.676 0.2500000000
51156  30.947  -11.734  48.912 0.6250000000
54472  15.941  -8.769  40.916 0.1250000000
53283  31.795  -10.160  49.398 0.5000000000
55483  15.443  -8.098  40.521 0.1250000000
61115  5.365  -0.137  52.985 0.3750000000
53282  32.413  -9.571  49.687 0.3750000000
54490  16.351  -8.207  40.356 0.1250000000
61122  8.821  -0.273  50.568 0.3750000000
61117  8.219  -0.023  51.927 0.3750000000
61934  5.704  0.110  53.221 0.3750000000
100166  33.797  -7.576  49.341 0.3750000000
54313  33.425  -8.202  49.557 0.3750000000
54314  33.002  -8.944  49.844 0.3750000000
58713  10.773  -3.422  45.516 0.2500000000
104811  10.172  -2.704  46.912 0.2500000000
111923  9.846  -2.158  47.941 0.2500000000
61127  9.350  -0.971  49.851 0.3750000000
59449  5.380  -1.544  51.911 0.3750000000
108481  33.626  -8.779  49.579 0.3750000000
57995  11.562  -4.566  43.490 0.1250000000
54330  35.044  -8.499  48.856 0.3750000000
54331  34.159  -9.114  49.278 0.3750000000
108579  14.387  -5.570  39.286 0.1250000000
57287  14.040  -5.903  39.816 0.1250000000
58006  11.698  -4.343  42.530 0.1250000000
49163  20.258  -13.296  51.631 0.2500000000
50147  20.054  -12.942  51.129 0.2500000000
50157  19.530  -12.661  50.814 0.2500000000
50165  18.823  -12.422  49.374 0.2500000000
50166  17.904  -12.023  49.388 0.2500000000
105835  17.162  -11.499  49.413 0.2500000000
50172  18.288  -12.263  48.476 0.2500000000
51177  17.444  -11.824  48.546 0.2500000000
51178  16.698  -11.331  48.693 0.2500000000
51171  16.590  -11.096  49.394 0.2500000000
50178  18.683  -12.333  47.631 0.2500000000
51184  17.817  -12.069  47.660 0.2500000000
51185  16.868  -11.578  47.693 0.2500000000
51183  18.299  -12.107  46.908 0.2500000000
94574  17.445  -11.809  46.846 0.2500000000
97419  16.693  -11.455  46.790 0.2500000000
51191  18.042  -11.819  46.146 0.2500000000
101120  17.086  -11.524  45.935 0.2500000000
51202  17.148  -11.346  45.074 0.2500000000
52293  16.430  -11.131  45.303 0.2500000000
51201  18.000  -11.483  45.237 0.2500000000
51213  17.560  -11.255  44.603 0.2500000000
52306  16.788  -11.064  44.374 0.2500000000
52307  15.912  -10.693  44.748 0.2500000000
52305  17.641  -10.988  43.979 0.2500000000
52316  17.036  -10.681  43.482 0.2500000000
52317  16.095  -10.437  43.758 0.2500000000
52324  18.073  -9.888  42.970 0.1250000000
52315  17.841  -10.472  43.401 0.2500000000
52325  17.392  -10.164  42.859 0.2500000000
53401  16.589  -10.213  42.873 0.2500000000
53418  18.247  -9.229  42.664 0.1250000000
96979  17.047  -9.896  42.278 0.1250000000
53419  17.689  -9.625  42.329 0.1250000000
107785  17.168  -9.375  41.597 0.1250000000
95967  30.984  -10.476  49.087 0.5000000000
54449  18.357  -8.444  42.507 0.1250000000
53434  17.937  -9.023  41.920 0.1250000000
54471  16.790  -8.791  40.872 0.1250000000
61119  4.537  -0.022  52.181 0.3750000000
54470  18.101  -8.311  41.859 0.1250000000
101214  17.554  -8.498  41.205 0.1250000000
54489  17.056  -8.100  40.444 0.1250000000
61123  8.248  0.272  50.494 0.3750000000
61937  6.822  0.498  51.877 0.3750000000
61935  5.199  0.076  52.666 0.3750000000
60270  4.781  -0.527  52.197 0.3750000000
55464  18.399  -7.497  42.454 0.1250000000
55481  18.048  -7.679  41.550 0.1250000000
60288  9.437  -1.176  48.727 0.2500000000
60273  4.578  -1.420  51.434 0.3750000000
103191  18.279  -6.966  42.005 0.1250000000
55482  17.606  -7.615  40.772 0.1250000000
56441  16.646  -6.129  39.257 0.1250000000
57297  15.087  -5.557  38.885 0.1250000000
95467  11.355  -3.837  43.090 0.1250000000
58720  11.061  -3.786  44.780 0.1250000000
59454  4.558  -2.103  50.607 0.3750000000
56347  35.162  -6.640  48.604 0.2500000000
102462  34.467  -7.174  49.043 0.2500000000
56440  17.218  -6.470  39.799 0.1250000000
56442  16.002  -6.598  39.335 0.1250000000
57289  12.798  -5.065  40.787 0.1250000000
58018  12.026  -4.525  41.766 0.1250000000
56356  35.648  -6.580  48.057 0.2500000000
55346  35.259  -7.652  48.856 0.3750000000
55381  35.620  -7.555  47.435 0.2500000000
53309  35.267  -8.656  48.413 0.3750000000
54363  35.320  -8.045  47.242 0.3750000000
54348  35.593  -8.097  47.954 0.3750000000
54364  34.789  -8.695  47.128 0.3750000000
49175  20.740  -13.094  50.951 0.1250000000
50171  19.148  -12.463  48.367 0.2500000000
95566  19.765  -12.532  48.987 0.2500000000
50185  19.112  -12.177  46.944 0.2500000000
50170  19.884  -12.443  48.238 0.2500000000
51190  18.743  -11.912  46.386 0.2500000000
51189  19.485  -11.501  46.395 0.2500000000
51200  18.853  -11.525  45.737 0.2500000000
51211  18.981  -11.041  44.999 0.2500000000
52314  18.372  -10.072  43.499 0.2500000000
53382  18.771  -9.785  44.000 0.2500000000
52304  18.920  -10.395  44.482 0.2500000000
53400  18.517  -9.416  43.396 0.1250000000
54414  18.831  -8.691  44.133 0.1250000000
61951  7.035  0.808  49.979 0.2500000000
96136  6.357  0.779  50.576 0.2500000000
54429  18.596  -8.515  43.314 0.1250000000
61950  7.957  0.532  49.794 0.2500000000
61941  6.994  0.702  50.900 0.3750000000
61943  5.414  0.683  50.860 0.2500000000
94462  4.510  0.277  51.474 0.3750000000
101793  18.585  -7.716  43.187 0.1250000000
61138  9.017  -0.337  48.919 0.2500000000
61940  7.603  0.562  50.472 0.3750000000
61942  6.130  0.615  51.386 0.3750000000
61121  3.411  0.020  51.060 0.3750000000
58038  12.863  -3.910  39.816 0.1250000000
101194  12.380  -3.660  40.428 0.1250000000
58721  10.790  -3.143  44.578 0.1250000000
59493  10.398  -2.590  45.079 0.1250000000
97072  10.262  -2.695  46.014 0.2500000000
97546  9.814  -2.088  47.292 0.2500000000
60271  3.961  -0.546  51.474 0.3750000000
60275  3.155  -0.889  50.968 0.3750000000
57298  14.377  -4.978  38.945 0.1250000000
58028  13.145  -4.728  40.004 0.1250000000
58730  11.132  -3.683  43.918 0.1250000000
60274  3.742  -1.454  50.945 0.3750000000
93913  15.978  -5.830  38.894 0.1250000000
105996  12.373  -4.626  41.182 0.1250000000
57216  35.343  -5.888  48.014 0.2500000000
57295  17.208  -5.552  39.514 0.1250000000
55397  35.421  -7.341  46.828 0.3750000000
50164  19.614  -12.591  49.927 0.2500000000
50156  20.275  -12.790  50.448 0.2500000000
50163  20.492  -12.612  49.549 0.2500000000
50177  19.506  -12.333  47.645 0.2500000000
102457  10.147  3.077  40.686 0.1250000000
64416  9.421  3.470  41.122 0.1250000000
63607  8.715  2.978  41.402 0.1250000000
62796  8.433  1.507  42.293 0.1250000000
99072  10.877  3.205  40.300 0.1250000000
63606  9.450  2.564  41.121 0.1250000000
62806  8.913  2.025  41.685 0.1250000000
63619  10.749  2.363  40.278 0.1250000000
62795  8.996  1.101  42.022 0.1250000000
95443  19.522  -10.619  45.732 0.2500000000
62821  11.889  1.322  39.736 0.1250000000
62805  9.618  1.527  41.382 0.1250000000
52303  19.284  -10.210  45.091 0.2500000000
94754  13.231  0.976  39.157 0.1250000000
62066  12.488  0.792  39.454 0.1250000000
62813  11.062  1.402  40.227 0.1250000000
62804  10.346  1.452  40.785 0.1250000000
62044  9.536  0.715  41.872 0.1250000000
53365  19.443  -9.411  45.660 0.2500000000
62054  11.390  0.616  40.159 0.1250000000
62055  10.741  0.622  40.755 0.1250000000
62043  10.087  0.677  41.363 0.1250000000
53381  19.097  -9.245  44.865 0.1250000000
62065  13.711  0.386  38.883 0.1250000000
98552  12.886  0.199  39.163 0.1250000000
61216  11.752  -0.064  39.918 0.1250000000
61198  11.083  -0.887  40.965 0.1250000000
61980  7.115  0.712  48.265 0.1250000000
61966  6.633  0.848  49.174 0.2500000000
93588  5.725  0.831  49.228 0.2500000000
54399  19.227  -8.392  45.639 0.1250000000
61223  14.719  -0.688  38.619 0.1250000000
61224  14.239  -0.195  38.687 0.1250000000
94037  12.440  -0.711  39.505 0.1250000000
60394  11.502  -1.391  40.630 0.1250000000
61978  8.679  0.047  48.148 0.1250000000
96658  8.004  0.528  48.239 0.1250000000
61952  6.067  0.859  49.960 0.2500000000
60413  14.728  -1.403  38.542 0.1250000000
60414  14.008  -0.975  38.608 0.1250000000
60405  12.606  -1.789  39.457 0.1250000000
59567  11.678  -2.070  40.654 0.1250000000
60340  10.068  -1.829  44.589 0.1250000000
110506  9.677  -1.360  45.142 0.1250000000
60312  9.540  -1.376  46.930 0.1250000000
61944  4.487  0.493  50.727 0.2500000000
106968  3.955  0.201  51.157 0.3750000000
59604  14.670  -2.238  38.477 0.1250000000
59605  13.928  -1.809  38.579 0.1250000000
58781  12.520  -3.124  39.900 0.1250000000
58770  11.932  -2.995  40.715 0.1250000000
58760  11.581  -3.278  41.607 0.1250000000
59519  11.033  -3.052  43.114 0.1250000000
59520  10.651  -2.389  43.539 0.1250000000
60311  9.825  -2.035  46.447 0.1250000000
60300  9.579  -1.451  47.827 0.2500000000
61128  8.695  0.007  49.769 0.2500000000
61124  2.924  -0.371  50.842 0.3750000000
59603  15.336  -2.778  38.468 0.1250000000
58037  13.650  -4.284  39.161 0.1250000000
58759  12.047  -3.923  41.148 0.1250000000
58747  11.413  -3.535  42.399 0.1250000000
58731  10.829  -2.940  43.891 0.1250000000
57308  14.991  -4.840  38.665 0.1250000000
58047  14.526  -4.254  38.667 0.1250000000
60278  2.907  -1.673  50.433 0.3750000000
57307  15.745  -5.007  38.672 0.1250000000
57958  34.811  -5.539  47.262 0.2500000000
110788  35.226  -5.826  47.312 0.2500000000
57214  35.046  -5.820  46.803 0.2500000000
56361  35.444  -7.005  46.832 0.2500000000
56365  35.188  -6.467  46.056 0.2500000000
56366  35.272  -6.829  46.334 0.2500000000
111963  21.493  -13.211  50.798 0.1250000000
50155  21.249  -12.796  50.166 0.2500000000
65097  7.013  4.160  42.605 0.1250000000
64399  6.651  3.514  42.664 0.1250000000
64383  6.135  3.136  42.961 0.1250000000
63583  5.647  2.606  43.463 0.1250000000
108126  7.590  4.064  42.238 0.1250000000
64398  7.220  3.441  42.313 0.1250000000
63569  5.153  2.081  44.023 0.1250000000
64397  7.959  3.422  41.833 0.1250000000
63594  7.463  2.652  42.244 0.1250000000
63595  6.756  2.843  42.555 0.1250000000
63582  6.374  2.330  43.103 0.1250000000
62789  5.982  1.779  43.706 0.1250000000
63593  8.190  2.398  41.929 0.1250000000
63581  7.052  2.057  42.750 0.1250000000
62788  6.757  1.552  43.444 0.1250000000
62777  5.553  1.294  44.360 0.1250000000
62778  4.706  1.539  44.685 0.1250000000
51182  19.888  -11.912  47.120 0.2500000000
62797  7.783  1.795  42.540 0.1250000000
62787  7.456  1.301  43.228 0.1250000000
62775  7.192  1.017  43.881 0.1250000000
62776  6.496  1.037  44.229 0.1250000000
62016  5.907  0.713  44.995 0.1250000000
50176  20.299  -12.209  47.783 0.2500000000
62785  8.668  0.834  42.680 0.1250000000
62786  8.104  0.992  42.993 0.1250000000
62003  5.144  0.682  45.514 0.1250000000
51188  20.183  -11.111  46.844 0.2500000000
62024  8.723  0.418  43.556 0.1250000000
62025  7.904  0.705  44.008 0.1250000000
62014  7.291  0.712  44.605 0.1250000000
62002  6.573  0.543  45.668 0.1250000000
52283  19.929  -10.651  46.357 0.2500000000
62013  8.496  0.181  44.648 0.1250000000
93788  7.886  0.392  45.085 0.1250000000
95567  7.155  0.495  46.305 0.1250000000
61992  6.326  0.511  46.507 0.1250000000
62034  9.256  0.381  42.651 0.1250000000
101449  9.326  -0.070  43.429 0.1250000000
62000  8.438  0.078  45.711 0.1250000000
62001  7.839  0.394  45.999 0.1250000000
61981  5.971  0.592  47.493 0.1250000000
61982  4.799  0.548  47.447 0.2500000000
61199  10.561  -0.205  41.409 0.1250000000
62033  9.894  0.074  42.076 0.1250000000
62012  9.203  -0.240  44.313 0.1250000000
100575  8.885  -0.208  45.145 0.1250000000
61991  7.761  0.455  46.851 0.1250000000
93982  6.973  0.568  47.289 0.1250000000
93587  4.745  0.655  49.258 0.2500000000
54383  19.465  -8.412  46.299 0.2500000000
60382  10.743  -1.134  41.725 0.1250000000
61188  10.250  -0.693  42.277 0.1250000000
61178  10.162  -1.019  43.091 0.1250000000
60341  9.690  -1.014  44.452 0.1250000000
61158  9.042  -0.401  45.881 0.1250000000
61990  8.243  0.254  46.511 0.1250000000
61979  7.669  0.540  47.607 0.1250000000
93586  6.261  0.751  48.437 0.1250000000
60381  11.224  -1.647  41.225 0.1250000000
60370  10.550  -1.441  42.522 0.1250000000
60357  10.436  -1.715  43.282 0.1250000000
60358  10.083  -1.352  43.832 0.1250000000
61168  9.349  -0.708  45.159 0.1250000000
61149  9.189  -0.651  46.684 0.1250000000
61989  8.699  -0.082  46.589 0.1250000000
93357  8.331  0.272  47.337 0.1250000000
61954  4.158  0.496  50.056 0.2500000000
59551  11.409  -2.453  41.389 0.1250000000
60369  10.944  -1.949  41.956 0.1250000000
97548  9.498  -1.212  45.969 0.1250000000
61977  8.919  -0.268  47.361 0.1250000000
95529  3.661  0.242  50.683 0.3750000000
59536  11.157  -2.756  42.192 0.1250000000
59537  10.791  -2.207  42.774 0.1250000000
108590  10.326  -1.959  43.893 0.1250000000
61125  2.468  -0.316  50.463 0.3750000000
60276  2.493  -0.874  50.518 0.3750000000
59460  2.496  -2.110  49.754 0.3750000000
106322  34.766  -5.669  46.560 0.2500000000
59523  0.733  -2.198  42.908 0.3750000000
57223  35.001  -5.784  45.896 0.2500000000
57230  35.479  -5.758  44.957 0.2500000000
60384  0.684  -1.677  41.682 0.3750000000
59540  0.898  -2.243  42.203 0.3750000000
109286  35.432  -6.296  45.670 0.2500000000
60383  1.032  -2.116  41.331 0.3750000000
56372  35.166  -6.424  45.002 0.2500000000
50162  21.356  -12.475  49.244 0.2500000000
50168  21.502  -12.141  48.612 0.2500000000
50175  21.036  -11.928  48.048 0.2500000000
50169  20.658  -12.391  48.584 0.2500000000
51176  21.536  -11.602  48.384 0.2500000000
52275  21.201  -10.940  47.981 0.2500000000
51181  20.595  -11.512  47.448 0.2500000000
93292  5.857  0.540  45.802 0.1250000000
53340  20.802  -9.677  48.046 0.2500000000
52276  20.616  -10.472  47.349 0.2500000000
61993  5.269  0.541  46.452 0.2500000000
61994  4.201  0.614  46.696 0.2500000000
52282  20.230  -10.226  46.815 0.2500000000
53342  19.770  -8.290  47.069 0.2500000000
109191  19.808  -9.551  46.456 0.2500000000
94876  4.203  0.512  48.371 0.2500000000
61955  3.128  0.234  50.127 0.2500000000
61946  2.312  -0.014  50.109 0.3750000000
61129  1.976  -0.514  50.078 0.3750000000
59461  2.007  -1.379  49.931 0.3750000000
59467  1.857  -2.112  49.289 0.3750000000
61190  0.546  -0.848  42.835 0.3750000000
60359  0.588  -1.652  43.447 0.3750000000
58682  34.447  -5.160  46.445 0.1250000000
61200  0.509  -0.894  42.002 0.3750000000
59477  1.158  -2.607  47.907 0.3750000000
57973  35.831  -5.011  44.937 0.1250000000
62046  0.591  -0.031  41.620 0.3750000000
60371  0.586  -1.677  42.496 0.3750000000
57231  35.872  -5.882  44.757 0.2500000000
61207  0.580  -0.901  41.139 0.3750000000
57237  36.819  -5.254  44.647 0.2500000000
110446  0.809  -1.677  41.018 0.3750000000
60395  1.064  -1.964  40.526 0.3750000000
49174  22.231  -12.916  50.374 0.2500000000
93489  21.963  -12.554  49.688 0.2500000000
50161  22.049  -12.207  49.101 0.2500000000
51175  21.933  -11.774  48.729 0.2500000000
61995  3.140  0.731  47.041 0.2500000000
102622  2.730  0.549  47.714 0.2500000000
61983  3.695  0.541  47.566 0.2500000000
97187  2.895  0.402  48.496 0.2500000000
94952  2.424  0.236  49.518 0.2500000000
60279  1.526  -0.760  49.621 0.3750000000
61181  0.736  -0.644  43.701 0.3750000000
93190  0.666  -1.208  45.044 0.3750000000
105648  0.596  -1.242  45.830 0.3750000000
60289  1.208  -1.958  48.761 0.3750000000
60342  0.731  -1.947  44.389 0.3750000000
60327  0.757  -2.001  45.336 0.3750000000
60313  0.662  -1.905  46.353 0.3750000000
58691  35.449  -4.407  45.018 0.1250000000
59487  1.037  -2.572  46.458 0.3750000000
58703  36.273  -4.268  44.627 0.1250000000
57979  36.900  -4.451  44.577 0.2500000000
57245  37.246  -5.267  44.148 0.2500000000
57246  36.870  -5.781  43.774 0.2500000000
61206  0.775  -1.307  40.475 0.3750000000
60406  0.967  -1.606  39.570 0.3750000000
61996  1.960  0.753  47.413 0.2500000000
62759  1.395  1.075  46.934 0.2500000000
61968  1.764  0.249  49.001 0.2500000000
94423  0.790  0.407  46.927 0.2500000000
61997  1.070  0.385  47.683 0.2500000000
61984  1.783  0.414  48.194 0.2500000000
61985  1.170  0.088  48.680 0.2500000000
61139  1.541  -0.036  49.557 0.3750000000
61150  0.580  -0.119  47.415 0.3750000000
61145  0.688  -0.368  48.119 0.3750000000
60290  1.040  -0.745  48.977 0.3750000000
96130  1.448  -1.400  49.360 0.3750000000
95361  0.523  -0.639  46.616 0.3750000000
60301  0.733  -1.570  48.106 0.3750000000
59478  0.786  -2.281  47.209 0.3750000000
59468  35.797  -3.649  44.461 0.1250000000
58710  37.511  -4.077  44.181 0.2500000000
100368  37.404  -4.890  44.378 0.2500000000
59489  36.813  -3.554  44.059 0.2500000000
59488  37.437  -2.617  43.592 0.2500000000
57985  37.803  -4.448  43.983 0.2500000000
94099  38.360  -4.390  43.498 0.2500000000
57253  38.181  -5.380  42.698 0.2500000000
109338  38.904  -3.950  43.078 0.2500000000
57992  38.614  -4.698  42.987 0.2500000000
55543  36.947  -7.106  37.664 0.6250000000
56464  37.969  -6.179  37.958 0.3750000000
55552  37.025  -6.709  36.853 0.5000000000
57310  38.140  -5.463  37.519 0.3750000000
57311  37.617  -6.037  37.151 0.3750000000
56475  37.264  -6.004  36.249 0.3750000000
57358  43.754  -5.032  29.118 0.2500000000
56565  48.612  -6.700  25.388 0.5000000000
109128  49.086  -6.267  24.830 0.5000000000
58785  38.865  -4.047  38.157 0.3750000000
58049  38.525  -4.831  37.896 0.3750000000
109261  38.595  -4.329  37.431 0.3750000000
95261  38.311  -4.813  37.072 0.5000000000
57317  37.833  -5.365  36.652 0.5000000000
57407  49.192  -5.981  24.133 0.5000000000
108426  47.948  -6.060  23.220 0.3750000000
58796  38.810  -3.732  37.222 0.5000000000
58812  38.794  -3.604  36.411 0.3750000000
58057  38.504  -4.195  36.726 0.5000000000
57316  38.151  -4.650  36.100 0.5000000000
58830  38.836  -3.601  35.641 0.5000000000
57320  37.958  -4.711  35.059 0.5000000000
98294  36.669  -6.502  31.973 0.2500000000
58848  38.950  -3.692  34.836 0.5000000000
57351  39.738  -5.825  30.741 0.1250000000
59796  56.275  -2.638  24.081 0.2500000000
60601  56.746  -1.660  23.944 0.1250000000
60600  57.191  -1.535  23.938 0.1250000000
58950  56.436  -2.803  23.493 0.1250000000
60621  57.179  -1.671  23.254 0.1250000000
59812  56.739  -2.286  22.778 0.1250000000
59820  56.265  -2.895  22.410 0.1250000000
58178  52.583  -3.859  20.466 0.6250000000
58132  54.801  -4.460  26.612 0.3750000000
60602  56.198  -2.146  23.941 0.1250000000
58943  55.877  -3.058  24.602 0.2500000000
61399  56.735  -0.659  24.163 0.1250000000
61397  57.530  -1.147  23.784 0.1250000000
62208  57.190  0.095  24.234 0.1250000000
60620  57.556  -1.150  22.570 0.1250000000
60634  57.148  -1.740  22.084 0.1250000000
59819  56.646  -2.318  21.659 0.1250000000
106672  57.544  -0.471  23.971 0.1250000000
62919  57.193  1.218  24.239 0.1250000000
60637  57.366  -1.785  21.075 0.1250000000
58988  52.126  -3.225  16.918 0.1250000000
59842  52.844  -3.155  17.311 0.1250000000
60636  57.953  -1.259  20.022 0.1250000000
60639  58.055  -1.074  19.235 0.1250000000
60640  57.391  -1.660  19.430 0.1250000000
60644  56.500  -2.017  18.803 0.2500000000
59839  55.509  -2.198  18.133 0.2500000000
60651  55.016  -2.134  17.149 0.5000000000
59848  53.392  -3.005  16.808 0.1250000000
58996  52.250  -3.208  16.140 0.1250000000
59000  52.480  -3.292  15.264 0.1250000000
60643  57.414  -1.449  18.500 0.1250000000
60649  57.018  -1.486  17.633 0.2500000000
97188  56.436  -1.764  18.068 0.2500000000
60650  56.015  -1.794  17.341 0.3750000000
60657  55.702  -1.918  16.341 0.3750000000
60658  54.726  -2.492  16.269 0.5000000000
94294  53.921  -2.982  16.175 0.1250000000
58995  53.058  -3.105  16.084 0.1250000000
59854  53.458  -3.041  15.364 0.1250000000
59006  53.024  -3.280  14.556 0.1250000000
111586  52.371  -3.691  14.495 0.1250000000
59007  52.132  -4.291  14.140 0.1250000000
58221  52.528  -4.689  13.598 0.1250000000
57492  53.116  -5.478  13.085 0.1250000000
59853  54.361  -2.780  15.452 0.2500000000
59852  55.192  -2.353  15.507 0.2500000000
101083  53.877  -2.887  14.585 0.1250000000
59013  52.709  -3.807  13.891 0.1250000000
59861  53.467  -3.282  13.845 0.1250000000
58220  53.238  -4.148  13.151 0.1250000000
58225  53.757  -4.868  12.541 0.1250000000
57496  55.833  -5.499  11.191 0.1250000000
58228  55.312  -4.667  11.466 0.1250000000
57498  54.777  -4.794  11.808 0.1250000000
101171  55.920  -4.415  11.031 0.1250000000
60663  55.894  -1.904  15.503 0.3750000000
59859  55.640  -2.138  14.793 0.1250000000
59860  54.801  -2.562  14.676 0.1250000000
101478  54.331  -2.768  13.685 0.1250000000
109168  53.841  -3.371  13.219 0.1250000000
59017  53.956  -3.924  12.635 0.1250000000
59022  55.478  -3.838  11.432 0.1250000000
58224  54.355  -4.453  12.169 0.1250000000
60669  56.225  -1.891  14.140 0.1250000000
60677  55.849  -1.920  13.142 0.1250000000
59870  56.568  -1.685  12.398 0.1250000000
59871  55.628  -2.323  12.292 0.1250000000
59868  54.398  -3.143  12.821 0.1250000000
93319  56.115  -2.259  11.683 0.1250000000
59875  55.647  -3.001  11.607 0.1250000000
59015  55.005  -3.104  12.192 0.1250000000
59023  54.895  -3.993  11.799 0.1250000000
59016  54.499  -3.712  12.296 0.1250000000
58236  56.591  -3.841  10.594 0.1250000000
59874  56.416  -2.777  11.050 0.1250000000
59886  57.002  -3.017  10.522 0.1250000000
59021  55.981  -3.556  11.116 0.1250000000
56308  10.585  -7.272  56.355 0.6250000000
111789  9.705  -7.407  56.480 0.6250000000
56311  8.831  -7.479  56.613 0.6250000000
55312  12.852  -7.018  55.273 0.6250000000
95460  30.744  -12.603  49.204 0.5000000000
50143  31.974  -11.610  48.779 0.5000000000
54379  34.576  -8.506  46.604 0.3750000000
54378  35.002  -7.776  46.582 0.3750000000
55398  35.005  -7.037  45.937 0.2500000000
112034  35.391  -6.602  45.883 0.2500000000
57238  36.503  -5.595  44.555 0.2500000000
56371  35.735  -6.003  44.938 0.2500000000
57986  37.896  -4.933  43.569 0.2500000000
58160  50.847  -4.831  21.776 0.5000000000
56310  9.295  -7.108  56.409 0.6250000000
56325  14.149  -7.055  53.909 0.5000000000
56566  47.745  -7.180  25.678 0.5000000000
103808  9.586  -12.828  51.334 0.1250000000
57935  5.948  -4.798  55.854 0.6250000000
57934  6.565  -4.560  56.190 0.6250000000
58666  6.458  -2.851  53.831 0.6250000000
57440  50.227  -5.060  21.901 0.3750000000
58063  38.403  -4.110  35.349 0.5000000000
59847  54.156  -2.612  16.985 0.3750000000
48076  7.632  -13.329  51.905 0.1250000000
58662  6.355  -3.152  55.293 0.6250000000
57933  7.718  -4.499  56.159 0.6250000000
58653  7.485  -3.522  56.079 0.6250000000
99529  12.087  -5.998  47.936 0.2500000000
59432  7.318  -2.283  55.597 0.6250000000
60260  6.159  -1.277  55.001 0.5000000000
59444  6.052  -1.639  53.426 0.3750000000
55370  13.202  -7.782  48.815 0.2500000000
54327  13.700  -8.016  50.355 0.2500000000
56342  12.960  -6.879  50.258 0.3750000000
55329  13.645  -7.095  51.632 0.5000000000
55389  12.982  -7.579  47.390 0.2500000000
57220  11.961  -5.992  48.895 0.3750000000
58661  9.360  -2.888  54.813 0.5000000000
59438  9.302  -1.853  53.968 0.5000000000
59431  8.113  -2.273  55.536 0.6250000000
56403  13.146  -7.266  42.877 0.2500000000
58671  11.014  -3.655  50.921 0.5000000000
58675  10.633  -3.162  50.503 0.5000000000
60261  8.974  -1.203  53.547 0.5000000000
109468  7.884  -1.171  55.090 0.3750000000
61107  6.995  -0.415  54.659 0.3750000000
58706  11.062  -4.098  46.252 0.2500000000
58687  10.399  -3.184  48.250 0.3750000000
60265  8.687  -0.689  53.087 0.3750000000
61110  6.641  -0.082  54.251 0.3750000000
60263  5.980  -0.937  54.389 0.3750000000
61118  7.456  0.312  52.462 0.3750000000
100967  15.588  -9.519  51.905 0.2500000000
55318  14.572  -7.615  53.796 0.5000000000
55319  14.201  -7.245  53.382 0.5000000000
56315  10.298  -6.780  56.204 0.6250000000
94382  15.662  -10.307  49.359 0.2500000000
110536  15.258  -9.884  49.719 0.2500000000
53291  14.322  -8.470  51.036 0.2500000000
55323  13.986  -7.187  52.634 0.5000000000
100161  12.647  -5.684  54.155 0.5000000000
104256  11.711  -5.845  55.089 0.6250000000
53329  15.093  -9.889  49.019 0.2500000000
54356  14.084  -9.166  48.194 0.2500000000
54341  14.084  -8.932  49.116 0.2500000000
56333  12.918  -5.986  52.049 0.5000000000
109698  11.630  -5.359  54.838 0.5000000000
53343  14.374  -9.537  47.482 0.2500000000
57931  9.209  -4.833  55.626 0.6250000000
57202  12.411  -5.438  51.585 0.5000000000
58655  9.773  -3.732  54.828 0.6250000000
57951  11.462  -4.224  51.451 0.5000000000
110761  10.489  -3.486  54.166 0.5000000000
58660  10.047  -3.247  54.466 0.5000000000
54451  14.295  -8.671  42.788 0.2500000000
107306  14.803  -8.815  42.083 0.2500000000
59455  10.003  -2.364  49.104 0.3750000000
52249  31.944  -10.557  49.278 0.6250000000
58698  10.486  -3.313  47.436 0.3750000000
61116  8.804  -0.420  51.379 0.3750000000
61932  6.206  0.122  53.785 0.3750000000
61114  5.838  -0.117  53.690 0.3750000000
52258  32.952  -10.535  49.441 0.6250000000
52248  32.509  -10.161  49.584 0.3750000000
108212  8.396  0.031  51.113 0.3750000000
61933  6.494  0.350  52.935 0.3750000000
53311  34.070  -9.820  49.098 0.3750000000
52263  33.880  -10.538  48.938 0.6250000000
51162  33.309  -10.880  49.131 0.5000000000
57299  13.802  -5.181  39.540 0.1250000000
111030  18.567  -12.241  50.669 0.2500000000
52265  16.222  -10.657  49.766 0.2500000000
52285  15.359  -10.443  46.173 0.2500000000
52250  31.346  -10.824  49.115 0.6250000000
55504  16.664  -7.670  40.027 0.1250000000
61936  7.734  0.387  51.298 0.3750000000
61938  5.861  0.369  52.385 0.3750000000
55347  34.230  -8.149  49.120 0.2500000000
55333  32.862  -8.256  49.633 0.3750000000
54329  35.601  -7.990  48.489 0.2500000000
96215  18.927  -12.429  50.361 0.2500000000
51212  18.292  -11.093  44.464 0.2500000000
95395  18.381  -10.572  43.901 0.2500000000
55503  17.166  -7.340  40.107 0.1250000000
61939  5.201  0.350  51.893 0.3750000000
56402  18.531  -6.457  42.727 0.1250000000
106225  35.784  -7.630  47.998 0.2500000000
98436  35.675  -7.046  47.559 0.2500000000
61965  7.529  0.703  49.074 0.1250000000
61953  5.139  0.776  50.024 0.2500000000
61120  3.866  0.003  51.528 0.3750000000
106307  9.309  -0.850  47.368 0.1250000000
61144  9.190  -0.638  48.051 0.2500000000
61964  8.380  0.346  48.991 0.2500000000
108187  3.435  -0.321  51.173 0.3750000000
58780  13.228  -3.203  39.130 0.1250000000
106831  13.899  -2.669  38.590 0.1250000000
59505  10.509  -2.475  44.260 0.1250000000
60326  9.917  -1.977  45.541 0.1250000000
58046  15.384  -4.240  38.553 0.1250000000
63605  10.046  2.202  40.843 0.1250000000
62820  12.766  1.550  39.454 0.1250000000
99665  12.268  0.142  39.531 0.1250000000
96168  11.182  -0.111  40.604 0.1250000000
61215  13.387  -0.430  38.862 0.1250000000
95655  11.621  -0.793  40.264 0.1250000000
60404  13.235  -1.321  38.903 0.1250000000
60393  11.952  -1.535  40.048 0.1250000000
59584  13.230  -2.230  38.930 0.1250000000
59566  12.204  -2.353  40.018 0.1250000000
101834  14.560  -2.955  38.462 0.1250000000
61945  2.930  0.006  50.594 0.3750000000
97287  34.873  -5.700  45.827 0.2500000000
62015  6.745  0.686  44.975 0.1250000000
100071  7.284  0.543  45.452 0.1250000000
61189  9.733  -0.357  42.856 0.1250000000
110386  6.608  0.658  47.894 0.1250000000
61967  5.323  0.649  48.371 0.2500000000
61179  9.707  -0.668  43.667 0.1250000000
57966  34.713  -5.049  45.698 0.1250000000
53341  20.202  -9.218  47.415 0.2500000000
93536  3.598  0.411  49.314 0.2500000000
57980  36.810  -4.828  44.823 0.2500000000
106350  21.345  -10.050  48.512 0.2500000000
62758  2.404  1.111  46.754 0.2500000000
60343  0.651  -1.235  44.239 0.3750000000
108428  37.355  -4.571  44.458 0.2500000000
62769  1.966  1.880  46.563 0.2500000000
59479  36.031  -2.893  43.901 0.1250000000
97455  37.622  -3.419  43.759 0.2500000000
97784  36.775  -2.565  43.635 0.2500000000
58718  38.199  -3.766  43.632 0.2500000000
57321  37.555  -5.312  35.673 0.5000000000
56574  47.794  -6.925  24.727 0.5000000000
56573  48.487  -6.410  24.443 0.5000000000
100274  38.495  -4.017  36.044 0.5000000000
59795  56.704  -2.055  23.682 0.1250000000
61398  57.287  -0.963  24.182 0.1250000000
62920  56.973  1.189  24.370 0.1250000000
62905  57.092  2.134  24.409 0.1250000000
109434  57.851  -1.433  20.659 0.1250000000
59849  52.752  -3.158  16.664 0.1250000000
59001  51.676  -3.871  14.766 0.1250000000
95579  56.495  -1.715  15.019 0.2500000000
59867  55.298  -2.285  13.901 0.1250000000
111928  55.249  -3.483  11.747 0.1250000000
60668  57.162  -1.497  14.436 0.2500000000
95139  54.998  -2.476  12.951 0.1250000000
98999  57.379  -1.403  12.054 0.1250000000
60684  56.842  -1.881  11.514 0.1250000000
59873  57.227  -2.244  10.858 0.1250000000
50145  30.030  -12.195  49.162 0.5000000000
93750  29.579  -11.349  49.244 0.5000000000
49137  29.411  -12.820  49.875 0.5000000000
53284  30.552  -10.200  48.977 0.2500000000
51145  28.618  -11.264  49.561 0.3750000000
51157  29.084  -12.062  49.427 0.3750000000
93989  27.507  -12.260  49.705 0.3750000000
51147  26.770  -11.554  50.046 0.3750000000
53267  27.159  -10.514  49.983 0.2500000000
54304  25.553  -9.692  49.901 0.1250000000
52240  24.091  -10.492  50.783 0.1250000000
50146  23.561  -12.559  50.862 0.1250000000
51164  22.873  -11.212  49.901 0.1250000000
54294  24.185  -9.835  50.570 0.1250000000
54324  23.169  -8.721  50.702 0.1250000000
52269  21.808  -10.912  48.746 0.1250000000
54340  22.080  -8.150  50.209 0.1250000000
54355  21.483  -8.427  49.686 0.1250000000
54371  19.996  -8.069  47.804 0.1250000000
54339  24.661  -8.625  49.432 0.1250000000
55366  22.805  -7.611  49.228 0.1250000000
55367  21.793  -7.338  49.061 0.1250000000
55386  20.559  -6.997  47.971 0.1250000000
112302  24.592  -8.648  47.967 0.1250000000
54369  23.261  -8.137  47.381 0.1250000000
55384  22.513  -7.479  48.314 0.1250000000
54397  21.962  -7.620  46.405 0.1250000000
53353  23.894  -8.714  46.585 0.1250000000
92955  22.955  -8.299  46.468 0.1250000000
53378  24.081  -9.500  44.280 0.1250000000
53379  23.487  -9.183  44.861 0.1250000000
110812  22.881  -8.942  44.583 0.1250000000
54396  22.702  -8.491  45.436 0.1250000000
101144  23.328  -9.317  44.075 0.1250000000
58065  4.395  -3.921  35.304 0.3750000000
58069  4.324  -3.859  34.587 0.3750000000
60423  1.312  -1.906  37.553 0.2500000000
95991  1.391  -1.210  36.869 0.1250000000
60433  1.568  -2.109  36.654 0.2500000000
106652  1.901  -2.577  36.380 0.2500000000
94897  1.498  -1.491  35.935 0.2500000000
58844  2.111  -3.291  35.074 0.3750000000
104244  1.656  -2.437  34.754 0.1250000000
100019  1.719  -2.403  35.655 0.2500000000
58070  3.524  -3.709  34.965 0.3750000000
58859  2.253  -3.409  34.550 0.2500000000
58860  1.928  -3.242  34.525 0.2500000000
58876  2.745  -3.405  34.041 0.1250000000
58877  2.118  -3.120  33.914 0.2500000000
61232  1.155  -0.890  37.831 0.2500000000
93941  1.572  -0.208  36.945 0.1250000000
61245  1.615  -0.734  35.172 0.2500000000
60441  1.588  -1.680  34.956 0.2500000000
59683  2.436  -2.461  33.564 0.1250000000
60451  1.738  -1.972  34.083 0.2500000000
59682  2.944  -2.980  33.560 0.2500000000
110166  0.963  -1.026  38.736 0.2500000000
62077  1.347  -0.118  38.520 0.2500000000
62085  1.640  0.232  37.659 0.1250000000
62095  2.041  0.635  36.874 0.1250000000
60415  1.084  -1.806  38.470 0.2500000000
61238  1.615  -0.499  36.112 0.1250000000
62109  1.774  0.190  35.381 0.1250000000
99377  2.048  -1.249  33.833 0.1250000000
61273  2.522  -1.022  33.596 0.1250000000
94855  1.761  -0.004  34.458 0.1250000000
94358  33.936  -8.721  38.294 0.3750000000
54521  33.168  -9.132  37.972 0.2500000000
94967  0.855  -0.640  40.099 0.2500000000
96522  1.245  0.229  40.017 0.2500000000
62068  1.790  0.601  39.260 0.2500000000
62084  2.312  1.011  37.487 0.1250000000
62096  1.893  0.364  36.205 0.1250000000
112537  2.186  1.015  36.224 0.1250000000
62845  1.941  1.005  35.545 0.1250000000
95745  2.647  -0.127  33.577 0.1250000000
99836  3.144  -1.315  33.548 0.1250000000
54519  34.661  -8.506  37.663 0.3750000000
94172  0.510  -1.149  47.330 0.2500000000
61159  0.747  -0.151  45.801 0.2500000000
62815  1.627  1.376  40.948 0.2500000000
62814  2.293  1.725  40.466 0.2500000000
63633  2.972  2.031  40.023 0.1250000000
100548  1.255  0.704  40.622 0.2500000000
62824  1.796  1.012  40.149 0.1250000000
62823  2.468  1.391  39.652 0.1250000000
62829  2.550  1.271  38.808 0.1250000000
62056  0.749  -0.024  40.750 0.2500000000
62076  2.021  0.742  38.303 0.1250000000
62844  2.508  1.330  36.662 0.1250000000
62139  2.461  0.787  33.666 0.1250000000
62140  1.960  0.775  34.045 0.1250000000
95088  1.751  0.918  34.736 0.1250000000
62138  3.101  0.444  33.542 0.1250000000
62869  2.119  1.463  33.871 0.1250000000
62017  1.125  0.657  45.167 0.2500000000
61169  0.838  -0.378  44.655 0.2500000000
64419  2.261  3.419  42.043 0.1250000000
64418  2.670  3.830  41.742 0.1250000000
61180  1.148  0.313  44.013 0.2500000000
63608  2.384  2.994  41.476 0.1250000000
62026  0.937  0.044  43.087 0.2500000000
63622  2.060  2.170  41.248 0.2500000000
63621  2.643  2.494  40.763 0.2500000000
64438  2.935  3.265  41.074 0.1250000000
63620  3.306  2.757  40.379 0.1250000000
62036  0.629  -0.173  42.343 0.2500000000
63632  3.617  2.352  39.581 0.1250000000
63641  3.783  2.102  38.678 0.1250000000
62835  2.614  1.302  38.057 0.1250000000
62834  3.029  1.642  37.319 0.1250000000
62853  2.235  1.734  35.747 0.1250000000
63662  2.383  2.601  35.425 0.1250000000
63672  2.060  2.198  33.953 0.1250000000
63665  1.890  2.337  34.511 0.1250000000
62867  3.071  1.396  33.430 0.1250000000
62868  2.521  1.845  33.619 0.1250000000
64481  2.040  3.021  34.060 0.1250000000
63671  2.497  2.817  33.630 0.1250000000
64480  2.582  3.898  33.653 0.1250000000
65083  2.102  4.711  44.104 0.1250000000
65084  1.834  3.846  44.406 0.1250000000
96230  2.376  4.600  43.092 0.1250000000
64386  2.123  3.994  43.340 0.1250000000
64401  2.044  3.359  42.655 0.1250000000
64400  2.396  4.079  42.462 0.1250000000
65098  2.692  4.838  42.495 0.1250000000
64387  1.862  3.226  43.599 0.2500000000
112151  2.679  4.364  42.098 0.1250000000
62790  1.424  1.396  44.341 0.2500000000
63596  1.743  2.534  42.783 0.2500000000
63609  1.919  2.735  41.980 0.2500000000
64417  3.163  3.943  41.315 0.1250000000
100151  1.284  0.814  43.331 0.2500000000
62035  1.010  0.716  42.338 0.2500000000
62807  1.521  1.722  41.923 0.2500000000
62045  1.050  0.773  41.344 0.2500000000
64451  4.004  3.000  40.009 0.1250000000
62822  3.136  1.783  39.184 0.1250000000
62828  3.165  1.678  38.303 0.1250000000
64460  5.011  2.884  38.615 0.1250000000
63650  4.544  2.476  37.276 0.1250000000
63651  3.816  2.052  37.716 0.1250000000
63658  3.728  2.327  36.691 0.1250000000
62843  2.854  2.041  36.238 0.1250000000
63657  4.527  2.759  36.678 0.1250000000
63663  1.991  2.308  35.077 0.1250000000
63670  3.146  2.460  33.303 0.1250000000
64474  2.111  2.957  34.708 0.1250000000
59753  54.446  -3.117  27.148 0.2500000000
58933  54.675  -3.644  27.882 0.1250000000
59764  54.661  -3.362  26.392 0.2500000000
64487  3.097  4.319  33.216 0.1250000000
65174  2.906  4.873  33.355 0.1250000000
58935  55.037  -3.852  26.970 0.2500000000
64373  1.639  3.108  44.757 0.2500000000
101177  2.233  5.646  44.193 0.1250000000
63585  1.664  2.376  43.932 0.2500000000
62798  1.477  1.612  43.043 0.2500000000
65112  3.696  4.446  41.140 0.1250000000
64437  3.549  3.537  40.731 0.1250000000
64469  3.961  3.084  36.124 0.1250000000
94363  52.807  -2.083  27.379 0.1250000000
59742  53.764  -2.008  28.926 0.1250000000
59734  54.089  -2.502  29.597 0.1250000000
59765  53.543  -2.673  26.410 0.1250000000
59741  54.400  -2.969  28.812 0.1250000000
58921  54.368  -3.194  29.345 0.1250000000
58930  54.510  -3.716  28.737 0.2500000000
58937  55.047  -3.904  26.272 0.1250000000
58945  54.883  -3.750  25.498 0.2500000000
59755  52.313  -2.177  26.625 0.1250000000
59754  53.371  -2.484  27.083 0.1250000000
59744  53.929  -2.493  27.923 0.1250000000
59721  53.380  -1.823  30.876 0.1250000000
59704  51.948  -1.751  31.678 0.2500000000
59735  53.779  -2.075  30.288 0.1250000000
59798  52.560  -2.199  23.876 0.1250000000
99066  53.820  -2.869  25.529 0.1250000000
106039  53.396  -2.164  23.825 0.1250000000
94015  53.655  -2.557  24.519 0.1250000000
59779  55.834  -2.746  24.444 0.1250000000
108158  55.571  -3.121  24.791 0.1250000000
59797  54.642  -2.513  24.331 0.1250000000
101651  54.771  -3.473  25.879 0.1250000000
59780  54.712  -3.334  25.091 0.1250000000
60480  52.243  -0.537  32.225 0.2500000000
60482  49.696  -1.218  32.694 0.3750000000
60471  49.286  -0.742  33.274 0.5000000000
106294  51.452  -1.205  32.321 0.3750000000
60481  50.562  -1.227  32.545 0.3750000000
59766  52.285  -2.350  25.677 0.1250000000
102408  53.603  -1.510  29.863 0.1250000000
59703  52.966  -1.169  31.455 0.2500000000
59705  50.714  -1.965  31.882 0.3750000000
59782  51.484  -2.176  24.873 0.1250000000
110735  51.662  -2.094  26.104 0.1250000000
59781  52.554  -2.417  24.673 0.1250000000
59799  51.685  -2.229  24.032 0.1250000000
60603  53.778  -1.690  23.489 0.1250000000
98161  52.647  -1.649  23.328 0.1250000000
61413  51.665  -0.705  22.671 0.1250000000
62225  51.470  0.236  22.484 0.1250000000
108627  54.037  -0.694  23.193 0.1250000000
61412  53.060  -0.324  22.755 0.1250000000
62224  52.294  -0.108  22.565 0.1250000000
101823  51.727  1.143  22.493 0.1250000000
103269  52.525  1.173  22.601 0.1250000000
60469  51.383  -0.406  32.844 0.3750000000
61329  52.984  -0.225  31.009 0.1250000000
60497  53.282  -0.974  30.770 0.1250000000
96653  51.012  -2.161  24.290 0.1250000000
60624  51.102  -1.435  22.941 0.1250000000
60605  51.032  -2.047  23.614 0.1250000000
61414  50.833  -0.538  22.587 0.1250000000
112466  49.792  -1.606  22.973 0.1250000000
51170  22.339  -11.540  49.222 0.1250000000
52253  23.538  -10.101  50.849 0.1250000000
54305  24.748  -9.471  50.074 0.1250000000
53270  25.099  -10.367  50.405 0.1250000000
54338  25.539  -9.003  49.512 0.1250000000
54337  26.350  -9.414  49.681 0.1250000000
54321  26.434  -9.648  49.776 0.1250000000
52264  22.305  -10.431  49.536 0.1250000000
96331  29.504  -10.264  49.023 0.2500000000
107522  23.897  -10.685  50.918 0.1250000000
53289  22.807  -9.163  50.885 0.1250000000
54302  27.780  -10.160  49.579 0.2500000000
55335  24.874  -8.988  50.233 0.1250000000
55336  24.252  -8.813  50.429 0.1250000000
54303  26.618  -9.974  50.091 0.1250000000
51148  25.129  -11.516  50.670 0.2500000000
53315  26.963  -9.563  49.044 0.1250000000
54518  35.438  -8.099  37.309 0.2500000000
58922  54.140  -3.026  29.970 0.1250000000
93839  30.517  -11.193  49.060 0.5000000000
54299  31.827  -9.644  49.478 0.2500000000
54315  32.371  -8.982  49.691 0.2500000000
54300  31.127  -9.853  49.145 0.1250000000
94815  19.317  -7.547  46.047 0.1250000000
53328  20.425  -8.460  48.301 0.1250000000
50154  22.643  -12.189  49.749 0.1250000000
97077  21.652  -9.656  49.230 0.1250000000
53327  20.973  -8.948  48.875 0.1250000000
52251  30.043  -10.661  49.047 0.5000000000
106409  28.263  -11.932  49.502 0.3750000000
52252  29.016  -10.713  49.347 0.2500000000
105682  27.994  -12.907  50.077 0.3750000000
95340  27.210  -12.922  50.152 0.3750000000
51146  27.666  -11.355  49.809 0.3750000000
50134  26.605  -12.361  50.106 0.3750000000
52236  26.967  -10.838  50.239 0.3750000000
52237  26.234  -11.084  50.477 0.3750000000
53268  26.527  -10.483  50.150 0.2500000000
53286  27.609  -10.416  49.737 0.3750000000
54322  25.529  -9.202  49.794 0.1250000000
54291  26.088  -10.091  50.036 0.1250000000
53269  25.815  -10.430  50.265 0.1250000000
108815  23.802  -10.006  50.894 0.1250000000
52239  24.624  -11.052  50.740 0.2500000000
51150  24.349  -11.457  50.940 0.2500000000
110408  24.581  -12.174  51.017 0.2500000000
105516  23.414  -10.945  50.565 0.1250000000
50153  23.344  -11.952  50.282 0.1250000000
109706  23.743  -10.798  50.946 0.1250000000
49160  23.531  -13.269  51.247 0.1250000000
51158  23.861  -11.561  50.915 0.1250000000
52254  22.858  -9.953  50.342 0.1250000000
54307  23.538  -9.227  50.729 0.1250000000
54306  24.087  -9.323  50.434 0.1250000000
54293  24.474  -9.907  50.346 0.2500000000
54308  23.063  -8.932  50.877 0.1250000000
54325  22.703  -8.525  50.569 0.1250000000
55352  23.103  -7.974  49.986 0.1250000000
55351  24.005  -8.455  50.029 0.1250000000
55337  23.451  -8.533  50.446 0.1250000000
55354  21.449  -7.665  49.512 0.1250000000
53316  22.058  -9.226  50.013 0.1250000000
55353  22.235  -7.731  49.816 0.1250000000
53300  22.514  -8.798  50.572 0.1250000000
105881  20.817  -7.921  49.014 0.1250000000
55369  20.411  -7.602  48.254 0.1250000000
54323  24.863  -8.816  50.091 0.1250000000
54353  24.526  -8.547  48.663 0.1250000000
55365  23.789  -8.187  49.282 0.1250000000
54354  23.687  -8.115  48.304 0.1250000000
55368  20.929  -7.255  48.796 0.1250000000
55385  21.436  -7.092  48.220 0.1250000000
55401  21.186  -6.972  47.311 0.1250000000
55387  20.023  -7.433  47.398 0.1250000000
54367  25.201  -8.906  48.252 0.1250000000
54368  24.237  -8.629  47.368 0.1250000000
53339  24.650  -9.020  46.703 0.1250000000
54370  22.225  -7.526  47.359 0.1250000000
54398  21.638  -7.646  45.432 0.1250000000
53354  23.644  -8.926  45.729 0.1250000000
58077  3.489  -3.610  34.291 0.2500000000
58858  2.755  -3.540  34.704 0.2500000000
59684  1.915  -2.501  33.791 0.2500000000
61255  1.774  -0.983  34.266 0.1250000000
60468  2.151  -1.853  33.660 0.1250000000
53477  32.500  -9.299  37.633 0.2500000000
61274  2.127  -0.266  33.834 0.1250000000
61225  1.100  -0.432  39.359 0.2500000000
95791  1.820  1.712  34.989 0.1250000000
62859  1.835  1.601  34.299 0.1250000000
64477  2.268  3.853  34.282 0.1250000000
64479  3.051  3.502  33.252 0.1250000000
65113  3.024  4.610  41.811 0.1250000000
64450  4.672  3.287  39.525 0.1250000000
63640  4.487  2.404  38.145 0.1250000000
65172  2.515  4.793  33.839 0.1250000000
60542  52.941  -1.628  28.118 0.1250000000
60521  53.038  -1.189  29.032 0.1250000000
59722  52.632  -2.285  31.051 0.2500000000
96732  55.095  -1.766  23.688 0.1250000000
61308  52.801  -0.308  31.562 0.2500000000
59767  51.097  -1.942  25.660 0.1250000000
60604  51.771  -1.875  23.415 0.1250000000
60622  53.165  -1.046  23.022 0.1250000000
60623  52.431  -0.888  22.800 0.1250000000
112366  51.913  -1.348  22.953 0.1250000000
101381  50.905  1.024  22.426 0.1250000000
62211  53.689  0.300  22.929 0.1250000000
62223  52.841  0.443  22.638 0.1250000000
111680  25.389  -11.077  50.574 0.1250000000
97463  25.062  -10.821  50.601 0.2500000000
54351  26.093  -9.329  48.892 0.1250000000
52235  27.907  -10.702  49.765 0.3750000000
54319  28.635  -9.956  49.368 0.2500000000
104720  29.046  -10.119  49.251 0.2500000000
50136  25.105  -12.415  51.003 0.2500000000
93619  25.629  -11.336  50.520 0.2500000000
51149  24.766  -11.925  50.853 0.2500000000
54316  31.738  -9.266  49.375 0.1250000000
98914  23.010  -12.596  50.392 0.1250000000
96332  26.237  -10.728  50.360 0.2500000000
51132  -1.828  -11.230  56.280 0.1250000000
52256  -2.101  -10.574  51.428 0.1250000000
53256  -1.760  -10.042  54.344 0.1250000000
52247  -2.117  -10.312  52.285 0.1250000000
52234  -2.035  -10.227  52.967 0.1250000000
96729  -1.987  -10.577  50.697 0.1250000000
53281  -1.920  -9.993  52.561 0.1250000000
53297  -1.994  -10.040  51.969 0.1250000000
52261  -1.807  -10.320  50.293 0.1250000000
53308  -1.764  -10.162  51.049 0.1250000000
53333  -1.726  -10.257  48.492 0.1250000000
99724  -1.538  -10.018  48.995 0.2500000000
53319  -1.650  -10.149  49.727 0.2500000000
53345  -1.642  -10.123  47.855 0.1250000000
100075  -1.753  -10.309  49.126 0.1250000000
53344  -1.325  -9.720  47.393 0.2500000000
53369  -1.324  -9.861  45.946 0.1250000000
54391  -1.037  -9.543  46.605 0.2500000000
53368  -0.950  -9.628  45.335 0.2500000000
54423  -0.124  -9.361  44.435 0.2500000000
97212  -0.351  -9.512  44.084 0.1250000000
54440  0.190  -9.250  43.834 0.1250000000
46141  30.623  -15.635  44.041 0.1250000000
46153  30.387  -15.936  43.378 0.1250000000
93633  29.490  -16.263  43.471 0.1250000000
46143  29.149  -15.977  43.859 0.1250000000
46155  28.787  -16.314  43.287 0.1250000000
47147  30.794  -15.462  43.411 0.1250000000
96968  10.880  -13.177  50.189 0.2500000000
105874  11.569  -13.197  50.232 0.2500000000
48095  12.253  -13.906  49.247 0.2500000000
49184  11.434  -13.512  49.550 0.2500000000
97378  24.814  -15.167  46.279 0.3750000000
47112  24.098  -15.099  45.675 0.1250000000
47133  23.497  -15.041  45.010 0.1250000000
111131  22.874  -15.370  45.191 0.2500000000
110005  22.086  -15.637  44.813 0.2500000000
55564  35.598  -7.516  35.187 0.2500000000
55580  35.544  -7.593  34.316 0.2500000000
60444  45.851  -1.683  34.711 0.5000000000
93845  47.031  0.675  34.732 0.2500000000
61239  46.680  0.355  35.349 0.2500000000
109792  45.017  0.363  36.400 0.1250000000
61233  44.913  0.197  36.690 0.1250000000
61256  50.391  0.193  33.407 0.2500000000
61276  49.766  0.102  33.718 0.2500000000
62122  48.543  0.545  34.026 0.2500000000
62110  47.997  0.560  34.408 0.2500000000
61240  46.159  0.129  36.041 0.2500000000
60424  45.537  -0.118  36.473 0.2500000000
93231  44.385  -1.359  36.416 0.2500000000
59646  43.557  -1.610  36.629 0.2500000000
60452  48.913  -0.278  33.951 0.2500000000
60453  48.034  -0.531  34.229 0.2500000000
60442  47.459  -0.359  34.764 0.2500000000
60434  46.542  -0.233  35.596 0.2500000000
110537  46.106  -0.991  35.339 0.3750000000
60436  45.200  -1.018  36.198 0.3750000000
59645  43.718  -2.306  35.707 0.3750000000
100914  42.868  -2.500  35.869 0.3750000000
93176  42.244  -3.026  35.148 0.3750000000
100048  47.150  -1.084  34.235 0.3750000000
60445  44.600  -2.061  35.398 0.3750000000
62144  49.203  0.570  33.483 0.2500000000
62121  49.482  0.381  33.659 0.2500000000
61257  48.691  0.390  34.157 0.2500000000
61275  51.093  0.130  33.267 0.2500000000
59647  41.932  -2.615  35.966 0.5000000000
56548  45.606  -6.911  27.503 0.2500000000
55638  45.127  -7.338  26.972 0.2500000000
55637  45.898  -7.466  26.953 0.3750000000
55668  46.009  -7.632  26.147 0.2500000000
56567  46.364  -7.469  25.413 0.1250000000
55652  45.383  -7.618  26.482 0.3750000000
56575  46.206  -7.242  24.649 0.1250000000
56568  45.630  -7.506  25.271 0.1250000000
94082  47.005  -7.254  25.066 0.1250000000
56586  47.805  -6.448  23.883 0.2500000000
93132  46.908  -6.848  24.084 0.1250000000
54408  -0.721  -9.434  45.895 0.2500000000
54407  -0.263  -9.318  45.169 0.2500000000
56558  46.712  -7.379  26.786 0.3750000000
95997  -1.628  -10.620  56.334 0.1250000000
95993  -1.905  -10.365  54.988 0.1250000000
53266  -1.800  -9.959  53.372 0.1250000000
98412  -0.727  -9.181  47.200 0.2500000000
53332  -1.442  -9.846  48.222 0.2500000000
47132  24.310  -14.825  44.902 0.1250000000
51153  -2.327  -10.998  52.122 0.1250000000
52228  -2.090  -10.458  53.865 0.1250000000
53358  -1.635  -10.256  47.233 0.2500000000
53357  -1.432  -9.924  46.717 0.2500000000
110777  30.380  -16.079  42.612 0.1250000000
60443  46.703  -0.922  34.870 0.2500000000
62086  45.594  0.292  36.250 0.1250000000
60425  44.849  -0.304  36.867 0.1250000000
61247  47.205  0.086  35.164 0.2500000000
60435  45.936  -0.583  35.991 0.2500000000
60426  44.167  -0.542  37.303 0.1250000000
93109  45.474  -1.461  35.410 0.3750000000
48218  31.712  -14.485  41.959 0.1250000000
49138  28.772  -13.195  50.187 0.3750000000
48055  28.737  -13.538  50.351 0.3750000000
48056  28.147  -13.883  50.301 0.3750000000
49248  31.990  -13.887  41.886 0.1250000000
94801  28.514  -12.539  49.791 0.2500000000
49139  27.862  -13.405  50.268 0.3750000000
49140  26.940  -13.362  50.587 0.2500000000
54317  30.898  -9.724  49.078 0.1250000000
54318  29.854  -9.943  49.137 0.1250000000
50135  26.077  -12.530  50.677 0.2500000000
93516  26.272  -13.179  51.014 0.2500000000
105794  26.527  -13.705  50.999 0.3750000000
94516  25.764  -13.586  51.402 0.2500000000
93626  25.646  -12.834  51.125 0.2500000000
105696  25.512  -14.253  51.480 0.2500000000
94707  34.850  -5.821  48.578 0.1250000000
94515  25.165  -13.157  51.507 0.1250000000
57217  34.113  -5.630  48.392 0.1250000000
57959  34.643  -5.470  47.967 0.1250000000
50137  24.680  -12.723  51.346 0.1250000000
111874  24.510  -14.034  51.626 0.1250000000
57960  33.955  -5.143  47.735 0.1250000000
93099  23.868  -14.143  51.560 0.1250000000
53489  34.320  -8.734  36.774 0.2500000000
62004  4.519  0.680  45.978 0.1250000000
62768  3.239  1.389  46.065 0.1250000000
62770  1.667  1.764  46.305 0.1250000000
62780  1.339  1.656  45.742 0.1250000000
62767  4.324  1.049  45.424 0.1250000000
62005  3.675  0.873  46.256 0.1250000000
95357  2.886  1.995  45.984 0.1250000000
63560  1.547  2.554  46.063 0.1250000000
63559  1.768  2.700  46.279 0.1250000000
59498  38.176  -2.754  43.509 0.1250000000
64363  1.736  3.366  46.317 0.1250000000
64364  1.518  3.159  45.851 0.1250000000
59510  38.835  -3.042  43.202 0.1250000000
59509  39.323  -2.315  42.993 0.1250000000
58726  39.220  -3.212  42.828 0.1250000000
59524  39.531  -2.742  42.336 0.1250000000
110084  39.601  -2.794  41.764 0.1250000000
59541  39.576  -2.819  41.239 0.1250000000
60386  40.137  -1.240  40.378 0.1250000000
60329  38.144  -1.611  43.664 0.1250000000
59497  38.814  -1.932  43.455 0.1250000000
60344  39.839  -0.688  43.152 0.1250000000
60361  39.807  -1.479  42.640 0.1250000000
98533  39.764  -1.907  41.736 0.1250000000
61161  38.201  -0.449  44.099 0.1250000000
60328  38.850  -0.756  44.075 0.1250000000
61170  39.783  -0.111  43.137 0.1250000000
60360  40.177  -0.384  42.571 0.1250000000
108904  40.192  -0.925  41.572 0.1250000000
60385  40.695  -0.447  41.212 0.1250000000
62028  38.839  0.574  42.990 0.1250000000
62018  39.172  0.105  43.448 0.1250000000
62027  39.634  0.254  42.546 0.1250000000
61191  40.867  -0.101  41.912 0.1250000000
60396  41.275  -0.084  40.676 0.1250000000
59629  41.699  -1.981  36.807 0.3750000000
105800  41.616  0.031  40.112 0.1250000000
93125  50.917  -4.447  21.053 0.2500000000
60679  57.782  -1.255  12.938 0.1250000000
60656  56.754  -1.511  16.788 0.1250000000
60662  56.624  -1.557  15.892 0.1250000000
60667  57.612  -1.260  15.421 0.1250000000
60675  57.885  -1.241  13.947 0.1250000000
60678  58.751  -0.931  12.868 0.1250000000
60661  57.705  -1.155  16.434 0.1250000000
99003  58.018  -1.167  14.699 0.1250000000
61489  59.675  -0.495  14.311 0.1250000000
61490  58.823  -0.892  14.510 0.1250000000
101429  59.645  -0.443  13.337 0.1250000000
60674  58.767  -0.914  13.649 0.1250000000
95874  60.193  -0.186  12.619 0.1250000000
61497  59.272  -0.785  12.200 0.1250000000
62332  60.668  0.024  12.070 0.1250000000
61500  60.863  -0.211  11.244 0.1250000000
60648  57.885  -1.090  17.938 0.1250000000
61454  58.882  -0.547  17.166 0.1250000000
60655  57.821  -1.106  17.280 0.1250000000
61453  59.636  -0.122  16.966 0.1250000000
61465  59.780  -0.181  16.071 0.1250000000
61466  58.841  -0.699  16.280 0.1250000000
61479  59.791  -0.433  15.172 0.1250000000
61480  58.829  -0.812  15.353 0.1250000000
61488  60.291  -0.004  14.072 0.1250000000
61496  60.432  0.111  13.356 0.1250000000
62331  61.300  0.481  11.701 0.1250000000
61478  60.266  -0.108  14.878 0.1250000000
62325  60.969  0.516  12.743 0.1250000000
62330  61.943  1.116  10.934 0.1250000000
49141  24.585  -13.520  51.593 0.1250000000
47010  26.141  -14.106  51.253 0.2500000000
48058  25.071  -13.809  51.667 0.2500000000
62006  1.136  0.939  46.336 0.1250000000
60314  37.376  -1.650  43.644 0.1250000000
93623  26.037  -11.794  50.335 0.2500000000
63572  1.498  2.373  45.256 0.1250000000
54301  30.142  -10.025  49.002 0.1250000000
49142  24.047  -13.324  51.539 0.1250000000
63558  2.268  2.643  46.290 0.1250000000
62779  3.815  1.737  45.241 0.1250000000
60345  39.419  -1.280  43.423 0.1250000000
60372  40.221  -0.834  42.150 0.1250000000
61171  39.262  -0.458  43.572 0.1250000000
62037  40.392  0.099  42.056 0.1250000000
61501  60.112  -0.508  11.734 0.1250000000
63061  61.726  1.353  12.142 0.1250000000
48026  3.230  -14.074  56.055 0.1250000000
48227  14.395  -14.422  42.460 0.1250000000
49185  10.539  -13.413  49.529 0.1250000000
49191  10.945  -13.676  48.984 0.1250000000
48106  10.770  -13.819  48.209 0.1250000000
93847  11.538  -14.058  47.892 0.1250000000
93877  11.943  -14.177  46.614 0.1250000000
48122  12.167  -14.287  47.333 0.1250000000
48139  12.194  -14.165  45.956 0.1250000000
93628  12.681  -14.414  46.709 0.1250000000
48155  13.127  -14.323  44.875 0.1250000000
96519  14.881  -14.441  43.643 0.1250000000
95766  13.870  -14.380  44.188 0.1250000000
48247  17.682  -14.471  41.352 0.1250000000
100001  16.921  -14.437  41.934 0.1250000000
48249  15.557  -14.457  41.304 0.1250000000
48265  19.310  -14.487  40.275 0.1250000000
48266  18.338  -14.481  40.590 0.1250000000
48267  17.307  -14.502  40.421 0.1250000000
48248  16.210  -14.417  41.179 0.1250000000
48226  15.148  -14.396  41.821 0.1250000000
106076  10.472  -12.959  50.774 0.1250000000
48105  11.576  -13.909  48.728 0.1250000000
111676  12.437  -14.295  48.302 0.1250000000
48174  22.616  -15.228  44.598 0.1250000000
47134  21.826  -15.443  44.306 0.1250000000
47151  21.165  -15.202  43.678 0.1250000000
48138  13.179  -14.452  45.913 0.1250000000
47150  22.023  -15.114  43.592 0.1250000000
47152  20.366  -14.986  43.454 0.1250000000
48154  14.067  -14.520  45.306 0.1250000000
48199  20.805  -14.860  42.839 0.1250000000
47169  19.805  -14.754  42.831 0.1250000000
48223  18.827  -14.589  42.562 0.1250000000
100194  19.483  -14.584  41.872 0.1250000000
48224  17.898  -14.500  42.307 0.1250000000
103626  15.608  -14.417  42.824 0.1250000000
48245  19.164  -14.511  41.098 0.1250000000
93629  12.982  -14.584  47.519 0.1250000000
47115  21.629  -15.971  44.934 0.2500000000
47135  21.044  -15.728  44.503 0.1250000000
97356  20.379  -15.336  44.143 0.1250000000
48177  14.891  -14.515  44.700 0.1250000000
47153  19.678  -14.940  43.753 0.1250000000
47170  19.050  -14.708  43.327 0.1250000000
48202  16.441  -14.496  43.376 0.1250000000
48176  16.356  -14.558  44.235 0.1250000000
106619  15.558  -14.528  44.249 0.1250000000
48200  18.143  -14.585  43.340 0.1250000000
48201  17.186  -14.493  42.923 0.1250000000
48203  15.780  -14.501  43.679 0.1250000000
102796  20.288  -16.237  45.494 0.2500000000
96739  20.306  -15.840  44.861 0.1250000000
47137  18.869  -15.134  44.997 0.2500000000
48121  13.487  -14.712  46.894 0.1250000000
47136  19.608  -15.289  44.563 0.1250000000
48153  15.827  -14.608  44.953 0.1250000000
47154  18.810  -14.808  44.135 0.1250000000
47155  17.989  -14.683  44.167 0.1250000000
110125  16.955  -14.576  44.475 0.1250000000
48175  17.229  -14.573  43.901 0.1250000000
58068  5.161  -4.325  34.181 0.1250000000
58076  4.368  -3.705  33.924 0.2500000000
60467  2.677  -1.782  33.530 0.1250000000
60466  3.257  -2.200  33.524 0.1250000000
58829  39.272  -3.130  36.032 0.2500000000
97583  39.467  -3.256  35.267 0.2500000000
58795  39.154  -3.173  37.752 0.1250000000
59612  39.724  -2.503  37.381 0.2500000000
58811  39.172  -3.082  36.857 0.2500000000
59628  42.683  -1.838  36.744 0.2500000000
55639  44.298  -7.101  26.908 0.1250000000
55655  43.028  -7.151  26.329 0.1250000000
55653  44.728  -7.538  26.388 0.1250000000
55654  43.917  -7.311  26.325 0.1250000000
56551  42.781  -6.607  27.493 0.1250000000
56550  43.780  -6.499  27.472 0.1250000000
55640  43.369  -6.964  26.913 0.1250000000
56536  42.228  -6.185  28.223 0.1250000000
57373  42.943  -5.731  28.718 0.1250000000
56535  43.203  -6.077  28.025 0.1250000000
57372  43.805  -5.615  28.460 0.1250000000
106009  43.782  -6.040  27.940 0.1250000000
110940  4.866  -4.355  34.926 0.2500000000
48020  3.147  -13.728  56.556 0.1250000000
48250  14.382  -14.686  41.357 0.1250000000
48246  18.577  -14.505  41.646 0.1250000000
108508  16.924  -14.451  41.064 0.1250000000
48225  15.986  -14.359  41.950 0.1250000000
106338  16.438  -14.441  42.612 0.1250000000
55671  43.539  -7.354  25.782 0.1250000000
53385  -0.761  -9.635  44.672 0.1250000000
53386  -1.355  -9.951  45.134 0.1250000000
49268  31.582  -13.360  40.778 0.1250000000
50233  30.953  -12.465  40.679 0.1250000000
53478  31.594  -9.356  37.675 0.1250000000
94000  32.235  -9.459  36.919 0.1250000000
53491  32.813  -9.379  36.291 0.1250000000
93603  31.913  -9.495  35.978 0.1250000000
53510  32.595  -9.334  35.425 0.1250000000
53476  33.058  -9.345  37.162 0.1250000000
53490  33.591  -9.129  36.557 0.1250000000
53509  33.344  -9.100  35.690 0.1250000000
53527  33.128  -9.107  34.858 0.1250000000
53528  32.355  -9.240  34.609 0.1250000000
53526  33.850  -8.778  35.095 0.1250000000
54560  34.405  -8.528  34.397 0.1250000000
53542  33.616  -8.845  34.325 0.1250000000
111995  33.958  -8.736  33.827 0.1250000000
53508  34.063  -8.736  35.937 0.1250000000
54548  34.564  -8.409  35.344 0.1250000000
97343  34.921  -8.383  36.877 0.1250000000
54532  34.751  -8.400  36.177 0.1250000000
54559  35.082  -8.051  34.796 0.1250000000
54571  34.481  -8.543  33.500 0.1250000000
54586  35.028  -8.174  33.069 0.1250000000
96330  47.743  0.755  34.292 0.1250000000
62111  47.356  0.532  34.765 0.1250000000
62159  48.686  0.687  32.790 0.1250000000
62145  48.296  0.776  33.633 0.1250000000
54531  35.354  -8.026  36.471 0.1250000000
62143  50.182  0.421  33.280 0.1250000000
61289  50.599  0.404  32.044 0.1250000000
62157  50.872  0.426  32.831 0.1250000000
54547  35.194  -7.992  35.664 0.1250000000
108391  51.788  0.041  32.809 0.1250000000
54570  35.074  -8.162  33.909 0.1250000000
55596  35.527  -7.639  33.475 0.1250000000
62112  46.386  0.567  35.233 0.1250000000
62097  46.115  0.371  35.768 0.1250000000
62146  47.299  0.819  33.372 0.1250000000
62160  47.693  0.676  32.603 0.1250000000
61288  51.648  0.302  32.247 0.1250000000
61287  52.142  0.046  32.272 0.1250000000
102109  51.602  -2.643  30.939 0.1250000000
55609  35.469  -7.536  32.648 0.1250000000
60427  43.459  -0.847  37.620 0.1250000000
106198  41.698  -1.421  37.600 0.1250000000
54520  33.810  -9.032  37.432 0.1250000000
95957  46.783  0.896  33.962 0.1250000000
49277  30.971  -13.132  40.045 0.1250000000
46021  27.873  -14.754  49.652 0.6250000000
46037  29.255  -14.947  48.793 0.5000000000
46039  27.533  -15.177  49.126 0.6250000000
46072  29.380  -14.941  47.694 0.7500000000
46093  26.719  -15.282  47.830 0.7500000000
47034  29.985  -14.820  48.723 0.6250000000
47044  30.505  -14.806  48.341 0.6250000000
47055  30.825  -14.773  47.691 0.6250000000
47996  7.515  -13.157  57.388 0.5000000000
48069  30.855  -14.213  49.240 0.6250000000
48090  31.864  -14.241  48.639 0.6250000000
49182  32.620  -13.228  48.562 0.6250000000
49219  32.304  -13.078  45.638 0.6250000000
51102  12.098  -10.294  56.394 0.7500000000
52174  11.985  -9.798  56.637 0.7500000000
52238  25.669  -10.799  50.503 0.1250000000
52268  34.439  -10.243  47.880 0.5000000000
53271  24.447  -10.248  50.682 0.2500000000
53272  23.831  -9.760  50.807 0.1250000000
53285  28.445  -10.370  49.410 0.3750000000
53287  26.931  -10.247  49.920 0.2500000000
53288  23.460  -9.463  50.814 0.1250000000
53356  14.286  -9.431  46.752 0.2500000000
54261  11.440  -8.696  56.226 0.6250000000
54292  25.252  -10.114  50.285 0.1250000000
54473  15.037  -8.513  41.338 0.2500000000
55325  25.099  -9.182  49.979 0.1250000000
55326  24.473  -9.047  50.355 0.1250000000
55327  23.820  -8.924  50.659 0.1250000000
55338  22.723  -8.210  50.378 0.1250000000
55345  35.763  -7.276  48.378 0.2500000000
55440  12.737  -7.063  44.385 0.2500000000
55523  16.622  -6.982  39.675 0.1250000000
56355  35.543  -6.354  47.193 0.2500000000
56417  13.421  -6.594  41.347 0.1250000000
56443  14.744  -6.144  39.402 0.1250000000
56465  37.446  -6.597  37.602 0.5000000000
57215  35.514  -6.342  47.366 0.2500000000
58005  12.039  -4.971  42.271 0.1250000000
58019  11.718  -3.935  41.876 0.1250000000
58029  12.576  -4.328  40.555 0.1250000000
58790  14.939  -3.543  38.471 0.1250000000
58791  14.079  -3.506  38.640 0.1250000000
58862  42.721  -3.377  33.695 0.8750000000
59585  12.730  -2.548  39.458 0.1250000000
59657  1.821  -2.984  34.975 0.1250000000
59666  1.729  -2.822  34.244 0.2500000000
60470  50.446  -0.353  33.305 0.2500000000
61246  47.829  0.353  34.658 0.2500000000
62019  38.409  0.166  43.760 0.1250000000
62067  11.928  0.555  39.737 0.1250000000
62075  15.136  -0.014  38.833 0.1250000000
62141  51.494  0.218  32.877 0.1250000000
62142  50.896  0.302  33.209 0.1250000000
62158  49.762  0.554  32.704 0.1250000000
62819  13.523  1.627  39.354 0.1250000000
64435  10.651  3.760  40.645 0.1250000000
93622  25.497  -12.106  50.614 0.2500000000
96048  30.368  -14.921  46.768 0.5000000000
96647  1.002  -2.449  42.858 0.5000000000
100428  33.216  -9.979  49.696 0.3750000000
101853  11.479  2.071  39.863 0.1250000000
102004  31.164  -14.727  47.446 0.5000000000
103566  15.436  -6.207  39.163 0.1250000000
106328  43.305  -5.400  28.896 0.1250000000
107855  25.792  -9.523  49.864 0.1250000000
108723  31.303  -10.084  49.230 0.5000000000
110033  34.945  -8.238  46.866 0.3750000000
110529  7.894  -8.059  45.082 1.0000000000
110779  26.606  -12.898  50.568 0.3750000000
110842  50.517  0.093  33.498 0.2500000000
110877  34.396  -10.100  47.377 0.6250000000
111189  21.976  -8.520  50.202 0.1250000000
111857  40.537  -3.723  33.114 0.8750000000
112211  52.186  0.579  22.535 0.1250000000
112350  36.398  -5.279  44.795 0.2500000000
112364  0.695  -0.703  40.600 0.3750000000
112431  46.951  0.531  35.045 0.2500000000
112453  8.342  -12.623  57.713 0.5000000000
