
Sun Mar  8 22:39:31 CET 2026
cd /out/sourcedata/freesurfer/sub-v1s16x0051173_ses-1
setenv SUBJECTS_DIR /out/sourcedata/freesurfer
/opt/freesurfer/bin/recon-all -autorecon1 -i /work/fmriprep_25_2_wf/sub_v1s16x0051173_ses_1_wf/anat_fit_wf/anat_validate/sub-v1s16x0051173_ses-1_T1w_noise_corrected_ras_valid.nii.gz -noskullstrip -noT2pial -noFLAIRpial -openmp 16 -subjid sub-v1s16x0051173_ses-1 -sd /out/sourcedata/freesurfer

subjid sub-v1s16x0051173_ses-1
setenv SUBJECTS_DIR /out/sourcedata/freesurfer
FREESURFER_HOME /opt/freesurfer
Actual FREESURFER_HOME /opt/freesurfer
build-stamp.txt: freesurfer-linux-ubuntu22_x86_64-7.3.2-20220804-6354275
Linux dna019 5.14.0-427.37.1.el9_4.x86_64 #1 SMP PREEMPT_DYNAMIC Fri Sep 13 12:41:50 EDT 2024 x86_64 x86_64 x86_64 GNU/Linux
cputime      unlimited
filesize     unlimited
datasize     unlimited
stacksize    8192 kbytes
coredumpsize 0 kbytes
memoryuse    67108864 kbytes
vmemoryuse   unlimited
descriptors  1024 
memorylocked unlimited
maxproc      2061970 
maxlocks     unlimited
maxsignal    2061970 
maxmessage   819200 
maxnice      0 
maxrtprio    0 
maxrttime    unlimited

               total        used        free      shared  buff/cache   available
Mem:           503Gi        34Gi       448Gi       8.3Gi        19Gi       457Gi
Swap:             0B          0B          0B

########################################
program versions used
7.3.2 (freesurfer-linux-ubuntu22_x86_64-7.3.2-20220804-6354275)
7.3.2

ProgramName: lta_convert  ProgramArguments: lta_convert -all-info  ProgramVersion: 7.3.2  TimeStamp: 2026/03/08-21:39:31-GMT  BuildTime: Aug  4 2022 06:17:15  BuildStamp: freesurfer-linux-ubuntu22_x86_64-7.3.2-20220804-6354275  User: oesteban  Machine: dna019  Platform: Linux  PlatformVersion: 5.14.0-427.37.1.el9_4.x86_64  CompilerName: GCC  CompilerVersion: 8.4.0
ProgramName: mri_and  ProgramArguments: mri_and -all-info  ProgramVersion: 7.3.2  TimeStamp: 2026/03/08-21:39:31-GMT  BuildTime: Aug  4 2022 06:17:15  BuildStamp: freesurfer-linux-ubuntu22_x86_64-7.3.2-20220804-6354275  User: oesteban  Machine: dna019  Platform: Linux  PlatformVersion: 5.14.0-427.37.1.el9_4.x86_64  CompilerName: GCC  CompilerVersion: 8.4.0
ProgramName: mri_annotation2label  ProgramArguments: mri_annotation2label -all-info  ProgramVersion: 7.3.2  TimeStamp: 2026/03/08-21:39:31-GMT  BuildTime: Aug  4 2022 06:17:15  BuildStamp: freesurfer-linux-ubuntu22_x86_64-7.3.2-20220804-6354275  User: oesteban  Machine: dna019  Platform: Linux  PlatformVersion: 5.14.0-427.37.1.el9_4.x86_64  CompilerName: GCC  CompilerVersion: 8.4.0
ProgramName: mri_aparc2aseg  ProgramArguments: mri_aparc2aseg -all-info  ProgramVersion: 7.3.2  TimeStamp: 2026/03/08-21:39:31-GMT  BuildTime: Aug  4 2022 06:17:15  BuildStamp: freesurfer-linux-ubuntu22_x86_64-7.3.2-20220804-6354275  User: oesteban  Machine: dna019  Platform: Linux  PlatformVersion: 5.14.0-427.37.1.el9_4.x86_64  CompilerName: GCC  CompilerVersion: 8.4.0
ProgramName: mri_surf2volseg  ProgramArguments: mri_surf2volseg -all-info  ProgramVersion: 7.3.2  TimeStamp: 2026/03/08-21:39:31-GMT  BuildTime: Aug  4 2022 06:17:15  BuildStamp: freesurfer-linux-ubuntu22_x86_64-7.3.2-20220804-6354275  User: oesteban  Machine: dna019  Platform: Linux  PlatformVersion: 5.14.0-427.37.1.el9_4.x86_64  CompilerName: GCC  CompilerVersion: 8.4.0
ProgramName: mri_binarize  ProgramArguments: mri_binarize -all-info  ProgramVersion: 7.3.2  TimeStamp: 2026/03/08-21:39:31-GMT  BuildTime: Aug  4 2022 06:17:15  BuildStamp: freesurfer-linux-ubuntu22_x86_64-7.3.2-20220804-6354275  User: oesteban  Machine: dna019  Platform: Linux  PlatformVersion: 5.14.0-427.37.1.el9_4.x86_64  CompilerName: GCC  CompilerVersion: 8.4.0
ProgramName: mri_ca_label  ProgramArguments: mri_ca_label -all-info  ProgramVersion: 7.3.2  TimeStamp: 2026/03/08-21:39:31-GMT  BuildTime: Aug  4 2022 06:17:15  BuildStamp: freesurfer-linux-ubuntu22_x86_64-7.3.2-20220804-6354275  User: oesteban  Machine: dna019  Platform: Linux  PlatformVersion: 5.14.0-427.37.1.el9_4.x86_64  CompilerName: GCC  CompilerVersion: 8.4.0
ProgramName: mri_ca_normalize  ProgramArguments: mri_ca_normalize -all-info  ProgramVersion: 7.3.2  TimeStamp: 2026/03/08-21:39:31-GMT  BuildTime: Aug  4 2022 06:17:15  BuildStamp: freesurfer-linux-ubuntu22_x86_64-7.3.2-20220804-6354275  User: oesteban  Machine: dna019  Platform: Linux  PlatformVersion: 5.14.0-427.37.1.el9_4.x86_64  CompilerName: GCC  CompilerVersion: 8.4.0
ProgramName: mri_ca_register  ProgramArguments: mri_ca_register -all-info  ProgramVersion: 7.3.2  TimeStamp: 2026/03/08-21:39:31-GMT  BuildTime: Aug  4 2022 06:17:15  BuildStamp: freesurfer-linux-ubuntu22_x86_64-7.3.2-20220804-6354275  User: oesteban  Machine: dna019  Platform: Linux  PlatformVersion: 5.14.0-427.37.1.el9_4.x86_64  CompilerName: GCC  CompilerVersion: 8.4.0
ProgramName: mri_cc  ProgramArguments: mri_cc -all-info  ProgramVersion: 7.3.2  TimeStamp: 2026/03/08-21:39:31-GMT  BuildTime: Aug  4 2022 06:17:15  BuildStamp: freesurfer-linux-ubuntu22_x86_64-7.3.2-20220804-6354275  User: oesteban  Machine: dna019  Platform: Linux  PlatformVersion: 5.14.0-427.37.1.el9_4.x86_64  CompilerName: GCC  CompilerVersion: 8.4.0
ProgramName: mri_compute_overlap  ProgramArguments: mri_compute_overlap -all-info  ProgramVersion: 7.3.2  TimeStamp: 2026/03/08-21:39:31-GMT  BuildTime: Aug  4 2022 06:17:15  BuildStamp: freesurfer-linux-ubuntu22_x86_64-7.3.2-20220804-6354275  User: oesteban  Machine: dna019  Platform: Linux  PlatformVersion: 5.14.0-427.37.1.el9_4.x86_64  CompilerName: GCC  CompilerVersion: 8.4.0
ProgramName: mri_compute_seg_overlap  ProgramArguments: mri_compute_seg_overlap -all-info  ProgramVersion: 7.3.2  TimeStamp: 2026/03/08-21:39:31-GMT  BuildTime: Aug  4 2022 06:17:15  BuildStamp: freesurfer-linux-ubuntu22_x86_64-7.3.2-20220804-6354275  User: oesteban  Machine: dna019  Platform: Linux  PlatformVersion: 5.14.0-427.37.1.el9_4.x86_64  CompilerName: GCC  CompilerVersion: 8.4.0
ProgramName: mri_concat  ProgramArguments: mri_concat -all-info  ProgramVersion: 7.3.2  TimeStamp: 2026/03/08-21:39:31-GMT  BuildTime: Aug  4 2022 06:17:15  BuildStamp: freesurfer-linux-ubuntu22_x86_64-7.3.2-20220804-6354275  User: oesteban  Machine: dna019  Platform: Linux  PlatformVersion: 5.14.0-427.37.1.el9_4.x86_64  CompilerName: GCC  CompilerVersion: 8.4.0
ProgramName: mri_concatenate_lta  ProgramArguments: mri_concatenate_lta -all-info  ProgramVersion: 7.3.2  TimeStamp: 2026/03/08-21:39:31-GMT  BuildTime: Aug  4 2022 06:17:15  BuildStamp: freesurfer-linux-ubuntu22_x86_64-7.3.2-20220804-6354275  User: oesteban  Machine: dna019  Platform: Linux  PlatformVersion: 5.14.0-427.37.1.el9_4.x86_64  CompilerName: GCC  CompilerVersion: 8.4.0
mri_convert -all-info 
ProgramName: mri_convert  ProgramArguments: mri_convert -all-info  ProgramVersion: 7.3.2  TimeStamp: 2026/03/08-21:39:31-GMT  BuildTime: Aug  4 2022 06:17:15  BuildStamp: freesurfer-linux-ubuntu22_x86_64-7.3.2-20220804-6354275  User: oesteban  Machine: dna019  Platform: Linux  PlatformVersion: 5.14.0-427.37.1.el9_4.x86_64  CompilerName: GCC  CompilerVersion: 8.4.0
ProgramName: mri_diff  ProgramArguments: mri_diff -all-info  ProgramVersion: 7.3.2  TimeStamp: 2026/03/08-21:39:31-GMT  BuildTime: Aug  4 2022 06:17:15  BuildStamp: freesurfer-linux-ubuntu22_x86_64-7.3.2-20220804-6354275  User: oesteban  Machine: dna019  Platform: Linux  PlatformVersion: 5.14.0-427.37.1.el9_4.x86_64  CompilerName: GCC  CompilerVersion: 8.4.0
ProgramName: mri_edit_wm_with_aseg  ProgramArguments: mri_edit_wm_with_aseg -all-info  ProgramVersion: 7.3.2  TimeStamp: 2026/03/08-21:39:31-GMT  BuildTime: Aug  4 2022 06:17:15  BuildStamp: freesurfer-linux-ubuntu22_x86_64-7.3.2-20220804-6354275  User: oesteban  Machine: dna019  Platform: Linux  PlatformVersion: 5.14.0-427.37.1.el9_4.x86_64  CompilerName: GCC  CompilerVersion: 8.4.0
ProgramName: mri_em_register  ProgramArguments: mri_em_register -all-info  ProgramVersion: 7.3.2  TimeStamp: 2026/03/08-21:39:31-GMT  BuildTime: Aug  4 2022 06:17:15  BuildStamp: freesurfer-linux-ubuntu22_x86_64-7.3.2-20220804-6354275  User: oesteban  Machine: dna019  Platform: Linux  PlatformVersion: 5.14.0-427.37.1.el9_4.x86_64  CompilerName: GCC  CompilerVersion: 8.4.0
ProgramName: mri_fill  ProgramArguments: mri_fill -all-info  ProgramVersion: 7.3.2  TimeStamp: 2026/03/08-21:39:31-GMT  BuildTime: Aug  4 2022 06:17:15  BuildStamp: freesurfer-linux-ubuntu22_x86_64-7.3.2-20220804-6354275  User: oesteban  Machine: dna019  Platform: Linux  PlatformVersion: 5.14.0-427.37.1.el9_4.x86_64  CompilerName: GCC  CompilerVersion: 8.4.0
ProgramName: mri_fuse_segmentations  ProgramArguments: mri_fuse_segmentations -all-info  ProgramVersion: 7.3.2  TimeStamp: 2026/03/08-21:39:31-GMT  BuildTime: Aug  4 2022 06:17:15  BuildStamp: freesurfer-linux-ubuntu22_x86_64-7.3.2-20220804-6354275  User: oesteban  Machine: dna019  Platform: Linux  PlatformVersion: 5.14.0-427.37.1.el9_4.x86_64  CompilerName: GCC  CompilerVersion: 8.4.0
ProgramName: mri_fwhm  ProgramArguments: mri_fwhm -all-info  ProgramVersion: 7.3.2  TimeStamp: 2026/03/08-21:39:31-GMT  BuildTime: Aug  4 2022 06:17:15  BuildStamp: freesurfer-linux-ubuntu22_x86_64-7.3.2-20220804-6354275  User: oesteban  Machine: dna019  Platform: Linux  PlatformVersion: 5.14.0-427.37.1.el9_4.x86_64  CompilerName: GCC  CompilerVersion: 8.4.0
ProgramName: mri_gcut  ProgramArguments: mri_gcut -all-info  ProgramVersion: 7.3.2  TimeStamp: 2026/03/08-21:39:31-GMT  BuildTime: Aug  4 2022 06:17:15  BuildStamp: freesurfer-linux-ubuntu22_x86_64-7.3.2-20220804-6354275  User: oesteban  Machine: dna019  Platform: Linux  PlatformVersion: 5.14.0-427.37.1.el9_4.x86_64  CompilerName: GCC  CompilerVersion: 8.4.0
ProgramName: mri_info  ProgramArguments: mri_info -all-info  ProgramVersion: 7.3.2  TimeStamp: 2026/03/08-21:39:31-GMT  BuildTime: Aug  4 2022 06:17:15  BuildStamp: freesurfer-linux-ubuntu22_x86_64-7.3.2-20220804-6354275  User: oesteban  Machine: dna019  Platform: Linux  PlatformVersion: 5.14.0-427.37.1.el9_4.x86_64  CompilerName: GCC  CompilerVersion: 8.4.0
ProgramName: mri_label2label  ProgramArguments: mri_label2label -all-info  ProgramVersion: 7.3.2  TimeStamp: 2026/03/08-21:39:31-GMT  BuildTime: Aug  4 2022 06:17:15  BuildStamp: freesurfer-linux-ubuntu22_x86_64-7.3.2-20220804-6354275  User: oesteban  Machine: dna019  Platform: Linux  PlatformVersion: 5.14.0-427.37.1.el9_4.x86_64  CompilerName: GCC  CompilerVersion: 8.4.0
ProgramName: mri_label2vol  ProgramArguments: mri_label2vol -all-info  ProgramVersion: 7.3.2  TimeStamp: 2026/03/08-21:39:31-GMT  BuildTime: Aug  4 2022 06:17:15  BuildStamp: freesurfer-linux-ubuntu22_x86_64-7.3.2-20220804-6354275  User: oesteban  Machine: dna019  Platform: Linux  PlatformVersion: 5.14.0-427.37.1.el9_4.x86_64  CompilerName: GCC  CompilerVersion: 8.4.0
ProgramName: mri_log_likelihood  ProgramArguments: mri_log_likelihood -all-info  ProgramVersion: 7.3.2  TimeStamp: 2026/03/08-21:39:31-GMT  BuildTime: Aug  4 2022 06:17:15  BuildStamp: freesurfer-linux-ubuntu22_x86_64-7.3.2-20220804-6354275  User: oesteban  Machine: dna019  Platform: Linux  PlatformVersion: 5.14.0-427.37.1.el9_4.x86_64  CompilerName: GCC  CompilerVersion: 8.4.0
ProgramName: mri_mask  ProgramArguments: mri_mask -all-info  ProgramVersion: 7.3.2  TimeStamp: 2026/03/08-21:39:31-GMT  BuildTime: Aug  4 2022 06:17:15  BuildStamp: freesurfer-linux-ubuntu22_x86_64-7.3.2-20220804-6354275  User: oesteban  Machine: dna019  Platform: Linux  PlatformVersion: 5.14.0-427.37.1.el9_4.x86_64  CompilerName: GCC  CompilerVersion: 8.4.0
ProgramName: mri_matrix_multiply  ProgramArguments: mri_matrix_multiply -all-info  ProgramVersion: 7.3.2  TimeStamp: 2026/03/08-21:39:31-GMT  BuildTime: Aug  4 2022 06:17:15  BuildStamp: freesurfer-linux-ubuntu22_x86_64-7.3.2-20220804-6354275  User: oesteban  Machine: dna019  Platform: Linux  PlatformVersion: 5.14.0-427.37.1.el9_4.x86_64  CompilerName: GCC  CompilerVersion: 8.4.0
ProgramName: mri_normalize  ProgramArguments: mri_normalize -all-info  ProgramVersion: 7.3.2  TimeStamp: 2026/03/08-21:39:31-GMT  BuildTime: Aug  4 2022 06:17:15  BuildStamp: freesurfer-linux-ubuntu22_x86_64-7.3.2-20220804-6354275  User: oesteban  Machine: dna019  Platform: Linux  PlatformVersion: 5.14.0-427.37.1.el9_4.x86_64  CompilerName: GCC  CompilerVersion: 8.4.0
ProgramName: mri_normalize_tp2  ProgramArguments: mri_normalize_tp2 -all-info  ProgramVersion: 7.3.2  TimeStamp: 2026/03/08-21:39:31-GMT  BuildTime: Aug  4 2022 06:17:15  BuildStamp: freesurfer-linux-ubuntu22_x86_64-7.3.2-20220804-6354275  User: oesteban  Machine: dna019  Platform: Linux  PlatformVersion: 5.14.0-427.37.1.el9_4.x86_64  CompilerName: GCC  CompilerVersion: 8.4.0
ProgramName: mri_or  ProgramArguments: mri_or -all-info  ProgramVersion: 7.3.2  TimeStamp: 2026/03/08-21:39:31-GMT  BuildTime: Aug  4 2022 06:17:15  BuildStamp: freesurfer-linux-ubuntu22_x86_64-7.3.2-20220804-6354275  User: oesteban  Machine: dna019  Platform: Linux  PlatformVersion: 5.14.0-427.37.1.el9_4.x86_64  CompilerName: GCC  CompilerVersion: 8.4.0
ProgramName: mri_relabel_hypointensities  ProgramArguments: mri_relabel_hypointensities -all-info  ProgramVersion: 7.3.2  TimeStamp: 2026/03/08-21:39:31-GMT  BuildTime: Aug  4 2022 06:17:15  BuildStamp: freesurfer-linux-ubuntu22_x86_64-7.3.2-20220804-6354275  User: oesteban  Machine: dna019  Platform: Linux  PlatformVersion: 5.14.0-427.37.1.el9_4.x86_64  CompilerName: GCC  CompilerVersion: 8.4.0
ProgramName: mri_relabel_nonwm_hypos  ProgramArguments: mri_relabel_nonwm_hypos -all-info  ProgramVersion: 7.3.2  TimeStamp: 2026/03/08-21:39:31-GMT  BuildTime: Aug  4 2022 06:17:15  BuildStamp: freesurfer-linux-ubuntu22_x86_64-7.3.2-20220804-6354275  User: oesteban  Machine: dna019  Platform: Linux  PlatformVersion: 5.14.0-427.37.1.el9_4.x86_64  CompilerName: GCC  CompilerVersion: 8.4.0
ProgramName: mri_remove_neck  ProgramArguments: mri_remove_neck -all-info  ProgramVersion: 7.3.2  TimeStamp: 2026/03/08-21:39:31-GMT  BuildTime: Aug  4 2022 06:17:15  BuildStamp: freesurfer-linux-ubuntu22_x86_64-7.3.2-20220804-6354275  User: oesteban  Machine: dna019  Platform: Linux  PlatformVersion: 5.14.0-427.37.1.el9_4.x86_64  CompilerName: GCC  CompilerVersion: 8.4.0
7.3.2

ProgramName: mri_robust_register  ProgramArguments: mri_robust_register -all-info  ProgramVersion: 7.3.2  TimeStamp: 2026/03/08-21:39:31-GMT  BuildTime: Aug  4 2022 06:17:15  BuildStamp: freesurfer-linux-ubuntu22_x86_64-7.3.2-20220804-6354275  User: oesteban  Machine: dna019  Platform: Linux  PlatformVersion: 5.14.0-427.37.1.el9_4.x86_64  CompilerName: GCC  CompilerVersion: 8.4.0
7.3.2

ProgramName: mri_robust_template  ProgramArguments: mri_robust_template -all-info  ProgramVersion: 7.3.2  TimeStamp: 2026/03/08-21:39:31-GMT  BuildTime: Aug  4 2022 06:17:15  BuildStamp: freesurfer-linux-ubuntu22_x86_64-7.3.2-20220804-6354275  User: oesteban  Machine: dna019  Platform: Linux  PlatformVersion: 5.14.0-427.37.1.el9_4.x86_64  CompilerName: GCC  CompilerVersion: 8.4.0
ProgramName: mris_anatomical_stats  ProgramArguments: mris_anatomical_stats -all-info  ProgramVersion: 7.3.2  TimeStamp: 2026/03/08-21:39:31-GMT  BuildTime: Aug  4 2022 06:17:15  BuildStamp: freesurfer-linux-ubuntu22_x86_64-7.3.2-20220804-6354275  User: oesteban  Machine: dna019  Platform: Linux  PlatformVersion: 5.14.0-427.37.1.el9_4.x86_64  CompilerName: GCC  CompilerVersion: 8.4.0
ProgramName: mris_ca_label  ProgramArguments: mris_ca_label -all-info  ProgramVersion: 7.3.2  TimeStamp: 2026/03/08-21:39:31-GMT  BuildTime: Aug  4 2022 06:17:15  BuildStamp: freesurfer-linux-ubuntu22_x86_64-7.3.2-20220804-6354275  User: oesteban  Machine: dna019  Platform: Linux  PlatformVersion: 5.14.0-427.37.1.el9_4.x86_64  CompilerName: GCC  CompilerVersion: 8.4.0
ProgramName: mris_calc  ProgramArguments: mris_calc -all-info  ProgramVersion: 7.3.2  TimeStamp: 2026/03/08-21:39:31-GMT  BuildTime: Aug  4 2022 06:17:15  BuildStamp: freesurfer-linux-ubuntu22_x86_64-7.3.2-20220804-6354275  User: oesteban  Machine: dna019  Platform: Linux  PlatformVersion: 5.14.0-427.37.1.el9_4.x86_64  CompilerName: GCC  CompilerVersion: 8.4.0
ProgramName: mris_convert  ProgramArguments: mris_convert -all-info  ProgramVersion: 7.3.2  TimeStamp: 2026/03/08-21:39:31-GMT  BuildTime: Aug  4 2022 06:17:15  BuildStamp: freesurfer-linux-ubuntu22_x86_64-7.3.2-20220804-6354275  User: oesteban  Machine: dna019  Platform: Linux  PlatformVersion: 5.14.0-427.37.1.el9_4.x86_64  CompilerName: GCC  CompilerVersion: 8.4.0
ProgramName: mris_curvature  ProgramArguments: mris_curvature -all-info  ProgramVersion: 7.3.2  TimeStamp: 2026/03/08-21:39:31-GMT  BuildTime: Aug  4 2022 06:17:15  BuildStamp: freesurfer-linux-ubuntu22_x86_64-7.3.2-20220804-6354275  User: oesteban  Machine: dna019  Platform: Linux  PlatformVersion: 5.14.0-427.37.1.el9_4.x86_64  CompilerName: GCC  CompilerVersion: 8.4.0
ProgramName: mris_curvature_stats  ProgramArguments: mris_curvature_stats -all-info  ProgramVersion: 7.3.2  TimeStamp: 2026/03/08-21:39:31-GMT  BuildTime: Aug  4 2022 06:17:15  BuildStamp: freesurfer-linux-ubuntu22_x86_64-7.3.2-20220804-6354275  User: oesteban  Machine: dna019  Platform: Linux  PlatformVersion: 5.14.0-427.37.1.el9_4.x86_64  CompilerName: GCC  CompilerVersion: 8.4.0
ProgramName: mris_diff  ProgramArguments: mris_diff -all-info  ProgramVersion: 7.3.2  TimeStamp: 2026/03/08-21:39:31-GMT  BuildTime: Aug  4 2022 06:17:15  BuildStamp: freesurfer-linux-ubuntu22_x86_64-7.3.2-20220804-6354275  User: oesteban  Machine: dna019  Platform: Linux  PlatformVersion: 5.14.0-427.37.1.el9_4.x86_64  CompilerName: GCC  CompilerVersion: 8.4.0
ProgramName: mris_divide_parcellation  ProgramArguments: mris_divide_parcellation -all-info  ProgramVersion: 7.3.2  TimeStamp: 2026/03/08-21:39:31-GMT  BuildTime: Aug  4 2022 06:17:15  BuildStamp: freesurfer-linux-ubuntu22_x86_64-7.3.2-20220804-6354275  User: oesteban  Machine: dna019  Platform: Linux  PlatformVersion: 5.14.0-427.37.1.el9_4.x86_64  CompilerName: GCC  CompilerVersion: 8.4.0
ProgramName: mri_segment  ProgramArguments: mri_segment -all-info  ProgramVersion: 7.3.2  TimeStamp: 2026/03/08-21:39:31-GMT  BuildTime: Aug  4 2022 06:17:15  BuildStamp: freesurfer-linux-ubuntu22_x86_64-7.3.2-20220804-6354275  User: oesteban  Machine: dna019  Platform: Linux  PlatformVersion: 5.14.0-427.37.1.el9_4.x86_64  CompilerName: GCC  CompilerVersion: 8.4.0
ProgramName: mri_segstats  ProgramArguments: mri_segstats -all-info  ProgramVersion: 7.3.2  TimeStamp: 2026/03/08-21:39:31-GMT  BuildTime: Aug  4 2022 06:17:15  BuildStamp: freesurfer-linux-ubuntu22_x86_64-7.3.2-20220804-6354275  User: oesteban  Machine: dna019  Platform: Linux  PlatformVersion: 5.14.0-427.37.1.el9_4.x86_64  CompilerName: GCC  CompilerVersion: 8.4.0
ProgramName: mris_euler_number  ProgramArguments: mris_euler_number -all-info  ProgramVersion: 7.3.2  TimeStamp: 2026/03/08-21:39:31-GMT  BuildTime: Aug  4 2022 06:17:15  BuildStamp: freesurfer-linux-ubuntu22_x86_64-7.3.2-20220804-6354275  User: oesteban  Machine: dna019  Platform: Linux  PlatformVersion: 5.14.0-427.37.1.el9_4.x86_64  CompilerName: GCC  CompilerVersion: 8.4.0
ProgramName: mris_fix_topology  ProgramArguments: mris_fix_topology -all-info  ProgramVersion: 7.3.2  TimeStamp: 2026/03/08-21:39:31-GMT  BuildTime: Aug  4 2022 06:17:15  BuildStamp: freesurfer-linux-ubuntu22_x86_64-7.3.2-20220804-6354275  User: oesteban  Machine: dna019  Platform: Linux  PlatformVersion: 5.14.0-427.37.1.el9_4.x86_64  CompilerName: GCC  CompilerVersion: 8.4.0
ProgramName: mris_topo_fixer  ProgramArguments: mris_topo_fixer -all-info  ProgramVersion: 7.3.2  TimeStamp: 2026/03/08-21:39:31-GMT  BuildTime: Aug  4 2022 06:17:15  BuildStamp: freesurfer-linux-ubuntu22_x86_64-7.3.2-20220804-6354275  User: oesteban  Machine: dna019  Platform: Linux  PlatformVersion: 5.14.0-427.37.1.el9_4.x86_64  CompilerName: GCC  CompilerVersion: 8.4.0
ProgramName: mris_jacobian  ProgramArguments: mris_jacobian -all-info  ProgramVersion: 7.3.2  TimeStamp: 2026/03/08-21:39:31-GMT  BuildTime: Aug  4 2022 06:17:15  BuildStamp: freesurfer-linux-ubuntu22_x86_64-7.3.2-20220804-6354275  User: oesteban  Machine: dna019  Platform: Linux  PlatformVersion: 5.14.0-427.37.1.el9_4.x86_64  CompilerName: GCC  CompilerVersion: 8.4.0
ProgramName: mris_label2annot  ProgramArguments: mris_label2annot -all-info  ProgramVersion: 7.3.2  TimeStamp: 2026/03/08-21:39:31-GMT  BuildTime: Aug  4 2022 06:17:15  BuildStamp: freesurfer-linux-ubuntu22_x86_64-7.3.2-20220804-6354275  User: oesteban  Machine: dna019  Platform: Linux  PlatformVersion: 5.14.0-427.37.1.el9_4.x86_64  CompilerName: GCC  CompilerVersion: 8.4.0
ProgramName: mris_left_right_register  ProgramArguments: mris_left_right_register -all-info  ProgramVersion: 7.3.2  TimeStamp: 2026/03/08-21:39:31-GMT  BuildTime: Aug  4 2022 06:17:15  BuildStamp: freesurfer-linux-ubuntu22_x86_64-7.3.2-20220804-6354275  User: oesteban  Machine: dna019  Platform: Linux  PlatformVersion: 5.14.0-427.37.1.el9_4.x86_64  CompilerName: GCC  CompilerVersion: 8.4.0
ProgramName: mris_place_surface  ProgramArguments: mris_place_surface -all-info  ProgramVersion: 7.3.2  TimeStamp: 2026/03/08-21:39:31-GMT  BuildTime: Aug  4 2022 06:17:15  BuildStamp: freesurfer-linux-ubuntu22_x86_64-7.3.2-20220804-6354275  User: oesteban  Machine: dna019  Platform: Linux  PlatformVersion: 5.14.0-427.37.1.el9_4.x86_64  CompilerName: GCC  CompilerVersion: 8.4.0
ProgramName: mrisp_paint  ProgramArguments: mrisp_paint -all-info  ProgramVersion: 7.3.2  TimeStamp: 2026/03/08-21:39:31-GMT  BuildTime: Aug  4 2022 06:17:15  BuildStamp: freesurfer-linux-ubuntu22_x86_64-7.3.2-20220804-6354275  User: oesteban  Machine: dna019  Platform: Linux  PlatformVersion: 5.14.0-427.37.1.el9_4.x86_64  CompilerName: GCC  CompilerVersion: 8.4.0
ProgramName: mris_register  ProgramArguments: mris_register -all-info  ProgramVersion: 7.3.2  TimeStamp: 2026/03/08-21:39:31-GMT  BuildTime: Aug  4 2022 06:17:15  BuildStamp: freesurfer-linux-ubuntu22_x86_64-7.3.2-20220804-6354275  User: oesteban  Machine: dna019  Platform: Linux  PlatformVersion: 5.14.0-427.37.1.el9_4.x86_64  CompilerName: GCC  CompilerVersion: 8.4.0
ProgramName: mris_smooth  ProgramArguments: mris_smooth -all-info  ProgramVersion: 7.3.2  TimeStamp: 2026/03/08-21:39:31-GMT  BuildTime: Aug  4 2022 06:17:15  BuildStamp: freesurfer-linux-ubuntu22_x86_64-7.3.2-20220804-6354275  User: oesteban  Machine: dna019  Platform: Linux  PlatformVersion: 5.14.0-427.37.1.el9_4.x86_64  CompilerName: GCC  CompilerVersion: 8.4.0
ProgramName: mris_sphere  ProgramArguments: mris_sphere -all-info  ProgramVersion: 7.3.2  TimeStamp: 2026/03/08-21:39:31-GMT  BuildTime: Aug  4 2022 06:17:15  BuildStamp: freesurfer-linux-ubuntu22_x86_64-7.3.2-20220804-6354275  User: oesteban  Machine: dna019  Platform: Linux  PlatformVersion: 5.14.0-427.37.1.el9_4.x86_64  CompilerName: GCC  CompilerVersion: 8.4.0
ProgramName: mris_surface_stats  ProgramArguments: mris_surface_stats -all-info  ProgramVersion: 7.3.2  TimeStamp: 2026/03/08-21:39:31-GMT  BuildTime: Aug  4 2022 06:17:15  BuildStamp: freesurfer-linux-ubuntu22_x86_64-7.3.2-20220804-6354275  User: oesteban  Machine: dna019  Platform: Linux  PlatformVersion: 5.14.0-427.37.1.el9_4.x86_64  CompilerName: GCC  CompilerVersion: 8.4.0
ProgramName: mri_stats2seg  ProgramArguments: mri_stats2seg -all-info  ProgramVersion: 7.3.2  TimeStamp: 2026/03/08-21:39:31-GMT  BuildTime: Aug  4 2022 06:17:15  BuildStamp: freesurfer-linux-ubuntu22_x86_64-7.3.2-20220804-6354275  User: oesteban  Machine: dna019  Platform: Linux  PlatformVersion: 5.14.0-427.37.1.el9_4.x86_64  CompilerName: GCC  CompilerVersion: 8.4.0
ProgramName: mris_thickness  ProgramArguments: mris_thickness -all-info  ProgramVersion: 7.3.2  TimeStamp: 2026/03/08-21:39:31-GMT  BuildTime: Aug  4 2022 06:17:15  BuildStamp: freesurfer-linux-ubuntu22_x86_64-7.3.2-20220804-6354275  User: oesteban  Machine: dna019  Platform: Linux  PlatformVersion: 5.14.0-427.37.1.el9_4.x86_64  CompilerName: GCC  CompilerVersion: 8.4.0
ProgramName: mris_thickness_diff  ProgramArguments: mris_thickness_diff -all-info  ProgramVersion: 7.3.2  TimeStamp: 2026/03/08-21:39:31-GMT  BuildTime: Aug  4 2022 06:17:15  BuildStamp: freesurfer-linux-ubuntu22_x86_64-7.3.2-20220804-6354275  User: oesteban  Machine: dna019  Platform: Linux  PlatformVersion: 5.14.0-427.37.1.el9_4.x86_64  CompilerName: GCC  CompilerVersion: 8.4.0
ProgramName: mris_topo_fixer  ProgramArguments: mris_topo_fixer -all-info  ProgramVersion: 7.3.2  TimeStamp: 2026/03/08-21:39:31-GMT  BuildTime: Aug  4 2022 06:17:15  BuildStamp: freesurfer-linux-ubuntu22_x86_64-7.3.2-20220804-6354275  User: oesteban  Machine: dna019  Platform: Linux  PlatformVersion: 5.14.0-427.37.1.el9_4.x86_64  CompilerName: GCC  CompilerVersion: 8.4.0
ProgramName: mri_surf2surf  ProgramArguments: mri_surf2surf -all-info  ProgramVersion: 7.3.2  TimeStamp: 2026/03/08-21:39:31-GMT  BuildTime: Aug  4 2022 06:17:15  BuildStamp: freesurfer-linux-ubuntu22_x86_64-7.3.2-20220804-6354275  User: oesteban  Machine: dna019  Platform: Linux  PlatformVersion: 5.14.0-427.37.1.el9_4.x86_64  CompilerName: GCC  CompilerVersion: 8.4.0
ProgramName: mri_surf2vol  ProgramArguments: mri_surf2vol -all-info  ProgramVersion: 7.3.2  TimeStamp: 2026/03/08-21:39:31-GMT  BuildTime: Aug  4 2022 06:17:15  BuildStamp: freesurfer-linux-ubuntu22_x86_64-7.3.2-20220804-6354275  User: oesteban  Machine: dna019  Platform: Linux  PlatformVersion: 5.14.0-427.37.1.el9_4.x86_64  CompilerName: GCC  CompilerVersion: 8.4.0
ProgramName: mri_surfcluster  ProgramArguments: mri_surfcluster -all-info  ProgramVersion: 7.3.2  TimeStamp: 2026/03/08-21:39:31-GMT  BuildTime: Aug  4 2022 06:17:15  BuildStamp: freesurfer-linux-ubuntu22_x86_64-7.3.2-20220804-6354275  User: oesteban  Machine: dna019  Platform: Linux  PlatformVersion: 5.14.0-427.37.1.el9_4.x86_64  CompilerName: GCC  CompilerVersion: 8.4.0
ProgramName: mris_volmask  ProgramArguments: mris_volmask -all-info  ProgramVersion: 7.3.2  TimeStamp: 2026/03/08-21:39:31-GMT  BuildTime: Aug  4 2022 06:17:15  BuildStamp: freesurfer-linux-ubuntu22_x86_64-7.3.2-20220804-6354275  User: oesteban  Machine: dna019  Platform: Linux  PlatformVersion: 5.14.0-427.37.1.el9_4.x86_64  CompilerName: GCC  CompilerVersion: 8.4.0
ProgramName: mri_tessellate  ProgramArguments: mri_tessellate -all-info  ProgramVersion: 7.3.2  TimeStamp: 2026/03/08-21:39:31-GMT  BuildTime: Aug  4 2022 06:17:15  BuildStamp: freesurfer-linux-ubuntu22_x86_64-7.3.2-20220804-6354275  User: oesteban  Machine: dna019  Platform: Linux  PlatformVersion: 5.14.0-427.37.1.el9_4.x86_64  CompilerName: GCC  CompilerVersion: 8.4.0
ProgramName: mri_vol2surf  ProgramArguments: mri_vol2surf -all-info  ProgramVersion: 7.3.2  TimeStamp: 2026/03/08-21:39:31-GMT  BuildTime: Aug  4 2022 06:17:15  BuildStamp: freesurfer-linux-ubuntu22_x86_64-7.3.2-20220804-6354275  User: oesteban  Machine: dna019  Platform: Linux  PlatformVersion: 5.14.0-427.37.1.el9_4.x86_64  CompilerName: GCC  CompilerVersion: 8.4.0
ProgramName: mri_vol2vol  ProgramArguments: mri_vol2vol -all-info  ProgramVersion: 7.3.2  TimeStamp: 2026/03/08-21:39:31-GMT  BuildTime: Aug  4 2022 06:17:15  BuildStamp: freesurfer-linux-ubuntu22_x86_64-7.3.2-20220804-6354275  User: oesteban  Machine: dna019  Platform: Linux  PlatformVersion: 5.14.0-427.37.1.el9_4.x86_64  CompilerName: GCC  CompilerVersion: 8.4.0
ProgramName: mri_voldiff  ProgramArguments: mri_voldiff -all-info  ProgramVersion: 7.3.2  TimeStamp: 2026/03/08-21:39:31-GMT  BuildTime: Aug  4 2022 06:17:15  BuildStamp: freesurfer-linux-ubuntu22_x86_64-7.3.2-20220804-6354275  User: oesteban  Machine: dna019  Platform: Linux  PlatformVersion: 5.14.0-427.37.1.el9_4.x86_64  CompilerName: GCC  CompilerVersion: 8.4.0
ProgramName: mri_watershed  ProgramArguments: mri_watershed -all-info  ProgramVersion: 7.3.2  TimeStamp: 2026/03/08-21:39:31-GMT  BuildTime: Aug  4 2022 06:17:15  BuildStamp: freesurfer-linux-ubuntu22_x86_64-7.3.2-20220804-6354275  User: oesteban  Machine: dna019  Platform: Linux  PlatformVersion: 5.14.0-427.37.1.el9_4.x86_64  CompilerName: GCC  CompilerVersion: 8.4.0
ProgramName: tkregister2  ProgramArguments: tkregister2_cmdl -all-info  ProgramVersion: 7.3.2  TimeStamp: 2026/03/08-21:39:31-GMT  BuildTime: Aug  4 2022 06:17:15  BuildStamp: freesurfer-linux-ubuntu22_x86_64-7.3.2-20220804-6354275  User: oesteban  Machine: dna019  Platform: Linux  PlatformVersion: 5.14.0-427.37.1.el9_4.x86_64  CompilerName: GCC  CompilerVersion: 8.4.0
mri_motion_correct.fsl 7.3.2
mri_convert -all-info 
ProgramName: mri_convert  ProgramArguments: mri_convert -all-info  ProgramVersion: 7.3.2  TimeStamp: 2026/03/08-21:39:31-GMT  BuildTime: Aug  4 2022 06:17:15  BuildStamp: freesurfer-linux-ubuntu22_x86_64-7.3.2-20220804-6354275  User: oesteban  Machine: dna019  Platform: Linux  PlatformVersion: 5.14.0-427.37.1.el9_4.x86_64  CompilerName: GCC  CompilerVersion: 8.4.0
Program nu_correct, built from:
Package MNI N3, version 1.12.0, compiled by nicks@terrier (x86_64-unknown-linux-gnu) on 2015-06-19 at 01:25:34
#######################################
GCADIR /opt/freesurfer/average
GCA RB_all_2020-01-02.gca
GCASkull RB_all_withskull_2020_01_02.gca
AvgCurvTif folding.atlas.acfb40.noaparc.i12.2016-08-02.tif
GCSDIR /opt/freesurfer/average
GCS DKaparc.atlas.acfb40.noaparc.i12.2016-08-02.gcs
#######################################
/out/sourcedata/freesurfer/sub-v1s16x0051173_ses-1

 mri_convert /work/fmriprep_25_2_wf/sub_v1s16x0051173_ses_1_wf/anat_fit_wf/anat_validate/sub-v1s16x0051173_ses-1_T1w_noise_corrected_ras_valid.nii.gz /out/sourcedata/freesurfer/sub-v1s16x0051173_ses-1/mri/orig/001.mgz 

mri_convert /work/fmriprep_25_2_wf/sub_v1s16x0051173_ses_1_wf/anat_fit_wf/anat_validate/sub-v1s16x0051173_ses-1_T1w_noise_corrected_ras_valid.nii.gz /out/sourcedata/freesurfer/sub-v1s16x0051173_ses-1/mri/orig/001.mgz 
reading from /work/fmriprep_25_2_wf/sub_v1s16x0051173_ses_1_wf/anat_fit_wf/anat_validate/sub-v1s16x0051173_ses-1_T1w_noise_corrected_ras_valid.nii.gz...
TR=0.00, TE=0.00, TI=0.00, flip angle=0.00
i_ras = (1, 0, 0)
j_ras = (0, 1, 0)
k_ras = (0, 0, 1)
writing to /out/sourcedata/freesurfer/sub-v1s16x0051173_ses-1/mri/orig/001.mgz...
#--------------------------------------------
#@# MotionCor Sun Mar  8 22:39:33 CET 2026
Found 1 runs
/out/sourcedata/freesurfer/sub-v1s16x0051173_ses-1/mri/orig/001.mgz
Checking for (invalid) multi-frame inputs...
Only one run found so motion
correction will not be performed. I'll
copy the run to rawavg and continue.

 cp /out/sourcedata/freesurfer/sub-v1s16x0051173_ses-1/mri/orig/001.mgz /out/sourcedata/freesurfer/sub-v1s16x0051173_ses-1/mri/rawavg.mgz 


 mri_info /out/sourcedata/freesurfer/sub-v1s16x0051173_ses-1/mri/rawavg.mgz 

rawavg.mgz ========================================
Volume information for /out/sourcedata/freesurfer/sub-v1s16x0051173_ses-1/mri/rawavg.mgz
          type: MGH
    dimensions: 256 x 132 x 256
   voxel sizes: 0.859400, 1.499998, 0.859400
          type: FLOAT (3)
           fov: 220.006
           dof: 1
        xstart: -110.0, xend: 110.0
        ystart: -99.0, yend: 99.0
        zstart: -110.0, zend: 110.0
            TR: 0.00 msec, TE: 0.00 msec, TI: 0.00 msec, flip angle: 0.00 degrees
       nframes: 1
       PhEncDir: UNKNOWN
       FieldStrength: 0.000000
ras xform present
    xform info: x_r =   1.0000, y_r =   0.0000, z_r =   0.0000, c_r =     1.5952
              : x_a =   0.0000, y_a =   1.0000, z_a =   0.0000, c_a =     4.3121
              : x_s =   0.0000, y_s =   0.0000, z_s =   1.0000, c_s =    -8.3468

talairach xfm : 
Orientation   : RAS
Primary Slice Direction: axial

voxel to ras transform:
                0.8594   0.0000   0.0000  -108.4080
                0.0000   1.5000   0.0000   -94.6878
                0.0000   0.0000   0.8594  -118.3500
                0.0000   0.0000   0.0000     1.0000

voxel-to-ras determinant 1.10785

ras to voxel transform:
                1.1636   0.0000   0.0000   126.1438
                0.0000   0.6667   0.0000    63.1253
                0.0000   0.0000   1.1636   137.7124
                0.0000   0.0000   0.0000     1.0000
/out/sourcedata/freesurfer/sub-v1s16x0051173_ses-1

 mri_convert /out/sourcedata/freesurfer/sub-v1s16x0051173_ses-1/mri/rawavg.mgz /out/sourcedata/freesurfer/sub-v1s16x0051173_ses-1/mri/orig.mgz --conform 

mri_convert /out/sourcedata/freesurfer/sub-v1s16x0051173_ses-1/mri/rawavg.mgz /out/sourcedata/freesurfer/sub-v1s16x0051173_ses-1/mri/orig.mgz --conform 
reading from /out/sourcedata/freesurfer/sub-v1s16x0051173_ses-1/mri/rawavg.mgz...
TR=0.00, TE=0.00, TI=0.00, flip angle=0.00
i_ras = (1, 0, 0)
j_ras = (0, 1, 0)
k_ras = (0, 0, 1)
changing data type from float to uchar (noscale = 0)...
MRIchangeType: Building histogram -0.00506592 31417.3 1000, flo=0, fhi=0.999, dest_type=0
Reslicing using trilinear interpolation 
writing to /out/sourcedata/freesurfer/sub-v1s16x0051173_ses-1/mri/orig.mgz...

 mri_add_xform_to_header -c /out/sourcedata/freesurfer/sub-v1s16x0051173_ses-1/mri/transforms/talairach.xfm /out/sourcedata/freesurfer/sub-v1s16x0051173_ses-1/mri/orig.mgz /out/sourcedata/freesurfer/sub-v1s16x0051173_ses-1/mri/orig.mgz 

INFO: extension is mgz

 mri_info /out/sourcedata/freesurfer/sub-v1s16x0051173_ses-1/mri/orig.mgz 

orig.mgz ========================================
Volume information for /out/sourcedata/freesurfer/sub-v1s16x0051173_ses-1/mri/orig.mgz
          type: MGH
    dimensions: 256 x 256 x 256
   voxel sizes: 1.000000, 1.000000, 1.000000
          type: UCHAR (0)
           fov: 256.000
           dof: 1
        xstart: -128.0, xend: 128.0
        ystart: -128.0, yend: 128.0
        zstart: -128.0, zend: 128.0
            TR: 0.00 msec, TE: 0.00 msec, TI: 0.00 msec, flip angle: 0.00 degrees
       nframes: 1
       PhEncDir: UNKNOWN
       FieldStrength: 0.000000
ras xform present
    xform info: x_r =  -1.0000, y_r =   0.0000, z_r =   0.0000, c_r =     1.5952
              : x_a =   0.0000, y_a =   0.0000, z_a =   1.0000, c_a =     4.3121
              : x_s =   0.0000, y_s =  -1.0000, z_s =   0.0000, c_s =    -8.3468

talairach xfm : /out/sourcedata/freesurfer/sub-v1s16x0051173_ses-1/mri/transforms/talairach.xfm
Orientation   : LIA
Primary Slice Direction: coronal

voxel to ras transform:
               -1.0000   0.0000   0.0000   129.5952
                0.0000   0.0000   1.0000  -123.6879
                0.0000  -1.0000   0.0000   119.6532
                0.0000   0.0000   0.0000     1.0000

voxel-to-ras determinant -1

ras to voxel transform:
               -1.0000  -0.0000  -0.0000   129.5952
               -0.0000  -0.0000  -1.0000   119.6532
               -0.0000   1.0000  -0.0000   123.6879
               -0.0000  -0.0000  -0.0000     1.0000
#--------------------------------------------
#@# Talairach Sun Mar  8 22:39:42 CET 2026
/out/sourcedata/freesurfer/sub-v1s16x0051173_ses-1/mri

 mri_nu_correct.mni --no-rescale --i orig.mgz --o orig_nu.mgz --ants-n4 --n 1 --proto-iters 1000 --distance 50 

/usr/bin/bc
/out/sourcedata/freesurfer/sub-v1s16x0051173_ses-1/mri
/opt/freesurfer/bin/mri_nu_correct.mni
--no-rescale --i orig.mgz --o orig_nu.mgz --ants-n4 --n 1 --proto-iters 1000 --distance 50
nIters 1
mri_nu_correct.mni 7.3.2
Linux dna019 5.14.0-427.37.1.el9_4.x86_64 #1 SMP PREEMPT_DYNAMIC Fri Sep 13 12:41:50 EDT 2024 x86_64 x86_64 x86_64 GNU/Linux
Sun Mar  8 22:39:42 CET 2026
tmpdir is ./tmp.mri_nu_correct.mni.2930208
cd /out/sourcedata/freesurfer/sub-v1s16x0051173_ses-1/mri
AntsN4BiasFieldCorrectionFs -i orig.mgz -o ./tmp.mri_nu_correct.mni.2930208/nu0.mgz --dtype uchar
AntsN4BiasFieldCorrectionFs done
mri_convert ./tmp.mri_nu_correct.mni.2930208/nu0.mgz orig_nu.mgz --like orig.mgz --conform
mri_convert ./tmp.mri_nu_correct.mni.2930208/nu0.mgz orig_nu.mgz --like orig.mgz --conform 
reading from ./tmp.mri_nu_correct.mni.2930208/nu0.mgz...
TR=0.00, TE=0.00, TI=0.00, flip angle=0.00
i_ras = (-1, 0, 0)
j_ras = (0, 0, -1)
k_ras = (0, 1, 0)
INFO: transform src into the like-volume: orig.mgz
writing to orig_nu.mgz...
 
 
Sun Mar  8 22:42:37 CET 2026
mri_nu_correct.mni done

 talairach_avi --i orig_nu.mgz --xfm transforms/talairach.auto.xfm 

talairach_avi log file is transforms/talairach_avi.log...
mv -f /out/sourcedata/freesurfer/sub-v1s16x0051173_ses-1/mri/talsrcimg_to_711-2C_as_mni_average_305_t4_vox2vox.txt /out/sourcedata/freesurfer/sub-v1s16x0051173_ses-1/mri/transforms/talsrcimg_to_711-2C_as_mni_average_305_t4_vox2vox.txt
Started at Sun Mar 8 22:42:37 CET 2026
Ended   at Sun Mar  8 22:44:08 CET 2026
talairach_avi done

 cp transforms/talairach.auto.xfm transforms/talairach.xfm 

lta_convert --src orig.mgz --trg /opt/freesurfer/average/mni305.cor.mgz --inxfm transforms/talairach.xfm --outlta transforms/talairach.xfm.lta --subject fsaverage --ltavox2vox
7.3.2

--src: orig.mgz src image (geometry).
--trg: /opt/freesurfer/average/mni305.cor.mgz trg image (geometry).
--inmni: transforms/talairach.xfm input MNI/XFM transform.
--outlta: transforms/talairach.xfm.lta output LTA.
--s: fsaverage subject name
--ltavox2vox: output LTA as VOX_TO_VOX transform.
 LTA read, type : 1
 1.13854   0.02368  -0.07068   3.94392;
-0.03328   1.07810   0.17830  -23.34319;
 0.04720  -0.04853   1.15442  -17.85522;
 0.00000   0.00000   0.00000   1.00000;
setting subject to fsaverage
Writing  LTA to file transforms/talairach.xfm.lta...
lta_convert successful.
#--------------------------------------------
#@# Talairach Failure Detection Sun Mar  8 22:44:11 CET 2026
/out/sourcedata/freesurfer/sub-v1s16x0051173_ses-1/mri

 talairach_afd -T 0.005 -xfm transforms/talairach.xfm 

talairach_afd: Talairach Transform: transforms/talairach.xfm OK (p=0.8066, pval=0.8469 >= threshold=0.0050)

 awk -f /opt/freesurfer/bin/extract_talairach_avi_QA.awk /out/sourcedata/freesurfer/sub-v1s16x0051173_ses-1/mri/transforms/talairach_avi.log 


 tal_QC_AZS /out/sourcedata/freesurfer/sub-v1s16x0051173_ses-1/mri/transforms/talairach_avi.log 

TalAviQA: 0.97190
z-score: -1
#--------------------------------------------
#@# Nu Intensity Correction Sun Mar  8 22:44:11 CET 2026

 mri_nu_correct.mni --i orig.mgz --o nu.mgz --uchar transforms/talairach.xfm --n 2 --ants-n4 

/usr/bin/bc
/out/sourcedata/freesurfer/sub-v1s16x0051173_ses-1/mri
/opt/freesurfer/bin/mri_nu_correct.mni
--i orig.mgz --o nu.mgz --uchar transforms/talairach.xfm --n 2 --ants-n4
nIters 2
mri_nu_correct.mni 7.3.2
Linux dna019 5.14.0-427.37.1.el9_4.x86_64 #1 SMP PREEMPT_DYNAMIC Fri Sep 13 12:41:50 EDT 2024 x86_64 x86_64 x86_64 GNU/Linux
Sun Mar  8 22:44:11 CET 2026
tmpdir is ./tmp.mri_nu_correct.mni.2931042
cd /out/sourcedata/freesurfer/sub-v1s16x0051173_ses-1/mri
AntsN4BiasFieldCorrectionFs -i orig.mgz -o ./tmp.mri_nu_correct.mni.2931042/nu0.mgz --dtype uchar
AntsN4BiasFieldCorrectionFs done
mri_binarize --i ./tmp.mri_nu_correct.mni.2931042/nu0.mgz --min -1 --o ./tmp.mri_nu_correct.mni.2931042/ones.mgz

7.3.2
cwd /out/sourcedata/freesurfer/sub-v1s16x0051173_ses-1/mri
cmdline mri_binarize --i ./tmp.mri_nu_correct.mni.2931042/nu0.mgz --min -1 --o ./tmp.mri_nu_correct.mni.2931042/ones.mgz 
sysname  Linux
hostname dna019
machine  x86_64
user     oesteban

input      ./tmp.mri_nu_correct.mni.2931042/nu0.mgz
frame      0
nErode3d   0
nErode2d   0
output     ./tmp.mri_nu_correct.mni.2931042/ones.mgz
Binarizing based on threshold
min        -1
max        +infinity
binval        1
binvalnot     0
fstart = 0, fend = 0, nframes = 1
Starting parallel 1
Found 16777216 values in range
Counting number of voxels in first frame
Found 16777215 voxels in final mask
Writing output to ./tmp.mri_nu_correct.mni.2931042/ones.mgz
Count: 16777215 16777215.000000 16777216 99.999994
mri_binarize done
mri_segstats --id 1 --seg ./tmp.mri_nu_correct.mni.2931042/ones.mgz --i orig.mgz --sum ./tmp.mri_nu_correct.mni.2931042/sum.junk --avgwf ./tmp.mri_nu_correct.mni.2931042/input.mean.dat

7.3.2
cwd 
cmdline mri_segstats --id 1 --seg ./tmp.mri_nu_correct.mni.2931042/ones.mgz --i orig.mgz --sum ./tmp.mri_nu_correct.mni.2931042/sum.junk --avgwf ./tmp.mri_nu_correct.mni.2931042/input.mean.dat 
sysname  Linux
hostname dna019
machine  x86_64
user     oesteban
whitesurfname  white
UseRobust  0
Loading ./tmp.mri_nu_correct.mni.2931042/ones.mgz
Loading orig.mgz
Voxel Volume is 1 mm^3
Generating list of segmentation ids
Found   1 segmentations
Computing statistics for each segmentation

Reporting on   1 segmentations
Using PrintSegStat
Computing spatial average of each frame

Writing to ./tmp.mri_nu_correct.mni.2931042/input.mean.dat
mri_segstats done
mri_segstats --id 1 --seg ./tmp.mri_nu_correct.mni.2931042/ones.mgz --i ./tmp.mri_nu_correct.mni.2931042/nu0.mgz --sum ./tmp.mri_nu_correct.mni.2931042/sum.junk --avgwf ./tmp.mri_nu_correct.mni.2931042/output.mean.dat

7.3.2
cwd 
cmdline mri_segstats --id 1 --seg ./tmp.mri_nu_correct.mni.2931042/ones.mgz --i ./tmp.mri_nu_correct.mni.2931042/nu0.mgz --sum ./tmp.mri_nu_correct.mni.2931042/sum.junk --avgwf ./tmp.mri_nu_correct.mni.2931042/output.mean.dat 
sysname  Linux
hostname dna019
machine  x86_64
user     oesteban
whitesurfname  white
UseRobust  0
Loading ./tmp.mri_nu_correct.mni.2931042/ones.mgz
Loading ./tmp.mri_nu_correct.mni.2931042/nu0.mgz
Voxel Volume is 1 mm^3
Generating list of segmentation ids
Found   1 segmentations
Computing statistics for each segmentation

Reporting on   1 segmentations
Using PrintSegStat
Computing spatial average of each frame

Writing to ./tmp.mri_nu_correct.mni.2931042/output.mean.dat
mri_segstats done
mris_calc -o ./tmp.mri_nu_correct.mni.2931042/nu0.mgz ./tmp.mri_nu_correct.mni.2931042/nu0.mgz mul 1.30757869054100377069
Saving result to './tmp.mri_nu_correct.mni.2931042/nu0.mgz' (type = MGH )                       [ ok ]
mri_convert ./tmp.mri_nu_correct.mni.2931042/nu0.mgz nu.mgz --like orig.mgz
mri_convert ./tmp.mri_nu_correct.mni.2931042/nu0.mgz nu.mgz --like orig.mgz 
reading from ./tmp.mri_nu_correct.mni.2931042/nu0.mgz...
TR=0.00, TE=0.00, TI=0.00, flip angle=0.00
i_ras = (-1, 0, 0)
j_ras = (0, 0, -1)
k_ras = (0, 1, 0)
INFO: transform src into the like-volume: orig.mgz
writing to nu.mgz...
mri_make_uchar nu.mgz transforms/talairach.xfm nu.mgz
type change took 0 minutes and 6 seconds.
FIRST_PERCENTILE 0.010000
WM_PERCENTILE    0.900000
MAX_R 50.000000
i1 = 6, i2 = 50
#mri_make_uchar# mapping 15 129 to  3 110  :  b -12.1023 m 0.948088 : thresh 12.7649 maxsat 281.727 : nzero 14457373 nsat 0
 
 
Sun Mar  8 22:47:27 CET 2026
mri_nu_correct.mni done

 mri_add_xform_to_header -c /out/sourcedata/freesurfer/sub-v1s16x0051173_ses-1/mri/transforms/talairach.xfm nu.mgz nu.mgz 

INFO: extension is mgz
#--------------------------------------------
#@# Intensity Normalization Sun Mar  8 22:47:27 CET 2026
/out/sourcedata/freesurfer/sub-v1s16x0051173_ses-1/mri

 mri_normalize -g 1 -seed 1234 -mprage nu.mgz T1.mgz 

using max gradient = 1.000
setting seed for random number genererator to 1234
assuming input volume is MGH (Van der Kouwe) MP-RAGE
reading mri_src from nu.mgz...
normalizing image...
NOT doing gentle normalization with control points/label
talairach transform
 1.13854   0.02368  -0.07068   3.94392;
-0.03328   1.07810   0.17830  -23.34319;
 0.04720  -0.04853   1.15442  -17.85522;
 0.00000   0.00000   0.00000   1.00000;
processing without aseg, no1d=0
MRInormInit(): 
INFO: Modifying talairach volume c_(r,a,s) based on average_305
MRInormalize(): 
MRIsplineNormalize(): npeaks = 11
Starting OpenSpline(): npoints = 11
building Voronoi diagram...
performing soap bubble smoothing, sigma = 8...

Iterating 2 times
---------------------------------
3d normalization pass 1 of 2
white matter peak found at 110
white matter peak found at 110
gm peak at 45 (45), valley at 16 (16)
csf peak at 22, setting threshold to 37
building Voronoi diagram...
performing soap bubble smoothing, sigma = 8...
---------------------------------
3d normalization pass 2 of 2
white matter peak found at 110
white matter peak found at 110
gm peak at 48 (48), valley at 17 (17)
csf peak at 24, setting threshold to 40
building Voronoi diagram...
performing soap bubble smoothing, sigma = 8...
Done iterating ---------------------------------
writing output to T1.mgz
3D bias adjustment took 1 minutes and 30 seconds.

Started at Sun Mar 8 22:39:31 CET 2026 
Ended   at Sun Mar 8 22:48:57 CET 2026
#@#%# recon-all-run-time-hours 0.157
recon-all -s sub-v1s16x0051173_ses-1 finished without error at Sun Mar  8 22:48:57 CET 2026



#New# invocation of recon-all 




Sun Mar  8 22:55:57 CET 2026
cd /out/sourcedata/freesurfer/sub-v1s16x0051173_ses-1
setenv SUBJECTS_DIR /out/sourcedata/freesurfer
/opt/freesurfer/bin/recon-all -openmp 16 -subjid sub-v1s16x0051173_ses-1 -sd /out/sourcedata/freesurfer -gcareg

subjid sub-v1s16x0051173_ses-1
setenv SUBJECTS_DIR /out/sourcedata/freesurfer
FREESURFER_HOME /opt/freesurfer
Actual FREESURFER_HOME /opt/freesurfer
build-stamp.txt: freesurfer-linux-ubuntu22_x86_64-7.3.2-20220804-6354275
Linux dna019 5.14.0-427.37.1.el9_4.x86_64 #1 SMP PREEMPT_DYNAMIC Fri Sep 13 12:41:50 EDT 2024 x86_64 x86_64 x86_64 GNU/Linux
cputime      unlimited
filesize     unlimited
datasize     unlimited
stacksize    8192 kbytes
coredumpsize 0 kbytes
memoryuse    67108864 kbytes
vmemoryuse   unlimited
descriptors  1024 
memorylocked unlimited
maxproc      2061970 
maxlocks     unlimited
maxsignal    2061970 
maxmessage   819200 
maxnice      0 
maxrtprio    0 
maxrttime    unlimited

               total        used        free      shared  buff/cache   available
Mem:           503Gi        35Gi       447Gi       8.3Gi        20Gi       456Gi
Swap:             0B          0B          0B

########################################
program versions used
7.3.2 (freesurfer-linux-ubuntu22_x86_64-7.3.2-20220804-6354275)
7.3.2

ProgramName: lta_convert  ProgramArguments: lta_convert -all-info  ProgramVersion: 7.3.2  TimeStamp: 2026/03/08-21:55:57-GMT  BuildTime: Aug  4 2022 06:17:15  BuildStamp: freesurfer-linux-ubuntu22_x86_64-7.3.2-20220804-6354275  User: oesteban  Machine: dna019  Platform: Linux  PlatformVersion: 5.14.0-427.37.1.el9_4.x86_64  CompilerName: GCC  CompilerVersion: 8.4.0
ProgramName: mri_and  ProgramArguments: mri_and -all-info  ProgramVersion: 7.3.2  TimeStamp: 2026/03/08-21:55:57-GMT  BuildTime: Aug  4 2022 06:17:15  BuildStamp: freesurfer-linux-ubuntu22_x86_64-7.3.2-20220804-6354275  User: oesteban  Machine: dna019  Platform: Linux  PlatformVersion: 5.14.0-427.37.1.el9_4.x86_64  CompilerName: GCC  CompilerVersion: 8.4.0
ProgramName: mri_annotation2label  ProgramArguments: mri_annotation2label -all-info  ProgramVersion: 7.3.2  TimeStamp: 2026/03/08-21:55:57-GMT  BuildTime: Aug  4 2022 06:17:15  BuildStamp: freesurfer-linux-ubuntu22_x86_64-7.3.2-20220804-6354275  User: oesteban  Machine: dna019  Platform: Linux  PlatformVersion: 5.14.0-427.37.1.el9_4.x86_64  CompilerName: GCC  CompilerVersion: 8.4.0
ProgramName: mri_aparc2aseg  ProgramArguments: mri_aparc2aseg -all-info  ProgramVersion: 7.3.2  TimeStamp: 2026/03/08-21:55:57-GMT  BuildTime: Aug  4 2022 06:17:15  BuildStamp: freesurfer-linux-ubuntu22_x86_64-7.3.2-20220804-6354275  User: oesteban  Machine: dna019  Platform: Linux  PlatformVersion: 5.14.0-427.37.1.el9_4.x86_64  CompilerName: GCC  CompilerVersion: 8.4.0
ProgramName: mri_surf2volseg  ProgramArguments: mri_surf2volseg -all-info  ProgramVersion: 7.3.2  TimeStamp: 2026/03/08-21:55:57-GMT  BuildTime: Aug  4 2022 06:17:15  BuildStamp: freesurfer-linux-ubuntu22_x86_64-7.3.2-20220804-6354275  User: oesteban  Machine: dna019  Platform: Linux  PlatformVersion: 5.14.0-427.37.1.el9_4.x86_64  CompilerName: GCC  CompilerVersion: 8.4.0
ProgramName: mri_binarize  ProgramArguments: mri_binarize -all-info  ProgramVersion: 7.3.2  TimeStamp: 2026/03/08-21:55:57-GMT  BuildTime: Aug  4 2022 06:17:15  BuildStamp: freesurfer-linux-ubuntu22_x86_64-7.3.2-20220804-6354275  User: oesteban  Machine: dna019  Platform: Linux  PlatformVersion: 5.14.0-427.37.1.el9_4.x86_64  CompilerName: GCC  CompilerVersion: 8.4.0
ProgramName: mri_ca_label  ProgramArguments: mri_ca_label -all-info  ProgramVersion: 7.3.2  TimeStamp: 2026/03/08-21:55:57-GMT  BuildTime: Aug  4 2022 06:17:15  BuildStamp: freesurfer-linux-ubuntu22_x86_64-7.3.2-20220804-6354275  User: oesteban  Machine: dna019  Platform: Linux  PlatformVersion: 5.14.0-427.37.1.el9_4.x86_64  CompilerName: GCC  CompilerVersion: 8.4.0
ProgramName: mri_ca_normalize  ProgramArguments: mri_ca_normalize -all-info  ProgramVersion: 7.3.2  TimeStamp: 2026/03/08-21:55:57-GMT  BuildTime: Aug  4 2022 06:17:15  BuildStamp: freesurfer-linux-ubuntu22_x86_64-7.3.2-20220804-6354275  User: oesteban  Machine: dna019  Platform: Linux  PlatformVersion: 5.14.0-427.37.1.el9_4.x86_64  CompilerName: GCC  CompilerVersion: 8.4.0
ProgramName: mri_ca_register  ProgramArguments: mri_ca_register -all-info  ProgramVersion: 7.3.2  TimeStamp: 2026/03/08-21:55:57-GMT  BuildTime: Aug  4 2022 06:17:15  BuildStamp: freesurfer-linux-ubuntu22_x86_64-7.3.2-20220804-6354275  User: oesteban  Machine: dna019  Platform: Linux  PlatformVersion: 5.14.0-427.37.1.el9_4.x86_64  CompilerName: GCC  CompilerVersion: 8.4.0
ProgramName: mri_cc  ProgramArguments: mri_cc -all-info  ProgramVersion: 7.3.2  TimeStamp: 2026/03/08-21:55:57-GMT  BuildTime: Aug  4 2022 06:17:15  BuildStamp: freesurfer-linux-ubuntu22_x86_64-7.3.2-20220804-6354275  User: oesteban  Machine: dna019  Platform: Linux  PlatformVersion: 5.14.0-427.37.1.el9_4.x86_64  CompilerName: GCC  CompilerVersion: 8.4.0
ProgramName: mri_compute_overlap  ProgramArguments: mri_compute_overlap -all-info  ProgramVersion: 7.3.2  TimeStamp: 2026/03/08-21:55:57-GMT  BuildTime: Aug  4 2022 06:17:15  BuildStamp: freesurfer-linux-ubuntu22_x86_64-7.3.2-20220804-6354275  User: oesteban  Machine: dna019  Platform: Linux  PlatformVersion: 5.14.0-427.37.1.el9_4.x86_64  CompilerName: GCC  CompilerVersion: 8.4.0
ProgramName: mri_compute_seg_overlap  ProgramArguments: mri_compute_seg_overlap -all-info  ProgramVersion: 7.3.2  TimeStamp: 2026/03/08-21:55:57-GMT  BuildTime: Aug  4 2022 06:17:15  BuildStamp: freesurfer-linux-ubuntu22_x86_64-7.3.2-20220804-6354275  User: oesteban  Machine: dna019  Platform: Linux  PlatformVersion: 5.14.0-427.37.1.el9_4.x86_64  CompilerName: GCC  CompilerVersion: 8.4.0
ProgramName: mri_concat  ProgramArguments: mri_concat -all-info  ProgramVersion: 7.3.2  TimeStamp: 2026/03/08-21:55:57-GMT  BuildTime: Aug  4 2022 06:17:15  BuildStamp: freesurfer-linux-ubuntu22_x86_64-7.3.2-20220804-6354275  User: oesteban  Machine: dna019  Platform: Linux  PlatformVersion: 5.14.0-427.37.1.el9_4.x86_64  CompilerName: GCC  CompilerVersion: 8.4.0
ProgramName: mri_concatenate_lta  ProgramArguments: mri_concatenate_lta -all-info  ProgramVersion: 7.3.2  TimeStamp: 2026/03/08-21:55:57-GMT  BuildTime: Aug  4 2022 06:17:15  BuildStamp: freesurfer-linux-ubuntu22_x86_64-7.3.2-20220804-6354275  User: oesteban  Machine: dna019  Platform: Linux  PlatformVersion: 5.14.0-427.37.1.el9_4.x86_64  CompilerName: GCC  CompilerVersion: 8.4.0
mri_convert -all-info 
ProgramName: mri_convert  ProgramArguments: mri_convert -all-info  ProgramVersion: 7.3.2  TimeStamp: 2026/03/08-21:55:57-GMT  BuildTime: Aug  4 2022 06:17:15  BuildStamp: freesurfer-linux-ubuntu22_x86_64-7.3.2-20220804-6354275  User: oesteban  Machine: dna019  Platform: Linux  PlatformVersion: 5.14.0-427.37.1.el9_4.x86_64  CompilerName: GCC  CompilerVersion: 8.4.0
ProgramName: mri_diff  ProgramArguments: mri_diff -all-info  ProgramVersion: 7.3.2  TimeStamp: 2026/03/08-21:55:57-GMT  BuildTime: Aug  4 2022 06:17:15  BuildStamp: freesurfer-linux-ubuntu22_x86_64-7.3.2-20220804-6354275  User: oesteban  Machine: dna019  Platform: Linux  PlatformVersion: 5.14.0-427.37.1.el9_4.x86_64  CompilerName: GCC  CompilerVersion: 8.4.0
ProgramName: mri_edit_wm_with_aseg  ProgramArguments: mri_edit_wm_with_aseg -all-info  ProgramVersion: 7.3.2  TimeStamp: 2026/03/08-21:55:57-GMT  BuildTime: Aug  4 2022 06:17:15  BuildStamp: freesurfer-linux-ubuntu22_x86_64-7.3.2-20220804-6354275  User: oesteban  Machine: dna019  Platform: Linux  PlatformVersion: 5.14.0-427.37.1.el9_4.x86_64  CompilerName: GCC  CompilerVersion: 8.4.0
ProgramName: mri_em_register  ProgramArguments: mri_em_register -all-info  ProgramVersion: 7.3.2  TimeStamp: 2026/03/08-21:55:57-GMT  BuildTime: Aug  4 2022 06:17:15  BuildStamp: freesurfer-linux-ubuntu22_x86_64-7.3.2-20220804-6354275  User: oesteban  Machine: dna019  Platform: Linux  PlatformVersion: 5.14.0-427.37.1.el9_4.x86_64  CompilerName: GCC  CompilerVersion: 8.4.0
ProgramName: mri_fill  ProgramArguments: mri_fill -all-info  ProgramVersion: 7.3.2  TimeStamp: 2026/03/08-21:55:57-GMT  BuildTime: Aug  4 2022 06:17:15  BuildStamp: freesurfer-linux-ubuntu22_x86_64-7.3.2-20220804-6354275  User: oesteban  Machine: dna019  Platform: Linux  PlatformVersion: 5.14.0-427.37.1.el9_4.x86_64  CompilerName: GCC  CompilerVersion: 8.4.0
ProgramName: mri_fuse_segmentations  ProgramArguments: mri_fuse_segmentations -all-info  ProgramVersion: 7.3.2  TimeStamp: 2026/03/08-21:55:57-GMT  BuildTime: Aug  4 2022 06:17:15  BuildStamp: freesurfer-linux-ubuntu22_x86_64-7.3.2-20220804-6354275  User: oesteban  Machine: dna019  Platform: Linux  PlatformVersion: 5.14.0-427.37.1.el9_4.x86_64  CompilerName: GCC  CompilerVersion: 8.4.0
ProgramName: mri_fwhm  ProgramArguments: mri_fwhm -all-info  ProgramVersion: 7.3.2  TimeStamp: 2026/03/08-21:55:57-GMT  BuildTime: Aug  4 2022 06:17:15  BuildStamp: freesurfer-linux-ubuntu22_x86_64-7.3.2-20220804-6354275  User: oesteban  Machine: dna019  Platform: Linux  PlatformVersion: 5.14.0-427.37.1.el9_4.x86_64  CompilerName: GCC  CompilerVersion: 8.4.0
ProgramName: mri_gcut  ProgramArguments: mri_gcut -all-info  ProgramVersion: 7.3.2  TimeStamp: 2026/03/08-21:55:57-GMT  BuildTime: Aug  4 2022 06:17:15  BuildStamp: freesurfer-linux-ubuntu22_x86_64-7.3.2-20220804-6354275  User: oesteban  Machine: dna019  Platform: Linux  PlatformVersion: 5.14.0-427.37.1.el9_4.x86_64  CompilerName: GCC  CompilerVersion: 8.4.0
ProgramName: mri_info  ProgramArguments: mri_info -all-info  ProgramVersion: 7.3.2  TimeStamp: 2026/03/08-21:55:57-GMT  BuildTime: Aug  4 2022 06:17:15  BuildStamp: freesurfer-linux-ubuntu22_x86_64-7.3.2-20220804-6354275  User: oesteban  Machine: dna019  Platform: Linux  PlatformVersion: 5.14.0-427.37.1.el9_4.x86_64  CompilerName: GCC  CompilerVersion: 8.4.0
ProgramName: mri_label2label  ProgramArguments: mri_label2label -all-info  ProgramVersion: 7.3.2  TimeStamp: 2026/03/08-21:55:57-GMT  BuildTime: Aug  4 2022 06:17:15  BuildStamp: freesurfer-linux-ubuntu22_x86_64-7.3.2-20220804-6354275  User: oesteban  Machine: dna019  Platform: Linux  PlatformVersion: 5.14.0-427.37.1.el9_4.x86_64  CompilerName: GCC  CompilerVersion: 8.4.0
ProgramName: mri_label2vol  ProgramArguments: mri_label2vol -all-info  ProgramVersion: 7.3.2  TimeStamp: 2026/03/08-21:55:57-GMT  BuildTime: Aug  4 2022 06:17:15  BuildStamp: freesurfer-linux-ubuntu22_x86_64-7.3.2-20220804-6354275  User: oesteban  Machine: dna019  Platform: Linux  PlatformVersion: 5.14.0-427.37.1.el9_4.x86_64  CompilerName: GCC  CompilerVersion: 8.4.0
ProgramName: mri_log_likelihood  ProgramArguments: mri_log_likelihood -all-info  ProgramVersion: 7.3.2  TimeStamp: 2026/03/08-21:55:57-GMT  BuildTime: Aug  4 2022 06:17:15  BuildStamp: freesurfer-linux-ubuntu22_x86_64-7.3.2-20220804-6354275  User: oesteban  Machine: dna019  Platform: Linux  PlatformVersion: 5.14.0-427.37.1.el9_4.x86_64  CompilerName: GCC  CompilerVersion: 8.4.0
ProgramName: mri_mask  ProgramArguments: mri_mask -all-info  ProgramVersion: 7.3.2  TimeStamp: 2026/03/08-21:55:57-GMT  BuildTime: Aug  4 2022 06:17:15  BuildStamp: freesurfer-linux-ubuntu22_x86_64-7.3.2-20220804-6354275  User: oesteban  Machine: dna019  Platform: Linux  PlatformVersion: 5.14.0-427.37.1.el9_4.x86_64  CompilerName: GCC  CompilerVersion: 8.4.0
ProgramName: mri_matrix_multiply  ProgramArguments: mri_matrix_multiply -all-info  ProgramVersion: 7.3.2  TimeStamp: 2026/03/08-21:55:57-GMT  BuildTime: Aug  4 2022 06:17:15  BuildStamp: freesurfer-linux-ubuntu22_x86_64-7.3.2-20220804-6354275  User: oesteban  Machine: dna019  Platform: Linux  PlatformVersion: 5.14.0-427.37.1.el9_4.x86_64  CompilerName: GCC  CompilerVersion: 8.4.0
ProgramName: mri_normalize  ProgramArguments: mri_normalize -all-info  ProgramVersion: 7.3.2  TimeStamp: 2026/03/08-21:55:57-GMT  BuildTime: Aug  4 2022 06:17:15  BuildStamp: freesurfer-linux-ubuntu22_x86_64-7.3.2-20220804-6354275  User: oesteban  Machine: dna019  Platform: Linux  PlatformVersion: 5.14.0-427.37.1.el9_4.x86_64  CompilerName: GCC  CompilerVersion: 8.4.0
ProgramName: mri_normalize_tp2  ProgramArguments: mri_normalize_tp2 -all-info  ProgramVersion: 7.3.2  TimeStamp: 2026/03/08-21:55:57-GMT  BuildTime: Aug  4 2022 06:17:15  BuildStamp: freesurfer-linux-ubuntu22_x86_64-7.3.2-20220804-6354275  User: oesteban  Machine: dna019  Platform: Linux  PlatformVersion: 5.14.0-427.37.1.el9_4.x86_64  CompilerName: GCC  CompilerVersion: 8.4.0
ProgramName: mri_or  ProgramArguments: mri_or -all-info  ProgramVersion: 7.3.2  TimeStamp: 2026/03/08-21:55:57-GMT  BuildTime: Aug  4 2022 06:17:15  BuildStamp: freesurfer-linux-ubuntu22_x86_64-7.3.2-20220804-6354275  User: oesteban  Machine: dna019  Platform: Linux  PlatformVersion: 5.14.0-427.37.1.el9_4.x86_64  CompilerName: GCC  CompilerVersion: 8.4.0
ProgramName: mri_relabel_hypointensities  ProgramArguments: mri_relabel_hypointensities -all-info  ProgramVersion: 7.3.2  TimeStamp: 2026/03/08-21:55:57-GMT  BuildTime: Aug  4 2022 06:17:15  BuildStamp: freesurfer-linux-ubuntu22_x86_64-7.3.2-20220804-6354275  User: oesteban  Machine: dna019  Platform: Linux  PlatformVersion: 5.14.0-427.37.1.el9_4.x86_64  CompilerName: GCC  CompilerVersion: 8.4.0
ProgramName: mri_relabel_nonwm_hypos  ProgramArguments: mri_relabel_nonwm_hypos -all-info  ProgramVersion: 7.3.2  TimeStamp: 2026/03/08-21:55:57-GMT  BuildTime: Aug  4 2022 06:17:15  BuildStamp: freesurfer-linux-ubuntu22_x86_64-7.3.2-20220804-6354275  User: oesteban  Machine: dna019  Platform: Linux  PlatformVersion: 5.14.0-427.37.1.el9_4.x86_64  CompilerName: GCC  CompilerVersion: 8.4.0
ProgramName: mri_remove_neck  ProgramArguments: mri_remove_neck -all-info  ProgramVersion: 7.3.2  TimeStamp: 2026/03/08-21:55:57-GMT  BuildTime: Aug  4 2022 06:17:15  BuildStamp: freesurfer-linux-ubuntu22_x86_64-7.3.2-20220804-6354275  User: oesteban  Machine: dna019  Platform: Linux  PlatformVersion: 5.14.0-427.37.1.el9_4.x86_64  CompilerName: GCC  CompilerVersion: 8.4.0
7.3.2

ProgramName: mri_robust_register  ProgramArguments: mri_robust_register -all-info  ProgramVersion: 7.3.2  TimeStamp: 2026/03/08-21:55:57-GMT  BuildTime: Aug  4 2022 06:17:15  BuildStamp: freesurfer-linux-ubuntu22_x86_64-7.3.2-20220804-6354275  User: oesteban  Machine: dna019  Platform: Linux  PlatformVersion: 5.14.0-427.37.1.el9_4.x86_64  CompilerName: GCC  CompilerVersion: 8.4.0
7.3.2

ProgramName: mri_robust_template  ProgramArguments: mri_robust_template -all-info  ProgramVersion: 7.3.2  TimeStamp: 2026/03/08-21:55:57-GMT  BuildTime: Aug  4 2022 06:17:15  BuildStamp: freesurfer-linux-ubuntu22_x86_64-7.3.2-20220804-6354275  User: oesteban  Machine: dna019  Platform: Linux  PlatformVersion: 5.14.0-427.37.1.el9_4.x86_64  CompilerName: GCC  CompilerVersion: 8.4.0
ProgramName: mris_anatomical_stats  ProgramArguments: mris_anatomical_stats -all-info  ProgramVersion: 7.3.2  TimeStamp: 2026/03/08-21:55:57-GMT  BuildTime: Aug  4 2022 06:17:15  BuildStamp: freesurfer-linux-ubuntu22_x86_64-7.3.2-20220804-6354275  User: oesteban  Machine: dna019  Platform: Linux  PlatformVersion: 5.14.0-427.37.1.el9_4.x86_64  CompilerName: GCC  CompilerVersion: 8.4.0
ProgramName: mris_ca_label  ProgramArguments: mris_ca_label -all-info  ProgramVersion: 7.3.2  TimeStamp: 2026/03/08-21:55:57-GMT  BuildTime: Aug  4 2022 06:17:15  BuildStamp: freesurfer-linux-ubuntu22_x86_64-7.3.2-20220804-6354275  User: oesteban  Machine: dna019  Platform: Linux  PlatformVersion: 5.14.0-427.37.1.el9_4.x86_64  CompilerName: GCC  CompilerVersion: 8.4.0
ProgramName: mris_calc  ProgramArguments: mris_calc -all-info  ProgramVersion: 7.3.2  TimeStamp: 2026/03/08-21:55:57-GMT  BuildTime: Aug  4 2022 06:17:15  BuildStamp: freesurfer-linux-ubuntu22_x86_64-7.3.2-20220804-6354275  User: oesteban  Machine: dna019  Platform: Linux  PlatformVersion: 5.14.0-427.37.1.el9_4.x86_64  CompilerName: GCC  CompilerVersion: 8.4.0
ProgramName: mris_convert  ProgramArguments: mris_convert -all-info  ProgramVersion: 7.3.2  TimeStamp: 2026/03/08-21:55:57-GMT  BuildTime: Aug  4 2022 06:17:15  BuildStamp: freesurfer-linux-ubuntu22_x86_64-7.3.2-20220804-6354275  User: oesteban  Machine: dna019  Platform: Linux  PlatformVersion: 5.14.0-427.37.1.el9_4.x86_64  CompilerName: GCC  CompilerVersion: 8.4.0
ProgramName: mris_curvature  ProgramArguments: mris_curvature -all-info  ProgramVersion: 7.3.2  TimeStamp: 2026/03/08-21:55:57-GMT  BuildTime: Aug  4 2022 06:17:15  BuildStamp: freesurfer-linux-ubuntu22_x86_64-7.3.2-20220804-6354275  User: oesteban  Machine: dna019  Platform: Linux  PlatformVersion: 5.14.0-427.37.1.el9_4.x86_64  CompilerName: GCC  CompilerVersion: 8.4.0
ProgramName: mris_curvature_stats  ProgramArguments: mris_curvature_stats -all-info  ProgramVersion: 7.3.2  TimeStamp: 2026/03/08-21:55:57-GMT  BuildTime: Aug  4 2022 06:17:15  BuildStamp: freesurfer-linux-ubuntu22_x86_64-7.3.2-20220804-6354275  User: oesteban  Machine: dna019  Platform: Linux  PlatformVersion: 5.14.0-427.37.1.el9_4.x86_64  CompilerName: GCC  CompilerVersion: 8.4.0
ProgramName: mris_diff  ProgramArguments: mris_diff -all-info  ProgramVersion: 7.3.2  TimeStamp: 2026/03/08-21:55:57-GMT  BuildTime: Aug  4 2022 06:17:15  BuildStamp: freesurfer-linux-ubuntu22_x86_64-7.3.2-20220804-6354275  User: oesteban  Machine: dna019  Platform: Linux  PlatformVersion: 5.14.0-427.37.1.el9_4.x86_64  CompilerName: GCC  CompilerVersion: 8.4.0
ProgramName: mris_divide_parcellation  ProgramArguments: mris_divide_parcellation -all-info  ProgramVersion: 7.3.2  TimeStamp: 2026/03/08-21:55:57-GMT  BuildTime: Aug  4 2022 06:17:15  BuildStamp: freesurfer-linux-ubuntu22_x86_64-7.3.2-20220804-6354275  User: oesteban  Machine: dna019  Platform: Linux  PlatformVersion: 5.14.0-427.37.1.el9_4.x86_64  CompilerName: GCC  CompilerVersion: 8.4.0
ProgramName: mri_segment  ProgramArguments: mri_segment -all-info  ProgramVersion: 7.3.2  TimeStamp: 2026/03/08-21:55:57-GMT  BuildTime: Aug  4 2022 06:17:15  BuildStamp: freesurfer-linux-ubuntu22_x86_64-7.3.2-20220804-6354275  User: oesteban  Machine: dna019  Platform: Linux  PlatformVersion: 5.14.0-427.37.1.el9_4.x86_64  CompilerName: GCC  CompilerVersion: 8.4.0
ProgramName: mri_segstats  ProgramArguments: mri_segstats -all-info  ProgramVersion: 7.3.2  TimeStamp: 2026/03/08-21:55:57-GMT  BuildTime: Aug  4 2022 06:17:15  BuildStamp: freesurfer-linux-ubuntu22_x86_64-7.3.2-20220804-6354275  User: oesteban  Machine: dna019  Platform: Linux  PlatformVersion: 5.14.0-427.37.1.el9_4.x86_64  CompilerName: GCC  CompilerVersion: 8.4.0
ProgramName: mris_euler_number  ProgramArguments: mris_euler_number -all-info  ProgramVersion: 7.3.2  TimeStamp: 2026/03/08-21:55:57-GMT  BuildTime: Aug  4 2022 06:17:15  BuildStamp: freesurfer-linux-ubuntu22_x86_64-7.3.2-20220804-6354275  User: oesteban  Machine: dna019  Platform: Linux  PlatformVersion: 5.14.0-427.37.1.el9_4.x86_64  CompilerName: GCC  CompilerVersion: 8.4.0
ProgramName: mris_fix_topology  ProgramArguments: mris_fix_topology -all-info  ProgramVersion: 7.3.2  TimeStamp: 2026/03/08-21:55:57-GMT  BuildTime: Aug  4 2022 06:17:15  BuildStamp: freesurfer-linux-ubuntu22_x86_64-7.3.2-20220804-6354275  User: oesteban  Machine: dna019  Platform: Linux  PlatformVersion: 5.14.0-427.37.1.el9_4.x86_64  CompilerName: GCC  CompilerVersion: 8.4.0
ProgramName: mris_topo_fixer  ProgramArguments: mris_topo_fixer -all-info  ProgramVersion: 7.3.2  TimeStamp: 2026/03/08-21:55:57-GMT  BuildTime: Aug  4 2022 06:17:15  BuildStamp: freesurfer-linux-ubuntu22_x86_64-7.3.2-20220804-6354275  User: oesteban  Machine: dna019  Platform: Linux  PlatformVersion: 5.14.0-427.37.1.el9_4.x86_64  CompilerName: GCC  CompilerVersion: 8.4.0
ProgramName: mris_jacobian  ProgramArguments: mris_jacobian -all-info  ProgramVersion: 7.3.2  TimeStamp: 2026/03/08-21:55:57-GMT  BuildTime: Aug  4 2022 06:17:15  BuildStamp: freesurfer-linux-ubuntu22_x86_64-7.3.2-20220804-6354275  User: oesteban  Machine: dna019  Platform: Linux  PlatformVersion: 5.14.0-427.37.1.el9_4.x86_64  CompilerName: GCC  CompilerVersion: 8.4.0
ProgramName: mris_label2annot  ProgramArguments: mris_label2annot -all-info  ProgramVersion: 7.3.2  TimeStamp: 2026/03/08-21:55:57-GMT  BuildTime: Aug  4 2022 06:17:15  BuildStamp: freesurfer-linux-ubuntu22_x86_64-7.3.2-20220804-6354275  User: oesteban  Machine: dna019  Platform: Linux  PlatformVersion: 5.14.0-427.37.1.el9_4.x86_64  CompilerName: GCC  CompilerVersion: 8.4.0
ProgramName: mris_left_right_register  ProgramArguments: mris_left_right_register -all-info  ProgramVersion: 7.3.2  TimeStamp: 2026/03/08-21:55:57-GMT  BuildTime: Aug  4 2022 06:17:15  BuildStamp: freesurfer-linux-ubuntu22_x86_64-7.3.2-20220804-6354275  User: oesteban  Machine: dna019  Platform: Linux  PlatformVersion: 5.14.0-427.37.1.el9_4.x86_64  CompilerName: GCC  CompilerVersion: 8.4.0
ProgramName: mris_place_surface  ProgramArguments: mris_place_surface -all-info  ProgramVersion: 7.3.2  TimeStamp: 2026/03/08-21:55:57-GMT  BuildTime: Aug  4 2022 06:17:15  BuildStamp: freesurfer-linux-ubuntu22_x86_64-7.3.2-20220804-6354275  User: oesteban  Machine: dna019  Platform: Linux  PlatformVersion: 5.14.0-427.37.1.el9_4.x86_64  CompilerName: GCC  CompilerVersion: 8.4.0
ProgramName: mrisp_paint  ProgramArguments: mrisp_paint -all-info  ProgramVersion: 7.3.2  TimeStamp: 2026/03/08-21:55:57-GMT  BuildTime: Aug  4 2022 06:17:15  BuildStamp: freesurfer-linux-ubuntu22_x86_64-7.3.2-20220804-6354275  User: oesteban  Machine: dna019  Platform: Linux  PlatformVersion: 5.14.0-427.37.1.el9_4.x86_64  CompilerName: GCC  CompilerVersion: 8.4.0
ProgramName: mris_register  ProgramArguments: mris_register -all-info  ProgramVersion: 7.3.2  TimeStamp: 2026/03/08-21:55:57-GMT  BuildTime: Aug  4 2022 06:17:15  BuildStamp: freesurfer-linux-ubuntu22_x86_64-7.3.2-20220804-6354275  User: oesteban  Machine: dna019  Platform: Linux  PlatformVersion: 5.14.0-427.37.1.el9_4.x86_64  CompilerName: GCC  CompilerVersion: 8.4.0
ProgramName: mris_smooth  ProgramArguments: mris_smooth -all-info  ProgramVersion: 7.3.2  TimeStamp: 2026/03/08-21:55:57-GMT  BuildTime: Aug  4 2022 06:17:15  BuildStamp: freesurfer-linux-ubuntu22_x86_64-7.3.2-20220804-6354275  User: oesteban  Machine: dna019  Platform: Linux  PlatformVersion: 5.14.0-427.37.1.el9_4.x86_64  CompilerName: GCC  CompilerVersion: 8.4.0
ProgramName: mris_sphere  ProgramArguments: mris_sphere -all-info  ProgramVersion: 7.3.2  TimeStamp: 2026/03/08-21:55:57-GMT  BuildTime: Aug  4 2022 06:17:15  BuildStamp: freesurfer-linux-ubuntu22_x86_64-7.3.2-20220804-6354275  User: oesteban  Machine: dna019  Platform: Linux  PlatformVersion: 5.14.0-427.37.1.el9_4.x86_64  CompilerName: GCC  CompilerVersion: 8.4.0
ProgramName: mris_surface_stats  ProgramArguments: mris_surface_stats -all-info  ProgramVersion: 7.3.2  TimeStamp: 2026/03/08-21:55:57-GMT  BuildTime: Aug  4 2022 06:17:15  BuildStamp: freesurfer-linux-ubuntu22_x86_64-7.3.2-20220804-6354275  User: oesteban  Machine: dna019  Platform: Linux  PlatformVersion: 5.14.0-427.37.1.el9_4.x86_64  CompilerName: GCC  CompilerVersion: 8.4.0
ProgramName: mri_stats2seg  ProgramArguments: mri_stats2seg -all-info  ProgramVersion: 7.3.2  TimeStamp: 2026/03/08-21:55:57-GMT  BuildTime: Aug  4 2022 06:17:15  BuildStamp: freesurfer-linux-ubuntu22_x86_64-7.3.2-20220804-6354275  User: oesteban  Machine: dna019  Platform: Linux  PlatformVersion: 5.14.0-427.37.1.el9_4.x86_64  CompilerName: GCC  CompilerVersion: 8.4.0
ProgramName: mris_thickness  ProgramArguments: mris_thickness -all-info  ProgramVersion: 7.3.2  TimeStamp: 2026/03/08-21:55:57-GMT  BuildTime: Aug  4 2022 06:17:15  BuildStamp: freesurfer-linux-ubuntu22_x86_64-7.3.2-20220804-6354275  User: oesteban  Machine: dna019  Platform: Linux  PlatformVersion: 5.14.0-427.37.1.el9_4.x86_64  CompilerName: GCC  CompilerVersion: 8.4.0
ProgramName: mris_thickness_diff  ProgramArguments: mris_thickness_diff -all-info  ProgramVersion: 7.3.2  TimeStamp: 2026/03/08-21:55:57-GMT  BuildTime: Aug  4 2022 06:17:15  BuildStamp: freesurfer-linux-ubuntu22_x86_64-7.3.2-20220804-6354275  User: oesteban  Machine: dna019  Platform: Linux  PlatformVersion: 5.14.0-427.37.1.el9_4.x86_64  CompilerName: GCC  CompilerVersion: 8.4.0
ProgramName: mris_topo_fixer  ProgramArguments: mris_topo_fixer -all-info  ProgramVersion: 7.3.2  TimeStamp: 2026/03/08-21:55:57-GMT  BuildTime: Aug  4 2022 06:17:15  BuildStamp: freesurfer-linux-ubuntu22_x86_64-7.3.2-20220804-6354275  User: oesteban  Machine: dna019  Platform: Linux  PlatformVersion: 5.14.0-427.37.1.el9_4.x86_64  CompilerName: GCC  CompilerVersion: 8.4.0
ProgramName: mri_surf2surf  ProgramArguments: mri_surf2surf -all-info  ProgramVersion: 7.3.2  TimeStamp: 2026/03/08-21:55:57-GMT  BuildTime: Aug  4 2022 06:17:15  BuildStamp: freesurfer-linux-ubuntu22_x86_64-7.3.2-20220804-6354275  User: oesteban  Machine: dna019  Platform: Linux  PlatformVersion: 5.14.0-427.37.1.el9_4.x86_64  CompilerName: GCC  CompilerVersion: 8.4.0
ProgramName: mri_surf2vol  ProgramArguments: mri_surf2vol -all-info  ProgramVersion: 7.3.2  TimeStamp: 2026/03/08-21:55:57-GMT  BuildTime: Aug  4 2022 06:17:15  BuildStamp: freesurfer-linux-ubuntu22_x86_64-7.3.2-20220804-6354275  User: oesteban  Machine: dna019  Platform: Linux  PlatformVersion: 5.14.0-427.37.1.el9_4.x86_64  CompilerName: GCC  CompilerVersion: 8.4.0
ProgramName: mri_surfcluster  ProgramArguments: mri_surfcluster -all-info  ProgramVersion: 7.3.2  TimeStamp: 2026/03/08-21:55:57-GMT  BuildTime: Aug  4 2022 06:17:15  BuildStamp: freesurfer-linux-ubuntu22_x86_64-7.3.2-20220804-6354275  User: oesteban  Machine: dna019  Platform: Linux  PlatformVersion: 5.14.0-427.37.1.el9_4.x86_64  CompilerName: GCC  CompilerVersion: 8.4.0
ProgramName: mris_volmask  ProgramArguments: mris_volmask -all-info  ProgramVersion: 7.3.2  TimeStamp: 2026/03/08-21:55:57-GMT  BuildTime: Aug  4 2022 06:17:15  BuildStamp: freesurfer-linux-ubuntu22_x86_64-7.3.2-20220804-6354275  User: oesteban  Machine: dna019  Platform: Linux  PlatformVersion: 5.14.0-427.37.1.el9_4.x86_64  CompilerName: GCC  CompilerVersion: 8.4.0
ProgramName: mri_tessellate  ProgramArguments: mri_tessellate -all-info  ProgramVersion: 7.3.2  TimeStamp: 2026/03/08-21:55:57-GMT  BuildTime: Aug  4 2022 06:17:15  BuildStamp: freesurfer-linux-ubuntu22_x86_64-7.3.2-20220804-6354275  User: oesteban  Machine: dna019  Platform: Linux  PlatformVersion: 5.14.0-427.37.1.el9_4.x86_64  CompilerName: GCC  CompilerVersion: 8.4.0
ProgramName: mri_vol2surf  ProgramArguments: mri_vol2surf -all-info  ProgramVersion: 7.3.2  TimeStamp: 2026/03/08-21:55:57-GMT  BuildTime: Aug  4 2022 06:17:15  BuildStamp: freesurfer-linux-ubuntu22_x86_64-7.3.2-20220804-6354275  User: oesteban  Machine: dna019  Platform: Linux  PlatformVersion: 5.14.0-427.37.1.el9_4.x86_64  CompilerName: GCC  CompilerVersion: 8.4.0
ProgramName: mri_vol2vol  ProgramArguments: mri_vol2vol -all-info  ProgramVersion: 7.3.2  TimeStamp: 2026/03/08-21:55:57-GMT  BuildTime: Aug  4 2022 06:17:15  BuildStamp: freesurfer-linux-ubuntu22_x86_64-7.3.2-20220804-6354275  User: oesteban  Machine: dna019  Platform: Linux  PlatformVersion: 5.14.0-427.37.1.el9_4.x86_64  CompilerName: GCC  CompilerVersion: 8.4.0
ProgramName: mri_voldiff  ProgramArguments: mri_voldiff -all-info  ProgramVersion: 7.3.2  TimeStamp: 2026/03/08-21:55:57-GMT  BuildTime: Aug  4 2022 06:17:15  BuildStamp: freesurfer-linux-ubuntu22_x86_64-7.3.2-20220804-6354275  User: oesteban  Machine: dna019  Platform: Linux  PlatformVersion: 5.14.0-427.37.1.el9_4.x86_64  CompilerName: GCC  CompilerVersion: 8.4.0
ProgramName: mri_watershed  ProgramArguments: mri_watershed -all-info  ProgramVersion: 7.3.2  TimeStamp: 2026/03/08-21:55:57-GMT  BuildTime: Aug  4 2022 06:17:15  BuildStamp: freesurfer-linux-ubuntu22_x86_64-7.3.2-20220804-6354275  User: oesteban  Machine: dna019  Platform: Linux  PlatformVersion: 5.14.0-427.37.1.el9_4.x86_64  CompilerName: GCC  CompilerVersion: 8.4.0
ProgramName: tkregister2  ProgramArguments: tkregister2_cmdl -all-info  ProgramVersion: 7.3.2  TimeStamp: 2026/03/08-21:55:57-GMT  BuildTime: Aug  4 2022 06:17:15  BuildStamp: freesurfer-linux-ubuntu22_x86_64-7.3.2-20220804-6354275  User: oesteban  Machine: dna019  Platform: Linux  PlatformVersion: 5.14.0-427.37.1.el9_4.x86_64  CompilerName: GCC  CompilerVersion: 8.4.0
mri_motion_correct.fsl 7.3.2
mri_convert -all-info 
ProgramName: mri_convert  ProgramArguments: mri_convert -all-info  ProgramVersion: 7.3.2  TimeStamp: 2026/03/08-21:55:57-GMT  BuildTime: Aug  4 2022 06:17:15  BuildStamp: freesurfer-linux-ubuntu22_x86_64-7.3.2-20220804-6354275  User: oesteban  Machine: dna019  Platform: Linux  PlatformVersion: 5.14.0-427.37.1.el9_4.x86_64  CompilerName: GCC  CompilerVersion: 8.4.0
Program nu_correct, built from:
Package MNI N3, version 1.12.0, compiled by nicks@terrier (x86_64-unknown-linux-gnu) on 2015-06-19 at 01:25:34
#######################################
GCADIR /opt/freesurfer/average
GCA RB_all_2020-01-02.gca
GCASkull RB_all_withskull_2020_01_02.gca
AvgCurvTif folding.atlas.acfb40.noaparc.i12.2016-08-02.tif
GCSDIR /opt/freesurfer/average
GCS DKaparc.atlas.acfb40.noaparc.i12.2016-08-02.gcs
#######################################
#-------------------------------------
#@# EM Registration Sun Mar  8 22:55:57 CET 2026
/out/sourcedata/freesurfer/sub-v1s16x0051173_ses-1/mri

 mri_em_register -uns 3 -mask brainmask.mgz nu.mgz /opt/freesurfer/average/RB_all_2020-01-02.gca transforms/talairach.lta 

setting unknown_nbr_spacing = 3
using MR volume brainmask.mgz to mask input volume...

== Number of threads available to mri_em_register for OpenMP = 16 == 
reading 1 input volumes...
logging results to talairach.log
reading '/opt/freesurfer/average/RB_all_2020-01-02.gca'...
GCAread took 0 minutes and 1 seconds.
average std = 7.2   using min determinant for regularization = 5.2
0 singular and 884 ill-conditioned covariance matrices regularized
reading 'nu.mgz'...
MRImask(): AllowDiffGeom = 1
MRImask(): AllowDiffGeom = 1
MRImask(): AllowDiffGeom = 1
MRImask(): AllowDiffGeom = 1
MRImask(): AllowDiffGeom = 1
freeing gibbs priors...done.
accounting for voxel sizes in initial transform
bounding unknown intensity as < 5.9 or > 519.0 
total sample mean = 79.1 (1017 zeros)
************************************************
spacing=8, using 2841 sample points, tol=1.00e-05...
************************************************
register_mri: find_optimal_transform
find_optimal_transform: nsamples 2841, passno 0, spacing 8
resetting wm mean[0]: 98 --> 107
resetting gm mean[0]: 61 --> 61
input volume #1 is the most T1-like
using real data threshold=19.0
skull bounding box = (68, 43, 47) --> (196, 152, 206)
finding center of left hemi white matter
using (111, 79, 127) as brain centroid of Right_Cerebral_White_Matter...
MRImask(): AllowDiffGeom = 1
mean wm in atlas = 107, using box (95,66,107) --> (126, 92,146) to find MRI wm
before smoothing, mri peak at 111
robust fit to distribution - 110 +- 4.7
after smoothing, mri peak at 111, scaling input intensities by 0.964
scaling channel 0 by 0.963964
initial log_p = -4.502
************************************************
First Search limited to translation only.
************************************************
max log p =    -4.173965 @ (-10.526, 10.526, -10.526)
max log p =    -4.045324 @ (5.263, 15.789, -5.263)
max log p =    -4.022341 @ (-2.632, -7.895, 2.632)
max log p =    -3.999939 @ (1.316, 1.316, 1.316)
max log p =    -3.999939 @ (0.000, 0.000, 0.000)
max log p =    -3.999680 @ (-0.329, 0.987, -0.329)
max log p =    -3.999680 @ (0.000, 0.000, 0.000)
max log p =    -3.999680 @ (0.000, 0.000, 0.000)
Found translation: (-6.9, 20.7, -12.2): log p = -4.000
****************************************
Nine parameter search.  iteration 0 nscales = 0 ...
****************************************
Result so far: scale 1.000: max_log_p=-3.547, old_max_log_p =-4.000 (thresh=-4.0)
 1.15000   0.00000   0.00000  -26.96440;
 0.00000   1.22567   0.14032  -18.02022;
 0.00000  -0.16136   1.06580  -4.00399;
 0.00000   0.00000   0.00000   1.00000;
iteration took 0 minutes and 12 seconds.
****************************************
Nine parameter search.  iteration 1 nscales = 0 ...
****************************************
Result so far: scale 1.000: max_log_p=-3.547, old_max_log_p =-3.547 (thresh=-3.5)
 1.15000   0.00000   0.00000  -26.96440;
 0.00000   1.22567   0.14032  -18.02022;
 0.00000  -0.16136   1.06580  -4.00399;
 0.00000   0.00000   0.00000   1.00000;
reducing scale to 0.2500
iteration took 0 minutes and 12 seconds.
****************************************
Nine parameter search.  iteration 2 nscales = 1 ...
****************************************
Result so far: scale 0.250: max_log_p=-3.392, old_max_log_p =-3.547 (thresh=-3.5)
 1.14393  -0.11680  -0.04302  -9.45439;
 0.11477   1.24745   0.10581  -29.70181;
 0.03443  -0.12134   1.04906  -12.38387;
 0.00000   0.00000   0.00000   1.00000;
iteration took 0 minutes and 12 seconds.
****************************************
Nine parameter search.  iteration 3 nscales = 1 ...
****************************************
Result so far: scale 0.250: max_log_p=-3.392, old_max_log_p =-3.392 (thresh=-3.4)
 1.14393  -0.11680  -0.04302  -9.45439;
 0.11477   1.24745   0.10581  -29.70181;
 0.03443  -0.12134   1.04906  -12.38387;
 0.00000   0.00000   0.00000   1.00000;
reducing scale to 0.0625
iteration took 0 minutes and 13 seconds.
****************************************
Nine parameter search.  iteration 4 nscales = 2 ...
****************************************
Result so far: scale 0.062: max_log_p=-3.353, old_max_log_p =-3.392 (thresh=-3.4)
 1.14565  -0.09638  -0.04128  -10.93642;
 0.09638   1.25359   0.10688  -28.90737;
 0.03451  -0.12163   1.05152  -13.59748;
 0.00000   0.00000   0.00000   1.00000;
iteration took 0 minutes and 12 seconds.
****************************************
Nine parameter search.  iteration 5 nscales = 2 ...
****************************************
Result so far: scale 0.062: max_log_p=-3.353, old_max_log_p =-3.353 (thresh=-3.3)
 1.14565  -0.09638  -0.04128  -10.93642;
 0.09638   1.25359   0.10688  -28.90737;
 0.03451  -0.12163   1.05152  -13.59748;
 0.00000   0.00000   0.00000   1.00000;
min search scale 0.025000 reached
***********************************************
Computing MAP estimate using 2841 samples...
***********************************************
dt = 5.00e-06, momentum=0.80, tol=1.00e-05
l_intensity = 1.0000
Aligning input volume to GCA...
Transform matrix
 1.14565  -0.09638  -0.04128  -10.93642;
 0.09638   1.25359   0.10688  -28.90737;
 0.03451  -0.12163   1.05152  -13.59748;
 0.00000   0.00000   0.00000   1.00000;
nsamples 2841
Quasinewton: input matrix
 1.14565  -0.09638  -0.04128  -10.93642;
 0.09638   1.25359   0.10688  -28.90737;
 0.03451  -0.12163   1.05152  -13.59748;
 0.00000   0.00000   0.00000   1.00000;
 IFLAG= -1  LINE SEARCH FAILED. SEE DOCUMENTATION OF ROUTINE MCSRCH ERROR RETURN OF LINE SEARCH: INFO= 3 POSSIBLE CAUSES: FUNCTION OR GRADIENT ARE INCORRECT OR INCORRECT TOLERANCESoutof QuasiNewtonEMA: 008: -log(p) =   -0.0  tol 0.000010
Resulting transform:
 1.14565  -0.09638  -0.04128  -10.93642;
 0.09638   1.25359   0.10688  -28.90737;
 0.03451  -0.12163   1.05152  -13.59748;
 0.00000   0.00000   0.00000   1.00000;

pass 1, spacing 8: log(p) = -3.353 (old=-4.502)
transform before final EM align:
 1.14565  -0.09638  -0.04128  -10.93642;
 0.09638   1.25359   0.10688  -28.90737;
 0.03451  -0.12163   1.05152  -13.59748;
 0.00000   0.00000   0.00000   1.00000;

**************************************************
 EM alignment process ...
 Computing final MAP estimate using 315638 samples. 
**************************************************
dt = 5.00e-06, momentum=0.80, tol=1.00e-07
l_intensity = 1.0000
Aligning input volume to GCA...
Transform matrix
 1.14565  -0.09638  -0.04128  -10.93642;
 0.09638   1.25359   0.10688  -28.90737;
 0.03451  -0.12163   1.05152  -13.59748;
 0.00000   0.00000   0.00000   1.00000;
nsamples 315638
Quasinewton: input matrix
 1.14565  -0.09638  -0.04128  -10.93642;
 0.09638   1.25359   0.10688  -28.90737;
 0.03451  -0.12163   1.05152  -13.59748;
 0.00000   0.00000   0.00000   1.00000;
dfp_em_step_func: 009: -log(p) = 3.9
after pass:transform: ( 1.15, -0.10, -0.04, -10.94)
                      ( 0.10, 1.25, 0.11, -28.91)
                      ( 0.03, -0.12, 1.05, -13.60)
 IFLAG= -1  LINE SEARCH FAILED. SEE DOCUMENTATION OF ROUTINE MCSRCH ERROR RETURN OF LINE SEARCH: INFO= 3 POSSIBLE CAUSES: FUNCTION OR GRADIENT ARE INCORRECT OR INCORRECT TOLERANCESpass 2 through quasi-newton minimization...
 IFLAG= -1  LINE SEARCH FAILED. SEE DOCUMENTATION OF ROUTINE MCSRCH ERROR RETURN OF LINE SEARCH: INFO= 3 POSSIBLE CAUSES: FUNCTION OR GRADIENT ARE INCORRECT OR INCORRECT TOLERANCESoutof QuasiNewtonEMA: 011: -log(p) =    3.9  tol 0.000000
final transform:
 1.14565  -0.09638  -0.04128  -10.93642;
 0.09638   1.25359   0.10688  -28.90737;
 0.03451  -0.12163   1.05152  -13.59748;
 0.00000   0.00000   0.00000   1.00000;

writing output transformation to transforms/talairach.lta...
#VMPC# mri_em_register VmPeak  891280
FSRUNTIME@ mri_em_register  0.0442 hours 16 threads
registration took 2 minutes and 39 seconds.

Started at Sun Mar 8 22:55:56 CET 2026 
Ended   at Sun Mar 8 22:58:36 CET 2026
#@#%# recon-all-run-time-hours 0.044
recon-all -s sub-v1s16x0051173_ses-1 finished without error at Sun Mar  8 22:58:36 CET 2026



#New# invocation of recon-all 




Sun Mar  8 22:58:40 CET 2026
cd /out/sourcedata/freesurfer/sub-v1s16x0051173_ses-1
setenv SUBJECTS_DIR /out/sourcedata/freesurfer
/opt/freesurfer/bin/recon-all -autorecon2-volonly -openmp 16 -subjid sub-v1s16x0051173_ses-1 -sd /out/sourcedata/freesurfer -nogcareg

subjid sub-v1s16x0051173_ses-1
setenv SUBJECTS_DIR /out/sourcedata/freesurfer
FREESURFER_HOME /opt/freesurfer
Actual FREESURFER_HOME /opt/freesurfer
build-stamp.txt: freesurfer-linux-ubuntu22_x86_64-7.3.2-20220804-6354275
Linux dna019 5.14.0-427.37.1.el9_4.x86_64 #1 SMP PREEMPT_DYNAMIC Fri Sep 13 12:41:50 EDT 2024 x86_64 x86_64 x86_64 GNU/Linux
cputime      unlimited
filesize     unlimited
datasize     unlimited
stacksize    8192 kbytes
coredumpsize 0 kbytes
memoryuse    67108864 kbytes
vmemoryuse   unlimited
descriptors  1024 
memorylocked unlimited
maxproc      2061970 
maxlocks     unlimited
maxsignal    2061970 
maxmessage   819200 
maxnice      0 
maxrtprio    0 
maxrttime    unlimited

               total        used        free      shared  buff/cache   available
Mem:           503Gi        35Gi       447Gi       8.3Gi        20Gi       456Gi
Swap:             0B          0B          0B

########################################
program versions used
7.3.2 (freesurfer-linux-ubuntu22_x86_64-7.3.2-20220804-6354275)
7.3.2

ProgramName: lta_convert  ProgramArguments: lta_convert -all-info  ProgramVersion: 7.3.2  TimeStamp: 2026/03/08-21:58:40-GMT  BuildTime: Aug  4 2022 06:17:15  BuildStamp: freesurfer-linux-ubuntu22_x86_64-7.3.2-20220804-6354275  User: oesteban  Machine: dna019  Platform: Linux  PlatformVersion: 5.14.0-427.37.1.el9_4.x86_64  CompilerName: GCC  CompilerVersion: 8.4.0
ProgramName: mri_and  ProgramArguments: mri_and -all-info  ProgramVersion: 7.3.2  TimeStamp: 2026/03/08-21:58:40-GMT  BuildTime: Aug  4 2022 06:17:15  BuildStamp: freesurfer-linux-ubuntu22_x86_64-7.3.2-20220804-6354275  User: oesteban  Machine: dna019  Platform: Linux  PlatformVersion: 5.14.0-427.37.1.el9_4.x86_64  CompilerName: GCC  CompilerVersion: 8.4.0
ProgramName: mri_annotation2label  ProgramArguments: mri_annotation2label -all-info  ProgramVersion: 7.3.2  TimeStamp: 2026/03/08-21:58:40-GMT  BuildTime: Aug  4 2022 06:17:15  BuildStamp: freesurfer-linux-ubuntu22_x86_64-7.3.2-20220804-6354275  User: oesteban  Machine: dna019  Platform: Linux  PlatformVersion: 5.14.0-427.37.1.el9_4.x86_64  CompilerName: GCC  CompilerVersion: 8.4.0
ProgramName: mri_aparc2aseg  ProgramArguments: mri_aparc2aseg -all-info  ProgramVersion: 7.3.2  TimeStamp: 2026/03/08-21:58:40-GMT  BuildTime: Aug  4 2022 06:17:15  BuildStamp: freesurfer-linux-ubuntu22_x86_64-7.3.2-20220804-6354275  User: oesteban  Machine: dna019  Platform: Linux  PlatformVersion: 5.14.0-427.37.1.el9_4.x86_64  CompilerName: GCC  CompilerVersion: 8.4.0
ProgramName: mri_surf2volseg  ProgramArguments: mri_surf2volseg -all-info  ProgramVersion: 7.3.2  TimeStamp: 2026/03/08-21:58:40-GMT  BuildTime: Aug  4 2022 06:17:15  BuildStamp: freesurfer-linux-ubuntu22_x86_64-7.3.2-20220804-6354275  User: oesteban  Machine: dna019  Platform: Linux  PlatformVersion: 5.14.0-427.37.1.el9_4.x86_64  CompilerName: GCC  CompilerVersion: 8.4.0
ProgramName: mri_binarize  ProgramArguments: mri_binarize -all-info  ProgramVersion: 7.3.2  TimeStamp: 2026/03/08-21:58:40-GMT  BuildTime: Aug  4 2022 06:17:15  BuildStamp: freesurfer-linux-ubuntu22_x86_64-7.3.2-20220804-6354275  User: oesteban  Machine: dna019  Platform: Linux  PlatformVersion: 5.14.0-427.37.1.el9_4.x86_64  CompilerName: GCC  CompilerVersion: 8.4.0
ProgramName: mri_ca_label  ProgramArguments: mri_ca_label -all-info  ProgramVersion: 7.3.2  TimeStamp: 2026/03/08-21:58:40-GMT  BuildTime: Aug  4 2022 06:17:15  BuildStamp: freesurfer-linux-ubuntu22_x86_64-7.3.2-20220804-6354275  User: oesteban  Machine: dna019  Platform: Linux  PlatformVersion: 5.14.0-427.37.1.el9_4.x86_64  CompilerName: GCC  CompilerVersion: 8.4.0
ProgramName: mri_ca_normalize  ProgramArguments: mri_ca_normalize -all-info  ProgramVersion: 7.3.2  TimeStamp: 2026/03/08-21:58:40-GMT  BuildTime: Aug  4 2022 06:17:15  BuildStamp: freesurfer-linux-ubuntu22_x86_64-7.3.2-20220804-6354275  User: oesteban  Machine: dna019  Platform: Linux  PlatformVersion: 5.14.0-427.37.1.el9_4.x86_64  CompilerName: GCC  CompilerVersion: 8.4.0
ProgramName: mri_ca_register  ProgramArguments: mri_ca_register -all-info  ProgramVersion: 7.3.2  TimeStamp: 2026/03/08-21:58:40-GMT  BuildTime: Aug  4 2022 06:17:15  BuildStamp: freesurfer-linux-ubuntu22_x86_64-7.3.2-20220804-6354275  User: oesteban  Machine: dna019  Platform: Linux  PlatformVersion: 5.14.0-427.37.1.el9_4.x86_64  CompilerName: GCC  CompilerVersion: 8.4.0
ProgramName: mri_cc  ProgramArguments: mri_cc -all-info  ProgramVersion: 7.3.2  TimeStamp: 2026/03/08-21:58:40-GMT  BuildTime: Aug  4 2022 06:17:15  BuildStamp: freesurfer-linux-ubuntu22_x86_64-7.3.2-20220804-6354275  User: oesteban  Machine: dna019  Platform: Linux  PlatformVersion: 5.14.0-427.37.1.el9_4.x86_64  CompilerName: GCC  CompilerVersion: 8.4.0
ProgramName: mri_compute_overlap  ProgramArguments: mri_compute_overlap -all-info  ProgramVersion: 7.3.2  TimeStamp: 2026/03/08-21:58:40-GMT  BuildTime: Aug  4 2022 06:17:15  BuildStamp: freesurfer-linux-ubuntu22_x86_64-7.3.2-20220804-6354275  User: oesteban  Machine: dna019  Platform: Linux  PlatformVersion: 5.14.0-427.37.1.el9_4.x86_64  CompilerName: GCC  CompilerVersion: 8.4.0
ProgramName: mri_compute_seg_overlap  ProgramArguments: mri_compute_seg_overlap -all-info  ProgramVersion: 7.3.2  TimeStamp: 2026/03/08-21:58:40-GMT  BuildTime: Aug  4 2022 06:17:15  BuildStamp: freesurfer-linux-ubuntu22_x86_64-7.3.2-20220804-6354275  User: oesteban  Machine: dna019  Platform: Linux  PlatformVersion: 5.14.0-427.37.1.el9_4.x86_64  CompilerName: GCC  CompilerVersion: 8.4.0
ProgramName: mri_concat  ProgramArguments: mri_concat -all-info  ProgramVersion: 7.3.2  TimeStamp: 2026/03/08-21:58:40-GMT  BuildTime: Aug  4 2022 06:17:15  BuildStamp: freesurfer-linux-ubuntu22_x86_64-7.3.2-20220804-6354275  User: oesteban  Machine: dna019  Platform: Linux  PlatformVersion: 5.14.0-427.37.1.el9_4.x86_64  CompilerName: GCC  CompilerVersion: 8.4.0
ProgramName: mri_concatenate_lta  ProgramArguments: mri_concatenate_lta -all-info  ProgramVersion: 7.3.2  TimeStamp: 2026/03/08-21:58:40-GMT  BuildTime: Aug  4 2022 06:17:15  BuildStamp: freesurfer-linux-ubuntu22_x86_64-7.3.2-20220804-6354275  User: oesteban  Machine: dna019  Platform: Linux  PlatformVersion: 5.14.0-427.37.1.el9_4.x86_64  CompilerName: GCC  CompilerVersion: 8.4.0
mri_convert -all-info 
ProgramName: mri_convert  ProgramArguments: mri_convert -all-info  ProgramVersion: 7.3.2  TimeStamp: 2026/03/08-21:58:40-GMT  BuildTime: Aug  4 2022 06:17:15  BuildStamp: freesurfer-linux-ubuntu22_x86_64-7.3.2-20220804-6354275  User: oesteban  Machine: dna019  Platform: Linux  PlatformVersion: 5.14.0-427.37.1.el9_4.x86_64  CompilerName: GCC  CompilerVersion: 8.4.0
ProgramName: mri_diff  ProgramArguments: mri_diff -all-info  ProgramVersion: 7.3.2  TimeStamp: 2026/03/08-21:58:40-GMT  BuildTime: Aug  4 2022 06:17:15  BuildStamp: freesurfer-linux-ubuntu22_x86_64-7.3.2-20220804-6354275  User: oesteban  Machine: dna019  Platform: Linux  PlatformVersion: 5.14.0-427.37.1.el9_4.x86_64  CompilerName: GCC  CompilerVersion: 8.4.0
ProgramName: mri_edit_wm_with_aseg  ProgramArguments: mri_edit_wm_with_aseg -all-info  ProgramVersion: 7.3.2  TimeStamp: 2026/03/08-21:58:40-GMT  BuildTime: Aug  4 2022 06:17:15  BuildStamp: freesurfer-linux-ubuntu22_x86_64-7.3.2-20220804-6354275  User: oesteban  Machine: dna019  Platform: Linux  PlatformVersion: 5.14.0-427.37.1.el9_4.x86_64  CompilerName: GCC  CompilerVersion: 8.4.0
ProgramName: mri_em_register  ProgramArguments: mri_em_register -all-info  ProgramVersion: 7.3.2  TimeStamp: 2026/03/08-21:58:40-GMT  BuildTime: Aug  4 2022 06:17:15  BuildStamp: freesurfer-linux-ubuntu22_x86_64-7.3.2-20220804-6354275  User: oesteban  Machine: dna019  Platform: Linux  PlatformVersion: 5.14.0-427.37.1.el9_4.x86_64  CompilerName: GCC  CompilerVersion: 8.4.0
ProgramName: mri_fill  ProgramArguments: mri_fill -all-info  ProgramVersion: 7.3.2  TimeStamp: 2026/03/08-21:58:40-GMT  BuildTime: Aug  4 2022 06:17:15  BuildStamp: freesurfer-linux-ubuntu22_x86_64-7.3.2-20220804-6354275  User: oesteban  Machine: dna019  Platform: Linux  PlatformVersion: 5.14.0-427.37.1.el9_4.x86_64  CompilerName: GCC  CompilerVersion: 8.4.0
ProgramName: mri_fuse_segmentations  ProgramArguments: mri_fuse_segmentations -all-info  ProgramVersion: 7.3.2  TimeStamp: 2026/03/08-21:58:40-GMT  BuildTime: Aug  4 2022 06:17:15  BuildStamp: freesurfer-linux-ubuntu22_x86_64-7.3.2-20220804-6354275  User: oesteban  Machine: dna019  Platform: Linux  PlatformVersion: 5.14.0-427.37.1.el9_4.x86_64  CompilerName: GCC  CompilerVersion: 8.4.0
ProgramName: mri_fwhm  ProgramArguments: mri_fwhm -all-info  ProgramVersion: 7.3.2  TimeStamp: 2026/03/08-21:58:40-GMT  BuildTime: Aug  4 2022 06:17:15  BuildStamp: freesurfer-linux-ubuntu22_x86_64-7.3.2-20220804-6354275  User: oesteban  Machine: dna019  Platform: Linux  PlatformVersion: 5.14.0-427.37.1.el9_4.x86_64  CompilerName: GCC  CompilerVersion: 8.4.0
ProgramName: mri_gcut  ProgramArguments: mri_gcut -all-info  ProgramVersion: 7.3.2  TimeStamp: 2026/03/08-21:58:40-GMT  BuildTime: Aug  4 2022 06:17:15  BuildStamp: freesurfer-linux-ubuntu22_x86_64-7.3.2-20220804-6354275  User: oesteban  Machine: dna019  Platform: Linux  PlatformVersion: 5.14.0-427.37.1.el9_4.x86_64  CompilerName: GCC  CompilerVersion: 8.4.0
ProgramName: mri_info  ProgramArguments: mri_info -all-info  ProgramVersion: 7.3.2  TimeStamp: 2026/03/08-21:58:40-GMT  BuildTime: Aug  4 2022 06:17:15  BuildStamp: freesurfer-linux-ubuntu22_x86_64-7.3.2-20220804-6354275  User: oesteban  Machine: dna019  Platform: Linux  PlatformVersion: 5.14.0-427.37.1.el9_4.x86_64  CompilerName: GCC  CompilerVersion: 8.4.0
ProgramName: mri_label2label  ProgramArguments: mri_label2label -all-info  ProgramVersion: 7.3.2  TimeStamp: 2026/03/08-21:58:40-GMT  BuildTime: Aug  4 2022 06:17:15  BuildStamp: freesurfer-linux-ubuntu22_x86_64-7.3.2-20220804-6354275  User: oesteban  Machine: dna019  Platform: Linux  PlatformVersion: 5.14.0-427.37.1.el9_4.x86_64  CompilerName: GCC  CompilerVersion: 8.4.0
ProgramName: mri_label2vol  ProgramArguments: mri_label2vol -all-info  ProgramVersion: 7.3.2  TimeStamp: 2026/03/08-21:58:40-GMT  BuildTime: Aug  4 2022 06:17:15  BuildStamp: freesurfer-linux-ubuntu22_x86_64-7.3.2-20220804-6354275  User: oesteban  Machine: dna019  Platform: Linux  PlatformVersion: 5.14.0-427.37.1.el9_4.x86_64  CompilerName: GCC  CompilerVersion: 8.4.0
ProgramName: mri_log_likelihood  ProgramArguments: mri_log_likelihood -all-info  ProgramVersion: 7.3.2  TimeStamp: 2026/03/08-21:58:40-GMT  BuildTime: Aug  4 2022 06:17:15  BuildStamp: freesurfer-linux-ubuntu22_x86_64-7.3.2-20220804-6354275  User: oesteban  Machine: dna019  Platform: Linux  PlatformVersion: 5.14.0-427.37.1.el9_4.x86_64  CompilerName: GCC  CompilerVersion: 8.4.0
ProgramName: mri_mask  ProgramArguments: mri_mask -all-info  ProgramVersion: 7.3.2  TimeStamp: 2026/03/08-21:58:40-GMT  BuildTime: Aug  4 2022 06:17:15  BuildStamp: freesurfer-linux-ubuntu22_x86_64-7.3.2-20220804-6354275  User: oesteban  Machine: dna019  Platform: Linux  PlatformVersion: 5.14.0-427.37.1.el9_4.x86_64  CompilerName: GCC  CompilerVersion: 8.4.0
ProgramName: mri_matrix_multiply  ProgramArguments: mri_matrix_multiply -all-info  ProgramVersion: 7.3.2  TimeStamp: 2026/03/08-21:58:40-GMT  BuildTime: Aug  4 2022 06:17:15  BuildStamp: freesurfer-linux-ubuntu22_x86_64-7.3.2-20220804-6354275  User: oesteban  Machine: dna019  Platform: Linux  PlatformVersion: 5.14.0-427.37.1.el9_4.x86_64  CompilerName: GCC  CompilerVersion: 8.4.0
ProgramName: mri_normalize  ProgramArguments: mri_normalize -all-info  ProgramVersion: 7.3.2  TimeStamp: 2026/03/08-21:58:40-GMT  BuildTime: Aug  4 2022 06:17:15  BuildStamp: freesurfer-linux-ubuntu22_x86_64-7.3.2-20220804-6354275  User: oesteban  Machine: dna019  Platform: Linux  PlatformVersion: 5.14.0-427.37.1.el9_4.x86_64  CompilerName: GCC  CompilerVersion: 8.4.0
ProgramName: mri_normalize_tp2  ProgramArguments: mri_normalize_tp2 -all-info  ProgramVersion: 7.3.2  TimeStamp: 2026/03/08-21:58:40-GMT  BuildTime: Aug  4 2022 06:17:15  BuildStamp: freesurfer-linux-ubuntu22_x86_64-7.3.2-20220804-6354275  User: oesteban  Machine: dna019  Platform: Linux  PlatformVersion: 5.14.0-427.37.1.el9_4.x86_64  CompilerName: GCC  CompilerVersion: 8.4.0
ProgramName: mri_or  ProgramArguments: mri_or -all-info  ProgramVersion: 7.3.2  TimeStamp: 2026/03/08-21:58:40-GMT  BuildTime: Aug  4 2022 06:17:15  BuildStamp: freesurfer-linux-ubuntu22_x86_64-7.3.2-20220804-6354275  User: oesteban  Machine: dna019  Platform: Linux  PlatformVersion: 5.14.0-427.37.1.el9_4.x86_64  CompilerName: GCC  CompilerVersion: 8.4.0
ProgramName: mri_relabel_hypointensities  ProgramArguments: mri_relabel_hypointensities -all-info  ProgramVersion: 7.3.2  TimeStamp: 2026/03/08-21:58:40-GMT  BuildTime: Aug  4 2022 06:17:15  BuildStamp: freesurfer-linux-ubuntu22_x86_64-7.3.2-20220804-6354275  User: oesteban  Machine: dna019  Platform: Linux  PlatformVersion: 5.14.0-427.37.1.el9_4.x86_64  CompilerName: GCC  CompilerVersion: 8.4.0
ProgramName: mri_relabel_nonwm_hypos  ProgramArguments: mri_relabel_nonwm_hypos -all-info  ProgramVersion: 7.3.2  TimeStamp: 2026/03/08-21:58:40-GMT  BuildTime: Aug  4 2022 06:17:15  BuildStamp: freesurfer-linux-ubuntu22_x86_64-7.3.2-20220804-6354275  User: oesteban  Machine: dna019  Platform: Linux  PlatformVersion: 5.14.0-427.37.1.el9_4.x86_64  CompilerName: GCC  CompilerVersion: 8.4.0
ProgramName: mri_remove_neck  ProgramArguments: mri_remove_neck -all-info  ProgramVersion: 7.3.2  TimeStamp: 2026/03/08-21:58:40-GMT  BuildTime: Aug  4 2022 06:17:15  BuildStamp: freesurfer-linux-ubuntu22_x86_64-7.3.2-20220804-6354275  User: oesteban  Machine: dna019  Platform: Linux  PlatformVersion: 5.14.0-427.37.1.el9_4.x86_64  CompilerName: GCC  CompilerVersion: 8.4.0
7.3.2

ProgramName: mri_robust_register  ProgramArguments: mri_robust_register -all-info  ProgramVersion: 7.3.2  TimeStamp: 2026/03/08-21:58:40-GMT  BuildTime: Aug  4 2022 06:17:15  BuildStamp: freesurfer-linux-ubuntu22_x86_64-7.3.2-20220804-6354275  User: oesteban  Machine: dna019  Platform: Linux  PlatformVersion: 5.14.0-427.37.1.el9_4.x86_64  CompilerName: GCC  CompilerVersion: 8.4.0
7.3.2

ProgramName: mri_robust_template  ProgramArguments: mri_robust_template -all-info  ProgramVersion: 7.3.2  TimeStamp: 2026/03/08-21:58:40-GMT  BuildTime: Aug  4 2022 06:17:15  BuildStamp: freesurfer-linux-ubuntu22_x86_64-7.3.2-20220804-6354275  User: oesteban  Machine: dna019  Platform: Linux  PlatformVersion: 5.14.0-427.37.1.el9_4.x86_64  CompilerName: GCC  CompilerVersion: 8.4.0
ProgramName: mris_anatomical_stats  ProgramArguments: mris_anatomical_stats -all-info  ProgramVersion: 7.3.2  TimeStamp: 2026/03/08-21:58:40-GMT  BuildTime: Aug  4 2022 06:17:15  BuildStamp: freesurfer-linux-ubuntu22_x86_64-7.3.2-20220804-6354275  User: oesteban  Machine: dna019  Platform: Linux  PlatformVersion: 5.14.0-427.37.1.el9_4.x86_64  CompilerName: GCC  CompilerVersion: 8.4.0
ProgramName: mris_ca_label  ProgramArguments: mris_ca_label -all-info  ProgramVersion: 7.3.2  TimeStamp: 2026/03/08-21:58:40-GMT  BuildTime: Aug  4 2022 06:17:15  BuildStamp: freesurfer-linux-ubuntu22_x86_64-7.3.2-20220804-6354275  User: oesteban  Machine: dna019  Platform: Linux  PlatformVersion: 5.14.0-427.37.1.el9_4.x86_64  CompilerName: GCC  CompilerVersion: 8.4.0
ProgramName: mris_calc  ProgramArguments: mris_calc -all-info  ProgramVersion: 7.3.2  TimeStamp: 2026/03/08-21:58:40-GMT  BuildTime: Aug  4 2022 06:17:15  BuildStamp: freesurfer-linux-ubuntu22_x86_64-7.3.2-20220804-6354275  User: oesteban  Machine: dna019  Platform: Linux  PlatformVersion: 5.14.0-427.37.1.el9_4.x86_64  CompilerName: GCC  CompilerVersion: 8.4.0
ProgramName: mris_convert  ProgramArguments: mris_convert -all-info  ProgramVersion: 7.3.2  TimeStamp: 2026/03/08-21:58:40-GMT  BuildTime: Aug  4 2022 06:17:15  BuildStamp: freesurfer-linux-ubuntu22_x86_64-7.3.2-20220804-6354275  User: oesteban  Machine: dna019  Platform: Linux  PlatformVersion: 5.14.0-427.37.1.el9_4.x86_64  CompilerName: GCC  CompilerVersion: 8.4.0
ProgramName: mris_curvature  ProgramArguments: mris_curvature -all-info  ProgramVersion: 7.3.2  TimeStamp: 2026/03/08-21:58:40-GMT  BuildTime: Aug  4 2022 06:17:15  BuildStamp: freesurfer-linux-ubuntu22_x86_64-7.3.2-20220804-6354275  User: oesteban  Machine: dna019  Platform: Linux  PlatformVersion: 5.14.0-427.37.1.el9_4.x86_64  CompilerName: GCC  CompilerVersion: 8.4.0
ProgramName: mris_curvature_stats  ProgramArguments: mris_curvature_stats -all-info  ProgramVersion: 7.3.2  TimeStamp: 2026/03/08-21:58:40-GMT  BuildTime: Aug  4 2022 06:17:15  BuildStamp: freesurfer-linux-ubuntu22_x86_64-7.3.2-20220804-6354275  User: oesteban  Machine: dna019  Platform: Linux  PlatformVersion: 5.14.0-427.37.1.el9_4.x86_64  CompilerName: GCC  CompilerVersion: 8.4.0
ProgramName: mris_diff  ProgramArguments: mris_diff -all-info  ProgramVersion: 7.3.2  TimeStamp: 2026/03/08-21:58:40-GMT  BuildTime: Aug  4 2022 06:17:15  BuildStamp: freesurfer-linux-ubuntu22_x86_64-7.3.2-20220804-6354275  User: oesteban  Machine: dna019  Platform: Linux  PlatformVersion: 5.14.0-427.37.1.el9_4.x86_64  CompilerName: GCC  CompilerVersion: 8.4.0
ProgramName: mris_divide_parcellation  ProgramArguments: mris_divide_parcellation -all-info  ProgramVersion: 7.3.2  TimeStamp: 2026/03/08-21:58:40-GMT  BuildTime: Aug  4 2022 06:17:15  BuildStamp: freesurfer-linux-ubuntu22_x86_64-7.3.2-20220804-6354275  User: oesteban  Machine: dna019  Platform: Linux  PlatformVersion: 5.14.0-427.37.1.el9_4.x86_64  CompilerName: GCC  CompilerVersion: 8.4.0
ProgramName: mri_segment  ProgramArguments: mri_segment -all-info  ProgramVersion: 7.3.2  TimeStamp: 2026/03/08-21:58:40-GMT  BuildTime: Aug  4 2022 06:17:15  BuildStamp: freesurfer-linux-ubuntu22_x86_64-7.3.2-20220804-6354275  User: oesteban  Machine: dna019  Platform: Linux  PlatformVersion: 5.14.0-427.37.1.el9_4.x86_64  CompilerName: GCC  CompilerVersion: 8.4.0
ProgramName: mri_segstats  ProgramArguments: mri_segstats -all-info  ProgramVersion: 7.3.2  TimeStamp: 2026/03/08-21:58:40-GMT  BuildTime: Aug  4 2022 06:17:15  BuildStamp: freesurfer-linux-ubuntu22_x86_64-7.3.2-20220804-6354275  User: oesteban  Machine: dna019  Platform: Linux  PlatformVersion: 5.14.0-427.37.1.el9_4.x86_64  CompilerName: GCC  CompilerVersion: 8.4.0
ProgramName: mris_euler_number  ProgramArguments: mris_euler_number -all-info  ProgramVersion: 7.3.2  TimeStamp: 2026/03/08-21:58:40-GMT  BuildTime: Aug  4 2022 06:17:15  BuildStamp: freesurfer-linux-ubuntu22_x86_64-7.3.2-20220804-6354275  User: oesteban  Machine: dna019  Platform: Linux  PlatformVersion: 5.14.0-427.37.1.el9_4.x86_64  CompilerName: GCC  CompilerVersion: 8.4.0
ProgramName: mris_fix_topology  ProgramArguments: mris_fix_topology -all-info  ProgramVersion: 7.3.2  TimeStamp: 2026/03/08-21:58:40-GMT  BuildTime: Aug  4 2022 06:17:15  BuildStamp: freesurfer-linux-ubuntu22_x86_64-7.3.2-20220804-6354275  User: oesteban  Machine: dna019  Platform: Linux  PlatformVersion: 5.14.0-427.37.1.el9_4.x86_64  CompilerName: GCC  CompilerVersion: 8.4.0
ProgramName: mris_topo_fixer  ProgramArguments: mris_topo_fixer -all-info  ProgramVersion: 7.3.2  TimeStamp: 2026/03/08-21:58:40-GMT  BuildTime: Aug  4 2022 06:17:15  BuildStamp: freesurfer-linux-ubuntu22_x86_64-7.3.2-20220804-6354275  User: oesteban  Machine: dna019  Platform: Linux  PlatformVersion: 5.14.0-427.37.1.el9_4.x86_64  CompilerName: GCC  CompilerVersion: 8.4.0
ProgramName: mris_jacobian  ProgramArguments: mris_jacobian -all-info  ProgramVersion: 7.3.2  TimeStamp: 2026/03/08-21:58:40-GMT  BuildTime: Aug  4 2022 06:17:15  BuildStamp: freesurfer-linux-ubuntu22_x86_64-7.3.2-20220804-6354275  User: oesteban  Machine: dna019  Platform: Linux  PlatformVersion: 5.14.0-427.37.1.el9_4.x86_64  CompilerName: GCC  CompilerVersion: 8.4.0
ProgramName: mris_label2annot  ProgramArguments: mris_label2annot -all-info  ProgramVersion: 7.3.2  TimeStamp: 2026/03/08-21:58:40-GMT  BuildTime: Aug  4 2022 06:17:15  BuildStamp: freesurfer-linux-ubuntu22_x86_64-7.3.2-20220804-6354275  User: oesteban  Machine: dna019  Platform: Linux  PlatformVersion: 5.14.0-427.37.1.el9_4.x86_64  CompilerName: GCC  CompilerVersion: 8.4.0
ProgramName: mris_left_right_register  ProgramArguments: mris_left_right_register -all-info  ProgramVersion: 7.3.2  TimeStamp: 2026/03/08-21:58:40-GMT  BuildTime: Aug  4 2022 06:17:15  BuildStamp: freesurfer-linux-ubuntu22_x86_64-7.3.2-20220804-6354275  User: oesteban  Machine: dna019  Platform: Linux  PlatformVersion: 5.14.0-427.37.1.el9_4.x86_64  CompilerName: GCC  CompilerVersion: 8.4.0
ProgramName: mris_place_surface  ProgramArguments: mris_place_surface -all-info  ProgramVersion: 7.3.2  TimeStamp: 2026/03/08-21:58:40-GMT  BuildTime: Aug  4 2022 06:17:15  BuildStamp: freesurfer-linux-ubuntu22_x86_64-7.3.2-20220804-6354275  User: oesteban  Machine: dna019  Platform: Linux  PlatformVersion: 5.14.0-427.37.1.el9_4.x86_64  CompilerName: GCC  CompilerVersion: 8.4.0
ProgramName: mrisp_paint  ProgramArguments: mrisp_paint -all-info  ProgramVersion: 7.3.2  TimeStamp: 2026/03/08-21:58:40-GMT  BuildTime: Aug  4 2022 06:17:15  BuildStamp: freesurfer-linux-ubuntu22_x86_64-7.3.2-20220804-6354275  User: oesteban  Machine: dna019  Platform: Linux  PlatformVersion: 5.14.0-427.37.1.el9_4.x86_64  CompilerName: GCC  CompilerVersion: 8.4.0
ProgramName: mris_register  ProgramArguments: mris_register -all-info  ProgramVersion: 7.3.2  TimeStamp: 2026/03/08-21:58:40-GMT  BuildTime: Aug  4 2022 06:17:15  BuildStamp: freesurfer-linux-ubuntu22_x86_64-7.3.2-20220804-6354275  User: oesteban  Machine: dna019  Platform: Linux  PlatformVersion: 5.14.0-427.37.1.el9_4.x86_64  CompilerName: GCC  CompilerVersion: 8.4.0
ProgramName: mris_smooth  ProgramArguments: mris_smooth -all-info  ProgramVersion: 7.3.2  TimeStamp: 2026/03/08-21:58:40-GMT  BuildTime: Aug  4 2022 06:17:15  BuildStamp: freesurfer-linux-ubuntu22_x86_64-7.3.2-20220804-6354275  User: oesteban  Machine: dna019  Platform: Linux  PlatformVersion: 5.14.0-427.37.1.el9_4.x86_64  CompilerName: GCC  CompilerVersion: 8.4.0
ProgramName: mris_sphere  ProgramArguments: mris_sphere -all-info  ProgramVersion: 7.3.2  TimeStamp: 2026/03/08-21:58:40-GMT  BuildTime: Aug  4 2022 06:17:15  BuildStamp: freesurfer-linux-ubuntu22_x86_64-7.3.2-20220804-6354275  User: oesteban  Machine: dna019  Platform: Linux  PlatformVersion: 5.14.0-427.37.1.el9_4.x86_64  CompilerName: GCC  CompilerVersion: 8.4.0
ProgramName: mris_surface_stats  ProgramArguments: mris_surface_stats -all-info  ProgramVersion: 7.3.2  TimeStamp: 2026/03/08-21:58:40-GMT  BuildTime: Aug  4 2022 06:17:15  BuildStamp: freesurfer-linux-ubuntu22_x86_64-7.3.2-20220804-6354275  User: oesteban  Machine: dna019  Platform: Linux  PlatformVersion: 5.14.0-427.37.1.el9_4.x86_64  CompilerName: GCC  CompilerVersion: 8.4.0
ProgramName: mri_stats2seg  ProgramArguments: mri_stats2seg -all-info  ProgramVersion: 7.3.2  TimeStamp: 2026/03/08-21:58:40-GMT  BuildTime: Aug  4 2022 06:17:15  BuildStamp: freesurfer-linux-ubuntu22_x86_64-7.3.2-20220804-6354275  User: oesteban  Machine: dna019  Platform: Linux  PlatformVersion: 5.14.0-427.37.1.el9_4.x86_64  CompilerName: GCC  CompilerVersion: 8.4.0
ProgramName: mris_thickness  ProgramArguments: mris_thickness -all-info  ProgramVersion: 7.3.2  TimeStamp: 2026/03/08-21:58:40-GMT  BuildTime: Aug  4 2022 06:17:15  BuildStamp: freesurfer-linux-ubuntu22_x86_64-7.3.2-20220804-6354275  User: oesteban  Machine: dna019  Platform: Linux  PlatformVersion: 5.14.0-427.37.1.el9_4.x86_64  CompilerName: GCC  CompilerVersion: 8.4.0
ProgramName: mris_thickness_diff  ProgramArguments: mris_thickness_diff -all-info  ProgramVersion: 7.3.2  TimeStamp: 2026/03/08-21:58:40-GMT  BuildTime: Aug  4 2022 06:17:15  BuildStamp: freesurfer-linux-ubuntu22_x86_64-7.3.2-20220804-6354275  User: oesteban  Machine: dna019  Platform: Linux  PlatformVersion: 5.14.0-427.37.1.el9_4.x86_64  CompilerName: GCC  CompilerVersion: 8.4.0
ProgramName: mris_topo_fixer  ProgramArguments: mris_topo_fixer -all-info  ProgramVersion: 7.3.2  TimeStamp: 2026/03/08-21:58:40-GMT  BuildTime: Aug  4 2022 06:17:15  BuildStamp: freesurfer-linux-ubuntu22_x86_64-7.3.2-20220804-6354275  User: oesteban  Machine: dna019  Platform: Linux  PlatformVersion: 5.14.0-427.37.1.el9_4.x86_64  CompilerName: GCC  CompilerVersion: 8.4.0
ProgramName: mri_surf2surf  ProgramArguments: mri_surf2surf -all-info  ProgramVersion: 7.3.2  TimeStamp: 2026/03/08-21:58:40-GMT  BuildTime: Aug  4 2022 06:17:15  BuildStamp: freesurfer-linux-ubuntu22_x86_64-7.3.2-20220804-6354275  User: oesteban  Machine: dna019  Platform: Linux  PlatformVersion: 5.14.0-427.37.1.el9_4.x86_64  CompilerName: GCC  CompilerVersion: 8.4.0
ProgramName: mri_surf2vol  ProgramArguments: mri_surf2vol -all-info  ProgramVersion: 7.3.2  TimeStamp: 2026/03/08-21:58:40-GMT  BuildTime: Aug  4 2022 06:17:15  BuildStamp: freesurfer-linux-ubuntu22_x86_64-7.3.2-20220804-6354275  User: oesteban  Machine: dna019  Platform: Linux  PlatformVersion: 5.14.0-427.37.1.el9_4.x86_64  CompilerName: GCC  CompilerVersion: 8.4.0
ProgramName: mri_surfcluster  ProgramArguments: mri_surfcluster -all-info  ProgramVersion: 7.3.2  TimeStamp: 2026/03/08-21:58:40-GMT  BuildTime: Aug  4 2022 06:17:15  BuildStamp: freesurfer-linux-ubuntu22_x86_64-7.3.2-20220804-6354275  User: oesteban  Machine: dna019  Platform: Linux  PlatformVersion: 5.14.0-427.37.1.el9_4.x86_64  CompilerName: GCC  CompilerVersion: 8.4.0
ProgramName: mris_volmask  ProgramArguments: mris_volmask -all-info  ProgramVersion: 7.3.2  TimeStamp: 2026/03/08-21:58:40-GMT  BuildTime: Aug  4 2022 06:17:15  BuildStamp: freesurfer-linux-ubuntu22_x86_64-7.3.2-20220804-6354275  User: oesteban  Machine: dna019  Platform: Linux  PlatformVersion: 5.14.0-427.37.1.el9_4.x86_64  CompilerName: GCC  CompilerVersion: 8.4.0
ProgramName: mri_tessellate  ProgramArguments: mri_tessellate -all-info  ProgramVersion: 7.3.2  TimeStamp: 2026/03/08-21:58:40-GMT  BuildTime: Aug  4 2022 06:17:15  BuildStamp: freesurfer-linux-ubuntu22_x86_64-7.3.2-20220804-6354275  User: oesteban  Machine: dna019  Platform: Linux  PlatformVersion: 5.14.0-427.37.1.el9_4.x86_64  CompilerName: GCC  CompilerVersion: 8.4.0
ProgramName: mri_vol2surf  ProgramArguments: mri_vol2surf -all-info  ProgramVersion: 7.3.2  TimeStamp: 2026/03/08-21:58:40-GMT  BuildTime: Aug  4 2022 06:17:15  BuildStamp: freesurfer-linux-ubuntu22_x86_64-7.3.2-20220804-6354275  User: oesteban  Machine: dna019  Platform: Linux  PlatformVersion: 5.14.0-427.37.1.el9_4.x86_64  CompilerName: GCC  CompilerVersion: 8.4.0
ProgramName: mri_vol2vol  ProgramArguments: mri_vol2vol -all-info  ProgramVersion: 7.3.2  TimeStamp: 2026/03/08-21:58:40-GMT  BuildTime: Aug  4 2022 06:17:15  BuildStamp: freesurfer-linux-ubuntu22_x86_64-7.3.2-20220804-6354275  User: oesteban  Machine: dna019  Platform: Linux  PlatformVersion: 5.14.0-427.37.1.el9_4.x86_64  CompilerName: GCC  CompilerVersion: 8.4.0
ProgramName: mri_voldiff  ProgramArguments: mri_voldiff -all-info  ProgramVersion: 7.3.2  TimeStamp: 2026/03/08-21:58:40-GMT  BuildTime: Aug  4 2022 06:17:15  BuildStamp: freesurfer-linux-ubuntu22_x86_64-7.3.2-20220804-6354275  User: oesteban  Machine: dna019  Platform: Linux  PlatformVersion: 5.14.0-427.37.1.el9_4.x86_64  CompilerName: GCC  CompilerVersion: 8.4.0
ProgramName: mri_watershed  ProgramArguments: mri_watershed -all-info  ProgramVersion: 7.3.2  TimeStamp: 2026/03/08-21:58:40-GMT  BuildTime: Aug  4 2022 06:17:15  BuildStamp: freesurfer-linux-ubuntu22_x86_64-7.3.2-20220804-6354275  User: oesteban  Machine: dna019  Platform: Linux  PlatformVersion: 5.14.0-427.37.1.el9_4.x86_64  CompilerName: GCC  CompilerVersion: 8.4.0
ProgramName: tkregister2  ProgramArguments: tkregister2_cmdl -all-info  ProgramVersion: 7.3.2  TimeStamp: 2026/03/08-21:58:40-GMT  BuildTime: Aug  4 2022 06:17:15  BuildStamp: freesurfer-linux-ubuntu22_x86_64-7.3.2-20220804-6354275  User: oesteban  Machine: dna019  Platform: Linux  PlatformVersion: 5.14.0-427.37.1.el9_4.x86_64  CompilerName: GCC  CompilerVersion: 8.4.0
mri_motion_correct.fsl 7.3.2
mri_convert -all-info 
ProgramName: mri_convert  ProgramArguments: mri_convert -all-info  ProgramVersion: 7.3.2  TimeStamp: 2026/03/08-21:58:40-GMT  BuildTime: Aug  4 2022 06:17:15  BuildStamp: freesurfer-linux-ubuntu22_x86_64-7.3.2-20220804-6354275  User: oesteban  Machine: dna019  Platform: Linux  PlatformVersion: 5.14.0-427.37.1.el9_4.x86_64  CompilerName: GCC  CompilerVersion: 8.4.0
Program nu_correct, built from:
Package MNI N3, version 1.12.0, compiled by nicks@terrier (x86_64-unknown-linux-gnu) on 2015-06-19 at 01:25:34
#######################################
GCADIR /opt/freesurfer/average
GCA RB_all_2020-01-02.gca
GCASkull RB_all_withskull_2020_01_02.gca
AvgCurvTif folding.atlas.acfb40.noaparc.i12.2016-08-02.tif
GCSDIR /opt/freesurfer/average
GCS DKaparc.atlas.acfb40.noaparc.i12.2016-08-02.gcs
#######################################
#--------------------------------------
#@# CA Normalize Sun Mar  8 22:58:40 CET 2026
/out/sourcedata/freesurfer/sub-v1s16x0051173_ses-1/mri

 mri_ca_normalize -c ctrl_pts.mgz -mask brainmask.mgz nu.mgz /opt/freesurfer/average/RB_all_2020-01-02.gca transforms/talairach.lta norm.mgz 

writing control point volume to ctrl_pts.mgz
using MR volume brainmask.mgz to mask input volume...
reading 1 input volume
reading atlas from '/opt/freesurfer/average/RB_all_2020-01-02.gca'...
reading transform from 'transforms/talairach.lta'...
reading input volume from nu.mgz...
resetting wm mean[0]: 98 --> 107
resetting gm mean[0]: 61 --> 61
input volume #1 is the most T1-like
using real data threshold=19.0
skull bounding box = (68, 43, 47) --> (196, 152, 206)
finding center of left hemi white matter
using (111, 79, 127) as brain centroid of Right_Cerebral_White_Matter...
mean wm in atlas = 107, using box (95,66,107) --> (126, 92,146) to find MRI wm
before smoothing, mri peak at 111
robust fit to distribution - 110 +- 4.7
after smoothing, mri peak at 111, scaling input intensities by 0.964
scaling channel 0 by 0.963964
using 246437 sample points...
INFO: compute sample coordinates transform
 1.14565  -0.09638  -0.04128  -10.93642;
 0.09638   1.25359   0.10688  -28.90737;
 0.03451  -0.12163   1.05152  -13.59748;
 0.00000   0.00000   0.00000   1.00000;
INFO: transform used
finding control points in Left_Cerebral_White_Matter....
found 40230 control points for structure...
bounding box (130, 44, 46) --> (191, 134, 204)
Left_Cerebral_White_Matter: limiting intensities to 88.0 --> 132.0
18 of 4910 (0.4%) samples deleted
finding control points in Right_Cerebral_White_Matter....
found 39478 control points for structure...
bounding box (75, 46, 46) --> (135, 140, 205)
Right_Cerebral_White_Matter: limiting intensities to 90.0 --> 132.0
6 of 4118 (0.1%) samples deleted
finding control points in Left_Cerebellum_White_Matter....
found 3105 control points for structure...
bounding box (134, 112, 69) --> (178, 147, 120)
Left_Cerebellum_White_Matter: limiting intensities to 88.0 --> 132.0
52 of 145 (35.9%) samples deleted
finding control points in Right_Cerebellum_White_Matter....
found 2710 control points for structure...
bounding box (97, 112, 68) --> (134, 149, 123)
Right_Cerebellum_White_Matter: limiting intensities to 88.0 --> 132.0
171 of 266 (64.3%) samples deleted
finding control points in Brain_Stem....
found 3475 control points for structure...
bounding box (120, 106, 104) --> (151, 161, 132)
Brain_Stem: limiting intensities to 88.0 --> 132.0
4 of 330 (1.2%) samples deleted
using 9769 total control points for intensity normalization...
bias field = 1.001 +- 0.055
38 of 9518 control points discarded
finding control points in Left_Cerebral_White_Matter....
found 40230 control points for structure...
bounding box (130, 44, 46) --> (191, 134, 204)
Left_Cerebral_White_Matter: limiting intensities to 88.0 --> 120.0
18 of 4851 (0.4%) samples deleted
finding control points in Right_Cerebral_White_Matter....
found 39478 control points for structure...
bounding box (75, 46, 46) --> (135, 140, 205)
Right_Cerebral_White_Matter: limiting intensities to 91.0 --> 132.0
9 of 4096 (0.2%) samples deleted
finding control points in Left_Cerebellum_White_Matter....
found 3105 control points for structure...
bounding box (134, 112, 69) --> (178, 147, 120)
Left_Cerebellum_White_Matter: limiting intensities to 88.0 --> 132.0
102 of 178 (57.3%) samples deleted
finding control points in Right_Cerebellum_White_Matter....
found 2710 control points for structure...
bounding box (97, 112, 68) --> (134, 149, 123)
Right_Cerebellum_White_Matter: limiting intensities to 88.0 --> 132.0
203 of 298 (68.1%) samples deleted
finding control points in Brain_Stem....
found 3475 control points for structure...
bounding box (120, 106, 104) --> (151, 161, 132)
Brain_Stem: limiting intensities to 88.0 --> 132.0
30 of 371 (8.1%) samples deleted
using 9794 total control points for intensity normalization...
bias field = 0.996 +- 0.049
37 of 9374 control points discarded
finding control points in Left_Cerebral_White_Matter....
found 40230 control points for structure...
bounding box (130, 44, 46) --> (191, 134, 204)
Left_Cerebral_White_Matter: limiting intensities to 90.0 --> 121.0
14 of 4840 (0.3%) samples deleted
finding control points in Right_Cerebral_White_Matter....
found 39478 control points for structure...
bounding box (75, 46, 46) --> (135, 140, 205)
Right_Cerebral_White_Matter: limiting intensities to 91.0 --> 132.0
12 of 4142 (0.3%) samples deleted
finding control points in Left_Cerebellum_White_Matter....
found 3105 control points for structure...
bounding box (134, 112, 69) --> (178, 147, 120)
Left_Cerebellum_White_Matter: limiting intensities to 88.0 --> 132.0
141 of 190 (74.2%) samples deleted
finding control points in Right_Cerebellum_White_Matter....
found 2710 control points for structure...
bounding box (97, 112, 68) --> (134, 149, 123)
Right_Cerebellum_White_Matter: limiting intensities to 88.0 --> 132.0
229 of 331 (69.2%) samples deleted
finding control points in Brain_Stem....
found 3475 control points for structure...
bounding box (120, 106, 104) --> (151, 161, 132)
Brain_Stem: limiting intensities to 88.0 --> 132.0
37 of 365 (10.1%) samples deleted
using 9868 total control points for intensity normalization...
bias field = 0.991 +- 0.046
23 of 9244 control points discarded
writing normalized volume to norm.mgz...
writing control points to ctrl_pts.mgz
freeing GCA...done.
normalization took 1 minutes and 23 seconds.
#--------------------------------------
#@# CA Reg Sun Mar  8 23:00:03 CET 2026
/out/sourcedata/freesurfer/sub-v1s16x0051173_ses-1/mri

 mri_ca_register -nobigventricles -T transforms/talairach.lta -align-after -mask brainmask.mgz norm.mgz /opt/freesurfer/average/RB_all_2020-01-02.gca transforms/talairach.m3z 

not handling expanded ventricles...
using previously computed transform transforms/talairach.lta
renormalizing sequences with structure alignment, equivalent to:
	-renormalize
	-regularize_mean 0.500
	-regularize 0.500
using MR volume brainmask.mgz to mask input volume...

== Number of threads available to mri_ca_register for OpenMP = 16 == 
reading 1 input volumes...
logging results to talairach.log
reading input volume 'norm.mgz'...
reading GCA '/opt/freesurfer/average/RB_all_2020-01-02.gca'...
label assignment complete, 0 changed (0.00%)
freeing gibbs priors...done.
average std[0] = 5.0
Starting GCAMregister()
label assignment complete, 0 changed (0.00%)
npasses = 1, nlevels = 6
#pass# 1 of 1 ************************
enabling zero nodes
setting smoothness cost coefficient to 0.156

#GCAMreg# pass 0 level1 5 level2 0 tsec 0 sigma 2
l_jacobian=1.00 l_label=1.00 l_log_likelihood=0.20 l_smoothness=0.16 
tol=2.50e-01, dt=5.00e-02, exp_k=20.0, momentum=0.90, levels=6, niter=500, lbl_dist=10.00, avgs=256, sigma=2.0,type=2, relabel=0, neg=no

blurring input image with Gaussian with sigma=2.000...
GCAMRegisterLevel(): init RMS 0.868481
#FOTS# QuadFit found better minimum quadopt=(dt=229.489,rms=0.797349) vs oldopt=(dt=92.48,rms=0.820241)
#GCMRL#    0 dt 229.489199 rms  0.797  8.190% neg 0  invalid 762 tFOTS 4.4050 tGradient 3.2230 tsec 7.9770
#FOTS# QuadFit found better minimum quadopt=(dt=151.548,rms=0.774749) vs oldopt=(dt=92.48,rms=0.778428)
#GCMRL#    1 dt 151.548270 rms  0.775  2.834% neg 0  invalid 762 tFOTS 4.5980 tGradient 3.0080 tsec 7.9390
#FOTS# QuadFit found better minimum quadopt=(dt=261.783,rms=0.76377) vs oldopt=(dt=369.92,rms=0.765219)
#GCMRL#    2 dt 261.782798 rms  0.764  1.417% neg 0  invalid 762 tFOTS 4.5880 tGradient 3.0010 tsec 7.9240
#FOTS# QuadFit found better minimum quadopt=(dt=133.297,rms=0.75833) vs oldopt=(dt=92.48,rms=0.759048)
#GCMRL#    3 dt 133.296552 rms  0.758  0.712% neg 0  invalid 762 tFOTS 4.7890 tGradient 2.9810 tsec 8.1120
#FOTS# QuadFit found better minimum quadopt=(dt=517.888,rms=0.750837) vs oldopt=(dt=369.92,rms=0.751826)
#GCMRL#    4 dt 517.888000 rms  0.751  0.988% neg 0  invalid 762 tFOTS 4.3470 tGradient 2.7430 tsec 7.4320
#FOTS# QuadFit found better minimum quadopt=(dt=129.472,rms=0.746871) vs oldopt=(dt=92.48,rms=0.747068)
#GCMRL#    5 dt 129.472000 rms  0.747  0.528% neg 0  invalid 762 tFOTS 4.6410 tGradient 2.7120 tsec 7.6970
#FOTS# QuadFit found better minimum quadopt=(dt=443.904,rms=0.743285) vs oldopt=(dt=369.92,rms=0.743343)
#GCMRL#    6 dt 443.904000 rms  0.743  0.480% neg 0  invalid 762 tFOTS 4.9350 tGradient 2.8520 tsec 8.1430
#FOTS# QuadFit found better minimum quadopt=(dt=110.976,rms=0.740687) vs oldopt=(dt=92.48,rms=0.740765)
#GCMRL#    7 dt 110.976000 rms  0.741  0.349% neg 0  invalid 762 tFOTS 5.1620 tGradient 2.8670 tsec 8.3910
#FOTS# QuadFit found better minimum quadopt=(dt=1775.62,rms=0.733479) vs oldopt=(dt=1479.68,rms=0.733642)
#GCMRL#    8 dt 1775.616000 rms  0.733  0.973% neg 0  invalid 762 tFOTS 4.7770 tGradient 2.8690 tsec 8.0040
#FOTS# QuadFit found better minimum quadopt=(dt=95.2131,rms=0.729213) vs oldopt=(dt=92.48,rms=0.72923)
#GCMRL#    9 dt  95.213115 rms  0.729  0.582% neg 0  invalid 762 tFOTS 5.0250 tGradient 3.1070 tsec 8.4980
#FOTS# QuadFit found better minimum quadopt=(dt=517.888,rms=0.728227) vs oldopt=(dt=369.92,rms=0.728415)
#GCMRL#   10 dt 517.888000 rms  0.728  0.000% neg 0  invalid 762 tFOTS 5.7610 tGradient 3.0130 tsec 9.2240

#GCAMreg# pass 0 level1 5 level2 1 tsec 103.186 sigma 0.5
l_jacobian=1.00 l_label=1.00 l_log_likelihood=0.20 l_smoothness=0.16 
tol=2.50e-01, dt=5.00e-02, exp_k=20.0, momentum=0.90, levels=6, niter=500, lbl_dist=10.00, avgs=256, sigma=0.5,type=2, relabel=0, neg=no

blurring input image with Gaussian with sigma=0.500...
GCAMRegisterLevel(): init RMS 0.728927
#FOTS# QuadFit found better minimum quadopt=(dt=129.472,rms=0.726843) vs oldopt=(dt=92.48,rms=0.727098)
#GCMRL#   12 dt 129.472000 rms  0.727  0.286% neg 0  invalid 762 tFOTS 5.4400 tGradient 3.5620 tsec 9.3840
#FOTS# QuadFit found better minimum quadopt=(dt=517.888,rms=0.725503) vs oldopt=(dt=369.92,rms=0.725621)
#GCMRL#   13 dt 517.888000 rms  0.726  0.000% neg 0  invalid 762 tFOTS 5.5120 tGradient 2.9550 tsec 8.8790
setting smoothness cost coefficient to 0.615

#GCAMreg# pass 0 level1 4 level2 0 tsec 0 sigma 2
l_jacobian=1.00 l_label=1.00 l_log_likelihood=0.20 l_smoothness=0.62 
tol=2.50e-01, dt=5.00e-02, exp_k=20.0, momentum=0.90, levels=6, niter=500, lbl_dist=10.00, avgs=64, sigma=2.0,type=2, relabel=0, neg=no

blurring input image with Gaussian with sigma=2.000...
GCAMRegisterLevel(): init RMS 0.735358
#FOTS# QuadFit found better minimum quadopt=(dt=94.7867,rms=0.726926) vs oldopt=(dt=103.68,rms=0.726993)
#GCMRL#   15 dt  94.786730 rms  0.727  1.147% neg 0  invalid 762 tFOTS 5.1250 tGradient 2.4480 tsec 7.9890
#FOTS# QuadFit found better minimum quadopt=(dt=236.439,rms=0.711712) vs oldopt=(dt=103.68,rms=0.716336)
#GCMRL#   16 dt 236.438538 rms  0.712  2.093% neg 0  invalid 762 tFOTS 4.7920 tGradient 2.3980 tsec 7.5450
#FOTS# QuadFit found better minimum quadopt=(dt=48.3357,rms=0.706856) vs oldopt=(dt=25.92,rms=0.707729)
#GCMRL#   17 dt  48.335664 rms  0.707  0.682% neg 0  invalid 762 tFOTS 4.8950 tGradient 2.4680 tsec 7.7180
#FOTS# QuadFit found better minimum quadopt=(dt=145.152,rms=0.705722) vs oldopt=(dt=103.68,rms=0.70578)
#GCMRL#   18 dt 145.152000 rms  0.706  0.000% neg 0  invalid 762 tFOTS 4.9580 tGradient 2.6280 tsec 7.9780
#GCMRL#   19 dt 145.152000 rms  0.701  0.606% neg 0  invalid 762 tFOTS 0.0000 tGradient 2.7110 tsec 3.1000
#GCMRL#   20 dt 145.152000 rms  0.699  0.391% neg 0  invalid 762 tFOTS 0.0000 tGradient 2.5440 tsec 2.8700
#GCMRL#   21 dt 145.152000 rms  0.694  0.618% neg 0  invalid 762 tFOTS 0.0000 tGradient 2.3920 tsec 2.7100
#GCMRL#   22 dt 145.152000 rms  0.689  0.805% neg 0  invalid 762 tFOTS 0.0000 tGradient 2.5500 tsec 2.8790
#GCMRL#   23 dt 145.152000 rms  0.686  0.433% neg 0  invalid 762 tFOTS 0.0000 tGradient 2.4240 tsec 2.7780
#GCMRL#   24 dt 145.152000 rms  0.684  0.198% neg 0  invalid 762 tFOTS 0.0000 tGradient 2.5120 tsec 2.8490
#GCMRL#   25 dt 145.152000 rms  0.684  0.126% neg 0  invalid 762 tFOTS 0.0000 tGradient 2.2840 tsec 2.6240
#GCMRL#   26 dt 145.152000 rms  0.681  0.417% neg 0  invalid 762 tFOTS 0.0000 tGradient 2.2170 tsec 2.5540
#GCMRL#   27 dt 145.152000 rms  0.681 -0.020% neg 0  invalid 762 tFOTS 0.0000 tGradient 2.4110 tsec 3.0140
#FOTS# QuadFit found better minimum quadopt=(dt=9.072,rms=0.680653) vs oldopt=(dt=6.48,rms=0.680659)
#GCMRL#   28 dt   9.072000 rms  0.681  0.005% neg 0  invalid 762 tFOTS 5.1380 tGradient 2.4280 tsec 7.9290
#FOTS# QuadFit found better minimum quadopt=(dt=2.268,rms=0.680648) vs oldopt=(dt=1.62,rms=0.680648)

#GCAMreg# pass 0 level1 4 level2 1 tsec 82.013 sigma 0.5
l_jacobian=1.00 l_label=1.00 l_log_likelihood=0.20 l_smoothness=0.62 
tol=2.50e-01, dt=5.00e-02, exp_k=20.0, momentum=0.90, levels=6, niter=500, lbl_dist=10.00, avgs=64, sigma=0.5,type=2, relabel=0, neg=no

blurring input image with Gaussian with sigma=0.500...
GCAMRegisterLevel(): init RMS 0.681312
#GCMRL#   30 dt   0.000000 rms  0.681  0.097% neg 0  invalid 762 tFOTS 4.9650 tGradient 2.4230 tsec 7.7580
setting smoothness cost coefficient to 2.353

#GCAMreg# pass 0 level1 3 level2 0 tsec 0 sigma 2
l_jacobian=1.00 l_label=1.00 l_log_likelihood=0.20 l_smoothness=2.35 
tol=2.50e-01, dt=5.00e-02, exp_k=20.0, momentum=0.90, levels=6, niter=500, lbl_dist=10.00, avgs=16, sigma=2.0,type=2, relabel=0, neg=no

blurring input image with Gaussian with sigma=2.000...
GCAMRegisterLevel(): init RMS 0.720201
#FOTS# QuadFit found better minimum quadopt=(dt=1.6,rms=0.719332) vs oldopt=(dt=2,rms=0.719343)
#GCMRL#   32 dt   1.600000 rms  0.719  0.121% neg 0  invalid 762 tFOTS 4.6750 tGradient 2.1160 tsec 7.1570
#FOTS# QuadFit found better minimum quadopt=(dt=0.175,rms=0.719333) vs oldopt=(dt=0.125,rms=0.719334)

#GCAMreg# pass 0 level1 3 level2 1 tsec 23.963 sigma 0.5
l_jacobian=1.00 l_label=1.00 l_log_likelihood=0.20 l_smoothness=2.35 
tol=2.50e-01, dt=5.00e-02, exp_k=20.0, momentum=0.90, levels=6, niter=500, lbl_dist=10.00, avgs=16, sigma=0.5,type=2, relabel=0, neg=no

blurring input image with Gaussian with sigma=0.500...
GCAMRegisterLevel(): init RMS 0.719953
#FOTS# QuadFit found better minimum quadopt=(dt=0.6,rms=0.7193) vs oldopt=(dt=0.5,rms=0.719302)
#GCMRL#   34 dt   0.600000 rms  0.719  0.091% neg 0  invalid 762 tFOTS 4.6470 tGradient 2.1910 tsec 7.1890
#FOTS# QuadFit found better minimum quadopt=(dt=0.075,rms=0.719304) vs oldopt=(dt=0.125,rms=0.719304)
setting smoothness cost coefficient to 8.000

#GCAMreg# pass 0 level1 2 level2 0 tsec 0 sigma 2
l_jacobian=1.00 l_label=1.00 l_log_likelihood=0.20 l_smoothness=8.00 
tol=2.50e-01, dt=5.00e-02, exp_k=20.0, momentum=0.90, levels=6, niter=500, lbl_dist=10.00, avgs=4, sigma=2.0,type=2, relabel=0, neg=no

blurring input image with Gaussian with sigma=2.000...
GCAMRegisterLevel(): init RMS 0.821561
#FOTS# QuadFit found better minimum quadopt=(dt=2.75504,rms=0.788596) vs oldopt=(dt=2.88,rms=0.788667)
#GCMRL#   36 dt   2.755038 rms  0.789  4.012% neg 0  invalid 762 tFOTS 4.5600 tGradient 1.8820 tsec 6.7890
#FOTS# QuadFit found better minimum quadopt=(dt=2.304,rms=0.782169) vs oldopt=(dt=2.88,rms=0.782548)
#GCMRL#   37 dt   2.304000 rms  0.782  0.815% neg 0  invalid 762 tFOTS 4.5330 tGradient 1.8750 tsec 6.7600
#FOTS# QuadFit found better minimum quadopt=(dt=2.06584,rms=0.780236) vs oldopt=(dt=2.88,rms=0.780565)
#GCMRL#   38 dt   2.065844 rms  0.780  0.000% neg 0  invalid 762 tFOTS 4.5560 tGradient 1.8650 tsec 6.8020
#GCMRL#   39 dt   2.065844 rms  0.780  0.027% neg 0  invalid 762 tFOTS 0.0000 tGradient 1.9030 tsec 2.2370

#GCAMreg# pass 0 level1 2 level2 1 tsec 34.386 sigma 0.5
l_jacobian=1.00 l_label=1.00 l_log_likelihood=0.20 l_smoothness=8.00 
tol=2.50e-01, dt=5.00e-02, exp_k=20.0, momentum=0.90, levels=6, niter=500, lbl_dist=10.00, avgs=4, sigma=0.5,type=2, relabel=0, neg=no

blurring input image with Gaussian with sigma=0.500...
GCAMRegisterLevel(): init RMS 0.780549
#GCMRL#   41 dt   0.000000 rms  0.780  0.066% neg 0  invalid 762 tFOTS 4.2700 tGradient 1.9020 tsec 6.5260
setting smoothness cost coefficient to 20.000

#GCAMreg# pass 0 level1 1 level2 0 tsec 0 sigma 2
l_jacobian=1.00 l_label=1.00 l_log_likelihood=0.20 l_smoothness=20.00 
tol=2.50e-01, dt=5.00e-02, exp_k=20.0, momentum=0.90, levels=6, niter=500, lbl_dist=10.00, avgs=1, sigma=2.0,type=2, relabel=0, neg=no

blurring input image with Gaussian with sigma=2.000...
GCAMRegisterLevel(): init RMS 0.833248
#FOTS# QuadFit found better minimum quadopt=(dt=0.112,rms=0.832518) vs oldopt=(dt=0.08,rms=0.832563)
#GCMRL#   43 dt   0.112000 rms  0.833  0.088% neg 0  invalid 762 tFOTS 4.5370 tGradient 1.7700 tsec 6.6630
#GCMRL#   44 dt   0.320000 rms  0.832  0.000% neg 0  invalid 762 tFOTS 4.5270 tGradient 1.8020 tsec 6.7000
#GCMRL#   45 dt   0.320000 rms  0.830  0.281% neg 0  invalid 762 tFOTS 0.0000 tGradient 1.8620 tsec 2.2180
#GCMRL#   46 dt   0.320000 rms  0.827  0.338% neg 0  invalid 762 tFOTS 0.0000 tGradient 1.7320 tsec 2.0720
#GCMRL#   47 dt   0.320000 rms  0.824  0.303% neg 0  invalid 762 tFOTS 0.0000 tGradient 1.8020 tsec 2.1420
#GCMRL#   48 dt   0.320000 rms  0.822  0.290% neg 0  invalid 762 tFOTS 0.0000 tGradient 1.8130 tsec 2.1610
#GCMRL#   49 dt   0.320000 rms  0.820  0.252% neg 0  invalid 762 tFOTS 0.0000 tGradient 1.7870 tsec 2.1300
#GCMRL#   50 dt   0.320000 rms  0.819  0.102% neg 0  invalid 762 tFOTS 0.0000 tGradient 1.7500 tsec 2.0870
#GCMRL#   51 dt   0.320000 rms  0.819 -0.074% neg 0  invalid 762 tFOTS 0.0000 tGradient 1.8870 tsec 2.4900
#FOTS# QuadFit found better minimum quadopt=(dt=1.024,rms=0.817878) vs oldopt=(dt=1.28,rms=0.817999)
#GCMRL#   52 dt   1.024000 rms  0.818  0.132% neg 0  invalid 762 tFOTS 4.5820 tGradient 1.8870 tsec 6.8290
#FOTS# QuadFit found better minimum quadopt=(dt=0.448,rms=0.814606) vs oldopt=(dt=0.32,rms=0.815098)
#GCMRL#   53 dt   0.448000 rms  0.815  0.400% neg 0  invalid 762 tFOTS 4.6100 tGradient 1.7770 tsec 6.7500
#FOTS# QuadFit found better minimum quadopt=(dt=0.016,rms=0.814602) vs oldopt=(dt=0.02,rms=0.814602)
#GCMRL#   54 dt   0.016000 rms  0.815  0.000% neg 0  invalid 762 tFOTS 4.5800 tGradient 1.7840 tsec 6.7510

#GCAMreg# pass 0 level1 1 level2 1 tsec 60.705 sigma 0.5
l_jacobian=1.00 l_label=1.00 l_log_likelihood=0.20 l_smoothness=20.00 
tol=2.50e-01, dt=5.00e-02, exp_k=20.0, momentum=0.90, levels=6, niter=500, lbl_dist=10.00, avgs=1, sigma=0.5,type=2, relabel=0, neg=no

blurring input image with Gaussian with sigma=0.500...
GCAMRegisterLevel(): init RMS 0.815086
#FOTS# QuadFit found better minimum quadopt=(dt=0.064,rms=0.814545) vs oldopt=(dt=0.08,rms=0.814552)
#GCMRL#   56 dt   0.064000 rms  0.815  0.066% neg 0  invalid 762 tFOTS 4.5830 tGradient 1.7980 tsec 6.7430
#FOTS# QuadFit found better minimum quadopt=(dt=0.007,rms=0.814543) vs oldopt=(dt=0.005,rms=0.814543)
#GCMRL#   57 dt   0.007000 rms  0.815  0.000% neg 0  invalid 762 tFOTS 4.5860 tGradient 1.8180 tsec 6.7870
#GCMRL#   58 dt   0.007000 rms  0.815  0.000% neg 0  invalid 762 tFOTS 0.0000 tGradient 1.8020 tsec 2.1510
resetting metric properties...
setting smoothness cost coefficient to 40.000

#GCAMreg# pass 0 level1 0 level2 0 tsec 0 sigma 2
l_jacobian=1.00 l_label=1.00 l_log_likelihood=0.20 l_smoothness=40.00 
tol=2.50e-01, dt=5.00e-02, exp_k=20.0, momentum=0.90, levels=6, niter=500, lbl_dist=10.00, avgs=0, sigma=2.0,type=2, relabel=0, neg=no

blurring input image with Gaussian with sigma=2.000...
GCAMRegisterLevel(): init RMS 0.787407
#FOTS# QuadFit found better minimum quadopt=(dt=0.256,rms=0.781347) vs oldopt=(dt=0.32,rms=0.781748)
#GCMRL#   60 dt   0.256000 rms  0.781  0.770% neg 0  invalid 762 tFOTS 4.5890 tGradient 1.4150 tsec 6.3870
#FOTS# QuadFit found better minimum quadopt=(dt=0.028,rms=0.780924) vs oldopt=(dt=0.02,rms=0.780967)
#GCMRL#   61 dt   0.028000 rms  0.781  0.000% neg 0  invalid 762 tFOTS 4.5550 tGradient 1.5290 tsec 6.4710

#GCAMreg# pass 0 level1 0 level2 1 tsec 24.144 sigma 0.5
l_jacobian=1.00 l_label=1.00 l_log_likelihood=0.20 l_smoothness=40.00 
tol=2.50e-01, dt=5.00e-02, exp_k=20.0, momentum=0.90, levels=6, niter=500, lbl_dist=10.00, avgs=0, sigma=0.5,type=2, relabel=0, neg=no

blurring input image with Gaussian with sigma=0.500...
GCAMRegisterLevel(): init RMS 0.781416
#FOTS# QuadFit found better minimum quadopt=(dt=0.016,rms=0.780838) vs oldopt=(dt=0.02,rms=0.780843)
#GCMRL#   63 dt   0.016000 rms  0.781  0.074% neg 0  invalid 762 tFOTS 4.4260 tGradient 1.3210 tsec 6.0960
GCAMregister done in 7.22597 min
Starting GCAmapRenormalizeWithAlignment() without scales
renormalizing by structure alignment....
renormalizing input #0
gca peak = 0.10253 (16)
mri peak = 0.06801 (14)
Left_Lateral_Ventricle (4): linear fit = 0.83 x + 0.0 (738 voxels, overlap=0.857)
Left_Lateral_Ventricle (4): linear fit = 0.83 x + 0.0 (738 voxels, peak = 13), gca=13.4
gca peak = 0.17690 (16)
mri peak = 0.09973 (13)
Right_Lateral_Ventricle (43): linear fit = 0.74 x + 0.0 (614 voxels, overlap=0.619)
Right_Lateral_Ventricle (43): linear fit = 0.74 x + 0.0 (614 voxels, peak = 12), gca=11.8
gca peak = 0.28275 (96)
mri peak = 0.08504 (102)
Right_Pallidum (52): linear fit = 1.07 x + 0.0 (687 voxels, overlap=0.653)
Right_Pallidum (52): linear fit = 1.07 x + 0.0 (687 voxels, peak = 102), gca=102.2
gca peak = 0.18948 (93)
mri peak = 0.09317 (98)
Left_Pallidum (13): linear fit = 1.01 x + 0.0 (653 voxels, overlap=1.004)
Left_Pallidum (13): linear fit = 1.01 x + 0.0 (653 voxels, peak = 94), gca=94.4
gca peak = 0.20755 (55)
mri peak = 0.11164 (51)
Right_Hippocampus (53): linear fit = 0.92 x + 0.0 (681 voxels, overlap=0.804)
Right_Hippocampus (53): linear fit = 0.92 x + 0.0 (681 voxels, peak = 50), gca=50.3
gca peak = 0.31831 (58)
mri peak = 0.08949 (61)
Left_Hippocampus (17): linear fit = 1.03 x + 0.0 (715 voxels, overlap=0.677)
Left_Hippocampus (17): linear fit = 1.03 x + 0.0 (715 voxels, peak = 60), gca=60.0
gca peak = 0.11957 (102)
mri peak = 0.11658 (108)
Right_Cerebral_White_Matter (41): linear fit = 1.09 x + 0.0 (37368 voxels, overlap=0.422)
Right_Cerebral_White_Matter (41): linear fit = 1.09 x + 0.0 (37368 voxels, peak = 111), gca=110.7
gca peak = 0.11429 (102)
mri peak = 0.09025 (108)
Left_Cerebral_White_Matter (2): linear fit = 1.09 x + 0.0 (42414 voxels, overlap=0.450)
Left_Cerebral_White_Matter (2): linear fit = 1.09 x + 0.0 (42414 voxels, peak = 111), gca=110.7
gca peak = 0.14521 (59)
mri peak = 0.03847 (54)
Left_Cerebral_Cortex (3): linear fit = 0.92 x + 0.0 (20229 voxels, overlap=0.631)
Left_Cerebral_Cortex (3): linear fit = 0.92 x + 0.0 (20229 voxels, peak = 54), gca=54.0
gca peak = 0.14336 (58)
mri peak = 0.03414 (54)
Right_Cerebral_Cortex (42): linear fit = 0.92 x + 0.0 (17893 voxels, overlap=0.488)
Right_Cerebral_Cortex (42): linear fit = 0.92 x + 0.0 (17893 voxels, peak = 53), gca=53.1
gca peak = 0.13305 (70)
mri peak = 0.11675 (76)
Right_Caudate (50): linear fit = 1.12 x + 0.0 (424 voxels, overlap=0.651)
Right_Caudate (50): linear fit = 1.12 x + 0.0 (424 voxels, peak = 78), gca=78.1
gca peak = 0.15761 (71)
mri peak = 0.10070 (76)
Left_Caudate (11): linear fit = 1.01 x + 0.0 (750 voxels, overlap=0.796)
Left_Caudate (11): linear fit = 1.01 x + 0.0 (750 voxels, peak = 72), gca=72.1
gca peak = 0.13537 (57)
mri peak = 0.04575 (51)
Left_Cerebellum_Cortex (8): linear fit = 0.86 x + 0.0 (18806 voxels, overlap=0.364)
Left_Cerebellum_Cortex (8): linear fit = 0.86 x + 0.0 (18806 voxels, peak = 49), gca=48.7
gca peak = 0.13487 (56)
mri peak = 0.05339 (51)
Right_Cerebellum_Cortex (47): linear fit = 0.88 x + 0.0 (19510 voxels, overlap=0.228)
Right_Cerebellum_Cortex (47): linear fit = 0.88 x + 0.0 (19510 voxels, peak = 50), gca=49.6
gca peak = 0.19040 (84)
mri peak = 0.04110 (60)
Left_Cerebellum_White_Matter (7): linear fit = 0.70 x + 0.0 (7316 voxels, overlap=0.401)
Left_Cerebellum_White_Matter (7): linear fit = 0.70 x + 0.0 (7316 voxels, peak = 59), gca=59.2
gca peak = 0.18871 (83)
mri peak = 0.06057 (78)
Right_Cerebellum_White_Matter (46): linear fit = 0.92 x + 0.0 (6359 voxels, overlap=0.743)
Right_Cerebellum_White_Matter (46): linear fit = 0.92 x + 0.0 (6359 voxels, peak = 76), gca=75.9
gca peak = 0.24248 (57)
mri peak = 0.09977 (53)
Left_Amygdala (18): linear fit = 1.02 x + 0.0 (210 voxels, overlap=0.996)
Left_Amygdala (18): linear fit = 1.02 x + 0.0 (210 voxels, peak = 58), gca=58.4
gca peak = 0.35833 (56)
mri peak = 0.17949 (52)
Right_Amygdala (54): linear fit = 1.00 x + 0.0 (105 voxels, overlap=0.979)
Right_Amygdala (54): linear fit = 1.00 x + 0.0 (105 voxels, peak = 56), gca=56.0
gca peak = 0.12897 (85)
mri peak = 0.05061 (82)
Left_Thalamus (10): linear fit = 1.01 x + 0.0 (4229 voxels, overlap=0.704)
Left_Thalamus (10): linear fit = 1.01 x + 0.0 (4229 voxels, peak = 86), gca=86.3
gca peak = 0.13127 (83)
mri peak = 0.05842 (82)
Right_Thalamus (49): linear fit = 1.00 x + 0.0 (3140 voxels, overlap=0.819)
Right_Thalamus (49): linear fit = 1.00 x + 0.0 (3140 voxels, peak = 83), gca=82.6
gca peak = 0.12974 (78)
mri peak = 0.10023 (80)
Left_Putamen (12): linear fit = 1.01 x + 0.0 (1752 voxels, overlap=0.931)
Left_Putamen (12): linear fit = 1.01 x + 0.0 (1752 voxels, peak = 79), gca=79.2
gca peak = 0.17796 (79)
mri peak = 0.04633 (75)
Right_Putamen (51): linear fit = 0.99 x + 0.0 (1669 voxels, overlap=0.985)
Right_Putamen (51): linear fit = 0.99 x + 0.0 (1669 voxels, peak = 78), gca=77.8
gca peak = 0.10999 (80)
mri peak = 0.06926 (93)
Brain_Stem (16): linear fit = 1.20 x + 0.0 (8953 voxels, overlap=0.374)
Brain_Stem (16): linear fit = 1.20 x + 0.0 (8953 voxels, peak = 96), gca=95.6
gca peak = 0.13215 (88)
mri peak = 0.07921 (102)
Right_VentralDC (60): linear fit = 1.16 x + 0.0 (455 voxels, overlap=0.447)
Right_VentralDC (60): linear fit = 1.16 x + 0.0 (455 voxels, peak = 103), gca=102.5
gca peak = 0.11941 (89)
mri peak = 0.10538 (103)
Left_VentralDC (28): linear fit = 1.14 x + 0.0 (556 voxels, overlap=0.660)
Left_VentralDC (28): linear fit = 1.14 x + 0.0 (556 voxels, peak = 102), gca=101.9
gca peak = 0.20775 (25)
uniform distribution in MR - rejecting arbitrary fit
gca peak = 0.13297 (21)
mri peak = 0.20000 ( 6)
Fourth_Ventricle (15): linear fit = 0.28 x + 0.0 (87 voxels, overlap=0.124)
Fourth_Ventricle (15): linear fit = 0.28 x + 0.0 (87 voxels, peak =  6), gca=6.0
gca peak Unknown = 0.94777 ( 0)
gca peak Left_Inf_Lat_Vent = 0.19087 (28)
gca peak Third_Ventricle = 0.20775 (25)
gca peak Fourth_Ventricle = 0.13297 (21)
gca peak CSF = 0.16821 (33)
gca peak Left_Accumbens_area = 0.32850 (63)
gca peak Left_undetermined = 0.98480 (28)
gca peak Left_vessel = 0.40887 (53)
gca peak Left_choroid_plexus = 0.10898 (46)
gca peak Right_Inf_Lat_Vent = 0.17798 (26)
gca peak Right_Accumbens_area = 0.30137 (64)
gca peak Right_vessel = 0.47828 (52)
gca peak Right_choroid_plexus = 0.11612 (45)
gca peak Fifth_Ventricle = 0.59466 (35)
gca peak WM_hypointensities = 0.10053 (78)
gca peak non_WM_hypointensities = 0.07253 (60)
gca peak Optic_Chiasm = 0.25330 (73)
not using caudate to estimate GM means
estimating mean gm scale to be 0.97 x + 0.0
estimating mean wm scale to be 1.09 x + 0.0
estimating mean csf scale to be 0.78 x + 0.0
saving intensity scales to talairach.label_intensities.txt
GCAmapRenormalizeWithAlignment() took 3.5557 min
noneg pre
Starting GCAMregister()
label assignment complete, 0 changed (0.00%)
npasses = 1, nlevels = 6
#pass# 1 of 1 ************************
enabling zero nodes
setting smoothness cost coefficient to 0.008

#GCAMreg# pass 0 level1 5 level2 0 tsec 0 sigma 2
l_jacobian=1.00 l_label=1.00 l_log_likelihood=0.20 l_smoothness=0.01 
tol=5.00e-02, dt=5.00e-02, exp_k=20.0, momentum=0.90, levels=6, niter=500, lbl_dist=10.00, avgs=256, sigma=2.0,type=2, relabel=0, neg=no

blurring input image with Gaussian with sigma=2.000...
GCAMRegisterLevel(): init RMS 0.84057
#FOTS# QuadFit found better minimum quadopt=(dt=229.053,rms=0.813414) vs oldopt=(dt=369.92,rms=0.820355)
#GCMRL#   65 dt 229.052632 rms  0.813  3.231% neg 0  invalid 762 tFOTS 4.5470 tGradient 2.7510 tsec 7.6550
#FOTS# QuadFit found better minimum quadopt=(dt=129.472,rms=0.808375) vs oldopt=(dt=92.48,rms=0.808882)
#GCMRL#   66 dt 129.472000 rms  0.808  0.619% neg 0  invalid 762 tFOTS 4.7460 tGradient 2.8650 tsec 7.9670
#FOTS# QuadFit found better minimum quadopt=(dt=517.888,rms=0.799448) vs oldopt=(dt=369.92,rms=0.800005)
#GCMRL#   67 dt 517.888000 rms  0.799  1.104% neg 0  invalid 762 tFOTS 4.4690 tGradient 2.7440 tsec 7.5730
#FOTS# QuadFit found better minimum quadopt=(dt=93.3578,rms=0.795767) vs oldopt=(dt=92.48,rms=0.795773)
#GCMRL#   68 dt  93.357798 rms  0.796  0.460% neg 0  invalid 762 tFOTS 4.7700 tGradient 2.5290 tsec 7.6600
#FOTS# QuadFit found better minimum quadopt=(dt=517.888,rms=0.790028) vs oldopt=(dt=369.92,rms=0.791216)
#GCMRL#   69 dt 517.888000 rms  0.790  0.721% neg 0  invalid 762 tFOTS 4.7740 tGradient 2.6660 tsec 7.8020
#FOTS# QuadFit found better minimum quadopt=(dt=129.472,rms=0.787338) vs oldopt=(dt=92.48,rms=0.78789)
#GCMRL#   70 dt 129.472000 rms  0.787  0.341% neg 0  invalid 762 tFOTS 4.6720 tGradient 2.7000 tsec 7.7550
#FOTS# QuadFit found better minimum quadopt=(dt=517.888,rms=0.785135) vs oldopt=(dt=369.92,rms=0.785407)
#GCMRL#   71 dt 517.888000 rms  0.785  0.280% neg 0  invalid 762 tFOTS 4.6550 tGradient 2.6690 tsec 7.6830
#FOTS# QuadFit found better minimum quadopt=(dt=129.472,rms=0.782464) vs oldopt=(dt=92.48,rms=0.782853)
#GCMRL#   72 dt 129.472000 rms  0.782  0.340% neg 0  invalid 762 tFOTS 4.9560 tGradient 2.6740 tsec 7.9860
#FOTS# QuadFit found better minimum quadopt=(dt=295.936,rms=0.781432) vs oldopt=(dt=369.92,rms=0.781522)
#GCMRL#   73 dt 295.936000 rms  0.781  0.132% neg 0  invalid 762 tFOTS 4.6720 tGradient 2.7440 tsec 7.7750
#FOTS# QuadFit found better minimum quadopt=(dt=129.472,rms=0.779862) vs oldopt=(dt=92.48,rms=0.780068)
#GCMRL#   74 dt 129.472000 rms  0.780  0.201% neg 0  invalid 762 tFOTS 4.6550 tGradient 2.7410 tsec 7.7550
#FOTS# QuadFit found better minimum quadopt=(dt=295.936,rms=0.778803) vs oldopt=(dt=369.92,rms=0.778849)
#GCMRL#   75 dt 295.936000 rms  0.779  0.136% neg 0  invalid 762 tFOTS 4.6740 tGradient 2.7370 tsec 7.7670
#FOTS# QuadFit found better minimum quadopt=(dt=129.472,rms=0.777608) vs oldopt=(dt=92.48,rms=0.777712)
#GCMRL#   76 dt 129.472000 rms  0.778  0.154% neg 0  invalid 762 tFOTS 4.8670 tGradient 2.8360 tsec 8.0660
#FOTS# QuadFit found better minimum quadopt=(dt=295.936,rms=0.776548) vs oldopt=(dt=369.92,rms=0.776635)
#GCMRL#   77 dt 295.936000 rms  0.777  0.136% neg 0  invalid 762 tFOTS 4.8130 tGradient 2.6780 tsec 7.8520
#FOTS# QuadFit found better minimum quadopt=(dt=110.976,rms=0.775571) vs oldopt=(dt=92.48,rms=0.775605)
#GCMRL#   78 dt 110.976000 rms  0.776  0.126% neg 0  invalid 762 tFOTS 4.8140 tGradient 2.7160 tsec 7.8920
#FOTS# QuadFit found better minimum quadopt=(dt=517.888,rms=0.773817) vs oldopt=(dt=369.92,rms=0.774066)
#GCMRL#   79 dt 517.888000 rms  0.774  0.226% neg 0  invalid 762 tFOTS 4.8130 tGradient 2.8180 tsec 7.9920
#GCMRL#   80 dt  92.480000 rms  0.773  0.119% neg 0  invalid 762 tFOTS 5.0900 tGradient 2.7330 tsec 8.1840
#FOTS# QuadFit found better minimum quadopt=(dt=4734.98,rms=0.763574) vs oldopt=(dt=5918.72,rms=0.764857)
#GCMRL#   81 dt 4734.976000 rms  0.764  1.206% neg 0  invalid 762 tFOTS 4.8130 tGradient 2.5830 tsec 7.7580
#FOTS# QuadFit found better minimum quadopt=(dt=80.0994,rms=0.75917) vs oldopt=(dt=92.48,rms=0.759196)
#GCMRL#   82 dt  80.099379 rms  0.759  0.577% neg 0  invalid 762 tFOTS 4.9430 tGradient 2.6450 tsec 7.9540
#FOTS# QuadFit found better minimum quadopt=(dt=129.472,rms=0.759013) vs oldopt=(dt=92.48,rms=0.75904)
#GCMRL#   83 dt 129.472000 rms  0.759  0.000% neg 0  invalid 762 tFOTS 4.8460 tGradient 2.5590 tsec 7.7830
#GCMRL#   84 dt 129.472000 rms  0.759  0.052% neg 0  invalid 762 tFOTS 0.0000 tGradient 2.5440 tsec 2.8850
#GCMRL#   85 dt 129.472000 rms  0.758  0.076% neg 0  invalid 762 tFOTS 0.0000 tGradient 2.5290 tsec 2.8750
#GCMRL#   86 dt 129.472000 rms  0.757  0.096% neg 0  invalid 762 tFOTS 0.0000 tGradient 2.5530 tsec 2.8980
#GCMRL#   87 dt 129.472000 rms  0.756  0.114% neg 0  invalid 762 tFOTS 0.0000 tGradient 2.5400 tsec 2.8780
#GCMRL#   88 dt 129.472000 rms  0.755  0.135% neg 0  invalid 762 tFOTS 0.0000 tGradient 2.7300 tsec 3.0730
#GCMRL#   89 dt 129.472000 rms  0.754  0.143% neg 0  invalid 762 tFOTS 0.0000 tGradient 2.5780 tsec 2.9180
#GCMRL#   90 dt 129.472000 rms  0.753  0.141% neg 0  invalid 762 tFOTS 0.0000 tGradient 2.5550 tsec 2.8980
#GCMRL#   91 dt 129.472000 rms  0.752  0.139% neg 0  invalid 762 tFOTS 0.0000 tGradient 2.4940 tsec 2.8390
#GCMRL#   92 dt 129.472000 rms  0.751  0.145% neg 0  invalid 762 tFOTS 0.0000 tGradient 2.5300 tsec 2.8730
#GCMRL#   93 dt 129.472000 rms  0.750  0.164% neg 0  invalid 762 tFOTS 0.0000 tGradient 2.5840 tsec 2.9250
#GCMRL#   94 dt 129.472000 rms  0.749  0.161% neg 0  invalid 762 tFOTS 0.0000 tGradient 2.5730 tsec 2.9140
#GCMRL#   95 dt 129.472000 rms  0.748  0.146% neg 0  invalid 762 tFOTS 0.0000 tGradient 3.0050 tsec 3.3440
#GCMRL#   96 dt 129.472000 rms  0.747  0.133% neg 0  invalid 762 tFOTS 0.0000 tGradient 2.5640 tsec 2.9040
#GCMRL#   97 dt 129.472000 rms  0.746  0.126% neg 0  invalid 762 tFOTS 0.0000 tGradient 2.6220 tsec 2.9640
#GCMRL#   98 dt 129.472000 rms  0.745  0.128% neg 0  invalid 762 tFOTS 0.0000 tGradient 2.6710 tsec 2.9970
#GCMRL#   99 dt 129.472000 rms  0.744  0.127% neg 0  invalid 762 tFOTS 0.0000 tGradient 2.5030 tsec 2.8260
#GCMRL#  100 dt 129.472000 rms  0.743  0.121% neg 0  invalid 762 tFOTS 0.0000 tGradient 2.4670 tsec 2.7970
#GCMRL#  101 dt 129.472000 rms  0.742  0.117% neg 0  invalid 762 tFOTS 0.0000 tGradient 2.4790 tsec 2.8080
#GCMRL#  102 dt 129.472000 rms  0.741  0.118% neg 0  invalid 762 tFOTS 0.0000 tGradient 2.4680 tsec 2.7920
#GCMRL#  103 dt 129.472000 rms  0.740  0.113% neg 0  invalid 762 tFOTS 0.0000 tGradient 2.4600 tsec 2.7890
#GCMRL#  104 dt 129.472000 rms  0.739  0.110% neg 0  invalid 762 tFOTS 0.0000 tGradient 2.4510 tsec 2.7790
#GCMRL#  105 dt 129.472000 rms  0.739  0.108% neg 0  invalid 762 tFOTS 0.0000 tGradient 2.4990 tsec 2.8280
#GCMRL#  106 dt 129.472000 rms  0.738  0.106% neg 0  invalid 762 tFOTS 0.0000 tGradient 2.5190 tsec 2.8480
#GCMRL#  107 dt 129.472000 rms  0.737  0.109% neg 0  invalid 762 tFOTS 0.0000 tGradient 2.4490 tsec 2.7790
#GCMRL#  108 dt 129.472000 rms  0.736  0.104% neg 0  invalid 762 tFOTS 0.0000 tGradient 2.4860 tsec 2.8120
#GCMRL#  109 dt 129.472000 rms  0.736  0.096% neg 0  invalid 762 tFOTS 0.0000 tGradient 2.4210 tsec 2.7500
#GCMRL#  110 dt 129.472000 rms  0.735  0.088% neg 0  invalid 762 tFOTS 0.0000 tGradient 2.4920 tsec 2.8210
#GCMRL#  111 dt 129.472000 rms  0.734  0.082% neg 0  invalid 762 tFOTS 0.0000 tGradient 2.4480 tsec 2.7740
#GCMRL#  112 dt 129.472000 rms  0.734  0.084% neg 0  invalid 762 tFOTS 0.0000 tGradient 2.4790 tsec 2.8040
#GCMRL#  113 dt 129.472000 rms  0.733  0.081% neg 0  invalid 762 tFOTS 0.0000 tGradient 2.4590 tsec 2.7870
#GCMRL#  114 dt 129.472000 rms  0.733  0.074% neg 0  invalid 762 tFOTS 0.0000 tGradient 2.4760 tsec 2.8050
#GCMRL#  115 dt 129.472000 rms  0.732  0.069% neg 0  invalid 762 tFOTS 0.0000 tGradient 2.4660 tsec 2.7950
#GCMRL#  116 dt 129.472000 rms  0.732  0.069% neg 0  invalid 762 tFOTS 0.0000 tGradient 2.4460 tsec 2.7700
#GCMRL#  117 dt 129.472000 rms  0.731  0.068% neg 0  invalid 762 tFOTS 0.0000 tGradient 2.5360 tsec 2.8670
#GCMRL#  118 dt 129.472000 rms  0.731  0.065% neg 0  invalid 762 tFOTS 0.0000 tGradient 2.5290 tsec 2.8650
#GCMRL#  119 dt 129.472000 rms  0.730  0.061% neg 0  invalid 762 tFOTS 0.0000 tGradient 2.4820 tsec 2.8130
#GCMRL#  120 dt 129.472000 rms  0.730  0.061% neg 0  invalid 762 tFOTS 0.0000 tGradient 2.5560 tsec 2.8900
#GCMRL#  121 dt 129.472000 rms  0.729  0.061% neg 0  invalid 762 tFOTS 0.0000 tGradient 2.5500 tsec 2.8860
#GCMRL#  122 dt 129.472000 rms  0.729  0.062% neg 0  invalid 762 tFOTS 0.0000 tGradient 2.6040 tsec 2.9410
#GCMRL#  123 dt 129.472000 rms  0.728  0.059% neg 0  invalid 762 tFOTS 0.0000 tGradient 2.5960 tsec 2.9310
#GCMRL#  124 dt 129.472000 rms  0.728  0.058% neg 0  invalid 762 tFOTS 0.0000 tGradient 2.5190 tsec 2.8470
#GCMRL#  125 dt 129.472000 rms  0.728  0.059% neg 0  invalid 762 tFOTS 0.0000 tGradient 2.5760 tsec 2.9070
#GCMRL#  126 dt 129.472000 rms  0.727  0.059% neg 0  invalid 762 tFOTS 0.0000 tGradient 2.5590 tsec 2.8940
#GCMRL#  127 dt 129.472000 rms  0.727  0.059% neg 0  invalid 762 tFOTS 0.0000 tGradient 2.5620 tsec 2.8910
#GCMRL#  128 dt 129.472000 rms  0.726  0.057% neg 0  invalid 762 tFOTS 0.0000 tGradient 2.5380 tsec 2.8720
#GCMRL#  129 dt 129.472000 rms  0.726  0.056% neg 0  invalid 762 tFOTS 0.0000 tGradient 2.5340 tsec 2.8660
#GCMRL#  130 dt 129.472000 rms  0.725  0.055% neg 0  invalid 762 tFOTS 0.0000 tGradient 2.5210 tsec 2.8550
#GCMRL#  131 dt 129.472000 rms  0.725  0.055% neg 0  invalid 762 tFOTS 0.0000 tGradient 2.5320 tsec 2.8710
#GCMRL#  132 dt 129.472000 rms  0.725  0.052% neg 0  invalid 762 tFOTS 0.0000 tGradient 2.5820 tsec 2.9170
#GCMRL#  133 dt 129.472000 rms  0.724  0.053% neg 0  invalid 762 tFOTS 0.0000 tGradient 2.5320 tsec 2.8700
#GCMRL#  134 dt 129.472000 rms  0.724  0.050% neg 0  invalid 762 tFOTS 0.0000 tGradient 2.5560 tsec 2.8920
#GCMRL#  135 dt 129.472000 rms  0.724  0.046% neg 0  invalid 762 tFOTS 0.0000 tGradient 2.6140 tsec 2.9510
#GCMRL#  136 dt 129.472000 rms  0.723  0.045% neg 0  invalid 762 tFOTS 0.0000 tGradient 2.6710 tsec 3.0060
#GCMRL#  137 dt 129.472000 rms  0.723  0.041% neg 0  invalid 762 tFOTS 0.0000 tGradient 2.7190 tsec 3.0540
#GCMRL#  138 dt 129.472000 rms  0.723  0.042% neg 0  invalid 762 tFOTS 0.0000 tGradient 2.5600 tsec 2.8900
#GCMRL#  139 dt 129.472000 rms  0.722  0.044% neg 0  invalid 762 tFOTS 0.0000 tGradient 2.5920 tsec 2.9270
#GCMRL#  140 dt 129.472000 rms  0.722  0.042% neg 0  invalid 762 tFOTS 0.0000 tGradient 2.5750 tsec 2.9110
#GCMRL#  141 dt 129.472000 rms  0.722  0.043% neg 0  invalid 762 tFOTS 0.0000 tGradient 2.6620 tsec 2.9930
#GCMRL#  142 dt 129.472000 rms  0.722  0.040% neg 0  invalid 762 tFOTS 0.0000 tGradient 2.7150 tsec 3.0540
#GCMRL#  143 dt 129.472000 rms  0.721  0.038% neg 0  invalid 762 tFOTS 0.0000 tGradient 2.6280 tsec 2.9590
#GCMRL#  144 dt 129.472000 rms  0.721  0.036% neg 0  invalid 762 tFOTS 0.0000 tGradient 2.5720 tsec 2.9010
#GCMRL#  145 dt 129.472000 rms  0.721  0.036% neg 0  invalid 762 tFOTS 0.0000 tGradient 2.5520 tsec 2.8850
#GCMRL#  146 dt 129.472000 rms  0.720  0.037% neg 0  invalid 762 tFOTS 0.0000 tGradient 2.5610 tsec 2.8920
#GCMRL#  147 dt 129.472000 rms  0.720  0.036% neg 0  invalid 762 tFOTS 0.0000 tGradient 2.5450 tsec 2.8750
#GCMRL#  148 dt 129.472000 rms  0.720  0.034% neg 0  invalid 762 tFOTS 0.0000 tGradient 2.5470 tsec 2.8830
#GCMRL#  149 dt 129.472000 rms  0.720  0.034% neg 0  invalid 762 tFOTS 0.0000 tGradient 2.5590 tsec 2.8920
#GCMRL#  150 dt 129.472000 rms  0.719  0.034% neg 0  invalid 762 tFOTS 0.0000 tGradient 2.5570 tsec 2.8920
#GCMRL#  151 dt 129.472000 rms  0.719  0.034% neg 0  invalid 762 tFOTS 0.0000 tGradient 2.6690 tsec 3.0050
#GCMRL#  152 dt 129.472000 rms  0.719  0.032% neg 0  invalid 762 tFOTS 0.0000 tGradient 2.6970 tsec 3.0310
#GCMRL#  153 dt 129.472000 rms  0.719  0.030% neg 0  invalid 762 tFOTS 0.0000 tGradient 2.7090 tsec 3.0370
#GCMRL#  154 dt 129.472000 rms  0.719  0.030% neg 0  invalid 762 tFOTS 0.0000 tGradient 2.8020 tsec 3.1350
#GCMRL#  155 dt 129.472000 rms  0.718  0.028% neg 0  invalid 762 tFOTS 0.0000 tGradient 2.6820 tsec 3.0170
#GCMRL#  156 dt 129.472000 rms  0.718  0.029% neg 0  invalid 762 tFOTS 0.0000 tGradient 2.6340 tsec 2.9660
#GCMRL#  157 dt 129.472000 rms  0.718  0.029% neg 0  invalid 762 tFOTS 0.0000 tGradient 2.6480 tsec 2.9840
#GCMRL#  158 dt 129.472000 rms  0.718  0.028% neg 0  invalid 762 tFOTS 0.0000 tGradient 2.6660 tsec 2.9940
#GCMRL#  159 dt 129.472000 rms  0.718  0.026% neg 0  invalid 762 tFOTS 0.0000 tGradient 2.6590 tsec 3.0010
#GCMRL#  160 dt 129.472000 rms  0.717  0.025% neg 0  invalid 762 tFOTS 0.0000 tGradient 2.6920 tsec 3.0370
#GCMRL#  161 dt 129.472000 rms  0.717  0.027% neg 0  invalid 762 tFOTS 0.0000 tGradient 2.7960 tsec 3.1390
#GCMRL#  162 dt 129.472000 rms  0.717  0.027% neg 0  invalid 762 tFOTS 0.0000 tGradient 2.6830 tsec 3.0260
#GCMRL#  163 dt 129.472000 rms  0.717  0.028% neg 0  invalid 762 tFOTS 0.0000 tGradient 2.7110 tsec 3.0540
#GCMRL#  164 dt 129.472000 rms  0.717  0.023% neg 0  invalid 762 tFOTS 0.0000 tGradient 2.6730 tsec 3.0140
#GCMRL#  165 dt 129.472000 rms  0.716  0.024% neg 0  invalid 762 tFOTS 0.0000 tGradient 2.5560 tsec 2.9000
#GCMRL#  166 dt 129.472000 rms  0.716  0.023% neg 0  invalid 762 tFOTS 0.0000 tGradient 2.5620 tsec 2.9300
#FOTS# QuadFit found better minimum quadopt=(dt=4734.98,rms=0.715908) vs oldopt=(dt=5918.72,rms=0.715943)
#GCMRL#  167 dt 4734.976000 rms  0.716  0.054% neg 0  invalid 762 tFOTS 5.2880 tGradient 2.6400 tsec 8.2840
#GCMRL#  168 dt  92.480000 rms  0.716  0.000% neg 0  invalid 762 tFOTS 4.5890 tGradient 2.6160 tsec 7.5920
#GCMRL#  169 dt  92.480000 rms  0.716  0.006% neg 0  invalid 762 tFOTS 0.0000 tGradient 2.8080 tsec 3.1530
#GCMRL#  170 dt  92.480000 rms  0.716  0.001% neg 0  invalid 762 tFOTS 0.0000 tGradient 2.6330 tsec 2.9810

#GCAMreg# pass 0 level1 5 level2 1 tsec 425.024 sigma 0.5
l_jacobian=1.00 l_label=1.00 l_log_likelihood=0.20 l_smoothness=0.01 
tol=5.00e-02, dt=5.00e-02, exp_k=20.0, momentum=0.90, levels=6, niter=500, lbl_dist=10.00, avgs=256, sigma=0.5,type=2, relabel=0, neg=no

blurring input image with Gaussian with sigma=0.500...
GCAMRegisterLevel(): init RMS 0.716889
#FOTS# QuadFit found better minimum quadopt=(dt=129.472,rms=0.715397) vs oldopt=(dt=92.48,rms=0.715463)
#GCMRL#  172 dt 129.472000 rms  0.715  0.208% neg 0  invalid 762 tFOTS 4.8630 tGradient 2.3760 tsec 7.6060
#FOTS# QuadFit found better minimum quadopt=(dt=443.904,rms=0.714931) vs oldopt=(dt=369.92,rms=0.714938)
#GCMRL#  173 dt 443.904000 rms  0.715  0.065% neg 0  invalid 762 tFOTS 4.8640 tGradient 2.4770 tsec 7.7050
#GCMRL#  174 dt 369.920000 rms  0.714  0.066% neg 0  invalid 762 tFOTS 4.8740 tGradient 2.6370 tsec 7.8740
#GCMRL#  175 dt  92.480000 rms  0.714  0.000% neg 0  invalid 762 tFOTS 4.8940 tGradient 2.6030 tsec 7.8890
#GCMRL#  176 dt  92.480000 rms  0.714  0.008% neg 0  invalid 762 tFOTS 0.0000 tGradient 2.4900 tsec 2.8420
#GCMRL#  177 dt  92.480000 rms  0.714  0.012% neg 0  invalid 762 tFOTS 0.0000 tGradient 2.4990 tsec 2.8490
#GCMRL#  178 dt  92.480000 rms  0.714  0.017% neg 0  invalid 762 tFOTS 0.0000 tGradient 2.4660 tsec 2.8190
#GCMRL#  179 dt  92.480000 rms  0.714  0.020% neg 0  invalid 762 tFOTS 0.0000 tGradient 2.5900 tsec 2.9430
#GCMRL#  180 dt  92.480000 rms  0.714  0.026% neg 0  invalid 762 tFOTS 0.0000 tGradient 2.4800 tsec 2.8320
#GCMRL#  181 dt  92.480000 rms  0.714  0.027% neg 0  invalid 762 tFOTS 0.0000 tGradient 2.5020 tsec 2.8560
#GCMRL#  182 dt  92.480000 rms  0.713  0.025% neg 0  invalid 762 tFOTS 0.0000 tGradient 2.5370 tsec 2.9310
#GCMRL#  183 dt  92.480000 rms  0.713  0.022% neg 0  invalid 762 tFOTS 0.0000 tGradient 2.5690 tsec 2.9460
#FOTS# QuadFit found better minimum quadopt=(dt=517.888,rms=0.71314) vs oldopt=(dt=369.92,rms=0.713144)
#GCMRL#  184 dt 517.888000 rms  0.713  0.000% neg 0  invalid 762 tFOTS 5.3140 tGradient 2.5190 tsec 8.2270
#GCMRL#  185 dt 517.888000 rms  0.713  0.026% neg 0  invalid 762 tFOTS 0.0000 tGradient 2.5580 tsec 2.9060
#GCMRL#  186 dt 517.888000 rms  0.713 -0.141% neg 0  invalid 762 tFOTS 0.0000 tGradient 2.5220 tsec 3.1320
#FOTS# QuadFit found better minimum quadopt=(dt=73.984,rms=0.712896) vs oldopt=(dt=92.48,rms=0.712897)
#GCMRL#  187 dt  73.984000 rms  0.713  0.010% neg 0  invalid 762 tFOTS 4.8800 tGradient 2.5750 tsec 7.8190
#FOTS# QuadFit found better minimum quadopt=(dt=0.00677344,rms=0.712894) vs oldopt=(dt=0.00564453,rms=0.712894)
setting smoothness cost coefficient to 0.031

#GCAMreg# pass 0 level1 4 level2 0 tsec 0 sigma 2
l_jacobian=1.00 l_label=1.00 l_log_likelihood=0.20 l_smoothness=0.03 
tol=5.00e-02, dt=5.00e-02, exp_k=20.0, momentum=0.90, levels=6, niter=500, lbl_dist=10.00, avgs=64, sigma=2.0,type=2, relabel=0, neg=no

blurring input image with Gaussian with sigma=2.000...
GCAMRegisterLevel(): init RMS 0.717226
#FOTS# QuadFit found better minimum quadopt=(dt=208.076,rms=0.707614) vs oldopt=(dt=103.68,rms=0.709655)
#GCMRL#  189 dt 208.075829 rms  0.708  1.340% neg 0  invalid 762 tFOTS 4.7520 tGradient 2.1760 tsec 7.2970
#FOTS# QuadFit found better minimum quadopt=(dt=99.5025,rms=0.699822) vs oldopt=(dt=103.68,rms=0.699845)
#GCMRL#  190 dt  99.502488 rms  0.700  1.101% neg 0  invalid 762 tFOTS 4.7430 tGradient 2.0760 tsec 7.1790
#FOTS# QuadFit found better minimum quadopt=(dt=62.208,rms=0.696599) vs oldopt=(dt=103.68,rms=0.697536)
#GCMRL#  191 dt  62.208000 rms  0.697  0.461% neg 0  invalid 762 tFOTS 4.7250 tGradient 2.0180 tsec 7.1030
#FOTS# QuadFit found better minimum quadopt=(dt=248.832,rms=0.689572) vs oldopt=(dt=414.72,rms=0.691094)
#GCMRL#  192 dt 248.832000 rms  0.690  1.009% neg 0  invalid 762 tFOTS 4.4480 tGradient 2.1460 tsec 6.9550
#FOTS# QuadFit found better minimum quadopt=(dt=51.451,rms=0.685746) vs oldopt=(dt=25.92,rms=0.68654)
#GCMRL#  193 dt  51.450980 rms  0.686  0.555% neg 0  invalid 762 tFOTS 4.7300 tGradient 2.0590 tsec 7.1480
#FOTS# QuadFit found better minimum quadopt=(dt=497.664,rms=0.677478) vs oldopt=(dt=414.72,rms=0.677828)
#GCMRL#  194 dt 497.664000 rms  0.677  1.206% neg 0  invalid 762 tFOTS 4.4420 tGradient 2.1320 tsec 6.9320
#FOTS# QuadFit found better minimum quadopt=(dt=44.2416,rms=0.673212) vs oldopt=(dt=25.92,rms=0.673859)
#GCMRL#  195 dt  44.241611 rms  0.673  0.630% neg 0  invalid 762 tFOTS 4.7290 tGradient 2.1580 tsec 7.2510
#FOTS# QuadFit found better minimum quadopt=(dt=580.608,rms=0.666615) vs oldopt=(dt=414.72,rms=0.668002)
#GCMRL#  196 dt 580.608000 rms  0.667  0.980% neg 0  invalid 762 tFOTS 4.5130 tGradient 2.1510 tsec 7.0240
#FOTS# QuadFit found better minimum quadopt=(dt=36.288,rms=0.664519) vs oldopt=(dt=25.92,rms=0.664947)
#GCMRL#  197 dt  36.288000 rms  0.665  0.314% neg 0  invalid 762 tFOTS 4.7240 tGradient 2.1220 tsec 7.2050
#FOTS# QuadFit found better minimum quadopt=(dt=248.832,rms=0.662429) vs oldopt=(dt=414.72,rms=0.663024)
#GCMRL#  198 dt 248.832000 rms  0.662  0.315% neg 0  invalid 762 tFOTS 4.4440 tGradient 2.2030 tsec 7.0080
#FOTS# QuadFit found better minimum quadopt=(dt=36.288,rms=0.661571) vs oldopt=(dt=25.92,rms=0.661723)
#GCMRL#  199 dt  36.288000 rms  0.662  0.130% neg 0  invalid 762 tFOTS 4.4460 tGradient 2.1810 tsec 6.9890
#FOTS# QuadFit found better minimum quadopt=(dt=145.152,rms=0.660132) vs oldopt=(dt=103.68,rms=0.660423)
#GCMRL#  200 dt 145.152000 rms  0.660  0.217% neg 0  invalid 762 tFOTS 4.4480 tGradient 2.0880 tsec 6.8970
#FOTS# QuadFit found better minimum quadopt=(dt=145.152,rms=0.658951) vs oldopt=(dt=103.68,rms=0.659075)
#GCMRL#  201 dt 145.152000 rms  0.659  0.179% neg 0  invalid 762 tFOTS 4.7020 tGradient 2.1210 tsec 7.2290
#FOTS# QuadFit found better minimum quadopt=(dt=36.288,rms=0.658417) vs oldopt=(dt=25.92,rms=0.658514)
#GCMRL#  202 dt  36.288000 rms  0.658  0.081% neg 0  invalid 762 tFOTS 4.5830 tGradient 2.1470 tsec 7.0950
#GCMRL#  203 dt 414.720000 rms  0.656  0.308% neg 0  invalid 762 tFOTS 4.8820 tGradient 2.0960 tsec 7.3450
#FOTS# QuadFit found better minimum quadopt=(dt=64.4582,rms=0.654602) vs oldopt=(dt=103.68,rms=0.655205)
#GCMRL#  204 dt  64.458234 rms  0.655  0.272% neg 0  invalid 762 tFOTS 4.8770 tGradient 2.0510 tsec 7.2970
#GCMRL#  205 dt 103.680000 rms  0.654  0.069% neg 0  invalid 762 tFOTS 5.1080 tGradient 2.0560 tsec 7.5220
#FOTS# QuadFit found better minimum quadopt=(dt=82.944,rms=0.653276) vs oldopt=(dt=103.68,rms=0.6533)
#GCMRL#  206 dt  82.944000 rms  0.653  0.133% neg 0  invalid 762 tFOTS 4.5080 tGradient 1.9620 tsec 6.8260
#FOTS# QuadFit found better minimum quadopt=(dt=36.288,rms=0.653008) vs oldopt=(dt=25.92,rms=0.65304)
#GCMRL#  207 dt  36.288000 rms  0.653  0.000% neg 0  invalid 762 tFOTS 5.1240 tGradient 1.9200 tsec 7.4310
#GCMRL#  208 dt  36.288000 rms  0.653  0.034% neg 0  invalid 762 tFOTS 0.0000 tGradient 1.8930 tsec 2.2200
#GCMRL#  209 dt  36.288000 rms  0.652  0.068% neg 0  invalid 762 tFOTS 0.0000 tGradient 1.9430 tsec 2.2710
#GCMRL#  210 dt  36.288000 rms  0.652  0.099% neg 0  invalid 762 tFOTS 0.0000 tGradient 2.0050 tsec 2.3740
#GCMRL#  211 dt  36.288000 rms  0.651  0.123% neg 0  invalid 762 tFOTS 0.0000 tGradient 2.0040 tsec 2.3330
#GCMRL#  212 dt  36.288000 rms  0.650  0.145% neg 0  invalid 762 tFOTS 0.0000 tGradient 1.9350 tsec 2.2550
#GCMRL#  213 dt  36.288000 rms  0.649  0.156% neg 0  invalid 762 tFOTS 0.0000 tGradient 2.0800 tsec 2.4270
#GCMRL#  214 dt  36.288000 rms  0.648  0.170% neg 0  invalid 762 tFOTS 0.0000 tGradient 2.2080 tsec 2.5320
#GCMRL#  215 dt  36.288000 rms  0.647  0.172% neg 0  invalid 762 tFOTS 0.0000 tGradient 1.9250 tsec 2.2410
#GCMRL#  216 dt  36.288000 rms  0.646  0.176% neg 0  invalid 762 tFOTS 0.0000 tGradient 1.9730 tsec 2.2970
#GCMRL#  217 dt  36.288000 rms  0.644  0.180% neg 0  invalid 762 tFOTS 0.0000 tGradient 1.9820 tsec 2.3030
#GCMRL#  218 dt  36.288000 rms  0.643  0.178% neg 0  invalid 762 tFOTS 0.0000 tGradient 2.0400 tsec 2.3660
#GCMRL#  219 dt  36.288000 rms  0.642  0.169% neg 0  invalid 762 tFOTS 0.0000 tGradient 2.0230 tsec 2.3450
#GCMRL#  220 dt  36.288000 rms  0.641  0.165% neg 0  invalid 762 tFOTS 0.0000 tGradient 2.2660 tsec 2.5910
#GCMRL#  221 dt  36.288000 rms  0.640  0.158% neg 0  invalid 762 tFOTS 0.0000 tGradient 2.0500 tsec 2.3720
#GCMRL#  222 dt  36.288000 rms  0.640  0.019% neg 0  invalid 762 tFOTS 0.0000 tGradient 2.0770 tsec 2.5860
#GCMRL#  223 dt  36.288000 rms  0.640  0.031% neg 0  invalid 762 tFOTS 0.0000 tGradient 2.0830 tsec 2.4060
#GCMRL#  224 dt  36.288000 rms  0.640  0.042% neg 0  invalid 762 tFOTS 0.0000 tGradient 2.0610 tsec 2.3860
#GCMRL#  225 dt  36.288000 rms  0.639  0.051% neg 0  invalid 762 tFOTS 0.0000 tGradient 2.0470 tsec 2.3700
#GCMRL#  226 dt  36.288000 rms  0.639  0.058% neg 0  invalid 762 tFOTS 0.0000 tGradient 2.0520 tsec 2.3770
#GCMRL#  227 dt  36.288000 rms  0.638  0.066% neg 0  invalid 762 tFOTS 0.0000 tGradient 2.1000 tsec 2.4200
#GCMRL#  228 dt  36.288000 rms  0.638  0.078% neg 0  invalid 762 tFOTS 0.0000 tGradient 2.0920 tsec 2.4220
#GCMRL#  229 dt  36.288000 rms  0.637  0.080% neg 0  invalid 762 tFOTS 0.0000 tGradient 2.0360 tsec 2.3590
#GCMRL#  230 dt  36.288000 rms  0.637  0.085% neg 0  invalid 762 tFOTS 0.0000 tGradient 2.0220 tsec 2.3480
#GCMRL#  231 dt  36.288000 rms  0.636  0.086% neg 0  invalid 762 tFOTS 0.0000 tGradient 2.0650 tsec 2.3930
#GCMRL#  232 dt  36.288000 rms  0.636  0.086% neg 0  invalid 762 tFOTS 0.0000 tGradient 2.0200 tsec 2.3460
#GCMRL#  233 dt  36.288000 rms  0.635  0.091% neg 0  invalid 762 tFOTS 0.0000 tGradient 2.0470 tsec 2.3750
#GCMRL#  234 dt  36.288000 rms  0.635  0.096% neg 0  invalid 762 tFOTS 0.0000 tGradient 1.9880 tsec 2.3170
#GCMRL#  235 dt  36.288000 rms  0.634  0.095% neg 0  invalid 762 tFOTS 0.0000 tGradient 2.1190 tsec 2.4480
#GCMRL#  236 dt  36.288000 rms  0.633  0.092% neg 0  invalid 762 tFOTS 0.0000 tGradient 2.1270 tsec 2.4540
#GCMRL#  237 dt  36.288000 rms  0.633  0.093% neg 0  invalid 762 tFOTS 0.0000 tGradient 2.1050 tsec 2.4330
#GCMRL#  238 dt  36.288000 rms  0.632  0.094% neg 0  invalid 762 tFOTS 0.0000 tGradient 1.9820 tsec 2.3100
#GCMRL#  239 dt  36.288000 rms  0.632  0.092% neg 0  invalid 762 tFOTS 0.0000 tGradient 2.0090 tsec 2.3410
#GCMRL#  240 dt  36.288000 rms  0.631  0.093% neg 0  invalid 762 tFOTS 0.0000 tGradient 1.9820 tsec 2.3020
#GCMRL#  241 dt  36.288000 rms  0.631  0.008% neg 0  invalid 762 tFOTS 0.0000 tGradient 1.9880 tsec 2.5090
#GCMRL#  242 dt  36.288000 rms  0.631  0.019% neg 0  invalid 762 tFOTS 0.0000 tGradient 1.9970 tsec 2.3220
#GCMRL#  243 dt  36.288000 rms  0.631  0.025% neg 0  invalid 762 tFOTS 0.0000 tGradient 1.9790 tsec 2.3600
#GCMRL#  244 dt  36.288000 rms  0.631  0.031% neg 0  invalid 762 tFOTS 0.0000 tGradient 2.0650 tsec 2.3930
#GCMRL#  245 dt  36.288000 rms  0.630  0.036% neg 0  invalid 762 tFOTS 0.0000 tGradient 1.9420 tsec 2.2680
#GCMRL#  246 dt  36.288000 rms  0.630  0.040% neg 0  invalid 762 tFOTS 0.0000 tGradient 1.9490 tsec 2.2780
#GCMRL#  247 dt  36.288000 rms  0.630  0.046% neg 0  invalid 762 tFOTS 0.0000 tGradient 1.9790 tsec 2.3110
#GCMRL#  248 dt  36.288000 rms  0.629  0.050% neg 0  invalid 762 tFOTS 0.0000 tGradient 1.9770 tsec 2.3020
#GCMRL#  249 dt  36.288000 rms  0.629  0.053% neg 0  invalid 762 tFOTS 0.0000 tGradient 1.9120 tsec 2.2390
#GCMRL#  250 dt  36.288000 rms  0.629  0.054% neg 0  invalid 762 tFOTS 0.0000 tGradient 1.9350 tsec 2.2640
#GCMRL#  251 dt  36.288000 rms  0.628  0.057% neg 0  invalid 762 tFOTS 0.0000 tGradient 1.9750 tsec 2.3010
#GCMRL#  252 dt  36.288000 rms  0.628  0.057% neg 0  invalid 762 tFOTS 0.0000 tGradient 1.9280 tsec 2.2530
#GCMRL#  253 dt  36.288000 rms  0.628  0.058% neg 0  invalid 762 tFOTS 0.0000 tGradient 1.9300 tsec 2.2510
#GCMRL#  254 dt  36.288000 rms  0.627  0.058% neg 0  invalid 762 tFOTS 0.0000 tGradient 1.9410 tsec 2.2690
#GCMRL#  255 dt  36.288000 rms  0.627  0.062% neg 0  invalid 762 tFOTS 0.0000 tGradient 1.9370 tsec 2.2650
#GCMRL#  256 dt  36.288000 rms  0.627  0.008% neg 0  invalid 762 tFOTS 0.0000 tGradient 1.9580 tsec 2.4870
#GCMRL#  257 dt  36.288000 rms  0.627  0.013% neg 0  invalid 762 tFOTS 0.0000 tGradient 1.9720 tsec 2.2990
#GCMRL#  258 dt  36.288000 rms  0.627  0.020% neg 0  invalid 762 tFOTS 0.0000 tGradient 1.9620 tsec 2.2920
#GCMRL#  259 dt  36.288000 rms  0.627  0.023% neg 0  invalid 762 tFOTS 0.0000 tGradient 1.9500 tsec 2.2760
#GCMRL#  260 dt  36.288000 rms  0.626  0.027% neg 0  invalid 762 tFOTS 0.0000 tGradient 1.9440 tsec 2.2710
#GCMRL#  261 dt  36.288000 rms  0.626  0.029% neg 0  invalid 762 tFOTS 0.0000 tGradient 1.9420 tsec 2.2660
#GCMRL#  262 dt  36.288000 rms  0.626  0.036% neg 0  invalid 762 tFOTS 0.0000 tGradient 1.9630 tsec 2.2890
#GCMRL#  263 dt  36.288000 rms  0.626  0.037% neg 0  invalid 762 tFOTS 0.0000 tGradient 1.9540 tsec 2.2800
#GCMRL#  264 dt  36.288000 rms  0.625  0.040% neg 0  invalid 762 tFOTS 0.0000 tGradient 1.9760 tsec 2.3000
#GCMRL#  265 dt  36.288000 rms  0.625  0.042% neg 0  invalid 762 tFOTS 0.0000 tGradient 1.9390 tsec 2.2640
#GCMRL#  266 dt  36.288000 rms  0.625  0.044% neg 0  invalid 762 tFOTS 0.0000 tGradient 1.9630 tsec 2.2860
#GCMRL#  267 dt  36.288000 rms  0.625  0.046% neg 0  invalid 762 tFOTS 0.0000 tGradient 1.9610 tsec 2.2850
#GCMRL#  268 dt  36.288000 rms  0.624  0.045% neg 0  invalid 762 tFOTS 0.0000 tGradient 1.9650 tsec 2.2890
#GCMRL#  269 dt  36.288000 rms  0.624  0.044% neg 0  invalid 762 tFOTS 0.0000 tGradient 1.9300 tsec 2.2530
#GCMRL#  270 dt  36.288000 rms  0.624  0.044% neg 0  invalid 762 tFOTS 0.0000 tGradient 2.0930 tsec 2.4190
#GCMRL#  271 dt  36.288000 rms  0.624  0.046% neg 0  invalid 762 tFOTS 0.0000 tGradient 1.9370 tsec 2.2590
#GCMRL#  272 dt  36.288000 rms  0.623  0.047% neg 0  invalid 762 tFOTS 0.0000 tGradient 1.9840 tsec 2.3690
#GCMRL#  273 dt  36.288000 rms  0.623  0.048% neg 0  invalid 762 tFOTS 0.0000 tGradient 2.0040 tsec 2.3460
#GCMRL#  274 dt  36.288000 rms  0.623  0.048% neg 0  invalid 762 tFOTS 0.0000 tGradient 1.9990 tsec 2.3410
#GCMRL#  275 dt  36.288000 rms  0.622  0.048% neg 0  invalid 762 tFOTS 0.0000 tGradient 1.9960 tsec 2.3350
#GCMRL#  276 dt  36.288000 rms  0.622  0.048% neg 0  invalid 762 tFOTS 0.0000 tGradient 1.9770 tsec 2.3220
#GCMRL#  277 dt  36.288000 rms  0.622  0.050% neg 0  invalid 762 tFOTS 0.0000 tGradient 1.9820 tsec 2.3210
#GCMRL#  278 dt  36.288000 rms  0.621  0.050% neg 0  invalid 762 tFOTS 0.0000 tGradient 1.9730 tsec 2.3140
#GCMRL#  279 dt  36.288000 rms  0.621  0.046% neg 0  invalid 762 tFOTS 0.0000 tGradient 1.9970 tsec 2.3380
#GCMRL#  280 dt  36.288000 rms  0.621  0.048% neg 0  invalid 762 tFOTS 0.0000 tGradient 2.0420 tsec 2.3830
#GCMRL#  281 dt  36.288000 rms  0.621  0.047% neg 0  invalid 762 tFOTS 0.0000 tGradient 1.9750 tsec 2.3180
#GCMRL#  282 dt  36.288000 rms  0.620  0.049% neg 0  invalid 762 tFOTS 0.0000 tGradient 1.9510 tsec 2.2920
#GCMRL#  283 dt  36.288000 rms  0.620  0.042% neg 0  invalid 762 tFOTS 0.0000 tGradient 2.0010 tsec 2.3380
#GCMRL#  284 dt  36.288000 rms  0.620  0.045% neg 0  invalid 762 tFOTS 0.0000 tGradient 1.9650 tsec 2.3090
#GCMRL#  285 dt  36.288000 rms  0.619  0.045% neg 0  invalid 762 tFOTS 0.0000 tGradient 2.0230 tsec 2.3770
#GCMRL#  286 dt  36.288000 rms  0.619  0.041% neg 0  invalid 762 tFOTS 0.0000 tGradient 2.0140 tsec 2.4630
#GCMRL#  287 dt  36.288000 rms  0.619  0.043% neg 0  invalid 762 tFOTS 0.0000 tGradient 2.0150 tsec 2.3630
#GCMRL#  288 dt  36.288000 rms  0.619  0.044% neg 0  invalid 762 tFOTS 0.0000 tGradient 2.0240 tsec 2.3740
#GCMRL#  289 dt  36.288000 rms  0.618  0.039% neg 0  invalid 762 tFOTS 0.0000 tGradient 2.0410 tsec 2.3910
#GCMRL#  290 dt  36.288000 rms  0.618  0.038% neg 0  invalid 762 tFOTS 0.0000 tGradient 2.0400 tsec 2.3770
#GCMRL#  291 dt  36.288000 rms  0.618  0.038% neg 0  invalid 762 tFOTS 0.0000 tGradient 2.0820 tsec 2.4270
#GCMRL#  292 dt  36.288000 rms  0.618  0.035% neg 0  invalid 762 tFOTS 0.0000 tGradient 2.0120 tsec 2.3600
#GCMRL#  293 dt  36.288000 rms  0.617  0.034% neg 0  invalid 762 tFOTS 0.0000 tGradient 1.9970 tsec 2.3390
#GCMRL#  294 dt  36.288000 rms  0.617  0.036% neg 0  invalid 762 tFOTS 0.0000 tGradient 2.0210 tsec 2.3650
#GCMRL#  295 dt  36.288000 rms  0.617  0.033% neg 0  invalid 762 tFOTS 0.0000 tGradient 2.0150 tsec 2.3610
#GCMRL#  296 dt  36.288000 rms  0.617  0.031% neg 0  invalid 762 tFOTS 0.0000 tGradient 1.9990 tsec 2.3430
#GCMRL#  297 dt  36.288000 rms  0.617  0.033% neg 0  invalid 762 tFOTS 0.0000 tGradient 1.9950 tsec 2.3400
#GCMRL#  298 dt  36.288000 rms  0.617  0.003% neg 0  invalid 762 tFOTS 0.0000 tGradient 1.9990 tsec 2.5430
#GCMRL#  299 dt  36.288000 rms  0.617  0.007% neg 0  invalid 762 tFOTS 0.0000 tGradient 2.0040 tsec 2.3500
#GCMRL#  300 dt  36.288000 rms  0.617  0.007% neg 0  invalid 762 tFOTS 0.0000 tGradient 2.0000 tsec 2.3460
#GCMRL#  301 dt  36.288000 rms  0.617  0.009% neg 0  invalid 762 tFOTS 0.0000 tGradient 2.1140 tsec 2.4480
#GCMRL#  302 dt  36.288000 rms  0.616  0.012% neg 0  invalid 762 tFOTS 0.0000 tGradient 1.9990 tsec 2.3380
#GCMRL#  303 dt  36.288000 rms  0.616  0.013% neg 0  invalid 762 tFOTS 0.0000 tGradient 1.9680 tsec 2.3080
#GCMRL#  304 dt  36.288000 rms  0.616  0.003% neg 0  invalid 762 tFOTS 0.0000 tGradient 1.9470 tsec 2.5040
#FOTS# QuadFit found better minimum quadopt=(dt=145.152,rms=0.616259) vs oldopt=(dt=103.68,rms=0.61628)
#GCMRL#  305 dt 145.152000 rms  0.616  0.012% neg 0  invalid 762 tFOTS 4.2500 tGradient 1.9500 tsec 6.5610
#FOTS# QuadFit found better minimum quadopt=(dt=36.288,rms=0.616254) vs oldopt=(dt=25.92,rms=0.616259)
#GCMRL#  306 dt  36.288000 rms  0.616  0.000% neg 0  invalid 762 tFOTS 4.2450 tGradient 1.9640 tsec 6.5960
#GCMRL#  307 dt  36.288000 rms  0.616  0.005% neg 0  invalid 762 tFOTS 0.0000 tGradient 1.9940 tsec 2.3360
#GCMRL#  308 dt   9.072000 rms  0.616  0.001% neg 0  invalid 762 tFOTS 0.0000 tGradient 1.9750 tsec 2.8600

#GCAMreg# pass 0 level1 4 level2 1 tsec 394.551 sigma 0.5
l_jacobian=1.00 l_label=1.00 l_log_likelihood=0.20 l_smoothness=0.03 
tol=5.00e-02, dt=5.00e-02, exp_k=20.0, momentum=0.90, levels=6, niter=500, lbl_dist=10.00, avgs=64, sigma=0.5,type=2, relabel=0, neg=no

blurring input image with Gaussian with sigma=0.500...
GCAMRegisterLevel(): init RMS 0.617549
#GCMRL#  310 dt 103.680000 rms  0.615  0.401% neg 0  invalid 762 tFOTS 4.5490 tGradient 1.9770 tsec 6.8850
#GCMRL#  311 dt 103.680000 rms  0.614  0.103% neg 0  invalid 762 tFOTS 4.6280 tGradient 1.9020 tsec 6.8870
#FOTS# QuadFit found better minimum quadopt=(dt=36.288,rms=0.614121) vs oldopt=(dt=25.92,rms=0.614181)
#GCMRL#  312 dt  36.288000 rms  0.614  0.052% neg 0  invalid 762 tFOTS 4.7140 tGradient 1.9790 tsec 7.0430
#FOTS# QuadFit found better minimum quadopt=(dt=331.776,rms=0.613346) vs oldopt=(dt=414.72,rms=0.613397)
#GCMRL#  313 dt 331.776000 rms  0.613  0.126% neg 0  invalid 762 tFOTS 5.0530 tGradient 2.1610 tsec 7.6030
#FOTS# QuadFit found better minimum quadopt=(dt=36.288,rms=0.613069) vs oldopt=(dt=25.92,rms=0.613125)
#GCMRL#  314 dt  36.288000 rms  0.613  0.000% neg 0  invalid 762 tFOTS 4.8990 tGradient 2.2580 tsec 7.5840
#GCMRL#  315 dt  36.288000 rms  0.613  0.017% neg 0  invalid 762 tFOTS 0.0000 tGradient 2.1770 tsec 2.5630
#GCMRL#  316 dt  36.288000 rms  0.613  0.024% neg 0  invalid 762 tFOTS 0.0000 tGradient 2.2400 tsec 2.6210
#GCMRL#  317 dt  36.288000 rms  0.613  0.030% neg 0  invalid 762 tFOTS 0.0000 tGradient 2.2140 tsec 2.6000
#GCMRL#  318 dt  36.288000 rms  0.612  0.045% neg 0  invalid 762 tFOTS 0.0000 tGradient 2.2020 tsec 2.5850
#GCMRL#  319 dt  36.288000 rms  0.612  0.050% neg 0  invalid 762 tFOTS 0.0000 tGradient 2.3530 tsec 2.7540
#GCMRL#  320 dt  36.288000 rms  0.612  0.050% neg 0  invalid 762 tFOTS 0.0000 tGradient 2.1210 tsec 2.4930
#GCMRL#  321 dt  36.288000 rms  0.611  0.052% neg 0  invalid 762 tFOTS 0.0000 tGradient 2.1100 tsec 2.4820
#GCMRL#  322 dt  36.288000 rms  0.611  0.050% neg 0  invalid 762 tFOTS 0.0000 tGradient 2.1520 tsec 2.5430
#GCMRL#  323 dt  36.288000 rms  0.611  0.051% neg 0  invalid 762 tFOTS 0.0000 tGradient 2.1450 tsec 2.5140
#GCMRL#  324 dt  36.288000 rms  0.611  0.050% neg 0  invalid 762 tFOTS 0.0000 tGradient 2.1530 tsec 2.5240
#GCMRL#  325 dt  36.288000 rms  0.610  0.053% neg 0  invalid 762 tFOTS 0.0000 tGradient 2.1720 tsec 2.5440
#GCMRL#  326 dt  36.288000 rms  0.610  0.047% neg 0  invalid 762 tFOTS 0.0000 tGradient 2.1520 tsec 2.5230
#GCMRL#  327 dt  36.288000 rms  0.610  0.044% neg 0  invalid 762 tFOTS 0.0000 tGradient 2.1490 tsec 2.5250
#GCMRL#  328 dt  36.288000 rms  0.609  0.045% neg 0  invalid 762 tFOTS 0.0000 tGradient 2.1550 tsec 2.5280
#GCMRL#  329 dt  36.288000 rms  0.609  0.046% neg 0  invalid 762 tFOTS 0.0000 tGradient 2.1410 tsec 2.5120
#GCMRL#  330 dt  36.288000 rms  0.609  0.047% neg 0  invalid 762 tFOTS 0.0000 tGradient 2.1050 tsec 2.4730
#GCMRL#  331 dt  36.288000 rms  0.609  0.043% neg 0  invalid 762 tFOTS 0.0000 tGradient 2.0750 tsec 2.4460
#GCMRL#  332 dt  36.288000 rms  0.608  0.049% neg 0  invalid 762 tFOTS 0.0000 tGradient 2.0870 tsec 2.4630
#GCMRL#  333 dt  36.288000 rms  0.608  0.048% neg 0  invalid 762 tFOTS 0.0000 tGradient 2.0810 tsec 2.4550
#GCMRL#  334 dt  36.288000 rms  0.608  0.048% neg 0  invalid 762 tFOTS 0.0000 tGradient 2.1530 tsec 2.5210
#GCMRL#  335 dt  36.288000 rms  0.607  0.043% neg 0  invalid 762 tFOTS 0.0000 tGradient 2.0480 tsec 2.4180
#GCMRL#  336 dt  36.288000 rms  0.607  0.050% neg 0  invalid 762 tFOTS 0.0000 tGradient 2.0360 tsec 2.4050
#GCMRL#  337 dt  36.288000 rms  0.607  0.043% neg 0  invalid 762 tFOTS 0.0000 tGradient 2.0220 tsec 2.4000
#GCMRL#  338 dt  36.288000 rms  0.607  0.038% neg 0  invalid 762 tFOTS 0.0000 tGradient 2.0400 tsec 2.4140
#GCMRL#  339 dt  36.288000 rms  0.606  0.038% neg 0  invalid 762 tFOTS 0.0000 tGradient 2.1190 tsec 2.4970
#GCMRL#  340 dt  36.288000 rms  0.606  0.031% neg 0  invalid 762 tFOTS 0.0000 tGradient 2.1370 tsec 2.5060
#GCMRL#  341 dt  36.288000 rms  0.606  0.031% neg 0  invalid 762 tFOTS 0.0000 tGradient 2.0300 tsec 2.4020
#GCMRL#  342 dt  36.288000 rms  0.606  0.035% neg 0  invalid 762 tFOTS 0.0000 tGradient 2.0430 tsec 2.4140
#GCMRL#  343 dt  36.288000 rms  0.606  0.033% neg 0  invalid 762 tFOTS 0.0000 tGradient 2.0920 tsec 2.4670
#GCMRL#  344 dt  36.288000 rms  0.605  0.033% neg 0  invalid 762 tFOTS 0.0000 tGradient 2.1030 tsec 2.4770
#GCMRL#  345 dt  36.288000 rms  0.605  0.031% neg 0  invalid 762 tFOTS 0.0000 tGradient 2.0290 tsec 2.4020
#GCMRL#  346 dt  36.288000 rms  0.605  0.030% neg 0  invalid 762 tFOTS 0.0000 tGradient 2.0730 tsec 2.5030
#GCMRL#  347 dt  36.288000 rms  0.605  0.034% neg 0  invalid 762 tFOTS 0.0000 tGradient 2.0450 tsec 2.4750
#GCMRL#  348 dt  36.288000 rms  0.605  0.028% neg 0  invalid 762 tFOTS 0.0000 tGradient 2.1310 tsec 2.5330
#GCMRL#  349 dt  36.288000 rms  0.604  0.027% neg 0  invalid 762 tFOTS 0.0000 tGradient 2.2750 tsec 2.6370
#GCMRL#  350 dt  36.288000 rms  0.604  0.031% neg 0  invalid 762 tFOTS 0.0000 tGradient 2.1280 tsec 2.4910
#GCMRL#  351 dt  36.288000 rms  0.604  0.031% neg 0  invalid 762 tFOTS 0.0000 tGradient 2.0940 tsec 2.4540
#GCMRL#  352 dt  36.288000 rms  0.604  0.030% neg 0  invalid 762 tFOTS 0.0000 tGradient 2.0800 tsec 2.4420
#GCMRL#  353 dt  36.288000 rms  0.604  0.028% neg 0  invalid 762 tFOTS 0.0000 tGradient 2.0790 tsec 2.4410
#GCMRL#  354 dt  36.288000 rms  0.604  0.028% neg 0  invalid 762 tFOTS 0.0000 tGradient 2.0770 tsec 2.4380
#GCMRL#  355 dt  36.288000 rms  0.603  0.028% neg 0  invalid 762 tFOTS 0.0000 tGradient 2.0830 tsec 2.4440
#GCMRL#  356 dt  36.288000 rms  0.603  0.027% neg 0  invalid 762 tFOTS 0.0000 tGradient 2.0460 tsec 2.4070
#GCMRL#  357 dt  36.288000 rms  0.603  0.025% neg 0  invalid 762 tFOTS 0.0000 tGradient 2.0310 tsec 2.3930
#GCMRL#  358 dt  36.288000 rms  0.603  0.026% neg 0  invalid 762 tFOTS 0.0000 tGradient 2.0170 tsec 2.3780
#GCMRL#  359 dt  36.288000 rms  0.603  0.025% neg 0  invalid 762 tFOTS 0.0000 tGradient 2.0310 tsec 2.3940
#GCMRL#  360 dt  36.288000 rms  0.603  0.025% neg 0  invalid 762 tFOTS 0.0000 tGradient 2.0370 tsec 2.3970
#GCMRL#  361 dt  36.288000 rms  0.602  0.026% neg 0  invalid 762 tFOTS 0.0000 tGradient 2.1060 tsec 2.4670
#GCMRL#  362 dt  36.288000 rms  0.602  0.027% neg 0  invalid 762 tFOTS 0.0000 tGradient 2.1020 tsec 2.4640
#GCMRL#  363 dt  36.288000 rms  0.602  0.026% neg 0  invalid 762 tFOTS 0.0000 tGradient 2.0720 tsec 2.4320
#GCMRL#  364 dt  36.288000 rms  0.602  0.026% neg 0  invalid 762 tFOTS 0.0000 tGradient 2.0790 tsec 2.4400
#GCMRL#  365 dt  36.288000 rms  0.602  0.024% neg 0  invalid 762 tFOTS 0.0000 tGradient 2.0240 tsec 2.3860
#GCMRL#  366 dt  36.288000 rms  0.602  0.023% neg 0  invalid 762 tFOTS 0.0000 tGradient 2.0140 tsec 2.4030
#GCMRL#  367 dt 414.720000 rms  0.602  0.000% neg 0  invalid 762 tFOTS 5.0280 tGradient 2.0130 tsec 7.4470
setting smoothness cost coefficient to 0.118

#GCAMreg# pass 0 level1 3 level2 0 tsec 0 sigma 2
l_jacobian=1.00 l_label=1.00 l_log_likelihood=0.20 l_smoothness=0.12 
tol=5.00e-02, dt=5.00e-02, exp_k=20.0, momentum=0.90, levels=6, niter=500, lbl_dist=10.00, avgs=16, sigma=2.0,type=2, relabel=0, neg=no

blurring input image with Gaussian with sigma=2.000...
GCAMRegisterLevel(): init RMS 0.617185
#FOTS# QuadFit found better minimum quadopt=(dt=38.4,rms=0.613179) vs oldopt=(dt=32,rms=0.613223)
#GCMRL#  369 dt  38.400000 rms  0.613  0.649% neg 0  invalid 762 tFOTS 4.7560 tGradient 1.9250 tsec 7.0530
#FOTS# QuadFit found better minimum quadopt=(dt=78.9489,rms=0.6076) vs oldopt=(dt=32,rms=0.609178)
#GCMRL#  370 dt  78.948905 rms  0.608  0.910% neg 0  invalid 762 tFOTS 4.5870 tGradient 1.7380 tsec 6.6950
#FOTS# QuadFit found better minimum quadopt=(dt=19.309,rms=0.604233) vs oldopt=(dt=32,rms=0.605297)
#GCMRL#  371 dt  19.309002 rms  0.604  0.554% neg 0  invalid 762 tFOTS 4.6230 tGradient 1.6830 tsec 6.6800
#GCMRL#  372 dt  32.000000 rms  0.602  0.400% neg 0  invalid 762 tFOTS 4.3550 tGradient 1.8090 tsec 6.5390
#FOTS# QuadFit found better minimum quadopt=(dt=44.8,rms=0.598997) vs oldopt=(dt=32,rms=0.599716)
#GCMRL#  373 dt  44.800000 rms  0.599  0.469% neg 0  invalid 762 tFOTS 4.5760 tGradient 1.7520 tsec 6.7050
#GCMRL#  374 dt  32.000000 rms  0.597  0.284% neg 0  invalid 762 tFOTS 4.8360 tGradient 1.7620 tsec 6.9710
#FOTS# QuadFit found better minimum quadopt=(dt=44.8,rms=0.595301) vs oldopt=(dt=32,rms=0.595715)
#GCMRL#  375 dt  44.800000 rms  0.595  0.334% neg 0  invalid 762 tFOTS 4.7490 tGradient 1.9660 tsec 7.0940
#FOTS# QuadFit found better minimum quadopt=(dt=11.2,rms=0.594563) vs oldopt=(dt=8,rms=0.59474)
#GCMRL#  376 dt  11.200000 rms  0.595  0.124% neg 0  invalid 762 tFOTS 4.5020 tGradient 1.7420 tsec 6.6200
#FOTS# QuadFit found better minimum quadopt=(dt=44.8,rms=0.592594) vs oldopt=(dt=32,rms=0.593124)
#GCMRL#  377 dt  44.800000 rms  0.593  0.331% neg 0  invalid 762 tFOTS 4.4480 tGradient 1.6970 tsec 6.5180
#FOTS# QuadFit found better minimum quadopt=(dt=44.8,rms=0.591517) vs oldopt=(dt=32,rms=0.591711)
#GCMRL#  378 dt  44.800000 rms  0.592  0.182% neg 0  invalid 762 tFOTS 4.7600 tGradient 1.7410 tsec 6.8730
#FOTS# QuadFit found better minimum quadopt=(dt=38.4,rms=0.589984) vs oldopt=(dt=32,rms=0.590005)
#GCMRL#  379 dt  38.400000 rms  0.590  0.259% neg 0  invalid 762 tFOTS 4.6240 tGradient 1.7520 tsec 6.7480
#FOTS# QuadFit found better minimum quadopt=(dt=11.2,rms=0.589348) vs oldopt=(dt=8,rms=0.589481)
#GCMRL#  380 dt  11.200000 rms  0.589  0.108% neg 0  invalid 762 tFOTS 4.6080 tGradient 1.7980 tsec 6.7740
#FOTS# QuadFit found better minimum quadopt=(dt=44.8,rms=0.588266) vs oldopt=(dt=32,rms=0.588465)
#GCMRL#  381 dt  44.800000 rms  0.588  0.184% neg 0  invalid 762 tFOTS 4.3260 tGradient 1.6860 tsec 6.3860
#FOTS# QuadFit found better minimum quadopt=(dt=38.4,rms=0.587101) vs oldopt=(dt=32,rms=0.587102)
#GCMRL#  382 dt  38.400000 rms  0.587  0.198% neg 0  invalid 762 tFOTS 4.5550 tGradient 1.7560 tsec 6.6750
#FOTS# QuadFit found better minimum quadopt=(dt=11.2,rms=0.586618) vs oldopt=(dt=8,rms=0.58673)
#GCMRL#  383 dt  11.200000 rms  0.587  0.082% neg 0  invalid 762 tFOTS 4.2720 tGradient 1.7110 tsec 6.3470
#GCMRL#  384 dt  32.000000 rms  0.586  0.115% neg 0  invalid 762 tFOTS 4.2470 tGradient 1.6560 tsec 6.2690
#FOTS# QuadFit found better minimum quadopt=(dt=2.4,rms=0.585828) vs oldopt=(dt=2,rms=0.585844)
#GCMRL#  385 dt   2.400000 rms  0.586  0.000% neg 0  invalid 762 tFOTS 3.9570 tGradient 1.6460 tsec 5.9940
#GCMRL#  386 dt   0.150000 rms  0.586  0.000% neg 0  invalid 762 tFOTS 0.0000 tGradient 1.6300 tsec 2.9310
#GCMRL#  387 dt   0.037500 rms  0.586  0.000% neg 0  invalid 762 tFOTS 0.0000 tGradient 1.6390 tsec 2.5560

#GCAMreg# pass 0 level1 3 level2 1 tsec 130.716 sigma 0.5
l_jacobian=1.00 l_label=1.00 l_log_likelihood=0.20 l_smoothness=0.12 
tol=5.00e-02, dt=5.00e-02, exp_k=20.0, momentum=0.90, levels=6, niter=500, lbl_dist=10.00, avgs=16, sigma=0.5,type=2, relabel=0, neg=no

blurring input image with Gaussian with sigma=0.500...
GCAMRegisterLevel(): init RMS 0.587009
#FOTS# QuadFit found better minimum quadopt=(dt=38.1732,rms=0.5833) vs oldopt=(dt=32,rms=0.58332)
#GCMRL#  389 dt  38.173228 rms  0.583  0.632% neg 0  invalid 762 tFOTS 4.5510 tGradient 1.6880 tsec 6.6040
#FOTS# QuadFit found better minimum quadopt=(dt=25.6,rms=0.58186) vs oldopt=(dt=32,rms=0.581942)
#GCMRL#  390 dt  25.600000 rms  0.582  0.247% neg 0  invalid 762 tFOTS 4.5570 tGradient 1.7400 tsec 6.6610
#FOTS# QuadFit found better minimum quadopt=(dt=25.6,rms=0.580815) vs oldopt=(dt=32,rms=0.580859)
#GCMRL#  391 dt  25.600000 rms  0.581  0.180% neg 0  invalid 762 tFOTS 4.5630 tGradient 1.6850 tsec 6.6140
#FOTS# QuadFit found better minimum quadopt=(dt=25.6,rms=0.579994) vs oldopt=(dt=32,rms=0.580036)
#GCMRL#  392 dt  25.600000 rms  0.580  0.141% neg 0  invalid 762 tFOTS 4.5120 tGradient 1.6740 tsec 6.5480
#FOTS# QuadFit found better minimum quadopt=(dt=25.6,rms=0.579168) vs oldopt=(dt=32,rms=0.579195)
#GCMRL#  393 dt  25.600000 rms  0.579  0.142% neg 0  invalid 762 tFOTS 4.5260 tGradient 1.6650 tsec 6.5550
#FOTS# QuadFit found better minimum quadopt=(dt=25.6,rms=0.57853) vs oldopt=(dt=32,rms=0.578597)
#GCMRL#  394 dt  25.600000 rms  0.579  0.110% neg 0  invalid 762 tFOTS 4.8480 tGradient 1.6700 tsec 6.8840
#FOTS# QuadFit found better minimum quadopt=(dt=25.6,rms=0.577815) vs oldopt=(dt=32,rms=0.577857)
#GCMRL#  395 dt  25.600000 rms  0.578  0.124% neg 0  invalid 762 tFOTS 5.1260 tGradient 1.7200 tsec 7.2100
#FOTS# QuadFit found better minimum quadopt=(dt=25.6,rms=0.57725) vs oldopt=(dt=32,rms=0.577331)
#GCMRL#  396 dt  25.600000 rms  0.577  0.098% neg 0  invalid 762 tFOTS 5.0450 tGradient 1.7250 tsec 7.1730
#FOTS# QuadFit found better minimum quadopt=(dt=25.6,rms=0.576541) vs oldopt=(dt=32,rms=0.576605)
#GCMRL#  397 dt  25.600000 rms  0.577  0.123% neg 0  invalid 762 tFOTS 4.7970 tGradient 1.7370 tsec 6.8940
#FOTS# QuadFit found better minimum quadopt=(dt=19.2,rms=0.576025) vs oldopt=(dt=32,rms=0.576161)
#GCMRL#  398 dt  19.200000 rms  0.576  0.090% neg 0  invalid 762 tFOTS 4.8190 tGradient 1.7270 tsec 6.9050
#FOTS# QuadFit found better minimum quadopt=(dt=44.8,rms=0.575214) vs oldopt=(dt=32,rms=0.575299)
#GCMRL#  399 dt  44.800000 rms  0.575  0.141% neg 0  invalid 762 tFOTS 4.9700 tGradient 1.7230 tsec 7.0550
#FOTS# QuadFit found better minimum quadopt=(dt=11.2,rms=0.574758) vs oldopt=(dt=8,rms=0.574851)
#GCMRL#  400 dt  11.200000 rms  0.575  0.079% neg 0  invalid 762 tFOTS 4.5700 tGradient 1.8030 tsec 6.7370
#FOTS# QuadFit found better minimum quadopt=(dt=153.6,rms=0.573419) vs oldopt=(dt=128,rms=0.573421)
#GCMRL#  401 dt 153.600000 rms  0.573  0.233% neg 0  invalid 762 tFOTS 4.5730 tGradient 1.7290 tsec 6.6650
#FOTS# QuadFit found better minimum quadopt=(dt=11.2,rms=0.572025) vs oldopt=(dt=8,rms=0.572287)
#GCMRL#  402 dt  11.200000 rms  0.572  0.243% neg 0  invalid 762 tFOTS 4.5620 tGradient 1.7810 tsec 6.7030
#GCMRL#  403 dt  32.000000 rms  0.571  0.119% neg 0  invalid 762 tFOTS 4.9120 tGradient 1.7550 tsec 7.0270
#FOTS# QuadFit found better minimum quadopt=(dt=11.2,rms=0.571101) vs oldopt=(dt=8,rms=0.571149)
#GCMRL#  404 dt  11.200000 rms  0.571  0.000% neg 0  invalid 762 tFOTS 4.5000 tGradient 1.8420 tsec 6.7320
#GCMRL#  405 dt  11.200000 rms  0.571  0.037% neg 0  invalid 762 tFOTS 0.0000 tGradient 1.7270 tsec 2.0730
#GCMRL#  406 dt  11.200000 rms  0.571  0.047% neg 0  invalid 762 tFOTS 0.0000 tGradient 1.7420 tsec 2.0830
#GCMRL#  407 dt  11.200000 rms  0.570  0.071% neg 0  invalid 762 tFOTS 0.0000 tGradient 1.7220 tsec 2.0680
#GCMRL#  408 dt  11.200000 rms  0.570  0.092% neg 0  invalid 762 tFOTS 0.0000 tGradient 1.7300 tsec 2.0730
#GCMRL#  409 dt  11.200000 rms  0.569  0.109% neg 0  invalid 762 tFOTS 0.0000 tGradient 1.7210 tsec 2.0650
#GCMRL#  410 dt  11.200000 rms  0.568  0.125% neg 0  invalid 762 tFOTS 0.0000 tGradient 1.7430 tsec 2.0880
#GCMRL#  411 dt  11.200000 rms  0.568  0.138% neg 0  invalid 762 tFOTS 0.0000 tGradient 1.7320 tsec 2.0700
#GCMRL#  412 dt  11.200000 rms  0.567  0.144% neg 0  invalid 762 tFOTS 0.0000 tGradient 1.7490 tsec 2.0940
#GCMRL#  413 dt  11.200000 rms  0.566  0.154% neg 0  invalid 762 tFOTS 0.0000 tGradient 1.8070 tsec 2.1510
#GCMRL#  414 dt  11.200000 rms  0.565  0.158% neg 0  invalid 762 tFOTS 0.0000 tGradient 1.7360 tsec 2.1650
#GCMRL#  415 dt  11.200000 rms  0.564  0.154% neg 0  invalid 762 tFOTS 0.0000 tGradient 1.6750 tsec 2.0200
#GCMRL#  416 dt  11.200000 rms  0.563  0.143% neg 0  invalid 762 tFOTS 0.0000 tGradient 1.6860 tsec 2.0350
#GCMRL#  417 dt  11.200000 rms  0.563  0.135% neg 0  invalid 762 tFOTS 0.0000 tGradient 1.6740 tsec 2.0200
#GCMRL#  418 dt  11.200000 rms  0.562  0.138% neg 0  invalid 762 tFOTS 0.0000 tGradient 1.6730 tsec 2.0200
#GCMRL#  419 dt  11.200000 rms  0.561  0.131% neg 0  invalid 762 tFOTS 0.0000 tGradient 1.6660 tsec 2.0120
#GCMRL#  420 dt  11.200000 rms  0.560  0.124% neg 0  invalid 762 tFOTS 0.0000 tGradient 1.6740 tsec 2.0210
#GCMRL#  421 dt  11.200000 rms  0.560  0.115% neg 0  invalid 762 tFOTS 0.0000 tGradient 1.7100 tsec 2.0530
#GCMRL#  422 dt  11.200000 rms  0.559  0.119% neg 0  invalid 762 tFOTS 0.0000 tGradient 1.7130 tsec 2.0600
#GCMRL#  423 dt  11.200000 rms  0.558  0.107% neg 0  invalid 762 tFOTS 0.0000 tGradient 1.6520 tsec 1.9960
#GCMRL#  424 dt  11.200000 rms  0.558  0.107% neg 0  invalid 762 tFOTS 0.0000 tGradient 1.6570 tsec 2.0020
#GCMRL#  425 dt  11.200000 rms  0.557  0.093% neg 0  invalid 762 tFOTS 0.0000 tGradient 1.6520 tsec 1.9980
#GCMRL#  426 dt  11.200000 rms  0.557  0.095% neg 0  invalid 762 tFOTS 0.0000 tGradient 1.6540 tsec 2.0010
#GCMRL#  427 dt  11.200000 rms  0.557  0.006% neg 0  invalid 762 tFOTS 0.0000 tGradient 1.7070 tsec 2.2520
#GCMRL#  428 dt  11.200000 rms  0.557  0.008% neg 0  invalid 762 tFOTS 0.0000 tGradient 1.6990 tsec 2.0430
#GCMRL#  429 dt  11.200000 rms  0.557  0.018% neg 0  invalid 762 tFOTS 0.0000 tGradient 1.7080 tsec 2.0520
#GCMRL#  430 dt  11.200000 rms  0.556  0.020% neg 0  invalid 762 tFOTS 0.0000 tGradient 1.7080 tsec 2.0550
#GCMRL#  431 dt  11.200000 rms  0.556  0.022% neg 0  invalid 762 tFOTS 0.0000 tGradient 1.7030 tsec 2.0490
#GCMRL#  432 dt  11.200000 rms  0.556  0.026% neg 0  invalid 762 tFOTS 0.0000 tGradient 1.6960 tsec 2.0400
#GCMRL#  433 dt  11.200000 rms  0.556  0.027% neg 0  invalid 762 tFOTS 0.0000 tGradient 1.7060 tsec 2.0520
#GCMRL#  434 dt  11.200000 rms  0.556  0.003% neg 0  invalid 762 tFOTS 0.0000 tGradient 1.6990 tsec 2.2430
#GCMRL#  435 dt  11.200000 rms  0.556  0.006% neg 0  invalid 762 tFOTS 0.0000 tGradient 1.6870 tsec 2.2300
#GCMRL#  436 dt  11.200000 rms  0.556  0.013% neg 0  invalid 762 tFOTS 0.0000 tGradient 1.6730 tsec 2.0150
#GCMRL#  437 dt  11.200000 rms  0.556  0.016% neg 0  invalid 762 tFOTS 0.0000 tGradient 1.7330 tsec 2.0750
#GCMRL#  438 dt  11.200000 rms  0.556  0.018% neg 0  invalid 762 tFOTS 0.0000 tGradient 1.7660 tsec 2.1120
#GCMRL#  439 dt  11.200000 rms  0.556  0.023% neg 0  invalid 762 tFOTS 0.0000 tGradient 1.7520 tsec 2.0990
#GCMRL#  440 dt  11.200000 rms  0.555  0.026% neg 0  invalid 762 tFOTS 0.0000 tGradient 1.7510 tsec 2.0980
#GCMRL#  441 dt  11.200000 rms  0.555  0.030% neg 0  invalid 762 tFOTS 0.0000 tGradient 1.7570 tsec 2.1060
#GCMRL#  442 dt  11.200000 rms  0.555  0.035% neg 0  invalid 762 tFOTS 0.0000 tGradient 1.7570 tsec 2.1100
#GCMRL#  443 dt  11.200000 rms  0.555  0.034% neg 0  invalid 762 tFOTS 0.0000 tGradient 1.7190 tsec 2.0760
#GCMRL#  444 dt  11.200000 rms  0.555  0.035% neg 0  invalid 762 tFOTS 0.0000 tGradient 1.7520 tsec 2.1120
#GCMRL#  445 dt  11.200000 rms  0.555  0.037% neg 0  invalid 762 tFOTS 0.0000 tGradient 1.7190 tsec 2.0800
#GCMRL#  446 dt  11.200000 rms  0.554  0.039% neg 0  invalid 762 tFOTS 0.0000 tGradient 1.7210 tsec 2.0790
#GCMRL#  447 dt  11.200000 rms  0.554  0.043% neg 0  invalid 762 tFOTS 0.0000 tGradient 1.7240 tsec 2.0840
#GCMRL#  448 dt  11.200000 rms  0.554  0.042% neg 0  invalid 762 tFOTS 0.0000 tGradient 1.7280 tsec 2.0920
#GCMRL#  449 dt  11.200000 rms  0.554  0.041% neg 0  invalid 762 tFOTS 0.0000 tGradient 1.7160 tsec 2.0770
#GCMRL#  450 dt  11.200000 rms  0.553  0.042% neg 0  invalid 762 tFOTS 0.0000 tGradient 1.7240 tsec 2.0870
#GCMRL#  451 dt  11.200000 rms  0.553  0.043% neg 0  invalid 762 tFOTS 0.0000 tGradient 1.7810 tsec 2.1390
#GCMRL#  452 dt  11.200000 rms  0.553  0.041% neg 0  invalid 762 tFOTS 0.0000 tGradient 1.7780 tsec 2.1390
#GCMRL#  453 dt  11.200000 rms  0.553  0.045% neg 0  invalid 762 tFOTS 0.0000 tGradient 1.7750 tsec 2.1320
#GCMRL#  454 dt  11.200000 rms  0.552  0.043% neg 0  invalid 762 tFOTS 0.0000 tGradient 1.7850 tsec 2.1440
#GCMRL#  455 dt  11.200000 rms  0.552  0.042% neg 0  invalid 762 tFOTS 0.0000 tGradient 1.7780 tsec 2.1380
#GCMRL#  456 dt  11.200000 rms  0.552  0.040% neg 0  invalid 762 tFOTS 0.0000 tGradient 1.7280 tsec 2.0860
#GCMRL#  457 dt  11.200000 rms  0.552  0.039% neg 0  invalid 762 tFOTS 0.0000 tGradient 1.7180 tsec 2.0790
#GCMRL#  458 dt  11.200000 rms  0.552  0.044% neg 0  invalid 762 tFOTS 0.0000 tGradient 1.7190 tsec 2.0760
#GCMRL#  459 dt  11.200000 rms  0.551  0.038% neg 0  invalid 762 tFOTS 0.0000 tGradient 1.7210 tsec 2.0870
#GCMRL#  460 dt  11.200000 rms  0.551  0.041% neg 0  invalid 762 tFOTS 0.0000 tGradient 1.7240 tsec 2.0820
#GCMRL#  461 dt  11.200000 rms  0.551  0.038% neg 0  invalid 762 tFOTS 0.0000 tGradient 1.7270 tsec 2.0840
#GCMRL#  462 dt  11.200000 rms  0.551  0.037% neg 0  invalid 762 tFOTS 0.0000 tGradient 1.7190 tsec 2.0780
#GCMRL#  463 dt  11.200000 rms  0.550  0.036% neg 0  invalid 762 tFOTS 0.0000 tGradient 1.8150 tsec 2.1690
#GCMRL#  464 dt  11.200000 rms  0.550  0.037% neg 0  invalid 762 tFOTS 0.0000 tGradient 1.7030 tsec 2.0550
#GCMRL#  465 dt  11.200000 rms  0.550  0.037% neg 0  invalid 762 tFOTS 0.0000 tGradient 1.7220 tsec 2.0830
#GCMRL#  466 dt  11.200000 rms  0.550  0.033% neg 0  invalid 762 tFOTS 0.0000 tGradient 1.7200 tsec 2.0690
#GCMRL#  467 dt  11.200000 rms  0.550  0.030% neg 0  invalid 762 tFOTS 0.0000 tGradient 1.7270 tsec 2.0770
#GCMRL#  468 dt  11.200000 rms  0.550  0.029% neg 0  invalid 762 tFOTS 0.0000 tGradient 1.6970 tsec 2.0490
#GCMRL#  469 dt  11.200000 rms  0.549  0.028% neg 0  invalid 762 tFOTS 0.0000 tGradient 1.7750 tsec 2.1210
#GCMRL#  470 dt  11.200000 rms  0.549  0.030% neg 0  invalid 762 tFOTS 0.0000 tGradient 1.7230 tsec 2.0770
#GCMRL#  471 dt  11.200000 rms  0.549  0.033% neg 0  invalid 762 tFOTS 0.0000 tGradient 1.7180 tsec 2.0680
#GCMRL#  472 dt  11.200000 rms  0.549  0.031% neg 0  invalid 762 tFOTS 0.0000 tGradient 1.7290 tsec 2.0750
#GCMRL#  473 dt  11.200000 rms  0.549  0.028% neg 0  invalid 762 tFOTS 0.0000 tGradient 1.7150 tsec 2.0620
#GCMRL#  474 dt  11.200000 rms  0.549  0.025% neg 0  invalid 762 tFOTS 0.0000 tGradient 1.7200 tsec 2.0640
#GCMRL#  475 dt  11.200000 rms  0.548  0.027% neg 0  invalid 762 tFOTS 0.0000 tGradient 1.7200 tsec 2.0660
#GCMRL#  476 dt  11.200000 rms  0.548  0.031% neg 0  invalid 762 tFOTS 0.0000 tGradient 1.7170 tsec 2.0680
#GCMRL#  477 dt  11.200000 rms  0.548  0.025% neg 0  invalid 762 tFOTS 0.0000 tGradient 1.7190 tsec 2.0660
#GCMRL#  478 dt  11.200000 rms  0.548  0.026% neg 0  invalid 762 tFOTS 0.0000 tGradient 1.7320 tsec 2.0780
#GCMRL#  479 dt  11.200000 rms  0.548  0.022% neg 0  invalid 762 tFOTS 0.0000 tGradient 1.7820 tsec 2.1350
#GCMRL#  480 dt  11.200000 rms  0.548  0.026% neg 0  invalid 762 tFOTS 0.0000 tGradient 1.7210 tsec 2.0700
#GCMRL#  481 dt  11.200000 rms  0.548  0.021% neg 0  invalid 762 tFOTS 0.0000 tGradient 1.7280 tsec 2.0750
#GCMRL#  482 dt  11.200000 rms  0.548  0.025% neg 0  invalid 762 tFOTS 0.0000 tGradient 1.7300 tsec 2.0810
#GCMRL#  483 dt  11.200000 rms  0.547  0.020% neg 0  invalid 762 tFOTS 0.0000 tGradient 1.7820 tsec 2.1940
#FOTS# QuadFit found better minimum quadopt=(dt=44.8,rms=0.547358) vs oldopt=(dt=32,rms=0.547363)
#GCMRL#  484 dt  44.800000 rms  0.547  0.000% neg 0  invalid 762 tFOTS 4.3170 tGradient 1.7000 tsec 6.4100
#GCMRL#  485 dt  44.800000 rms  0.547  0.009% neg 0  invalid 762 tFOTS 0.0000 tGradient 1.7000 tsec 2.0500
#GCMRL#  486 dt  44.800000 rms  0.547  0.012% neg 0  invalid 762 tFOTS 0.0000 tGradient 1.6830 tsec 2.0280
#GCMRL#  487 dt  44.800000 rms  0.547  0.008% neg 0  invalid 762 tFOTS 0.0000 tGradient 1.6840 tsec 2.0320
#GCMRL#  488 dt  44.800000 rms  0.547  0.014% neg 0  invalid 762 tFOTS 0.0000 tGradient 1.7030 tsec 2.2510
setting smoothness cost coefficient to 0.400

#GCAMreg# pass 0 level1 2 level2 0 tsec 0 sigma 2
l_jacobian=1.00 l_label=1.00 l_log_likelihood=0.20 l_smoothness=0.40 
tol=5.00e-02, dt=5.00e-02, exp_k=20.0, momentum=0.90, levels=6, niter=500, lbl_dist=10.00, avgs=4, sigma=2.0,type=2, relabel=0, neg=no

blurring input image with Gaussian with sigma=2.000...
GCAMRegisterLevel(): init RMS 0.580928
#GCMRL#  490 dt   0.000000 rms  0.580  0.161% neg 0  invalid 762 tFOTS 4.3810 tGradient 1.7050 tsec 6.4510
#GCMRL#  491 dt   0.150000 rms  0.580  0.000% neg 0  invalid 762 tFOTS 4.3270 tGradient 1.6570 tsec 6.6170

#GCAMreg# pass 0 level1 2 level2 1 tsec 24.651 sigma 0.5
l_jacobian=1.00 l_label=1.00 l_log_likelihood=0.20 l_smoothness=0.40 
tol=5.00e-02, dt=5.00e-02, exp_k=20.0, momentum=0.90, levels=6, niter=500, lbl_dist=10.00, avgs=4, sigma=0.5,type=2, relabel=0, neg=no

blurring input image with Gaussian with sigma=0.500...
GCAMRegisterLevel(): init RMS 0.580928
#GCMRL#  493 dt   0.000000 rms  0.580  0.161% neg 0  invalid 762 tFOTS 4.3070 tGradient 1.6560 tsec 6.3690
#GCMRL#  494 dt   0.150000 rms  0.580  0.000% neg 0  invalid 762 tFOTS 4.4050 tGradient 1.8920 tsec 6.9340
setting smoothness cost coefficient to 1.000

#GCAMreg# pass 0 level1 1 level2 0 tsec 0 sigma 2
l_jacobian=1.00 l_label=1.00 l_log_likelihood=0.20 l_smoothness=1.00 
tol=5.00e-02, dt=5.00e-02, exp_k=20.0, momentum=0.90, levels=6, niter=500, lbl_dist=10.00, avgs=1, sigma=2.0,type=2, relabel=0, neg=no

blurring input image with Gaussian with sigma=2.000...
GCAMRegisterLevel(): init RMS 0.64506
#FOTS# QuadFit found better minimum quadopt=(dt=0.448,rms=0.641803) vs oldopt=(dt=0.32,rms=0.642395)
#GCMRL#  496 dt   0.448000 rms  0.642  0.505% neg 0  invalid 762 tFOTS 4.1290 tGradient 1.5830 tsec 6.0790
#FOTS# QuadFit found better minimum quadopt=(dt=0.51,rms=0.640137) vs oldopt=(dt=0.32,rms=0.64063)
#GCMRL#  497 dt   0.510000 rms  0.640  0.260% neg 0  invalid 762 tFOTS 4.0350 tGradient 1.5650 tsec 5.9680
#FOTS# QuadFit found better minimum quadopt=(dt=0.448,rms=0.639462) vs oldopt=(dt=0.32,rms=0.639583)
#GCMRL#  498 dt   0.448000 rms  0.639  0.105% neg 0  invalid 762 tFOTS 4.3390 tGradient 1.5550 tsec 6.2610
#GCMRL#  499 dt   0.320000 rms  0.639  0.000% neg 0  invalid 762 tFOTS 4.3960 tGradient 1.5070 tsec 6.3030

#GCAMreg# pass 0 level1 1 level2 1 tsec 36.12 sigma 0.5
l_jacobian=1.00 l_label=1.00 l_log_likelihood=0.20 l_smoothness=1.00 
tol=5.00e-02, dt=5.00e-02, exp_k=20.0, momentum=0.90, levels=6, niter=500, lbl_dist=10.00, avgs=1, sigma=0.5,type=2, relabel=0, neg=no

blurring input image with Gaussian with sigma=0.500...
GCAMRegisterLevel(): init RMS 0.640215
#FOTS# QuadFit found better minimum quadopt=(dt=0.448,rms=0.63903) vs oldopt=(dt=0.32,rms=0.639065)
#GCMRL#  501 dt   0.448000 rms  0.639  0.185% neg 0  invalid 762 tFOTS 4.7470 tGradient 1.5130 tsec 6.6290
#FOTS# QuadFit found better minimum quadopt=(dt=0.112,rms=0.639013) vs oldopt=(dt=0.08,rms=0.639016)
#GCMRL#  502 dt   0.112000 rms  0.639  0.000% neg 0  invalid 762 tFOTS 4.6970 tGradient 1.5250 tsec 6.6170
resetting metric properties...
setting smoothness cost coefficient to 2.000

#GCAMreg# pass 0 level1 0 level2 0 tsec 0 sigma 2
l_jacobian=1.00 l_label=1.00 l_log_likelihood=0.20 l_smoothness=2.00 
tol=5.00e-02, dt=5.00e-02, exp_k=20.0, momentum=0.90, levels=6, niter=500, lbl_dist=10.00, avgs=0, sigma=2.0,type=2, relabel=0, neg=no

blurring input image with Gaussian with sigma=2.000...
GCAMRegisterLevel(): init RMS 0.558588
#FOTS# QuadFit found better minimum quadopt=(dt=0.448,rms=0.542131) vs oldopt=(dt=0.32,rms=0.546359)
#GCMRL#  504 dt   0.448000 rms  0.542  2.946% neg 0  invalid 762 tFOTS 4.3510 tGradient 1.0100 tsec 5.7320
#FOTS# QuadFit found better minimum quadopt=(dt=0.448,rms=0.53807) vs oldopt=(dt=0.32,rms=0.539198)
#GCMRL#  505 dt   0.448000 rms  0.538  0.749% neg 0  invalid 762 tFOTS 4.3480 tGradient 0.9780 tsec 5.7250
#FOTS# QuadFit found better minimum quadopt=(dt=0.448,rms=0.535646) vs oldopt=(dt=0.32,rms=0.536329)
#GCMRL#  506 dt   0.448000 rms  0.536  0.450% neg 0  invalid 762 tFOTS 4.3260 tGradient 1.0040 tsec 5.6930
#FOTS# QuadFit found better minimum quadopt=(dt=0.384,rms=0.534377) vs oldopt=(dt=0.32,rms=0.534575)
#GCMRL#  507 dt   0.384000 rms  0.534  0.237% neg 0  invalid 762 tFOTS 4.4630 tGradient 0.9790 tsec 5.8180
#FOTS# QuadFit found better minimum quadopt=(dt=0.384,rms=0.53335) vs oldopt=(dt=0.32,rms=0.533511)
#GCMRL#  508 dt   0.384000 rms  0.533  0.192% neg 0  invalid 762 tFOTS 4.3830 tGradient 0.9880 tsec 5.7420
#FOTS# QuadFit found better minimum quadopt=(dt=0.384,rms=0.532657) vs oldopt=(dt=0.32,rms=0.532757)
#GCMRL#  509 dt   0.384000 rms  0.533  0.130% neg 0  invalid 762 tFOTS 4.3560 tGradient 0.9270 tsec 5.6560
#FOTS# QuadFit found better minimum quadopt=(dt=0.384,rms=0.532024) vs oldopt=(dt=0.32,rms=0.532112)
#GCMRL#  510 dt   0.384000 rms  0.532  0.119% neg 0  invalid 762 tFOTS 4.3700 tGradient 0.9790 tsec 5.7210
#FOTS# QuadFit found better minimum quadopt=(dt=0.384,rms=0.531595) vs oldopt=(dt=0.32,rms=0.531648)
#GCMRL#  511 dt   0.384000 rms  0.532  0.081% neg 0  invalid 762 tFOTS 4.3590 tGradient 0.9250 tsec 5.6560
#FOTS# QuadFit found better minimum quadopt=(dt=0.384,rms=0.531136) vs oldopt=(dt=0.32,rms=0.531188)
#GCMRL#  512 dt   0.384000 rms  0.531  0.086% neg 0  invalid 762 tFOTS 4.3550 tGradient 0.9850 tsec 5.7100
#FOTS# QuadFit found better minimum quadopt=(dt=0.384,rms=0.530848) vs oldopt=(dt=0.32,rms=0.530874)
#GCMRL#  513 dt   0.384000 rms  0.531  0.054% neg 0  invalid 762 tFOTS 4.3560 tGradient 0.9790 tsec 5.7080
#FOTS# QuadFit found better minimum quadopt=(dt=0.384,rms=0.530498) vs oldopt=(dt=0.32,rms=0.530529)
#GCMRL#  514 dt   0.384000 rms  0.530  0.066% neg 0  invalid 762 tFOTS 4.3870 tGradient 0.9840 tsec 5.7430
#FOTS# QuadFit found better minimum quadopt=(dt=0.384,rms=0.530302) vs oldopt=(dt=0.32,rms=0.530311)
#GCMRL#  515 dt   0.384000 rms  0.530  0.000% neg 0  invalid 762 tFOTS 4.3600 tGradient 0.9230 tsec 5.6810
#GCMRL#  516 dt   0.384000 rms  0.530  0.052% neg 0  invalid 762 tFOTS 0.0000 tGradient 0.9820 tsec 1.3450
#GCMRL#  517 dt   0.384000 rms  0.530  0.073% neg 0  invalid 762 tFOTS 0.0000 tGradient 0.9290 tsec 1.2850
#GCMRL#  518 dt   0.384000 rms  0.530  0.023% neg 0  invalid 762 tFOTS 0.0000 tGradient 0.9190 tsec 1.4840
#GCMRL#  519 dt   0.384000 rms  0.529  0.061% neg 0  invalid 762 tFOTS 0.0000 tGradient 0.9890 tsec 1.3530
#GCMRL#  520 dt   0.384000 rms  0.529  0.027% neg 0  invalid 762 tFOTS 0.0000 tGradient 0.9810 tsec 1.5460
#GCMRL#  521 dt   0.384000 rms  0.529  0.036% neg 0  invalid 762 tFOTS 0.0000 tGradient 0.9370 tsec 1.2960
#GCMRL#  522 dt   0.384000 rms  0.529  0.017% neg 0  invalid 762 tFOTS 0.0000 tGradient 0.9270 tsec 1.4900
#GCMRL#  523 dt   0.384000 rms  0.529  0.016% neg 0  invalid 762 tFOTS 0.0000 tGradient 0.9310 tsec 1.5220
#FOTS# QuadFit found better minimum quadopt=(dt=0.256,rms=0.528632) vs oldopt=(dt=0.32,rms=0.52864)
#GCMRL#  524 dt   0.256000 rms  0.529  0.000% neg 0  invalid 762 tFOTS 4.4770 tGradient 0.9300 tsec 5.8190
#GCMRL#  525 dt   0.256000 rms  0.529  0.018% neg 0  invalid 762 tFOTS 0.0000 tGradient 0.9840 tsec 1.3680
#GCMRL#  526 dt   0.256000 rms  0.528  0.025% neg 0  invalid 762 tFOTS 0.0000 tGradient 0.9360 tsec 1.2950
#GCMRL#  527 dt   0.256000 rms  0.528  0.004% neg 0  invalid 762 tFOTS 0.0000 tGradient 0.9380 tsec 1.5040
#GCMRL#  528 dt   0.256000 rms  0.528  0.012% neg 0  invalid 762 tFOTS 0.0000 tGradient 0.9380 tsec 1.3020
#GCMRL#  529 dt   0.256000 rms  0.528  0.024% neg 0  invalid 762 tFOTS 0.0000 tGradient 0.9380 tsec 1.2990
#GCMRL#  530 dt   0.256000 rms  0.528  0.024% neg 0  invalid 762 tFOTS 0.0000 tGradient 0.9380 tsec 1.3010
#GCMRL#  531 dt   0.256000 rms  0.528  0.027% neg 0  invalid 762 tFOTS 0.0000 tGradient 0.9360 tsec 1.2980
#GCMRL#  532 dt   0.256000 rms  0.528  0.025% neg 0  invalid 762 tFOTS 0.0000 tGradient 0.9380 tsec 1.2990
#GCMRL#  533 dt   0.256000 rms  0.528  0.021% neg 0  invalid 762 tFOTS 0.0000 tGradient 0.9380 tsec 1.3250
#FOTS# QuadFit found better minimum quadopt=(dt=0.112,rms=0.527689) vs oldopt=(dt=0.08,rms=0.527692)

#GCAMreg# pass 0 level1 0 level2 1 tsec 113.013 sigma 0.5
l_jacobian=1.00 l_label=1.00 l_log_likelihood=0.20 l_smoothness=2.00 
tol=5.00e-02, dt=5.00e-02, exp_k=20.0, momentum=0.90, levels=6, niter=500, lbl_dist=10.00, avgs=0, sigma=0.5,type=2, relabel=0, neg=no

blurring input image with Gaussian with sigma=0.500...
GCAMRegisterLevel(): init RMS 0.528835
#GCMRL#  535 dt   0.320000 rms  0.525  0.755% neg 0  invalid 762 tFOTS 4.3830 tGradient 0.9360 tsec 5.6950
#GCMRL#  536 dt   0.320000 rms  0.524  0.191% neg 0  invalid 762 tFOTS 4.4110 tGradient 0.9360 tsec 5.7170
#GCMRL#  537 dt   0.320000 rms  0.523  0.075% neg 0  invalid 762 tFOTS 4.4490 tGradient 0.9350 tsec 5.7480
#GCMRL#  538 dt   0.320000 rms  0.523  0.000% neg 0  invalid 762 tFOTS 4.3120 tGradient 0.9270 tsec 5.7010
#GCMRL#  539 dt   0.320000 rms  0.523  0.014% neg 0  invalid 762 tFOTS 0.0000 tGradient 1.0480 tsec 1.4140
#GCMRL#  540 dt   0.320000 rms  0.523  0.010% neg 0  invalid 762 tFOTS 0.0000 tGradient 0.9320 tsec 1.5010
#GCMRL#  541 dt   0.320000 rms  0.523  0.012% neg 0  invalid 762 tFOTS 0.0000 tGradient 0.9310 tsec 1.3060
#GCMRL#  542 dt   0.160000 rms  0.523  0.006% neg 0  invalid 762 tFOTS 0.0000 tGradient 0.9270 tsec 1.7080
#GCMRL#  543 dt   0.320000 rms  0.523  0.010% neg 0  invalid 762 tFOTS 4.3930 tGradient 0.9230 tsec 5.6880
#FOTS# QuadFit found better minimum quadopt=(dt=0.112,rms=0.522974) vs oldopt=(dt=0.08,rms=0.522975)
GCAMregister done in 29.2436 min
********************* ALLOWING NEGATIVE NODES IN DEFORMATION********************************
noneg post
Starting GCAMregister()
label assignment complete, 0 changed (0.00%)
npasses = 1, nlevels = 6
#pass# 1 of 1 ************************
enabling zero nodes
setting smoothness cost coefficient to 0.008

#GCAMreg# pass 0 level1 5 level2 0 tsec 0 sigma 2
l_jacobian=1.00 l_label=1.00 l_log_likelihood=0.20 l_smoothness=0.01 
tol=2.50e-01, dt=5.00e-02, exp_k=20.0, momentum=0.90, levels=6, niter=500, lbl_dist=10.00, avgs=256, sigma=2.0,type=2, relabel=0, neg=yes

blurring input image with Gaussian with sigma=2.000...
GCAMRegisterLevel(): init RMS 0.521377
#GCMRL#  545 dt   0.000000 rms  0.520  0.223% neg 0  invalid 762 tFOTS 5.4410 tGradient 2.2300 tsec 8.0550

#GCAMreg# pass 0 level1 5 level2 1 tsec 22.799 sigma 0.5
l_jacobian=1.00 l_label=1.00 l_log_likelihood=0.20 l_smoothness=0.01 
tol=2.50e-01, dt=5.00e-02, exp_k=20.0, momentum=0.90, levels=6, niter=500, lbl_dist=10.00, avgs=256, sigma=0.5,type=2, relabel=0, neg=yes

blurring input image with Gaussian with sigma=0.500...
GCAMRegisterLevel(): init RMS 0.521377
#FOTS# QuadFit found better minimum quadopt=(dt=129.472,rms=0.519944) vs oldopt=(dt=92.48,rms=0.519984)
#GCMRL#  547 dt 129.472000 rms  0.520  0.275% neg 0  invalid 762 tFOTS 5.2910 tGradient 2.2800 tsec 7.9450
#FOTS# QuadFit found better minimum quadopt=(dt=32.368,rms=0.51994) vs oldopt=(dt=23.12,rms=0.519942)
#GCMRL#  548 dt  32.368000 rms  0.520  0.000% neg 0  invalid 762 tFOTS 5.5420 tGradient 2.2550 tsec 8.2000
#GCMRL#  549 dt  32.368000 rms  0.520  0.003% neg 0  invalid 762 tFOTS 0.0000 tGradient 2.2880 tsec 2.6250
#GCMRL#  550 dt  32.368000 rms  0.520  0.005% neg 0  invalid 762 tFOTS 0.0000 tGradient 2.2840 tsec 2.6400
#GCMRL#  551 dt  32.368000 rms  0.520  0.008% neg 0  invalid 762 tFOTS 0.0000 tGradient 2.2900 tsec 2.6460
#GCMRL#  552 dt  32.368000 rms  0.520  0.010% neg 0  invalid 762 tFOTS 0.0000 tGradient 2.3400 tsec 2.6760
#GCMRL#  553 dt  32.368000 rms  0.520  0.014% neg 0  invalid 762 tFOTS 0.0000 tGradient 2.3230 tsec 2.6580
#GCMRL#  554 dt  32.368000 rms  0.520  0.015% neg 0  invalid 762 tFOTS 0.0000 tGradient 2.2900 tsec 2.6700
#GCMRL#  555 dt  32.368000 rms  0.520  0.012% neg 0  invalid 762 tFOTS 0.0000 tGradient 2.3210 tsec 2.6780
#GCMRL#  556 dt  32.368000 rms  0.520  0.009% neg 0  invalid 762 tFOTS 0.0000 tGradient 2.3000 tsec 2.6680
#FOTS# QuadFit found better minimum quadopt=(dt=129.472,rms=0.519537) vs oldopt=(dt=92.48,rms=0.519537)
setting smoothness cost coefficient to 0.031

#GCAMreg# pass 0 level1 4 level2 0 tsec 0 sigma 2
l_jacobian=1.00 l_label=1.00 l_log_likelihood=0.20 l_smoothness=0.03 
tol=2.50e-01, dt=5.00e-02, exp_k=20.0, momentum=0.90, levels=6, niter=500, lbl_dist=10.00, avgs=64, sigma=2.0,type=2, relabel=0, neg=yes

blurring input image with Gaussian with sigma=2.000...
GCAMRegisterLevel(): init RMS 0.520731
#GCMRL#  558 dt  25.920000 rms  0.519  0.268% neg 0  invalid 762 tFOTS 5.2420 tGradient 1.9530 tsec 7.5690
#GCMRL#  559 dt  25.920000 rms  0.519  0.000% neg 0  invalid 762 tFOTS 5.3080 tGradient 2.0080 tsec 7.7180
#GCMRL#  560 dt  25.920000 rms  0.519  0.015% neg 0  invalid 762 tFOTS 0.0000 tGradient 1.9380 tsec 2.3020

#GCAMreg# pass 0 level1 4 level2 1 tsec 27.086 sigma 0.5
l_jacobian=1.00 l_label=1.00 l_log_likelihood=0.20 l_smoothness=0.03 
tol=2.50e-01, dt=5.00e-02, exp_k=20.0, momentum=0.90, levels=6, niter=500, lbl_dist=10.00, avgs=64, sigma=0.5,type=2, relabel=0, neg=yes

blurring input image with Gaussian with sigma=0.500...
GCAMRegisterLevel(): init RMS 0.520303
#FOTS# QuadFit found better minimum quadopt=(dt=90.6139,rms=0.517473) vs oldopt=(dt=103.68,rms=0.517509)
#GCMRL#  562 dt  90.613861 rms  0.517  0.544% neg 0  invalid 762 tFOTS 5.6500 tGradient 1.9330 tsec 7.9540
#FOTS# QuadFit found better minimum quadopt=(dt=36.288,rms=0.516937) vs oldopt=(dt=25.92,rms=0.51701)
#GCMRL#  563 dt  36.288000 rms  0.517  0.000% neg 0  invalid 762 tFOTS 5.3650 tGradient 2.0000 tsec 7.7670
#GCMRL#  564 dt  36.288000 rms  0.517  0.042% neg 0  invalid 762 tFOTS 0.0000 tGradient 1.8870 tsec 2.2440
#GCMRL#  565 dt  36.288000 rms  0.516  0.078% neg 0  invalid 762 tFOTS 0.0000 tGradient 1.8750 tsec 2.2260
#GCMRL#  566 dt  36.288000 rms  0.516  0.100% neg 0  invalid 762 tFOTS 0.0000 tGradient 1.9690 tsec 2.3190
#GCMRL#  567 dt  36.288000 rms  0.515  0.097% neg 0  invalid 762 tFOTS 0.0000 tGradient 1.8930 tsec 2.2450
#GCMRL#  568 dt  36.288000 rms  0.515  0.088% neg 0  invalid 762 tFOTS 0.0000 tGradient 1.8890 tsec 2.2720
#FOTS# QuadFit found better minimum quadopt=(dt=331.776,rms=0.514266) vs oldopt=(dt=414.72,rms=0.514269)
#GCMRL#  569 dt 331.776000 rms  0.514  0.113% neg 0  invalid 762 tFOTS 5.2470 tGradient 1.8970 tsec 7.5150
#FOTS# QuadFit found better minimum quadopt=(dt=31.104,rms=0.513985) vs oldopt=(dt=25.92,rms=0.513992)
setting smoothness cost coefficient to 0.118

#GCAMreg# pass 0 level1 3 level2 0 tsec 0 sigma 2
l_jacobian=1.00 l_label=1.00 l_log_likelihood=0.20 l_smoothness=0.12 
tol=2.50e-01, dt=5.00e-02, exp_k=20.0, momentum=0.90, levels=6, niter=500, lbl_dist=10.00, avgs=16, sigma=2.0,type=2, relabel=0, neg=yes

blurring input image with Gaussian with sigma=2.000...
GCAMRegisterLevel(): init RMS 0.515514
#FOTS# QuadFit found better minimum quadopt=(dt=38.4,rms=0.51155) vs oldopt=(dt=32,rms=0.511587)
iter 0, gcam->neg = 2
after 8 iterations, nbhd size=1, neg = 0
#GCMRL#  571 dt  38.400000 rms  0.512  0.763% neg 0  invalid 762 tFOTS 5.6470 tGradient 1.6940 tsec 12.0470
#FOTS# QuadFit found better minimum quadopt=(dt=44.8,rms=0.508956) vs oldopt=(dt=32,rms=0.509294)
iter 0, gcam->neg = 1
after 2 iterations, nbhd size=0, neg = 0
#GCMRL#  572 dt  44.800000 rms  0.509  0.512% neg 0  invalid 762 tFOTS 5.5280 tGradient 1.7190 tsec 9.6900
#FOTS# QuadFit found better minimum quadopt=(dt=11.2,rms=0.50834) vs oldopt=(dt=8,rms=0.508455)
#GCMRL#  573 dt  11.200000 rms  0.508  0.000% neg 0  invalid 762 tFOTS 5.6610 tGradient 1.7460 tsec 7.8040
#GCMRL#  574 dt  11.200000 rms  0.508  0.073% neg 0  invalid 762 tFOTS 0.0000 tGradient 1.7580 tsec 2.1130
#GCMRL#  575 dt  11.200000 rms  0.507  0.101% neg 0  invalid 762 tFOTS 0.0000 tGradient 1.7540 tsec 2.1060
#GCMRL#  576 dt  11.200000 rms  0.507  0.131% neg 0  invalid 762 tFOTS 0.0000 tGradient 1.7550 tsec 2.1050
iter 0, gcam->neg = 3
after 1 iterations, nbhd size=0, neg = 0
#GCMRL#  577 dt  11.200000 rms  0.506  0.154% neg 0  invalid 762 tFOTS 0.0000 tGradient 1.7620 tsec 3.7030
iter 0, gcam->neg = 9
after 14 iterations, nbhd size=1, neg = 0
#GCMRL#  578 dt  11.200000 rms  0.505  0.126% neg 0  invalid 762 tFOTS 0.0000 tGradient 1.7560 tsec 10.1010
iter 0, gcam->neg = 14
after 7 iterations, nbhd size=0, neg = 0
#GCMRL#  579 dt  11.200000 rms  0.505  0.110% neg 0  invalid 762 tFOTS 0.0000 tGradient 1.7510 tsec 6.6410
iter 0, gcam->neg = 13
after 12 iterations, nbhd size=1, neg = 0
#GCMRL#  580 dt  11.200000 rms  0.504  0.086% neg 0  invalid 762 tFOTS 0.0000 tGradient 1.7600 tsec 9.1510
#FOTS# QuadFit found better minimum quadopt=(dt=44.8,rms=0.503879) vs oldopt=(dt=32,rms=0.503975)
iter 0, gcam->neg = 2
after 6 iterations, nbhd size=1, neg = 0
#GCMRL#  581 dt  44.800000 rms  0.504  0.099% neg 0  invalid 762 tFOTS 5.2590 tGradient 1.6420 tsec 11.3590
#FOTS# QuadFit found better minimum quadopt=(dt=25.6,rms=0.503609) vs oldopt=(dt=32,rms=0.503634)
iter 0, gcam->neg = 2
after 15 iterations, nbhd size=1, neg = 0
#GCMRL#  582 dt  25.600000 rms  0.504  0.000% neg 0  invalid 762 tFOTS 5.4540 tGradient 1.7570 tsec 16.1000
iter 0, gcam->neg = 5
after 4 iterations, nbhd size=0, neg = 0
#GCMRL#  583 dt  25.600000 rms  0.503  0.046% neg 0  invalid 762 tFOTS 0.0000 tGradient 1.6480 tsec 5.0760
iter 0, gcam->neg = 5
after 3 iterations, nbhd size=0, neg = 0
#GCMRL#  584 dt  25.600000 rms  0.503  0.095% neg 0  invalid 762 tFOTS 0.0000 tGradient 1.8260 tsec 4.7540
iter 0, gcam->neg = 13
after 4 iterations, nbhd size=0, neg = 0
#GCMRL#  585 dt  25.600000 rms  0.503  0.066% neg 0  invalid 762 tFOTS 0.0000 tGradient 1.6710 tsec 5.0920
iter 0, gcam->neg = 17
after 13 iterations, nbhd size=1, neg = 0
#GCMRL#  586 dt  25.600000 rms  0.502  0.138% neg 0  invalid 762 tFOTS 0.0000 tGradient 1.6710 tsec 9.5480
iter 0, gcam->neg = 18
after 17 iterations, nbhd size=1, neg = 0
#GCMRL#  587 dt  25.600000 rms  0.501  0.107% neg 0  invalid 762 tFOTS 0.0000 tGradient 1.7050 tsec 11.6010
iter 0, gcam->neg = 26
after 16 iterations, nbhd size=1, neg = 0
#GCMRL#  588 dt  25.600000 rms  0.501  0.084% neg 0  invalid 762 tFOTS 0.0000 tGradient 1.7490 tsec 11.1180
#FOTS# QuadFit found better minimum quadopt=(dt=9.6,rms=0.500863) vs oldopt=(dt=8,rms=0.500864)
iter 0, gcam->neg = 2
after 6 iterations, nbhd size=1, neg = 0
#GCMRL#  589 dt   9.600000 rms  0.501  0.000% neg 0  invalid 762 tFOTS 5.5660 tGradient 1.7680 tsec 11.7960
#GCMRL#  590 dt   9.600000 rms  0.501  0.006% neg 0  invalid 762 tFOTS 0.0000 tGradient 1.8740 tsec 2.2410
iter 0, gcam->neg = 1
after 0 iterations, nbhd size=0, neg = 0
#GCMRL#  591 dt   9.600000 rms  0.501  0.013% neg 0  invalid 762 tFOTS 0.0000 tGradient 1.8110 tsec 3.2620
iter 0, gcam->neg = 5
after 10 iterations, nbhd size=0, neg = 0
#GCMRL#  592 dt   9.600000 rms  0.501  0.015% neg 0  invalid 762 tFOTS 0.0000 tGradient 1.7160 tsec 8.1030
iter 0, gcam->neg = 2
after 0 iterations, nbhd size=0, neg = 0
#GCMRL#  593 dt   9.600000 rms  0.501  0.026% neg 0  invalid 762 tFOTS 0.0000 tGradient 1.7310 tsec 3.1780
iter 0, gcam->neg = 6
after 16 iterations, nbhd size=1, neg = 0
#GCMRL#  594 dt   9.600000 rms  0.501  0.006% neg 0  invalid 762 tFOTS 0.0000 tGradient 1.7140 tsec 11.2160
iter 0, gcam->neg = 10
after 11 iterations, nbhd size=1, neg = 0
#GCMRL#  595 dt   9.600000 rms  0.500  0.029% neg 0  invalid 762 tFOTS 0.0000 tGradient 1.7000 tsec 8.5810
iter 0, gcam->neg = 11
after 13 iterations, nbhd size=1, neg = 0

#GCAMreg# pass 0 level1 3 level2 1 tsec 205.036 sigma 0.5
l_jacobian=1.00 l_label=1.00 l_log_likelihood=0.20 l_smoothness=0.12 
tol=2.50e-01, dt=5.00e-02, exp_k=20.0, momentum=0.90, levels=6, niter=500, lbl_dist=10.00, avgs=16, sigma=0.5,type=2, relabel=0, neg=yes

blurring input image with Gaussian with sigma=0.500...
GCAMRegisterLevel(): init RMS 0.501632
#FOTS# QuadFit found better minimum quadopt=(dt=44.8,rms=0.496802) vs oldopt=(dt=32,rms=0.497173)
iter 0, gcam->neg = 1
after 1 iterations, nbhd size=0, neg = 0
#GCMRL#  597 dt  44.800000 rms  0.497  0.962% neg 0  invalid 762 tFOTS 5.5420 tGradient 1.6360 tsec 9.1350
#FOTS# QuadFit found better minimum quadopt=(dt=25.0842,rms=0.495602) vs oldopt=(dt=32,rms=0.495753)
#GCMRL#  598 dt  25.084249 rms  0.496  0.000% neg 0  invalid 762 tFOTS 5.5240 tGradient 1.7910 tsec 7.7170
iter 0, gcam->neg = 1
after 1 iterations, nbhd size=0, neg = 0
#GCMRL#  599 dt  25.084249 rms  0.495  0.134% neg 0  invalid 762 tFOTS 0.0000 tGradient 1.7680 tsec 3.7380
iter 0, gcam->neg = 2
after 3 iterations, nbhd size=0, neg = 0
#GCMRL#  600 dt  25.084249 rms  0.494  0.187% neg 0  invalid 762 tFOTS 0.0000 tGradient 1.8510 tsec 4.7630
iter 0, gcam->neg = 1
after 1 iterations, nbhd size=0, neg = 0
#GCMRL#  601 dt  25.084249 rms  0.493  0.185% neg 0  invalid 762 tFOTS 0.0000 tGradient 1.7340 tsec 3.6630
iter 0, gcam->neg = 1
after 1 iterations, nbhd size=0, neg = 0
#GCMRL#  602 dt  25.084249 rms  0.492  0.172% neg 0  invalid 762 tFOTS 0.0000 tGradient 1.6980 tsec 3.6270
iter 0, gcam->neg = 5
after 9 iterations, nbhd size=1, neg = 0
#GCMRL#  603 dt  25.084249 rms  0.492  0.106% neg 0  invalid 762 tFOTS 0.0000 tGradient 1.7120 tsec 7.5670
iter 0, gcam->neg = 10
after 2 iterations, nbhd size=0, neg = 0
#GCMRL#  604 dt  25.084249 rms  0.491  0.099% neg 0  invalid 762 tFOTS 0.0000 tGradient 1.7130 tsec 4.1630
#FOTS# QuadFit found better minimum quadopt=(dt=19.2,rms=0.490893) vs oldopt=(dt=32,rms=0.490959)
#GCMRL#  605 dt  19.200000 rms  0.491  0.000% neg 0  invalid 762 tFOTS 5.4810 tGradient 1.7230 tsec 7.5990
iter 0, gcam->neg = 4
after 2 iterations, nbhd size=0, neg = 0
#GCMRL#  606 dt  19.200000 rms  0.491  0.012% neg 0  invalid 762 tFOTS 0.0000 tGradient 1.7730 tsec 4.1950
iter 0, gcam->neg = 1
after 3 iterations, nbhd size=0, neg = 0
#GCMRL#  607 dt  19.200000 rms  0.491  0.067% neg 0  invalid 762 tFOTS 0.0000 tGradient 1.6660 tsec 4.5790
#GCMRL#  608 dt  19.200000 rms  0.490  0.059% neg 0  invalid 762 tFOTS 0.0000 tGradient 1.7570 tsec 2.1020
iter 0, gcam->neg = 2
after 7 iterations, nbhd size=1, neg = 0
setting smoothness cost coefficient to 0.400

#GCAMreg# pass 0 level1 2 level2 0 tsec 0 sigma 2
l_jacobian=1.00 l_label=1.00 l_log_likelihood=0.20 l_smoothness=0.40 
tol=2.50e-01, dt=5.00e-02, exp_k=20.0, momentum=0.90, levels=6, niter=500, lbl_dist=10.00, avgs=4, sigma=2.0,type=2, relabel=0, neg=yes

blurring input image with Gaussian with sigma=2.000...
GCAMRegisterLevel(): init RMS 0.49741
#FOTS# QuadFit found better minimum quadopt=(dt=2.30769,rms=0.496061) vs oldopt=(dt=2.88,rms=0.496069)
#GCMRL#  610 dt   2.307692 rms  0.496  0.271% neg 0  invalid 762 tFOTS 5.5150 tGradient 1.6730 tsec 7.5550
#FOTS# QuadFit found better minimum quadopt=(dt=2,rms=0.496034) vs oldopt=(dt=0.72,rms=0.496046)
iter 0, gcam->neg = 1
after 1 iterations, nbhd size=0, neg = 0
#GCMRL#  611 dt   2.000000 rms  0.496  0.000% neg 0  invalid 762 tFOTS 5.4940 tGradient 1.6940 tsec 9.1630
iter 0, gcam->neg = 1
after 2 iterations, nbhd size=0, neg = 0
#GCMRL#  612 dt   2.000000 rms  0.496  0.001% neg 0  invalid 762 tFOTS 0.0000 tGradient 1.7030 tsec 4.1270
iter 0, gcam->neg = 2
after 10 iterations, nbhd size=1, neg = 0

#GCAMreg# pass 0 level1 2 level2 1 tsec 36.104 sigma 0.5
l_jacobian=1.00 l_label=1.00 l_log_likelihood=0.20 l_smoothness=0.40 
tol=2.50e-01, dt=5.00e-02, exp_k=20.0, momentum=0.90, levels=6, niter=500, lbl_dist=10.00, avgs=4, sigma=0.5,type=2, relabel=0, neg=yes

blurring input image with Gaussian with sigma=0.500...
GCAMRegisterLevel(): init RMS 0.497216
#FOTS# QuadFit found better minimum quadopt=(dt=7.95628,rms=0.495359) vs oldopt=(dt=11.52,rms=0.495505)
iter 0, gcam->neg = 1
after 6 iterations, nbhd size=1, neg = 0
#GCMRL#  614 dt   7.956284 rms  0.495  0.373% neg 0  invalid 762 tFOTS 5.5920 tGradient 1.7510 tsec 11.8170
#FOTS# QuadFit found better minimum quadopt=(dt=16.128,rms=0.494154) vs oldopt=(dt=11.52,rms=0.494267)
iter 0, gcam->neg = 81
after 21 iterations, nbhd size=1, neg = 0
#GCMRL#  615 dt  16.128000 rms  0.494  0.000% neg 0  invalid 762 tFOTS 5.4590 tGradient 1.6830 tsec 18.9080
iter 0, gcam->neg = 463
after 26 iterations, nbhd size=1, neg = 0
#GCMRL#  616 dt  16.128000 rms  0.493  0.166% neg 0  invalid 762 tFOTS 0.0000 tGradient 1.6600 tsec 15.8890
iter 0, gcam->neg = 214
after 18 iterations, nbhd size=1, neg = 0
#GCMRL#  617 dt  16.128000 rms  0.491  0.524% neg 0  invalid 762 tFOTS 0.0000 tGradient 1.7000 tsec 11.9970
iter 0, gcam->neg = 394
after 26 iterations, nbhd size=1, neg = 0
#GCMRL#  618 dt  16.128000 rms  0.489  0.481% neg 0  invalid 762 tFOTS 0.0000 tGradient 1.6130 tsec 15.9150
iter 0, gcam->neg = 496
after 26 iterations, nbhd size=1, neg = 0
#GCMRL#  619 dt  16.128000 rms  0.487  0.306% neg 0  invalid 762 tFOTS 0.0000 tGradient 1.6660 tsec 16.0060
iter 0, gcam->neg = 601
after 27 iterations, nbhd size=1, neg = 0
#GCMRL#  620 dt  16.128000 rms  0.485  0.364% neg 0  invalid 762 tFOTS 0.0000 tGradient 1.6570 tsec 16.4820
iter 0, gcam->neg = 745
after 26 iterations, nbhd size=1, neg = 0
#GCMRL#  621 dt  16.128000 rms  0.484  0.268% neg 0  invalid 762 tFOTS 0.0000 tGradient 1.6520 tsec 16.1440
iter 0, gcam->neg = 758
after 32 iterations, nbhd size=1, neg = 0
#GCMRL#  622 dt  16.128000 rms  0.484  0.026% neg 0  invalid 762 tFOTS 0.0000 tGradient 1.5810 tsec 18.8310
iter 0, gcam->neg = 823
after 26 iterations, nbhd size=1, neg = 0
#GCMRL#  623 dt  16.128000 rms  0.484 -0.126% neg 0  invalid 762 tFOTS 0.0000 tGradient 1.5340 tsec 16.1000
#FOTS# QuadFit found better minimum quadopt=(dt=8.512,rms=0.482989) vs oldopt=(dt=11.52,rms=0.483124)
iter 0, gcam->neg = 48
after 17 iterations, nbhd size=1, neg = 0
#GCMRL#  624 dt   8.512000 rms  0.483  0.153% neg 0  invalid 762 tFOTS 5.5170 tGradient 1.5410 tsec 16.8940
#FOTS# QuadFit found better minimum quadopt=(dt=11.2527,rms=0.482547) vs oldopt=(dt=11.52,rms=0.482547)
iter 0, gcam->neg = 26
after 14 iterations, nbhd size=1, neg = 0
setting smoothness cost coefficient to 1.000

#GCAMreg# pass 0 level1 1 level2 0 tsec 0 sigma 2
l_jacobian=1.00 l_label=1.00 l_log_likelihood=0.20 l_smoothness=1.00 
tol=2.50e-01, dt=5.00e-02, exp_k=20.0, momentum=0.90, levels=6, niter=500, lbl_dist=10.00, avgs=1, sigma=2.0,type=2, relabel=0, neg=yes

blurring input image with Gaussian with sigma=2.000...
GCAMRegisterLevel(): init RMS 0.491828
#GCMRL#  626 dt   0.000000 rms  0.490  0.278% neg 0  invalid 762 tFOTS 5.2970 tGradient 1.4280 tsec 7.0920
#GCMRL#  627 dt   0.100000 rms  0.490  0.000% neg 0  invalid 762 tFOTS 5.2890 tGradient 1.4240 tsec 7.3510

#GCAMreg# pass 0 level1 1 level2 1 tsec 23.469 sigma 0.5
l_jacobian=1.00 l_label=1.00 l_log_likelihood=0.20 l_smoothness=1.00 
tol=2.50e-01, dt=5.00e-02, exp_k=20.0, momentum=0.90, levels=6, niter=500, lbl_dist=10.00, avgs=1, sigma=0.5,type=2, relabel=0, neg=yes

blurring input image with Gaussian with sigma=0.500...
GCAMRegisterLevel(): init RMS 0.491828
#GCMRL#  629 dt   0.000000 rms  0.490  0.278% neg 0  invalid 762 tFOTS 5.2990 tGradient 1.4240 tsec 7.0920
#GCMRL#  630 dt   0.100000 rms  0.490  0.000% neg 0  invalid 762 tFOTS 5.3700 tGradient 1.4400 tsec 7.4480
resetting metric properties...
setting smoothness cost coefficient to 2.000

#GCAMreg# pass 0 level1 0 level2 0 tsec 0 sigma 2
l_jacobian=1.00 l_label=1.00 l_log_likelihood=0.20 l_smoothness=2.00 
tol=2.50e-01, dt=5.00e-02, exp_k=20.0, momentum=0.90, levels=6, niter=500, lbl_dist=10.00, avgs=0, sigma=2.0,type=2, relabel=0, neg=yes

blurring input image with Gaussian with sigma=2.000...
GCAMRegisterLevel(): init RMS 0.478612
#FOTS# QuadFit found better minimum quadopt=(dt=1.32205,rms=0.456901) vs oldopt=(dt=1.28,rms=0.45694)
iter 0, gcam->neg = 1813
after 18 iterations, nbhd size=1, neg = 0
#GCMRL#  632 dt   1.322054 rms  0.457  4.488% neg 0  invalid 762 tFOTS 5.5500 tGradient 0.9140 tsec 16.8640
#GCMRL#  633 dt   0.000013 rms  0.457  0.000% neg 0  invalid 762 tFOTS 7.0450 tGradient 0.9170 tsec 8.3620

#GCAMreg# pass 0 level1 0 level2 1 tsec 33.749 sigma 0.5
l_jacobian=1.00 l_label=1.00 l_log_likelihood=0.20 l_smoothness=2.00 
tol=2.50e-01, dt=5.00e-02, exp_k=20.0, momentum=0.90, levels=6, niter=500, lbl_dist=10.00, avgs=0, sigma=0.5,type=2, relabel=0, neg=yes

blurring input image with Gaussian with sigma=0.500...
GCAMRegisterLevel(): init RMS 0.458482
#GCMRL#  635 dt   0.000000 rms  0.457  0.310% neg 0  invalid 762 tFOTS 5.2870 tGradient 0.9090 tsec 6.5680
#GCMRL#  636 dt   0.050000 rms  0.457  0.000% neg 0  invalid 762 tFOTS 5.2750 tGradient 0.9140 tsec 6.8220
label assignment complete, 0 changed (0.00%)
GCAMregister done in 12.2524 min
Starting GCAMcomputeMaxPriorLabels()
Morphing with label term set to 0 *******************************
Starting GCAMregister()
label assignment complete, 0 changed (0.00%)
npasses = 1, nlevels = 6
#pass# 1 of 1 ************************
enabling zero nodes
setting smoothness cost coefficient to 0.008

#GCAMreg# pass 0 level1 5 level2 0 tsec 0 sigma 2
l_jacobian=1.00 l_log_likelihood=0.20 l_smoothness=0.01 
tol=2.50e-01, dt=5.00e-02, exp_k=20.0, momentum=0.90, levels=6, niter=500, lbl_dist=10.00, avgs=256, sigma=2.0,type=2, relabel=0, neg=yes

blurring input image with Gaussian with sigma=2.000...
GCAMRegisterLevel(): init RMS 0.449054

#GCAMreg# pass 0 level1 5 level2 1 tsec 13.929 sigma 0.5
l_jacobian=1.00 l_log_likelihood=0.20 l_smoothness=0.01 
tol=2.50e-01, dt=5.00e-02, exp_k=20.0, momentum=0.90, levels=6, niter=500, lbl_dist=10.00, avgs=256, sigma=0.5,type=2, relabel=0, neg=yes

blurring input image with Gaussian with sigma=0.500...
GCAMRegisterLevel(): init RMS 0.449054
setting smoothness cost coefficient to 0.031

#GCAMreg# pass 0 level1 4 level2 0 tsec 0 sigma 2
l_jacobian=1.00 l_log_likelihood=0.20 l_smoothness=0.03 
tol=2.50e-01, dt=5.00e-02, exp_k=20.0, momentum=0.90, levels=6, niter=500, lbl_dist=10.00, avgs=64, sigma=2.0,type=2, relabel=0, neg=yes

blurring input image with Gaussian with sigma=2.000...
GCAMRegisterLevel(): init RMS 0.449164
#FOTS# QuadFit found better minimum quadopt=(dt=1.296,rms=0.449163) vs oldopt=(dt=1.62,rms=0.449163)
iter 0, gcam->neg = 2
after 1 iterations, nbhd size=0, neg = 0
#GCMRL#  640 dt   1.296000 rms  0.449  0.000% neg 0  invalid 762 tFOTS 5.0300 tGradient 1.2760 tsec 8.2440
#GCMRL#  641 dt   0.101250 rms  0.449  0.000% neg 0  invalid 762 tFOTS 5.0270 tGradient 1.2570 tsec 6.6680

#GCAMreg# pass 0 level1 4 level2 1 tsec 23.648 sigma 0.5
l_jacobian=1.00 l_log_likelihood=0.20 l_smoothness=0.03 
tol=2.50e-01, dt=5.00e-02, exp_k=20.0, momentum=0.90, levels=6, niter=500, lbl_dist=10.00, avgs=64, sigma=0.5,type=2, relabel=0, neg=yes

blurring input image with Gaussian with sigma=0.500...
GCAMRegisterLevel(): init RMS 0.449163
#FOTS# QuadFit found better minimum quadopt=(dt=15.552,rms=0.449108) vs oldopt=(dt=25.92,rms=0.449121)
iter 0, gcam->neg = 4
after 9 iterations, nbhd size=1, neg = 0
#GCMRL#  643 dt  15.552000 rms  0.449  0.008% neg 0  invalid 762 tFOTS 4.7440 tGradient 1.2740 tsec 11.9900
#FOTS# QuadFit found better minimum quadopt=(dt=9.072,rms=0.449119) vs oldopt=(dt=6.48,rms=0.44912)
iter 0, gcam->neg = 2
after 0 iterations, nbhd size=0, neg = 0
#GCMRL#  644 dt   9.072000 rms  0.449  0.000% neg 0  invalid 762 tFOTS 5.1080 tGradient 1.2710 tsec 7.8500
iter 0, gcam->neg = 5
after 16 iterations, nbhd size=1, neg = 0
setting smoothness cost coefficient to 0.118

#GCAMreg# pass 0 level1 3 level2 0 tsec 0 sigma 2
l_jacobian=1.00 l_log_likelihood=0.20 l_smoothness=0.12 
tol=2.50e-01, dt=5.00e-02, exp_k=20.0, momentum=0.90, levels=6, niter=500, lbl_dist=10.00, avgs=16, sigma=2.0,type=2, relabel=0, neg=yes

blurring input image with Gaussian with sigma=2.000...
GCAMRegisterLevel(): init RMS 0.449533
#FOTS# QuadFit found better minimum quadopt=(dt=11.2,rms=0.44894) vs oldopt=(dt=8,rms=0.449021)
iter 0, gcam->neg = 47
after 21 iterations, nbhd size=1, neg = 0
#GCMRL#  646 dt  11.200000 rms  0.449  0.015% neg 0  invalid 762 tFOTS 5.1260 tGradient 1.1260 tsec 18.1950
#FOTS# QuadFit found better minimum quadopt=(dt=9.6,rms=0.449313) vs oldopt=(dt=8,rms=0.449317)
iter 0, gcam->neg = 41
after 12 iterations, nbhd size=1, neg = 0
#GCMRL#  647 dt   9.600000 rms  0.449  0.000% neg 0  invalid 762 tFOTS 5.0500 tGradient 1.1570 tsec 13.8380
iter 0, gcam->neg = 35
after 12 iterations, nbhd size=1, neg = 0

#GCAMreg# pass 0 level1 3 level2 1 tsec 47.815 sigma 0.5
l_jacobian=1.00 l_log_likelihood=0.20 l_smoothness=0.12 
tol=2.50e-01, dt=5.00e-02, exp_k=20.0, momentum=0.90, levels=6, niter=500, lbl_dist=10.00, avgs=16, sigma=0.5,type=2, relabel=0, neg=yes

blurring input image with Gaussian with sigma=0.500...
GCAMRegisterLevel(): init RMS 0.449457
#FOTS# QuadFit found better minimum quadopt=(dt=38.4,rms=0.447577) vs oldopt=(dt=32,rms=0.447638)
iter 0, gcam->neg = 70
after 14 iterations, nbhd size=1, neg = 0
#GCMRL#  649 dt  38.400000 rms  0.448  0.378% neg 0  invalid 762 tFOTS 5.1310 tGradient 1.2940 tsec 14.9130
#FOTS# QuadFit found better minimum quadopt=(dt=25.519,rms=0.44711) vs oldopt=(dt=32,rms=0.447206)
iter 0, gcam->neg = 24
after 12 iterations, nbhd size=1, neg = 0
#GCMRL#  650 dt  25.518987 rms  0.447  0.000% neg 0  invalid 762 tFOTS 5.1350 tGradient 1.1470 tsec 13.8300
iter 0, gcam->neg = 31
after 9 iterations, nbhd size=1, neg = 0
#GCMRL#  651 dt  25.518987 rms  0.447  0.095% neg 0  invalid 762 tFOTS 0.0000 tGradient 1.1290 tsec 7.0850
iter 0, gcam->neg = 39
after 13 iterations, nbhd size=1, neg = 0
#GCMRL#  652 dt  25.518987 rms  0.446  0.135% neg 0  invalid 762 tFOTS 0.0000 tGradient 1.1410 tsec 9.1140
iter 0, gcam->neg = 66
after 14 iterations, nbhd size=1, neg = 0
#GCMRL#  653 dt  25.518987 rms  0.446  0.088% neg 0  invalid 762 tFOTS 0.0000 tGradient 1.1330 tsec 9.6350
iter 0, gcam->neg = 68
after 20 iterations, nbhd size=1, neg = 0
#GCMRL#  654 dt  25.518987 rms  0.445  0.094% neg 0  invalid 762 tFOTS 0.0000 tGradient 1.1280 tsec 12.6170
iter 0, gcam->neg = 87
after 20 iterations, nbhd size=1, neg = 0
#GCMRL#  655 dt  25.518987 rms  0.445  0.002% neg 0  invalid 762 tFOTS 0.0000 tGradient 1.1280 tsec 12.4370
#FOTS# QuadFit found better minimum quadopt=(dt=19.2,rms=0.445152) vs oldopt=(dt=32,rms=0.445234)
iter 0, gcam->neg = 8
after 13 iterations, nbhd size=1, neg = 0
#GCMRL#  656 dt  19.200000 rms  0.445  0.055% neg 0  invalid 762 tFOTS 5.0620 tGradient 1.1310 tsec 14.0380
#FOTS# QuadFit found better minimum quadopt=(dt=44.8,rms=0.444852) vs oldopt=(dt=32,rms=0.444879)
iter 0, gcam->neg = 14
after 12 iterations, nbhd size=1, neg = 0
#GCMRL#  657 dt  44.800000 rms  0.445  0.068% neg 0  invalid 762 tFOTS 4.7810 tGradient 1.1310 tsec 13.2180
#FOTS# QuadFit found better minimum quadopt=(dt=11.2,rms=0.444679) vs oldopt=(dt=8,rms=0.444715)
iter 0, gcam->neg = 2
after 10 iterations, nbhd size=1, neg = 0
#GCMRL#  658 dt  11.200000 rms  0.445  0.000% neg 0  invalid 762 tFOTS 5.1190 tGradient 1.1290 tsec 12.5880
iter 0, gcam->neg = 8
after 9 iterations, nbhd size=1, neg = 0
#GCMRL#  659 dt  11.200000 rms  0.445  0.017% neg 0  invalid 762 tFOTS 0.0000 tGradient 1.1240 tsec 6.9330
iter 0, gcam->neg = 10
after 2 iterations, nbhd size=0, neg = 0
#GCMRL#  660 dt  11.200000 rms  0.445  0.033% neg 0  invalid 762 tFOTS 0.0000 tGradient 1.1230 tsec 3.5130
iter 0, gcam->neg = 13
after 12 iterations, nbhd size=1, neg = 0
#GCMRL#  661 dt  11.200000 rms  0.444  0.039% neg 0  invalid 762 tFOTS 0.0000 tGradient 1.1210 tsec 8.4010
iter 0, gcam->neg = 9
after 1 iterations, nbhd size=0, neg = 0
#GCMRL#  662 dt  11.200000 rms  0.444  0.044% neg 0  invalid 762 tFOTS 0.0000 tGradient 1.1190 tsec 3.0190
iter 0, gcam->neg = 12
after 14 iterations, nbhd size=1, neg = 0
#GCMRL#  663 dt  11.200000 rms  0.444  0.039% neg 0  invalid 762 tFOTS 0.0000 tGradient 1.1330 tsec 9.3590
iter 0, gcam->neg = 12
after 11 iterations, nbhd size=1, neg = 0
setting smoothness cost coefficient to 0.400

#GCAMreg# pass 0 level1 2 level2 0 tsec 0 sigma 2
l_jacobian=1.00 l_log_likelihood=0.20 l_smoothness=0.40 
tol=2.50e-01, dt=5.00e-02, exp_k=20.0, momentum=0.90, levels=6, niter=500, lbl_dist=10.00, avgs=4, sigma=2.0,type=2, relabel=0, neg=yes

blurring input image with Gaussian with sigma=2.000...
GCAMRegisterLevel(): init RMS 0.447283
#FOTS# QuadFit found better minimum quadopt=(dt=7.73984,rms=0.446422) vs oldopt=(dt=11.52,rms=0.446636)
iter 0, gcam->neg = 41
after 26 iterations, nbhd size=1, neg = 0
#GCMRL#  665 dt   7.739837 rms  0.447  0.084% neg 0  invalid 762 tFOTS 5.0450 tGradient 1.0470 tsec 20.2570
#FOTS# QuadFit found better minimum quadopt=(dt=9.216,rms=0.446316) vs oldopt=(dt=11.52,rms=0.446349)
iter 0, gcam->neg = 83
after 18 iterations, nbhd size=1, neg = 0
#GCMRL#  666 dt   9.216000 rms  0.447  0.000% neg 0  invalid 762 tFOTS 5.0380 tGradient 1.0420 tsec 16.3690
iter 0, gcam->neg = 65
after 18 iterations, nbhd size=1, neg = 0
#GCMRL#  667 dt   9.216000 rms  0.446  0.065% neg 0  invalid 762 tFOTS 0.0000 tGradient 1.0510 tsec 11.3300
iter 0, gcam->neg = 134
after 23 iterations, nbhd size=1, neg = 0

#GCAMreg# pass 0 level1 2 level2 1 tsec 68.91 sigma 0.5
l_jacobian=1.00 l_log_likelihood=0.20 l_smoothness=0.40 
tol=2.50e-01, dt=5.00e-02, exp_k=20.0, momentum=0.90, levels=6, niter=500, lbl_dist=10.00, avgs=4, sigma=0.5,type=2, relabel=0, neg=yes

blurring input image with Gaussian with sigma=0.500...
GCAMRegisterLevel(): init RMS 0.44632
#FOTS# QuadFit found better minimum quadopt=(dt=12.9701,rms=0.443593) vs oldopt=(dt=11.52,rms=0.443635)
iter 0, gcam->neg = 185
after 24 iterations, nbhd size=1, neg = 0
#GCMRL#  669 dt  12.970100 rms  0.444  0.556% neg 0  invalid 762 tFOTS 4.9920 tGradient 1.0440 tsec 19.2670
iter 0, gcam->neg = 117
after 18 iterations, nbhd size=1, neg = 0
#GCMRL#  670 dt  11.520000 rms  0.443  0.000% neg 0  invalid 762 tFOTS 4.8820 tGradient 1.0520 tsec 16.4960
iter 0, gcam->neg = 53
after 22 iterations, nbhd size=1, neg = 0
#GCMRL#  671 dt  11.520000 rms  0.442  0.133% neg 0  invalid 762 tFOTS 0.0000 tGradient 1.0430 tsec 13.5340
iter 0, gcam->neg = 145
after 25 iterations, nbhd size=1, neg = 0
#GCMRL#  672 dt  11.520000 rms  0.442  0.187% neg 0  invalid 762 tFOTS 0.0000 tGradient 1.0430 tsec 15.0990
iter 0, gcam->neg = 288
after 29 iterations, nbhd size=1, neg = 0
#GCMRL#  673 dt  11.520000 rms  0.441  0.105% neg 0  invalid 762 tFOTS 0.0000 tGradient 1.0540 tsec 17.1950
iter 0, gcam->neg = 377
after 27 iterations, nbhd size=1, neg = 0
#GCMRL#  674 dt  11.520000 rms  0.441  0.093% neg 0  invalid 762 tFOTS 0.0000 tGradient 1.0550 tsec 16.1520
#FOTS# QuadFit found better minimum quadopt=(dt=10.236,rms=0.439928) vs oldopt=(dt=11.52,rms=0.439942)
iter 0, gcam->neg = 92
after 22 iterations, nbhd size=1, neg = 0
#GCMRL#  675 dt  10.236025 rms  0.440  0.120% neg 0  invalid 762 tFOTS 4.9180 tGradient 1.0410 tsec 18.5220
#FOTS# QuadFit found better minimum quadopt=(dt=9.86667,rms=0.43978) vs oldopt=(dt=11.52,rms=0.439799)
iter 0, gcam->neg = 52
after 23 iterations, nbhd size=1, neg = 0
#GCMRL#  676 dt   9.866667 rms  0.440  0.000% neg 0  invalid 762 tFOTS 4.8580 tGradient 1.0500 tsec 18.9870
iter 0, gcam->neg = 70
after 18 iterations, nbhd size=1, neg = 0
#GCMRL#  677 dt   9.866667 rms  0.440  0.058% neg 0  invalid 762 tFOTS 0.0000 tGradient 1.0490 tsec 11.5700
iter 0, gcam->neg = 88
after 23 iterations, nbhd size=1, neg = 0
setting smoothness cost coefficient to 1.000

#GCAMreg# pass 0 level1 1 level2 0 tsec 0 sigma 2
l_jacobian=1.00 l_log_likelihood=0.20 l_smoothness=1.00 
tol=2.50e-01, dt=5.00e-02, exp_k=20.0, momentum=0.90, levels=6, niter=500, lbl_dist=10.00, avgs=1, sigma=2.0,type=2, relabel=0, neg=yes

blurring input image with Gaussian with sigma=2.000...
GCAMRegisterLevel(): init RMS 0.445688
#FOTS# QuadFit found better minimum quadopt=(dt=6e-05,rms=0.445687) vs oldopt=(dt=5e-05,rms=0.445687)
#GCMRL#  679 dt   0.000060 rms  0.446  0.000% neg 0  invalid 762 tFOTS 6.2010 tGradient 0.9460 tsec 7.4780

#GCAMreg# pass 0 level1 1 level2 1 tsec 20.504 sigma 0.5
l_jacobian=1.00 l_log_likelihood=0.20 l_smoothness=1.00 
tol=2.50e-01, dt=5.00e-02, exp_k=20.0, momentum=0.90, levels=6, niter=500, lbl_dist=10.00, avgs=1, sigma=0.5,type=2, relabel=0, neg=yes

blurring input image with Gaussian with sigma=0.500...
GCAMRegisterLevel(): init RMS 0.445687
resetting metric properties...
setting smoothness cost coefficient to 2.000

#GCAMreg# pass 0 level1 0 level2 0 tsec 0 sigma 2
l_jacobian=1.00 l_log_likelihood=0.20 l_smoothness=2.00 
tol=2.50e-01, dt=5.00e-02, exp_k=20.0, momentum=0.90, levels=6, niter=500, lbl_dist=10.00, avgs=0, sigma=2.0,type=2, relabel=0, neg=yes

blurring input image with Gaussian with sigma=2.000...
GCAMRegisterLevel(): init RMS 0.435692
#FOTS# QuadFit found better minimum quadopt=(dt=0.82,rms=0.428188) vs oldopt=(dt=0.32,rms=0.430909)
iter 0, gcam->neg = 1079
after 24 iterations, nbhd size=1, neg = 0
#GCMRL#  682 dt   0.820000 rms  0.430  1.201% neg 0  invalid 762 tFOTS 4.8210 tGradient 0.4160 tsec 18.8660
#FOTS# QuadFit found better minimum quadopt=(dt=0.096,rms=0.430237) vs oldopt=(dt=0.08,rms=0.430246)
#GCMRL#  683 dt   0.096000 rms  0.430  0.000% neg 0  invalid 762 tFOTS 4.8570 tGradient 0.4140 tsec 5.6370
#GCMRL#  684 dt   0.096000 rms  0.430  0.025% neg 0  invalid 762 tFOTS 0.0000 tGradient 0.4140 tsec 0.7530

#GCAMreg# pass 0 level1 0 level2 1 tsec 33.091 sigma 0.5
l_jacobian=1.00 l_log_likelihood=0.20 l_smoothness=2.00 
tol=2.50e-01, dt=5.00e-02, exp_k=20.0, momentum=0.90, levels=6, niter=500, lbl_dist=10.00, avgs=0, sigma=0.5,type=2, relabel=0, neg=yes

blurring input image with Gaussian with sigma=0.500...
GCAMRegisterLevel(): init RMS 0.430131
#FOTS# QuadFit found better minimum quadopt=(dt=0.448,rms=0.428058) vs oldopt=(dt=0.32,rms=0.428327)
iter 0, gcam->neg = 9
after 5 iterations, nbhd size=0, neg = 0
#GCMRL#  686 dt   0.448000 rms  0.428  0.472% neg 0  invalid 762 tFOTS 4.8590 tGradient 0.4150 tsec 9.2330
#GCMRL#  687 dt   0.320000 rms  0.428  0.000% neg 0  invalid 762 tFOTS 5.0360 tGradient 0.4830 tsec 5.8890
iter 0, gcam->neg = 2
after 0 iterations, nbhd size=0, neg = 0
#GCMRL#  688 dt   0.320000 rms  0.427  0.228% neg 0  invalid 762 tFOTS 0.0000 tGradient 0.4060 tsec 1.8480
iter 0, gcam->neg = 16
after 10 iterations, nbhd size=1, neg = 0
#GCMRL#  689 dt   0.320000 rms  0.426  0.179% neg 0  invalid 762 tFOTS 0.0000 tGradient 0.4090 tsec 6.8480
iter 0, gcam->neg = 28
after 14 iterations, nbhd size=1, neg = 0
#GCMRL#  690 dt   0.320000 rms  0.426 -0.005% neg 0  invalid 762 tFOTS 0.0000 tGradient 0.4070 tsec 9.0910
#FOTS# QuadFit found better minimum quadopt=(dt=0.112,rms=0.425694) vs oldopt=(dt=0.08,rms=0.425709)
#GCMRL#  691 dt   0.112000 rms  0.426  0.023% neg 0  invalid 762 tFOTS 4.9700 tGradient 0.4070 tsec 5.7210
#FOTS# QuadFit found better minimum quadopt=(dt=0.448,rms=0.425279) vs oldopt=(dt=0.32,rms=0.425339)
iter 0, gcam->neg = 31
after 10 iterations, nbhd size=1, neg = 0
#GCMRL#  692 dt   0.448000 rms  0.425  0.069% neg 0  invalid 762 tFOTS 4.9460 tGradient 0.4130 tsec 11.8100
#FOTS# QuadFit found better minimum quadopt=(dt=0.256,rms=0.42525) vs oldopt=(dt=0.32,rms=0.425271)
GCAMregister done in 10.5918 min
writing output transformation to transforms/talairach.m3z...
GCAMwrite
Calls to gcamLogLikelihoodEnergy 4671 tmin = 1.87673
Calls to gcamLabelEnergy         4018 tmin = 1.66257
Calls to gcamJacobianEnergy      4671 tmin = 0.871283
Calls to gcamSmoothnessEnergy    4671 tmin = 5.78477
Calls to gcamLogLikelihoodTerm 694 tmin = 1.1772
Calls to gcamLabelTerm         638 tmin = 7.5842
Calls to gcamJacobianTerm      694 tmin = 1.41937
Calls to gcamSmoothnessTerm    694 tmin = 0.56015
Calls to gcamComputeGradient    694 tmin = 22.0643
Calls to gcamComputeMetricProperties    7739 tmin = 2.67328
mri_ca_register took 1 hours, 3 minutes and 6 seconds.
#VMPC# mri_ca_register VmPeak  3131012
FSRUNTIME@ mri_ca_register  1.0517 hours 16 threads
#--------------------------------------
#@# SubCort Seg Mon Mar  9 00:03:10 CET 2026

 mri_ca_label -relabel_unlikely 9 .3 -prior 0.5 -align norm.mgz transforms/talairach.m3z /opt/freesurfer/average/RB_all_2020-01-02.gca aseg.auto_noCCseg.mgz 

sysname  Linux
hostname dna019
machine  x86_64

setenv SUBJECTS_DIR /out/sourcedata/freesurfer
cd /out/sourcedata/freesurfer/sub-v1s16x0051173_ses-1/mri
mri_ca_label -relabel_unlikely 9 .3 -prior 0.5 -align norm.mgz transforms/talairach.m3z /opt/freesurfer/average/RB_all_2020-01-02.gca aseg.auto_noCCseg.mgz 

relabeling unlikely voxels with window_size = 9 and prior threshold 0.30
using Gibbs prior factor = 0.500
renormalizing sequences with structure alignment, equivalent to:
	-renormalize
	-renormalize_mean 0.500
	-regularize 0.500

== Number of threads available to for OpenMP = 16 == 
reading 1 input volumes
reading classifier array from /opt/freesurfer/average/RB_all_2020-01-02.gca
reading input volume from norm.mgz
average std[0] = 7.2
reading transform from transforms/talairach.m3z
setting orig areas to linear transform determinant scaled 5.21
Atlas used for the 3D morph was /opt/freesurfer/average/RB_all_2020-01-02.gca
average std = 7.2   using min determinant for regularization = 5.2
0 singular and 0 ill-conditioned covariance matrices regularized
labeling volume...
renormalizing by structure alignment....
renormalizing input #0
gca peak = 0.15521 (20)
mri peak = 0.07759 (13)
Left_Lateral_Ventricle (4): linear fit = 0.61 x + 0.0 (1016 voxels, overlap=0.516)
Left_Lateral_Ventricle (4): linear fit = 0.61 x + 0.0 (1016 voxels, peak = 12), gca=12.1
gca peak = 0.20380 (13)
mri peak = 0.08573 (11)
Right_Lateral_Ventricle (43): linear fit = 0.69 x + 0.0 (1121 voxels, overlap=0.658)
Right_Lateral_Ventricle (43): linear fit = 0.69 x + 0.0 (1121 voxels, peak =  9), gca=9.0
gca peak = 0.26283 (96)
mri peak = 0.13283 (99)
Right_Pallidum (52): linear fit = 1.04 x + 0.0 (780 voxels, overlap=0.735)
Right_Pallidum (52): linear fit = 1.04 x + 0.0 (780 voxels, peak = 100), gca=100.3
gca peak = 0.15814 (97)
mri peak = 0.17367 (98)
Left_Pallidum (13): linear fit = 1.01 x + 0.0 (714 voxels, overlap=0.949)
Left_Pallidum (13): linear fit = 1.01 x + 0.0 (714 voxels, peak = 98), gca=98.5
gca peak = 0.27624 (56)
mri peak = 0.11447 (51)
Right_Hippocampus (53): linear fit = 0.92 x + 0.0 (873 voxels, overlap=1.008)
Right_Hippocampus (53): linear fit = 0.92 x + 0.0 (873 voxels, peak = 51), gca=51.2
gca peak = 0.28723 (59)
mri peak = 0.12697 (52)
Left_Hippocampus (17): linear fit = 0.92 x + 0.0 (1096 voxels, overlap=1.008)
Left_Hippocampus (17): linear fit = 0.92 x + 0.0 (1096 voxels, peak = 54), gca=54.0
gca peak = 0.07623 (103)
mri peak = 0.15280 (108)
Right_Cerebral_White_Matter (41): linear fit = 1.05 x + 0.0 (19311 voxels, overlap=0.395)
Right_Cerebral_White_Matter (41): linear fit = 1.05 x + 0.0 (19311 voxels, peak = 109), gca=108.7
gca peak = 0.07837 (105)
mri peak = 0.10900 (108)
Left_Cerebral_White_Matter (2): linear fit = 1.07 x + 0.0 (21477 voxels, overlap=0.421)
Left_Cerebral_White_Matter (2): linear fit = 1.07 x + 0.0 (21477 voxels, peak = 112), gca=111.8
gca peak = 0.10165 (58)
mri peak = 0.04729 (54)
Left_Cerebral_Cortex (3): linear fit = 0.94 x + 0.0 (32137 voxels, overlap=0.979)
Left_Cerebral_Cortex (3): linear fit = 0.94 x + 0.0 (32137 voxels, peak = 54), gca=54.2
gca peak = 0.11113 (58)
mri peak = 0.04505 (54)
Right_Cerebral_Cortex (42): linear fit = 0.92 x + 0.0 (29538 voxels, overlap=0.832)
Right_Cerebral_Cortex (42): linear fit = 0.92 x + 0.0 (29538 voxels, peak = 53), gca=53.1
gca peak = 0.27796 (67)
mri peak = 0.13175 (75)
Right_Caudate (50): linear fit = 1.12 x + 0.0 (1515 voxels, overlap=0.232)
Right_Caudate (50): linear fit = 1.12 x + 0.0 (1515 voxels, peak = 75), gca=75.4
gca peak = 0.14473 (69)
mri peak = 0.13633 (72)
Left_Caudate (11): linear fit = 1.01 x + 0.0 (1302 voxels, overlap=0.751)
Left_Caudate (11): linear fit = 1.01 x + 0.0 (1302 voxels, peak = 70), gca=70.0
gca peak = 0.14301 (56)
mri peak = 0.08059 (50)
Left_Cerebellum_Cortex (8): linear fit = 0.88 x + 0.0 (11723 voxels, overlap=0.446)
Left_Cerebellum_Cortex (8): linear fit = 0.88 x + 0.0 (11723 voxels, peak = 50), gca=49.6
gca peak = 0.14610 (55)
mri peak = 0.06836 (51)
Right_Cerebellum_Cortex (47): linear fit = 0.88 x + 0.0 (13730 voxels, overlap=0.446)
Right_Cerebellum_Cortex (47): linear fit = 0.88 x + 0.0 (13730 voxels, peak = 49), gca=48.7
gca peak = 0.16309 (85)
mri peak = 0.05367 (73)
Left_Cerebellum_White_Matter (7): linear fit = 0.89 x + 0.0 (9053 voxels, overlap=0.830)
Left_Cerebellum_White_Matter (7): linear fit = 0.89 x + 0.0 (9053 voxels, peak = 76), gca=76.1
gca peak = 0.15172 (84)
mri peak = 0.06579 (78)
Right_Cerebellum_White_Matter (46): linear fit = 1.02 x + 0.0 (4722 voxels, overlap=0.806)
Right_Cerebellum_White_Matter (46): linear fit = 1.02 x + 0.0 (4722 voxels, peak = 86), gca=86.1
gca peak = 0.30461 (58)
mri peak = 0.18208 (53)
Left_Amygdala (18): linear fit = 0.90 x + 0.0 (432 voxels, overlap=0.996)
Left_Amygdala (18): linear fit = 0.90 x + 0.0 (432 voxels, peak = 52), gca=52.5
gca peak = 0.32293 (57)
mri peak = 0.08176 (52)
Right_Amygdala (54): linear fit = 0.98 x + 0.0 (363 voxels, overlap=0.779)
Right_Amygdala (54): linear fit = 0.98 x + 0.0 (363 voxels, peak = 56), gca=55.6
gca peak = 0.11083 (90)
mri peak = 0.08737 (81)
Left_Thalamus (10): linear fit = 0.93 x + 0.0 (4568 voxels, overlap=0.855)
Left_Thalamus (10): linear fit = 0.93 x + 0.0 (4568 voxels, peak = 83), gca=83.2
gca peak = 0.11393 (83)
mri peak = 0.08935 (82)
Right_Thalamus (49): linear fit = 0.98 x + 0.0 (4414 voxels, overlap=0.936)
Right_Thalamus (49): linear fit = 0.98 x + 0.0 (4414 voxels, peak = 81), gca=80.9
gca peak = 0.08575 (81)
mri peak = 0.11030 (80)
Left_Putamen (12): linear fit = 1.00 x + 0.0 (2070 voxels, overlap=0.790)
Left_Putamen (12): linear fit = 1.00 x + 0.0 (2070 voxels, peak = 81), gca=81.0
gca peak = 0.08618 (78)
mri peak = 0.07172 (74)
Right_Putamen (51): linear fit = 0.98 x + 0.0 (2243 voxels, overlap=0.888)
Right_Putamen (51): linear fit = 0.98 x + 0.0 (2243 voxels, peak = 76), gca=76.1
gca peak = 0.08005 (78)
mri peak = 0.07883 (93)
Brain_Stem (16): linear fit = 1.16 x + 0.0 (6959 voxels, overlap=0.228)
Brain_Stem (16): linear fit = 1.16 x + 0.0 (6959 voxels, peak = 91), gca=90.9
gca peak = 0.12854 (88)
mri peak = 0.09310 (104)
Right_VentralDC (60): linear fit = 1.16 x + 0.0 (1337 voxels, overlap=0.346)
Right_VentralDC (60): linear fit = 1.16 x + 0.0 (1337 voxels, peak = 103), gca=102.5
gca peak = 0.15703 (87)
mri peak = 0.09689 (101)
Left_VentralDC (28): linear fit = 1.13 x + 0.0 (1243 voxels, overlap=0.628)
Left_VentralDC (28): linear fit = 1.13 x + 0.0 (1243 voxels, peak = 99), gca=98.7
gca peak = 0.17522 (25)
mri peak = 0.12311 (18)
gca peak = 0.17113 (14)
mri peak = 0.11077 ( 2)
Fourth_Ventricle (15): linear fit = 0.03 x + 0.0 (217 voxels, overlap=0.023)
Fourth_Ventricle (15): linear fit = 0.03 x + 0.0 (217 voxels, peak =  0), gca=0.3
gca peak Unknown = 0.94777 ( 0)
gca peak Left_Inf_Lat_Vent = 0.16627 (28)
gca peak Third_Ventricle = 0.17522 (25)
gca peak Fourth_Ventricle = 0.17113 (14)
gca peak CSF = 0.20346 (36)
gca peak Left_Accumbens_area = 0.70646 (62)
gca peak Left_undetermined = 1.00000 (28)
gca peak Left_vessel = 0.89917 (53)
gca peak Left_choroid_plexus = 0.11689 (35)
gca peak Right_Inf_Lat_Vent = 0.25504 (23)
gca peak Right_Accumbens_area = 0.31650 (65)
gca peak Right_vessel = 0.77268 (52)
gca peak Right_choroid_plexus = 0.13275 (38)
gca peak Fifth_Ventricle = 0.60973 (33)
gca peak WM_hypointensities = 0.11013 (77)
gca peak non_WM_hypointensities = 0.11354 (41)
gca peak Optic_Chiasm = 0.51646 (76)
not using caudate to estimate GM means
estimating mean gm scale to be 0.93 x + 0.0
estimating mean wm scale to be 1.06 x + 0.0
estimating mean csf scale to be 0.65 x + 0.0
saving intensity scales to aseg.auto_noCCseg.label_intensities.txt
renormalizing by structure alignment....
renormalizing input #0
gca peak = 0.21504 (11)
mri peak = 0.07759 (13)
Left_Lateral_Ventricle (4): linear fit = 1.04 x + 0.0 (1016 voxels, overlap=0.985)
Left_Lateral_Ventricle (4): linear fit = 1.04 x + 0.0 (1016 voxels, peak = 11), gca=11.5
gca peak = 0.28433 ( 9)
mri peak = 0.08573 (11)
Right_Lateral_Ventricle (43): linear fit = 1.05 x + 0.0 (1121 voxels, overlap=0.938)
Right_Lateral_Ventricle (43): linear fit = 1.05 x + 0.0 (1121 voxels, peak =  9), gca=9.5
gca peak = 0.21646 (100)
mri peak = 0.13283 (99)
Right_Pallidum (52): linear fit = 1.00 x + 0.0 (780 voxels, overlap=0.841)
Right_Pallidum (52): linear fit = 1.00 x + 0.0 (780 voxels, peak = 100), gca=100.5
gca peak = 0.16508 (98)
mri peak = 0.17367 (98)
Left_Pallidum (13): linear fit = 1.00 x + 0.0 (714 voxels, overlap=0.999)
Left_Pallidum (13): linear fit = 1.00 x + 0.0 (714 voxels, peak = 98), gca=98.0
gca peak = 0.29628 (51)
mri peak = 0.11447 (51)
Right_Hippocampus: unreasonable value (49.7/51.0), not in range [50, 90] - rejecting
gca peak = 0.30355 (52)
mri peak = 0.12697 (52)
Left_Hippocampus (17): linear fit = 1.09 x + 0.0 (1096 voxels, overlap=0.872)
Left_Hippocampus (17): linear fit = 1.09 x + 0.0 (1096 voxels, peak = 56), gca=56.4
gca peak = 0.07415 (109)
mri peak = 0.15280 (108)
Right_Cerebral_White_Matter (41): linear fit = 1.00 x + 0.0 (19311 voxels, overlap=0.664)
Right_Cerebral_White_Matter (41): linear fit = 1.00 x + 0.0 (19311 voxels, peak = 109), gca=109.0
gca peak = 0.07459 (112)
mri peak = 0.10900 (108)
Left_Cerebral_White_Matter (2): linear fit = 1.00 x + 0.0 (21477 voxels, overlap=0.722)
Left_Cerebral_White_Matter (2): linear fit = 1.00 x + 0.0 (21477 voxels, peak = 112), gca=112.0
gca peak = 0.10597 (54)
mri peak = 0.04729 (54)
Left_Cerebral_Cortex (3): linear fit = 1.00 x + 0.0 (32137 voxels, overlap=0.997)
Left_Cerebral_Cortex (3): linear fit = 1.00 x + 0.0 (32137 voxels, peak = 54), gca=54.0
gca peak = 0.12337 (53)
mri peak = 0.04505 (54)
Right_Cerebral_Cortex (42): linear fit = 1.07 x + 0.0 (29538 voxels, overlap=0.981)
Right_Cerebral_Cortex (42): linear fit = 1.07 x + 0.0 (29538 voxels, peak = 56), gca=56.4
gca peak = 0.22470 (75)
mri peak = 0.13175 (75)
Right_Caudate (50): linear fit = 0.99 x + 0.0 (1515 voxels, overlap=1.000)
Right_Caudate (50): linear fit = 0.99 x + 0.0 (1515 voxels, peak = 74), gca=73.9
gca peak = 0.14457 (70)
mri peak = 0.13633 (72)
Left_Caudate (11): linear fit = 1.00 x + 0.0 (1302 voxels, overlap=0.735)
Left_Caudate (11): linear fit = 1.00 x + 0.0 (1302 voxels, peak = 70), gca=70.0
gca peak = 0.15653 (49)
mri peak = 0.08059 (50)
Left_Cerebellum_Cortex (8): linear fit = 0.98 x + 0.0 (11723 voxels, overlap=0.860)
Left_Cerebellum_Cortex (8): linear fit = 0.98 x + 0.0 (11723 voxels, peak = 48), gca=47.8
gca peak = 0.16888 (49)
mri peak = 0.06836 (51)
Right_Cerebellum_Cortex (47): linear fit = 0.98 x + 0.0 (13730 voxels, overlap=0.895)
Right_Cerebellum_Cortex (47): linear fit = 0.98 x + 0.0 (13730 voxels, peak = 48), gca=47.8
gca peak = 0.17897 (76)
mri peak = 0.05367 (73)
Left_Cerebellum_White_Matter (7): linear fit = 0.98 x + 0.0 (9053 voxels, overlap=0.928)
Left_Cerebellum_White_Matter (7): linear fit = 0.98 x + 0.0 (9053 voxels, peak = 74), gca=74.1
gca peak = 0.15264 (86)
mri peak = 0.06579 (78)
Right_Cerebellum_White_Matter (46): linear fit = 1.00 x + 0.0 (4722 voxels, overlap=0.853)
Right_Cerebellum_White_Matter (46): linear fit = 1.00 x + 0.0 (4722 voxels, peak = 86), gca=85.6
gca peak = 0.30001 (53)
mri peak = 0.18208 (53)
Left_Amygdala (18): linear fit = 1.00 x + 0.0 (432 voxels, overlap=0.842)
Left_Amygdala (18): linear fit = 1.00 x + 0.0 (432 voxels, peak = 53), gca=53.0
gca peak = 0.35935 (56)
mri peak = 0.08176 (52)
Right_Amygdala (54): linear fit = 1.00 x + 0.0 (363 voxels, overlap=1.032)
Right_Amygdala (54): linear fit = 1.00 x + 0.0 (363 voxels, peak = 56), gca=56.0
gca peak = 0.11520 (82)
mri peak = 0.08737 (81)
Left_Thalamus (10): linear fit = 1.01 x + 0.0 (4568 voxels, overlap=0.792)
Left_Thalamus (10): linear fit = 1.01 x + 0.0 (4568 voxels, peak = 83), gca=83.2
gca peak = 0.11812 (81)
mri peak = 0.08935 (82)
Right_Thalamus (49): linear fit = 1.00 x + 0.0 (4414 voxels, overlap=0.902)
Right_Thalamus (49): linear fit = 1.00 x + 0.0 (4414 voxels, peak = 81), gca=80.6
gca peak = 0.08559 (81)
mri peak = 0.11030 (80)
Left_Putamen (12): linear fit = 1.00 x + 0.0 (2070 voxels, overlap=0.790)
Left_Putamen (12): linear fit = 1.00 x + 0.0 (2070 voxels, peak = 81), gca=81.0
gca peak = 0.08751 (74)
mri peak = 0.07172 (74)
Right_Putamen (51): linear fit = 1.00 x + 0.0 (2243 voxels, overlap=0.942)
Right_Putamen (51): linear fit = 1.00 x + 0.0 (2243 voxels, peak = 74), gca=74.0
gca peak = 0.07281 (91)
mri peak = 0.07883 (93)
Brain_Stem (16): linear fit = 1.00 x + 0.0 (6959 voxels, overlap=0.752)
Brain_Stem (16): linear fit = 1.00 x + 0.0 (6959 voxels, peak = 91), gca=91.0
gca peak = 0.12277 (104)
mri peak = 0.09310 (104)
Right_VentralDC (60): linear fit = 1.00 x + 0.0 (1337 voxels, overlap=0.825)
Right_VentralDC (60): linear fit = 1.00 x + 0.0 (1337 voxels, peak = 105), gca=104.5
gca peak = 0.14626 (97)
mri peak = 0.09689 (101)
Left_VentralDC (28): linear fit = 1.01 x + 0.0 (1243 voxels, overlap=0.903)
Left_VentralDC (28): linear fit = 1.01 x + 0.0 (1243 voxels, peak = 98), gca=98.5
gca peak = 0.26891 (16)
mri peak = 0.12311 (18)
gca peak = 0.27440 (10)
mri peak = 0.11077 ( 2)
Fourth_Ventricle (15): linear fit = 0.03 x + 0.0 (217 voxels, overlap=0.276)
Fourth_Ventricle (15): linear fit = 0.03 x + 0.0 (217 voxels, peak =  0), gca=0.2
gca peak Unknown = 0.94777 ( 0)
gca peak Left_Inf_Lat_Vent = 0.19890 (26)
gca peak Third_Ventricle = 0.26891 (16)
gca peak Fourth_Ventricle = 0.27440 (10)
gca peak CSF = 0.25474 (20)
gca peak Left_Accumbens_area = 0.78267 (63)
gca peak Left_undetermined = 1.00000 (28)
gca peak Left_vessel = 0.91340 (53)
gca peak Left_choroid_plexus = 0.11689 (35)
gca peak Right_Inf_Lat_Vent = 0.26338 (21)
gca peak Right_Hippocampus = 0.29628 (51)
gca peak Right_Accumbens_area = 0.29112 (73)
gca peak Right_vessel = 0.78856 (52)
gca peak Right_choroid_plexus = 0.13275 (38)
gca peak Fifth_Ventricle = 0.91910 (21)
gca peak WM_hypointensities = 0.09985 (81)
gca peak non_WM_hypointensities = 0.14581 (43)
gca peak Optic_Chiasm = 0.83161 (76)
not using caudate to estimate GM means
setting label Right_Hippocampus based on Left_Hippocampus = 1.09 x +  0: 56
estimating mean gm scale to be 1.04 x + 0.0
estimating mean wm scale to be 1.00 x + 0.0
estimating mean csf scale to be 1.05 x + 0.0
saving intensity scales to aseg.auto_noCCseg.label_intensities.txt
saving sequentially combined intensity scales to aseg.auto_noCCseg.label_intensities.txt
57130 voxels changed in iteration 0 of unlikely voxel relabeling
259 voxels changed in iteration 1 of unlikely voxel relabeling
0 voxels changed in iteration 2 of unlikely voxel relabeling
22776 gm and wm labels changed (%33 to gray, %67 to white out of all changed labels)
294 hippocampal voxels changed.
0 amygdala voxels changed.
Reclassifying using Gibbs Priors
pass 1: 64577 changed. image ll: -2.082, PF=0.500
pass 2: 21211 changed. image ll: -2.081, PF=0.500
pass 3: 7979 changed.
pass 4: 3242 changed.
35283 voxels changed in iteration 0 of unlikely voxel relabeling
274 voxels changed in iteration 1 of unlikely voxel relabeling
36 voxels changed in iteration 2 of unlikely voxel relabeling
0 voxels changed in iteration 3 of unlikely voxel relabeling
5872 voxels changed in iteration 0 of unlikely voxel relabeling
93 voxels changed in iteration 1 of unlikely voxel relabeling
10 voxels changed in iteration 2 of unlikely voxel relabeling
0 voxels changed in iteration 3 of unlikely voxel relabeling
6236 voxels changed in iteration 0 of unlikely voxel relabeling
59 voxels changed in iteration 1 of unlikely voxel relabeling
11 voxels changed in iteration 2 of unlikely voxel relabeling
0 voxels changed in iteration 3 of unlikely voxel relabeling
5145 voxels changed in iteration 0 of unlikely voxel relabeling
29 voxels changed in iteration 1 of unlikely voxel relabeling
6 voxels changed in iteration 2 of unlikely voxel relabeling
0 voxels changed in iteration 3 of unlikely voxel relabeling
 !!!!!!!!! ventricle segment 0 with volume 6177 above threshold 100 - not erasing !!!!!!!!!!
 !!!!!!!!! ventricle segment 4 with volume 6435 above threshold 100 - not erasing !!!!!!!!!!
writing labeled volume to aseg.auto_noCCseg.mgz
mri_ca_label utimesec    1850.107464
mri_ca_label stimesec    2.773177
mri_ca_label ru_maxrss   2123376
mri_ca_label ru_ixrss    0
mri_ca_label ru_idrss    0
mri_ca_label ru_isrss    0
mri_ca_label ru_minflt   3914610
mri_ca_label ru_majflt   16
mri_ca_label ru_nswap    0
mri_ca_label ru_inblock  1142
mri_ca_label ru_oublock  600
mri_ca_label ru_msgsnd   0
mri_ca_label ru_msgrcv   0
mri_ca_label ru_nsignals 0
mri_ca_label ru_nvcsw    4287
mri_ca_label ru_nivcsw   1378
auto-labeling took 29 minutes and 1 seconds.
#--------------------------------------
#@# CC Seg Mon Mar  9 00:32:11 CET 2026

 mri_cc -aseg aseg.auto_noCCseg.mgz -o aseg.auto.mgz -lta /out/sourcedata/freesurfer/sub-v1s16x0051173_ses-1/mri/transforms/cc_up.lta sub-v1s16x0051173_ses-1 

will read input aseg from aseg.auto_noCCseg.mgz
writing aseg with cc labels to aseg.auto.mgz
will write lta as /out/sourcedata/freesurfer/sub-v1s16x0051173_ses-1/mri/transforms/cc_up.lta
reading aseg from /out/sourcedata/freesurfer/sub-v1s16x0051173_ses-1/mri/aseg.auto_noCCseg.mgz
reading norm from /out/sourcedata/freesurfer/sub-v1s16x0051173_ses-1/mri/norm.mgz
26310 voxels in left wm, 26901 in right wm, xrange [127, 135]
searching rotation angles z=[-4 10], y=[-9  5]
searching scale 1 Z rot -4.3  searching scale 1 Z rot -4.1  searching scale 1 Z rot -3.8  searching scale 1 Z rot -3.6  searching scale 1 Z rot -3.3  searching scale 1 Z rot -3.1  searching scale 1 Z rot -2.8  searching scale 1 Z rot -2.6  searching scale 1 Z rot -2.3  searching scale 1 Z rot -2.1  searching scale 1 Z rot -1.8  searching scale 1 Z rot -1.6  searching scale 1 Z rot -1.3  searching scale 1 Z rot -1.1  searching scale 1 Z rot -0.8  searching scale 1 Z rot -0.6  searching scale 1 Z rot -0.3  searching scale 1 Z rot -0.1  searching scale 1 Z rot 0.2  searching scale 1 Z rot 0.4  searching scale 1 Z rot 0.7  searching scale 1 Z rot 0.9  searching scale 1 Z rot 1.2  searching scale 1 Z rot 1.4  searching scale 1 Z rot 1.7  searching scale 1 Z rot 1.9  searching scale 1 Z rot 2.2  searching scale 1 Z rot 2.4  searching scale 1 Z rot 2.7  searching scale 1 Z rot 2.9  searching scale 1 Z rot 3.2  searching scale 1 Z rot 3.4  searching scale 1 Z rot 3.7  searching scale 1 Z rot 3.9  searching scale 1 Z rot 4.2  searching scale 1 Z rot 4.4  searching scale 1 Z rot 4.7  searching scale 1 Z rot 4.9  searching scale 1 Z rot 5.2  searching scale 1 Z rot 5.4  searching scale 1 Z rot 5.7  searching scale 1 Z rot 5.9  searching scale 1 Z rot 6.2  searching scale 1 Z rot 6.4  searching scale 1 Z rot 6.7  searching scale 1 Z rot 6.9  searching scale 1 Z rot 7.2  searching scale 1 Z rot 7.4  searching scale 1 Z rot 7.7  searching scale 1 Z rot 7.9  searching scale 1 Z rot 8.2  searching scale 1 Z rot 8.4  searching scale 1 Z rot 8.7  searching scale 1 Z rot 8.9  searching scale 1 Z rot 9.2  global minimum found at slice 130.0, rotations (-1.10, 2.42)
final transformation (x=130.0, yr=-1.098, zr=2.424):
 0.99892  -0.04229  -0.01914   3.70593;
 0.04228   0.99911  -0.00081   37.66313;
 0.01916   0.00000   0.99982   22.52851;
 0.00000   0.00000   0.00000   1.00000;
updating x range to be [126, 131] in xformed coordinates
best xformed slice 128
min_x_fornix = 157
min_x_fornix = 161
min_x_fornix = 162
min_x_fornix = 162
min_x_fornix = 159
cc center is found at 128 85 103
eigenvectors:
 0.00122  -0.00459   0.99999;
 0.04806  -0.99883  -0.00465;
 0.99884   0.04806  -0.00099;
error in mid anterior detected - correcting...
writing aseg with callosum to /out/sourcedata/freesurfer/sub-v1s16x0051173_ses-1/mri/aseg.auto.mgz...
corpus callosum segmentation took 0.5 minutes
#VMPC# mri_cc VmPeak  553624
mri_cc done
#--------------------------------------
#@# Merge ASeg Mon Mar  9 00:32:43 CET 2026

 cp aseg.auto.mgz aseg.presurf.mgz 

#--------------------------------------------
#@# Intensity Normalization2 Mon Mar  9 00:32:43 CET 2026
/out/sourcedata/freesurfer/sub-v1s16x0051173_ses-1/mri

 mri_normalize -seed 1234 -mprage -aseg aseg.presurf.mgz -mask brainmask.mgz norm.mgz brain.mgz 

setting seed for random number genererator to 1234
assuming input volume is MGH (Van der Kouwe) MP-RAGE
using segmentation for initial intensity normalization
using MR volume brainmask.mgz to mask input volume...
reading mri_src from norm.mgz...
Reading aseg aseg.presurf.mgz
normalizing image...
NOT doing gentle normalization with control points/label
processing with aseg
removing outliers in the aseg WM...
1672 control points removed
Building bias image
building Voronoi diagram...
performing soap bubble smoothing, sigma = 0...
Smoothing with sigma 8
Applying bias correction
building Voronoi diagram...
performing soap bubble smoothing, sigma = 8...

Iterating 2 times
---------------------------------
3d normalization pass 1 of 2
white matter peak found at 110
white matter peak found at 109
gm peak at 57 (57), valley at  0 (-1)
csf peak at 28, setting threshold to 47
building Voronoi diagram...
performing soap bubble smoothing, sigma = 8...
---------------------------------
3d normalization pass 2 of 2
white matter peak found at 110
white matter peak found at 110
gm peak at 60 (60), valley at  0 (-1)
csf peak at 30, setting threshold to 50
building Voronoi diagram...
performing soap bubble smoothing, sigma = 8...
Done iterating ---------------------------------
writing output to brain.mgz
3D bias adjustment took 2 minutes and 14 seconds.
#--------------------------------------------
#@# Mask BFS Mon Mar  9 00:34:58 CET 2026
/out/sourcedata/freesurfer/sub-v1s16x0051173_ses-1/mri

 mri_mask -T 5 brain.mgz brainmask.mgz brain.finalsurfs.mgz 

threshold mask volume at 5
DoAbs = 0
Found 1215151 voxels in mask (pct=  7.24)
Writing masked volume to brain.finalsurfs.mgz...done.
#--------------------------------------------
#@# WM Segmentation Mon Mar  9 00:34:59 CET 2026

 AntsDenoiseImageFs -i brain.mgz -o antsdn.brain.mgz 


 mri_segment -wsizemm 13 -mprage antsdn.brain.mgz wm.seg.mgz 

wsizemm = 13, voxres = 1, wsize = 13
Widening wm low from 89 to 79
assuming input volume is MGH (Van der Kouwe) MP-RAGE
wm mean:  110
wsize:    13
wm low:   79
wm hi:    125
gray low: 30
gray hi:  99
Doing initial trinary intensity segmentation 
Using local statistics to label ambiguous voxels
Autodetecting stats
Computing class statistics for intensity windows...
CCS WM (103.0): 103.3 +- 5.3 [79.0 --> 125.0]
CCS GM (72.0) : 69.5 +- 11.3 [30.0 --> 95.0]
 white_mean 103.313
 white_sigma 5.27133
 gray_mean 69.5194
 gray_sigma 11.339
setting bottom of white matter range wm_low to 80.9
setting top of gray matter range gray_hi to 92.2
 wm_low 80.8584
 wm_hi  125
 gray_low 30
 gray_hi  92.1974
Redoing initial intensity segmentation...
Recomputing local statistics to label ambiguous voxels...
 wm_low 80.8584
 wm_hi  125
 gray_low 30
 gray_hi  92.1974
using local geometry to label remaining ambiguous voxels...
polvwsize = 5, polvlen = 3, gray_hi = 92.1974, wm_low = 80.8584
MRIcpolvMedianCurveSegment(): wsize=5, len=3, gmhi=92.1974, wmlow=80.8584
    135282 voxels processed (0.81%)
     67809 voxels white (0.40%)
     67473 voxels non-white (0.40%)

Reclassifying voxels using Gaussian border classifier niter=1
MRIreclassify(): wm_low=75.8584, gray_hi=92.1974, wsize=13
    202117 voxels tested (1.20%)
     42933 voxels changed (0.26%)
     43508 multi-scale searches  (0.26%)
Recovering bright white
MRIrecoverBrightWhite()
 wm_low 80.8584
 wm_hi 125
 slack 5.27133
 pct_thresh 0.33
 intensity_thresh 130.271
 nvox_thresh 8.58
      178 voxels tested (0.00%)
      104 voxels changed (0.00%)

removing voxels with positive offset direction...
MRIremoveWrongDirection() wsize=3, lowthr=75.8584, hithr=92.1974
  smoothing input volume with sigma = 0.250
    94482 voxels tested (0.56%)
    13389 voxels changed (0.08%)
thicken = 1
removing 1-dimensional structures...
MRIremove1dStructures(): max_iter=10000, thresh=2, WM_MIN_VAL=5
 1838 sparsely connected voxels removed in 1 iterations
thickening thin strands....
thickness 4
nsegments 20
wm_hi 125
1049 diagonally connected voxels added...
MRIthickenThinWMStrands(): thickness=4, nsegments=20
  20 segments, 3560 filled
MRIfindBrightNonWM(): 1553 bright non-wm voxels segmented.
MRIfilterMorphology() WM_MIN_VAL=5, DIAGONAL_FILL=230
white matter segmentation took 0.9 minutes
writing output to wm.seg.mgz...

 mri_edit_wm_with_aseg -keep-in wm.seg.mgz brain.mgz aseg.presurf.mgz wm.asegedit.mgz 

preserving editing changes in input volume...
auto filling took 0.44 minutes
reading wm segmentation from wm.seg.mgz...
0 voxels added to wm to prevent paths from MTL structures to cortex
4108 additional wm voxels added
0 additional wm voxels added
SEG EDIT: 56314 voxels turned on, 22637 voxels turned off.
propagating editing to output volume from wm.seg.mgz
writing edited volume to wm.asegedit.mgz....

 mri_pretess wm.asegedit.mgz wm norm.mgz wm.mgz 


Iteration Number : 1
pass   1 (xy+):  14 found -  14 modified     |    TOTAL:  14
pass   2 (xy+):   0 found -  14 modified     |    TOTAL:  14
pass   1 (xy-):  12 found -  12 modified     |    TOTAL:  26
pass   2 (xy-):   0 found -  12 modified     |    TOTAL:  26
pass   1 (yz+):  25 found -  25 modified     |    TOTAL:  51
pass   2 (yz+):   0 found -  25 modified     |    TOTAL:  51
pass   1 (yz-):  13 found -  13 modified     |    TOTAL:  64
pass   2 (yz-):   0 found -  13 modified     |    TOTAL:  64
pass   1 (xz+):  21 found -  21 modified     |    TOTAL:  85
pass   2 (xz+):   0 found -  21 modified     |    TOTAL:  85
pass   1 (xz-):  25 found -  25 modified     |    TOTAL: 110
pass   2 (xz-):   0 found -  25 modified     |    TOTAL: 110
Iteration Number : 1
pass   1 (+++):  13 found -  13 modified     |    TOTAL:  13
pass   2 (+++):   0 found -  13 modified     |    TOTAL:  13
pass   1 (+++):  18 found -  18 modified     |    TOTAL:  31
pass   2 (+++):   0 found -  18 modified     |    TOTAL:  31
pass   1 (+++):   8 found -   8 modified     |    TOTAL:  39
pass   2 (+++):   0 found -   8 modified     |    TOTAL:  39
pass   1 (+++):  12 found -  12 modified     |    TOTAL:  51
pass   2 (+++):   0 found -  12 modified     |    TOTAL:  51
Iteration Number : 1
pass   1 (++):  30 found -  30 modified     |    TOTAL:  30
pass   2 (++):   0 found -  30 modified     |    TOTAL:  30
pass   1 (+-):  61 found -  61 modified     |    TOTAL:  91
pass   2 (+-):   1 found -  62 modified     |    TOTAL:  92
pass   3 (+-):   0 found -  62 modified     |    TOTAL:  92
pass   1 (--):  40 found -  40 modified     |    TOTAL: 132
pass   2 (--):   0 found -  40 modified     |    TOTAL: 132
pass   1 (-+):  62 found -  62 modified     |    TOTAL: 194
pass   2 (-+):   0 found -  62 modified     |    TOTAL: 194
Iteration Number : 2
pass   1 (xy+):   2 found -   2 modified     |    TOTAL:   2
pass   2 (xy+):   0 found -   2 modified     |    TOTAL:   2
pass   1 (xy-):   2 found -   2 modified     |    TOTAL:   4
pass   2 (xy-):   0 found -   2 modified     |    TOTAL:   4
pass   1 (yz+):   3 found -   3 modified     |    TOTAL:   7
pass   2 (yz+):   0 found -   3 modified     |    TOTAL:   7
pass   1 (yz-):   1 found -   1 modified     |    TOTAL:   8
pass   2 (yz-):   0 found -   1 modified     |    TOTAL:   8
pass   1 (xz+):   0 found -   0 modified     |    TOTAL:   8
pass   1 (xz-):   1 found -   1 modified     |    TOTAL:   9
pass   2 (xz-):   0 found -   1 modified     |    TOTAL:   9
Iteration Number : 2
pass   1 (+++):   0 found -   0 modified     |    TOTAL:   0
pass   1 (+++):   0 found -   0 modified     |    TOTAL:   0
pass   1 (+++):   0 found -   0 modified     |    TOTAL:   0
pass   1 (+++):   2 found -   2 modified     |    TOTAL:   2
pass   2 (+++):   0 found -   2 modified     |    TOTAL:   2
Iteration Number : 2
pass   1 (++):   2 found -   2 modified     |    TOTAL:   2
pass   2 (++):   0 found -   2 modified     |    TOTAL:   2
pass   1 (+-):   0 found -   0 modified     |    TOTAL:   2
pass   1 (--):   1 found -   1 modified     |    TOTAL:   3
pass   2 (--):   0 found -   1 modified     |    TOTAL:   3
pass   1 (-+):   2 found -   2 modified     |    TOTAL:   5
pass   2 (-+):   0 found -   2 modified     |    TOTAL:   5
Iteration Number : 3
pass   1 (xy+):   0 found -   0 modified     |    TOTAL:   0
pass   1 (xy-):   0 found -   0 modified     |    TOTAL:   0
pass   1 (yz+):   0 found -   0 modified     |    TOTAL:   0
pass   1 (yz-):   0 found -   0 modified     |    TOTAL:   0
pass   1 (xz+):   0 found -   0 modified     |    TOTAL:   0
pass   1 (xz-):   0 found -   0 modified     |    TOTAL:   0
Iteration Number : 3
pass   1 (+++):   0 found -   0 modified     |    TOTAL:   0
pass   1 (+++):   0 found -   0 modified     |    TOTAL:   0
pass   1 (+++):   0 found -   0 modified     |    TOTAL:   0
pass   1 (+++):   0 found -   0 modified     |    TOTAL:   0
Iteration Number : 3
pass   1 (++):   0 found -   0 modified     |    TOTAL:   0
pass   1 (+-):   0 found -   0 modified     |    TOTAL:   0
pass   1 (--):   0 found -   0 modified     |    TOTAL:   0
pass   1 (-+):   0 found -   0 modified     |    TOTAL:   0

Total Number of Modified Voxels = 371 (out of 420763: 0.088173)
binarizing input wm segmentation...
Ambiguous edge configurations... 

mri_pretess done

#--------------------------------------------
#@# Fill Mon Mar  9 00:36:55 CET 2026
/out/sourcedata/freesurfer/sub-v1s16x0051173_ses-1/mri

 mri_fill -a ../scripts/ponscc.cut.log -xform transforms/talairach.lta -segmentation aseg.presurf.mgz -ctab /opt/freesurfer/SubCorticalMassLUT.txt wm.mgz filled.mgz 

logging cutting plane coordinates to ../scripts/ponscc.cut.log...
INFO: Using transforms/talairach.lta and its offset for Talairach volume ...
using segmentation aseg.presurf.mgz...
reading input volume...done.
searching for cutting planes...voxel to talairach voxel transform
 1.14565  -0.09638  -0.04128  -10.93642;
 0.09638   1.25359   0.10688  -28.90738;
 0.03451  -0.12163   1.05152  -13.59746;
 0.00000   0.00000   0.00000   1.00000;
voxel to talairach voxel transform
 1.14565  -0.09638  -0.04128  -10.93642;
 0.09638   1.25359   0.10688  -28.90738;
 0.03451  -0.12163   1.05152  -13.59746;
 0.00000   0.00000   0.00000   1.00000;
reading segmented volume aseg.presurf.mgz
removing CC from segmentation
Looking for area (min, max) = (350, 1400)
area[0] = 1367 (min = 350, max = 1400), aspect = 0.48 (min = 0.10, max = 0.75)
no need to search
using seed (124, 120, 152), TAL = (4.0, 24.0, 8.0)
talairach voxel to voxel transform
 0.86623   0.06921   0.02697   11.84101;
-0.06355   0.78484  -0.08227   20.87411;
-0.03578   0.08851   0.94060   14.95714;
 0.00000   0.00000   0.00000   1.00000;
segmentation indicates cc at (124,  120,  152) --> (4.0, 24.0, 8.0)
done.
filling took 1.1 minutes
talairach cc position changed to (4.00, 24.00, 8.00)
Erasing brainstem...done.
seed_search_size = 9, min_neighbors = 5
search rh wm seed point around talairach space:(22.00, 24.00, 8.00) SRC: (116.07, 95.81, 164.76)
search lh wm seed point around talairach space (-14.00, 24.00, 8.00), SRC: (147.25, 93.53, 163.47)
compute mri_fill using aseg
Erasing Brain Stem and Cerebellum ...
Define left and right masks using aseg:
Building Voronoi diagram ...
Using the Voronoi diagram for separating WM into two hemispheres ...
Find the largest connected component for each hemisphere ...
Embedding colortable
mri_fill done, writing output to filled.mgz...
 cp filled.mgz filled.auto.mgz

Started at Sun Mar 8 22:58:40 CET 2026 
Ended   at Mon Mar 9 00:38:01 CET 2026
#@#%# recon-all-run-time-hours 1.656
recon-all -s sub-v1s16x0051173_ses-1 finished without error at Mon Mar  9 00:38:01 CET 2026



#New# invocation of recon-all 




Mon Mar  9 01:20:31 CET 2026
cd /out/sourcedata/freesurfer/sub-v1s16x0051173_ses-1
setenv SUBJECTS_DIR /out/sourcedata/freesurfer
/opt/freesurfer/bin/recon-all -parallel -subjid sub-v1s16x0051173_ses-1 -sd /out/sourcedata/freesurfer -cortribbon

subjid sub-v1s16x0051173_ses-1
setenv SUBJECTS_DIR /out/sourcedata/freesurfer
FREESURFER_HOME /opt/freesurfer
Actual FREESURFER_HOME /opt/freesurfer
build-stamp.txt: freesurfer-linux-ubuntu22_x86_64-7.3.2-20220804-6354275
Linux dna019 5.14.0-427.37.1.el9_4.x86_64 #1 SMP PREEMPT_DYNAMIC Fri Sep 13 12:41:50 EDT 2024 x86_64 x86_64 x86_64 GNU/Linux
cputime      unlimited
filesize     unlimited
datasize     unlimited
stacksize    8192 kbytes
coredumpsize 0 kbytes
memoryuse    67108864 kbytes
vmemoryuse   unlimited
descriptors  1024 
memorylocked unlimited
maxproc      2061970 
maxlocks     unlimited
maxsignal    2061970 
maxmessage   819200 
maxnice      0 
maxrtprio    0 
maxrttime    unlimited

               total        used        free      shared  buff/cache   available
Mem:           503Gi        35Gi       447Gi       8.2Gi        20Gi       456Gi
Swap:             0B          0B          0B

########################################
program versions used
7.3.2 (freesurfer-linux-ubuntu22_x86_64-7.3.2-20220804-6354275)
7.3.2

ProgramName: lta_convert  ProgramArguments: lta_convert -all-info  ProgramVersion: 7.3.2  TimeStamp: 2026/03/09-00:20:31-GMT  BuildTime: Aug  4 2022 06:17:15  BuildStamp: freesurfer-linux-ubuntu22_x86_64-7.3.2-20220804-6354275  User: oesteban  Machine: dna019  Platform: Linux  PlatformVersion: 5.14.0-427.37.1.el9_4.x86_64  CompilerName: GCC  CompilerVersion: 8.4.0
ProgramName: mri_and  ProgramArguments: mri_and -all-info  ProgramVersion: 7.3.2  TimeStamp: 2026/03/09-00:20:31-GMT  BuildTime: Aug  4 2022 06:17:15  BuildStamp: freesurfer-linux-ubuntu22_x86_64-7.3.2-20220804-6354275  User: oesteban  Machine: dna019  Platform: Linux  PlatformVersion: 5.14.0-427.37.1.el9_4.x86_64  CompilerName: GCC  CompilerVersion: 8.4.0
ProgramName: mri_annotation2label  ProgramArguments: mri_annotation2label -all-info  ProgramVersion: 7.3.2  TimeStamp: 2026/03/09-00:20:31-GMT  BuildTime: Aug  4 2022 06:17:15  BuildStamp: freesurfer-linux-ubuntu22_x86_64-7.3.2-20220804-6354275  User: oesteban  Machine: dna019  Platform: Linux  PlatformVersion: 5.14.0-427.37.1.el9_4.x86_64  CompilerName: GCC  CompilerVersion: 8.4.0
ProgramName: mri_aparc2aseg  ProgramArguments: mri_aparc2aseg -all-info  ProgramVersion: 7.3.2  TimeStamp: 2026/03/09-00:20:31-GMT  BuildTime: Aug  4 2022 06:17:15  BuildStamp: freesurfer-linux-ubuntu22_x86_64-7.3.2-20220804-6354275  User: oesteban  Machine: dna019  Platform: Linux  PlatformVersion: 5.14.0-427.37.1.el9_4.x86_64  CompilerName: GCC  CompilerVersion: 8.4.0
ProgramName: mri_surf2volseg  ProgramArguments: mri_surf2volseg -all-info  ProgramVersion: 7.3.2  TimeStamp: 2026/03/09-00:20:31-GMT  BuildTime: Aug  4 2022 06:17:15  BuildStamp: freesurfer-linux-ubuntu22_x86_64-7.3.2-20220804-6354275  User: oesteban  Machine: dna019  Platform: Linux  PlatformVersion: 5.14.0-427.37.1.el9_4.x86_64  CompilerName: GCC  CompilerVersion: 8.4.0
ProgramName: mri_binarize  ProgramArguments: mri_binarize -all-info  ProgramVersion: 7.3.2  TimeStamp: 2026/03/09-00:20:31-GMT  BuildTime: Aug  4 2022 06:17:15  BuildStamp: freesurfer-linux-ubuntu22_x86_64-7.3.2-20220804-6354275  User: oesteban  Machine: dna019  Platform: Linux  PlatformVersion: 5.14.0-427.37.1.el9_4.x86_64  CompilerName: GCC  CompilerVersion: 8.4.0
ProgramName: mri_ca_label  ProgramArguments: mri_ca_label -all-info  ProgramVersion: 7.3.2  TimeStamp: 2026/03/09-00:20:31-GMT  BuildTime: Aug  4 2022 06:17:15  BuildStamp: freesurfer-linux-ubuntu22_x86_64-7.3.2-20220804-6354275  User: oesteban  Machine: dna019  Platform: Linux  PlatformVersion: 5.14.0-427.37.1.el9_4.x86_64  CompilerName: GCC  CompilerVersion: 8.4.0
ProgramName: mri_ca_normalize  ProgramArguments: mri_ca_normalize -all-info  ProgramVersion: 7.3.2  TimeStamp: 2026/03/09-00:20:31-GMT  BuildTime: Aug  4 2022 06:17:15  BuildStamp: freesurfer-linux-ubuntu22_x86_64-7.3.2-20220804-6354275  User: oesteban  Machine: dna019  Platform: Linux  PlatformVersion: 5.14.0-427.37.1.el9_4.x86_64  CompilerName: GCC  CompilerVersion: 8.4.0
ProgramName: mri_ca_register  ProgramArguments: mri_ca_register -all-info  ProgramVersion: 7.3.2  TimeStamp: 2026/03/09-00:20:31-GMT  BuildTime: Aug  4 2022 06:17:15  BuildStamp: freesurfer-linux-ubuntu22_x86_64-7.3.2-20220804-6354275  User: oesteban  Machine: dna019  Platform: Linux  PlatformVersion: 5.14.0-427.37.1.el9_4.x86_64  CompilerName: GCC  CompilerVersion: 8.4.0
ProgramName: mri_cc  ProgramArguments: mri_cc -all-info  ProgramVersion: 7.3.2  TimeStamp: 2026/03/09-00:20:31-GMT  BuildTime: Aug  4 2022 06:17:15  BuildStamp: freesurfer-linux-ubuntu22_x86_64-7.3.2-20220804-6354275  User: oesteban  Machine: dna019  Platform: Linux  PlatformVersion: 5.14.0-427.37.1.el9_4.x86_64  CompilerName: GCC  CompilerVersion: 8.4.0
ProgramName: mri_compute_overlap  ProgramArguments: mri_compute_overlap -all-info  ProgramVersion: 7.3.2  TimeStamp: 2026/03/09-00:20:31-GMT  BuildTime: Aug  4 2022 06:17:15  BuildStamp: freesurfer-linux-ubuntu22_x86_64-7.3.2-20220804-6354275  User: oesteban  Machine: dna019  Platform: Linux  PlatformVersion: 5.14.0-427.37.1.el9_4.x86_64  CompilerName: GCC  CompilerVersion: 8.4.0
ProgramName: mri_compute_seg_overlap  ProgramArguments: mri_compute_seg_overlap -all-info  ProgramVersion: 7.3.2  TimeStamp: 2026/03/09-00:20:31-GMT  BuildTime: Aug  4 2022 06:17:15  BuildStamp: freesurfer-linux-ubuntu22_x86_64-7.3.2-20220804-6354275  User: oesteban  Machine: dna019  Platform: Linux  PlatformVersion: 5.14.0-427.37.1.el9_4.x86_64  CompilerName: GCC  CompilerVersion: 8.4.0
ProgramName: mri_concat  ProgramArguments: mri_concat -all-info  ProgramVersion: 7.3.2  TimeStamp: 2026/03/09-00:20:31-GMT  BuildTime: Aug  4 2022 06:17:15  BuildStamp: freesurfer-linux-ubuntu22_x86_64-7.3.2-20220804-6354275  User: oesteban  Machine: dna019  Platform: Linux  PlatformVersion: 5.14.0-427.37.1.el9_4.x86_64  CompilerName: GCC  CompilerVersion: 8.4.0
ProgramName: mri_concatenate_lta  ProgramArguments: mri_concatenate_lta -all-info  ProgramVersion: 7.3.2  TimeStamp: 2026/03/09-00:20:31-GMT  BuildTime: Aug  4 2022 06:17:15  BuildStamp: freesurfer-linux-ubuntu22_x86_64-7.3.2-20220804-6354275  User: oesteban  Machine: dna019  Platform: Linux  PlatformVersion: 5.14.0-427.37.1.el9_4.x86_64  CompilerName: GCC  CompilerVersion: 8.4.0
mri_convert -all-info 
ProgramName: mri_convert  ProgramArguments: mri_convert -all-info  ProgramVersion: 7.3.2  TimeStamp: 2026/03/09-00:20:31-GMT  BuildTime: Aug  4 2022 06:17:15  BuildStamp: freesurfer-linux-ubuntu22_x86_64-7.3.2-20220804-6354275  User: oesteban  Machine: dna019  Platform: Linux  PlatformVersion: 5.14.0-427.37.1.el9_4.x86_64  CompilerName: GCC  CompilerVersion: 8.4.0
ProgramName: mri_diff  ProgramArguments: mri_diff -all-info  ProgramVersion: 7.3.2  TimeStamp: 2026/03/09-00:20:31-GMT  BuildTime: Aug  4 2022 06:17:15  BuildStamp: freesurfer-linux-ubuntu22_x86_64-7.3.2-20220804-6354275  User: oesteban  Machine: dna019  Platform: Linux  PlatformVersion: 5.14.0-427.37.1.el9_4.x86_64  CompilerName: GCC  CompilerVersion: 8.4.0
ProgramName: mri_edit_wm_with_aseg  ProgramArguments: mri_edit_wm_with_aseg -all-info  ProgramVersion: 7.3.2  TimeStamp: 2026/03/09-00:20:31-GMT  BuildTime: Aug  4 2022 06:17:15  BuildStamp: freesurfer-linux-ubuntu22_x86_64-7.3.2-20220804-6354275  User: oesteban  Machine: dna019  Platform: Linux  PlatformVersion: 5.14.0-427.37.1.el9_4.x86_64  CompilerName: GCC  CompilerVersion: 8.4.0
ProgramName: mri_em_register  ProgramArguments: mri_em_register -all-info  ProgramVersion: 7.3.2  TimeStamp: 2026/03/09-00:20:31-GMT  BuildTime: Aug  4 2022 06:17:15  BuildStamp: freesurfer-linux-ubuntu22_x86_64-7.3.2-20220804-6354275  User: oesteban  Machine: dna019  Platform: Linux  PlatformVersion: 5.14.0-427.37.1.el9_4.x86_64  CompilerName: GCC  CompilerVersion: 8.4.0
ProgramName: mri_fill  ProgramArguments: mri_fill -all-info  ProgramVersion: 7.3.2  TimeStamp: 2026/03/09-00:20:31-GMT  BuildTime: Aug  4 2022 06:17:15  BuildStamp: freesurfer-linux-ubuntu22_x86_64-7.3.2-20220804-6354275  User: oesteban  Machine: dna019  Platform: Linux  PlatformVersion: 5.14.0-427.37.1.el9_4.x86_64  CompilerName: GCC  CompilerVersion: 8.4.0
ProgramName: mri_fuse_segmentations  ProgramArguments: mri_fuse_segmentations -all-info  ProgramVersion: 7.3.2  TimeStamp: 2026/03/09-00:20:31-GMT  BuildTime: Aug  4 2022 06:17:15  BuildStamp: freesurfer-linux-ubuntu22_x86_64-7.3.2-20220804-6354275  User: oesteban  Machine: dna019  Platform: Linux  PlatformVersion: 5.14.0-427.37.1.el9_4.x86_64  CompilerName: GCC  CompilerVersion: 8.4.0
ProgramName: mri_fwhm  ProgramArguments: mri_fwhm -all-info  ProgramVersion: 7.3.2  TimeStamp: 2026/03/09-00:20:31-GMT  BuildTime: Aug  4 2022 06:17:15  BuildStamp: freesurfer-linux-ubuntu22_x86_64-7.3.2-20220804-6354275  User: oesteban  Machine: dna019  Platform: Linux  PlatformVersion: 5.14.0-427.37.1.el9_4.x86_64  CompilerName: GCC  CompilerVersion: 8.4.0
ProgramName: mri_gcut  ProgramArguments: mri_gcut -all-info  ProgramVersion: 7.3.2  TimeStamp: 2026/03/09-00:20:31-GMT  BuildTime: Aug  4 2022 06:17:15  BuildStamp: freesurfer-linux-ubuntu22_x86_64-7.3.2-20220804-6354275  User: oesteban  Machine: dna019  Platform: Linux  PlatformVersion: 5.14.0-427.37.1.el9_4.x86_64  CompilerName: GCC  CompilerVersion: 8.4.0
ProgramName: mri_info  ProgramArguments: mri_info -all-info  ProgramVersion: 7.3.2  TimeStamp: 2026/03/09-00:20:31-GMT  BuildTime: Aug  4 2022 06:17:15  BuildStamp: freesurfer-linux-ubuntu22_x86_64-7.3.2-20220804-6354275  User: oesteban  Machine: dna019  Platform: Linux  PlatformVersion: 5.14.0-427.37.1.el9_4.x86_64  CompilerName: GCC  CompilerVersion: 8.4.0
ProgramName: mri_label2label  ProgramArguments: mri_label2label -all-info  ProgramVersion: 7.3.2  TimeStamp: 2026/03/09-00:20:31-GMT  BuildTime: Aug  4 2022 06:17:15  BuildStamp: freesurfer-linux-ubuntu22_x86_64-7.3.2-20220804-6354275  User: oesteban  Machine: dna019  Platform: Linux  PlatformVersion: 5.14.0-427.37.1.el9_4.x86_64  CompilerName: GCC  CompilerVersion: 8.4.0
ProgramName: mri_label2vol  ProgramArguments: mri_label2vol -all-info  ProgramVersion: 7.3.2  TimeStamp: 2026/03/09-00:20:31-GMT  BuildTime: Aug  4 2022 06:17:15  BuildStamp: freesurfer-linux-ubuntu22_x86_64-7.3.2-20220804-6354275  User: oesteban  Machine: dna019  Platform: Linux  PlatformVersion: 5.14.0-427.37.1.el9_4.x86_64  CompilerName: GCC  CompilerVersion: 8.4.0
ProgramName: mri_log_likelihood  ProgramArguments: mri_log_likelihood -all-info  ProgramVersion: 7.3.2  TimeStamp: 2026/03/09-00:20:31-GMT  BuildTime: Aug  4 2022 06:17:15  BuildStamp: freesurfer-linux-ubuntu22_x86_64-7.3.2-20220804-6354275  User: oesteban  Machine: dna019  Platform: Linux  PlatformVersion: 5.14.0-427.37.1.el9_4.x86_64  CompilerName: GCC  CompilerVersion: 8.4.0
ProgramName: mri_mask  ProgramArguments: mri_mask -all-info  ProgramVersion: 7.3.2  TimeStamp: 2026/03/09-00:20:31-GMT  BuildTime: Aug  4 2022 06:17:15  BuildStamp: freesurfer-linux-ubuntu22_x86_64-7.3.2-20220804-6354275  User: oesteban  Machine: dna019  Platform: Linux  PlatformVersion: 5.14.0-427.37.1.el9_4.x86_64  CompilerName: GCC  CompilerVersion: 8.4.0
ProgramName: mri_matrix_multiply  ProgramArguments: mri_matrix_multiply -all-info  ProgramVersion: 7.3.2  TimeStamp: 2026/03/09-00:20:31-GMT  BuildTime: Aug  4 2022 06:17:15  BuildStamp: freesurfer-linux-ubuntu22_x86_64-7.3.2-20220804-6354275  User: oesteban  Machine: dna019  Platform: Linux  PlatformVersion: 5.14.0-427.37.1.el9_4.x86_64  CompilerName: GCC  CompilerVersion: 8.4.0
ProgramName: mri_normalize  ProgramArguments: mri_normalize -all-info  ProgramVersion: 7.3.2  TimeStamp: 2026/03/09-00:20:31-GMT  BuildTime: Aug  4 2022 06:17:15  BuildStamp: freesurfer-linux-ubuntu22_x86_64-7.3.2-20220804-6354275  User: oesteban  Machine: dna019  Platform: Linux  PlatformVersion: 5.14.0-427.37.1.el9_4.x86_64  CompilerName: GCC  CompilerVersion: 8.4.0
ProgramName: mri_normalize_tp2  ProgramArguments: mri_normalize_tp2 -all-info  ProgramVersion: 7.3.2  TimeStamp: 2026/03/09-00:20:31-GMT  BuildTime: Aug  4 2022 06:17:15  BuildStamp: freesurfer-linux-ubuntu22_x86_64-7.3.2-20220804-6354275  User: oesteban  Machine: dna019  Platform: Linux  PlatformVersion: 5.14.0-427.37.1.el9_4.x86_64  CompilerName: GCC  CompilerVersion: 8.4.0
ProgramName: mri_or  ProgramArguments: mri_or -all-info  ProgramVersion: 7.3.2  TimeStamp: 2026/03/09-00:20:31-GMT  BuildTime: Aug  4 2022 06:17:15  BuildStamp: freesurfer-linux-ubuntu22_x86_64-7.3.2-20220804-6354275  User: oesteban  Machine: dna019  Platform: Linux  PlatformVersion: 5.14.0-427.37.1.el9_4.x86_64  CompilerName: GCC  CompilerVersion: 8.4.0
ProgramName: mri_relabel_hypointensities  ProgramArguments: mri_relabel_hypointensities -all-info  ProgramVersion: 7.3.2  TimeStamp: 2026/03/09-00:20:31-GMT  BuildTime: Aug  4 2022 06:17:15  BuildStamp: freesurfer-linux-ubuntu22_x86_64-7.3.2-20220804-6354275  User: oesteban  Machine: dna019  Platform: Linux  PlatformVersion: 5.14.0-427.37.1.el9_4.x86_64  CompilerName: GCC  CompilerVersion: 8.4.0
ProgramName: mri_relabel_nonwm_hypos  ProgramArguments: mri_relabel_nonwm_hypos -all-info  ProgramVersion: 7.3.2  TimeStamp: 2026/03/09-00:20:31-GMT  BuildTime: Aug  4 2022 06:17:15  BuildStamp: freesurfer-linux-ubuntu22_x86_64-7.3.2-20220804-6354275  User: oesteban  Machine: dna019  Platform: Linux  PlatformVersion: 5.14.0-427.37.1.el9_4.x86_64  CompilerName: GCC  CompilerVersion: 8.4.0
ProgramName: mri_remove_neck  ProgramArguments: mri_remove_neck -all-info  ProgramVersion: 7.3.2  TimeStamp: 2026/03/09-00:20:31-GMT  BuildTime: Aug  4 2022 06:17:15  BuildStamp: freesurfer-linux-ubuntu22_x86_64-7.3.2-20220804-6354275  User: oesteban  Machine: dna019  Platform: Linux  PlatformVersion: 5.14.0-427.37.1.el9_4.x86_64  CompilerName: GCC  CompilerVersion: 8.4.0
7.3.2

ProgramName: mri_robust_register  ProgramArguments: mri_robust_register -all-info  ProgramVersion: 7.3.2  TimeStamp: 2026/03/09-00:20:31-GMT  BuildTime: Aug  4 2022 06:17:15  BuildStamp: freesurfer-linux-ubuntu22_x86_64-7.3.2-20220804-6354275  User: oesteban  Machine: dna019  Platform: Linux  PlatformVersion: 5.14.0-427.37.1.el9_4.x86_64  CompilerName: GCC  CompilerVersion: 8.4.0
7.3.2

ProgramName: mri_robust_template  ProgramArguments: mri_robust_template -all-info  ProgramVersion: 7.3.2  TimeStamp: 2026/03/09-00:20:31-GMT  BuildTime: Aug  4 2022 06:17:15  BuildStamp: freesurfer-linux-ubuntu22_x86_64-7.3.2-20220804-6354275  User: oesteban  Machine: dna019  Platform: Linux  PlatformVersion: 5.14.0-427.37.1.el9_4.x86_64  CompilerName: GCC  CompilerVersion: 8.4.0
ProgramName: mris_anatomical_stats  ProgramArguments: mris_anatomical_stats -all-info  ProgramVersion: 7.3.2  TimeStamp: 2026/03/09-00:20:31-GMT  BuildTime: Aug  4 2022 06:17:15  BuildStamp: freesurfer-linux-ubuntu22_x86_64-7.3.2-20220804-6354275  User: oesteban  Machine: dna019  Platform: Linux  PlatformVersion: 5.14.0-427.37.1.el9_4.x86_64  CompilerName: GCC  CompilerVersion: 8.4.0
ProgramName: mris_ca_label  ProgramArguments: mris_ca_label -all-info  ProgramVersion: 7.3.2  TimeStamp: 2026/03/09-00:20:31-GMT  BuildTime: Aug  4 2022 06:17:15  BuildStamp: freesurfer-linux-ubuntu22_x86_64-7.3.2-20220804-6354275  User: oesteban  Machine: dna019  Platform: Linux  PlatformVersion: 5.14.0-427.37.1.el9_4.x86_64  CompilerName: GCC  CompilerVersion: 8.4.0
ProgramName: mris_calc  ProgramArguments: mris_calc -all-info  ProgramVersion: 7.3.2  TimeStamp: 2026/03/09-00:20:31-GMT  BuildTime: Aug  4 2022 06:17:15  BuildStamp: freesurfer-linux-ubuntu22_x86_64-7.3.2-20220804-6354275  User: oesteban  Machine: dna019  Platform: Linux  PlatformVersion: 5.14.0-427.37.1.el9_4.x86_64  CompilerName: GCC  CompilerVersion: 8.4.0
ProgramName: mris_convert  ProgramArguments: mris_convert -all-info  ProgramVersion: 7.3.2  TimeStamp: 2026/03/09-00:20:31-GMT  BuildTime: Aug  4 2022 06:17:15  BuildStamp: freesurfer-linux-ubuntu22_x86_64-7.3.2-20220804-6354275  User: oesteban  Machine: dna019  Platform: Linux  PlatformVersion: 5.14.0-427.37.1.el9_4.x86_64  CompilerName: GCC  CompilerVersion: 8.4.0
ProgramName: mris_curvature  ProgramArguments: mris_curvature -all-info  ProgramVersion: 7.3.2  TimeStamp: 2026/03/09-00:20:31-GMT  BuildTime: Aug  4 2022 06:17:15  BuildStamp: freesurfer-linux-ubuntu22_x86_64-7.3.2-20220804-6354275  User: oesteban  Machine: dna019  Platform: Linux  PlatformVersion: 5.14.0-427.37.1.el9_4.x86_64  CompilerName: GCC  CompilerVersion: 8.4.0
ProgramName: mris_curvature_stats  ProgramArguments: mris_curvature_stats -all-info  ProgramVersion: 7.3.2  TimeStamp: 2026/03/09-00:20:31-GMT  BuildTime: Aug  4 2022 06:17:15  BuildStamp: freesurfer-linux-ubuntu22_x86_64-7.3.2-20220804-6354275  User: oesteban  Machine: dna019  Platform: Linux  PlatformVersion: 5.14.0-427.37.1.el9_4.x86_64  CompilerName: GCC  CompilerVersion: 8.4.0
ProgramName: mris_diff  ProgramArguments: mris_diff -all-info  ProgramVersion: 7.3.2  TimeStamp: 2026/03/09-00:20:31-GMT  BuildTime: Aug  4 2022 06:17:15  BuildStamp: freesurfer-linux-ubuntu22_x86_64-7.3.2-20220804-6354275  User: oesteban  Machine: dna019  Platform: Linux  PlatformVersion: 5.14.0-427.37.1.el9_4.x86_64  CompilerName: GCC  CompilerVersion: 8.4.0
ProgramName: mris_divide_parcellation  ProgramArguments: mris_divide_parcellation -all-info  ProgramVersion: 7.3.2  TimeStamp: 2026/03/09-00:20:31-GMT  BuildTime: Aug  4 2022 06:17:15  BuildStamp: freesurfer-linux-ubuntu22_x86_64-7.3.2-20220804-6354275  User: oesteban  Machine: dna019  Platform: Linux  PlatformVersion: 5.14.0-427.37.1.el9_4.x86_64  CompilerName: GCC  CompilerVersion: 8.4.0
ProgramName: mri_segment  ProgramArguments: mri_segment -all-info  ProgramVersion: 7.3.2  TimeStamp: 2026/03/09-00:20:31-GMT  BuildTime: Aug  4 2022 06:17:15  BuildStamp: freesurfer-linux-ubuntu22_x86_64-7.3.2-20220804-6354275  User: oesteban  Machine: dna019  Platform: Linux  PlatformVersion: 5.14.0-427.37.1.el9_4.x86_64  CompilerName: GCC  CompilerVersion: 8.4.0
ProgramName: mri_segstats  ProgramArguments: mri_segstats -all-info  ProgramVersion: 7.3.2  TimeStamp: 2026/03/09-00:20:31-GMT  BuildTime: Aug  4 2022 06:17:15  BuildStamp: freesurfer-linux-ubuntu22_x86_64-7.3.2-20220804-6354275  User: oesteban  Machine: dna019  Platform: Linux  PlatformVersion: 5.14.0-427.37.1.el9_4.x86_64  CompilerName: GCC  CompilerVersion: 8.4.0
ProgramName: mris_euler_number  ProgramArguments: mris_euler_number -all-info  ProgramVersion: 7.3.2  TimeStamp: 2026/03/09-00:20:31-GMT  BuildTime: Aug  4 2022 06:17:15  BuildStamp: freesurfer-linux-ubuntu22_x86_64-7.3.2-20220804-6354275  User: oesteban  Machine: dna019  Platform: Linux  PlatformVersion: 5.14.0-427.37.1.el9_4.x86_64  CompilerName: GCC  CompilerVersion: 8.4.0
ProgramName: mris_fix_topology  ProgramArguments: mris_fix_topology -all-info  ProgramVersion: 7.3.2  TimeStamp: 2026/03/09-00:20:31-GMT  BuildTime: Aug  4 2022 06:17:15  BuildStamp: freesurfer-linux-ubuntu22_x86_64-7.3.2-20220804-6354275  User: oesteban  Machine: dna019  Platform: Linux  PlatformVersion: 5.14.0-427.37.1.el9_4.x86_64  CompilerName: GCC  CompilerVersion: 8.4.0
ProgramName: mris_topo_fixer  ProgramArguments: mris_topo_fixer -all-info  ProgramVersion: 7.3.2  TimeStamp: 2026/03/09-00:20:31-GMT  BuildTime: Aug  4 2022 06:17:15  BuildStamp: freesurfer-linux-ubuntu22_x86_64-7.3.2-20220804-6354275  User: oesteban  Machine: dna019  Platform: Linux  PlatformVersion: 5.14.0-427.37.1.el9_4.x86_64  CompilerName: GCC  CompilerVersion: 8.4.0
ProgramName: mris_jacobian  ProgramArguments: mris_jacobian -all-info  ProgramVersion: 7.3.2  TimeStamp: 2026/03/09-00:20:31-GMT  BuildTime: Aug  4 2022 06:17:15  BuildStamp: freesurfer-linux-ubuntu22_x86_64-7.3.2-20220804-6354275  User: oesteban  Machine: dna019  Platform: Linux  PlatformVersion: 5.14.0-427.37.1.el9_4.x86_64  CompilerName: GCC  CompilerVersion: 8.4.0
ProgramName: mris_label2annot  ProgramArguments: mris_label2annot -all-info  ProgramVersion: 7.3.2  TimeStamp: 2026/03/09-00:20:31-GMT  BuildTime: Aug  4 2022 06:17:15  BuildStamp: freesurfer-linux-ubuntu22_x86_64-7.3.2-20220804-6354275  User: oesteban  Machine: dna019  Platform: Linux  PlatformVersion: 5.14.0-427.37.1.el9_4.x86_64  CompilerName: GCC  CompilerVersion: 8.4.0
ProgramName: mris_left_right_register  ProgramArguments: mris_left_right_register -all-info  ProgramVersion: 7.3.2  TimeStamp: 2026/03/09-00:20:31-GMT  BuildTime: Aug  4 2022 06:17:15  BuildStamp: freesurfer-linux-ubuntu22_x86_64-7.3.2-20220804-6354275  User: oesteban  Machine: dna019  Platform: Linux  PlatformVersion: 5.14.0-427.37.1.el9_4.x86_64  CompilerName: GCC  CompilerVersion: 8.4.0
ProgramName: mris_place_surface  ProgramArguments: mris_place_surface -all-info  ProgramVersion: 7.3.2  TimeStamp: 2026/03/09-00:20:31-GMT  BuildTime: Aug  4 2022 06:17:15  BuildStamp: freesurfer-linux-ubuntu22_x86_64-7.3.2-20220804-6354275  User: oesteban  Machine: dna019  Platform: Linux  PlatformVersion: 5.14.0-427.37.1.el9_4.x86_64  CompilerName: GCC  CompilerVersion: 8.4.0
ProgramName: mrisp_paint  ProgramArguments: mrisp_paint -all-info  ProgramVersion: 7.3.2  TimeStamp: 2026/03/09-00:20:31-GMT  BuildTime: Aug  4 2022 06:17:15  BuildStamp: freesurfer-linux-ubuntu22_x86_64-7.3.2-20220804-6354275  User: oesteban  Machine: dna019  Platform: Linux  PlatformVersion: 5.14.0-427.37.1.el9_4.x86_64  CompilerName: GCC  CompilerVersion: 8.4.0
ProgramName: mris_register  ProgramArguments: mris_register -all-info  ProgramVersion: 7.3.2  TimeStamp: 2026/03/09-00:20:31-GMT  BuildTime: Aug  4 2022 06:17:15  BuildStamp: freesurfer-linux-ubuntu22_x86_64-7.3.2-20220804-6354275  User: oesteban  Machine: dna019  Platform: Linux  PlatformVersion: 5.14.0-427.37.1.el9_4.x86_64  CompilerName: GCC  CompilerVersion: 8.4.0
ProgramName: mris_smooth  ProgramArguments: mris_smooth -all-info  ProgramVersion: 7.3.2  TimeStamp: 2026/03/09-00:20:31-GMT  BuildTime: Aug  4 2022 06:17:15  BuildStamp: freesurfer-linux-ubuntu22_x86_64-7.3.2-20220804-6354275  User: oesteban  Machine: dna019  Platform: Linux  PlatformVersion: 5.14.0-427.37.1.el9_4.x86_64  CompilerName: GCC  CompilerVersion: 8.4.0
ProgramName: mris_sphere  ProgramArguments: mris_sphere -all-info  ProgramVersion: 7.3.2  TimeStamp: 2026/03/09-00:20:31-GMT  BuildTime: Aug  4 2022 06:17:15  BuildStamp: freesurfer-linux-ubuntu22_x86_64-7.3.2-20220804-6354275  User: oesteban  Machine: dna019  Platform: Linux  PlatformVersion: 5.14.0-427.37.1.el9_4.x86_64  CompilerName: GCC  CompilerVersion: 8.4.0
ProgramName: mris_surface_stats  ProgramArguments: mris_surface_stats -all-info  ProgramVersion: 7.3.2  TimeStamp: 2026/03/09-00:20:31-GMT  BuildTime: Aug  4 2022 06:17:15  BuildStamp: freesurfer-linux-ubuntu22_x86_64-7.3.2-20220804-6354275  User: oesteban  Machine: dna019  Platform: Linux  PlatformVersion: 5.14.0-427.37.1.el9_4.x86_64  CompilerName: GCC  CompilerVersion: 8.4.0
ProgramName: mri_stats2seg  ProgramArguments: mri_stats2seg -all-info  ProgramVersion: 7.3.2  TimeStamp: 2026/03/09-00:20:31-GMT  BuildTime: Aug  4 2022 06:17:15  BuildStamp: freesurfer-linux-ubuntu22_x86_64-7.3.2-20220804-6354275  User: oesteban  Machine: dna019  Platform: Linux  PlatformVersion: 5.14.0-427.37.1.el9_4.x86_64  CompilerName: GCC  CompilerVersion: 8.4.0
ProgramName: mris_thickness  ProgramArguments: mris_thickness -all-info  ProgramVersion: 7.3.2  TimeStamp: 2026/03/09-00:20:31-GMT  BuildTime: Aug  4 2022 06:17:15  BuildStamp: freesurfer-linux-ubuntu22_x86_64-7.3.2-20220804-6354275  User: oesteban  Machine: dna019  Platform: Linux  PlatformVersion: 5.14.0-427.37.1.el9_4.x86_64  CompilerName: GCC  CompilerVersion: 8.4.0
ProgramName: mris_thickness_diff  ProgramArguments: mris_thickness_diff -all-info  ProgramVersion: 7.3.2  TimeStamp: 2026/03/09-00:20:31-GMT  BuildTime: Aug  4 2022 06:17:15  BuildStamp: freesurfer-linux-ubuntu22_x86_64-7.3.2-20220804-6354275  User: oesteban  Machine: dna019  Platform: Linux  PlatformVersion: 5.14.0-427.37.1.el9_4.x86_64  CompilerName: GCC  CompilerVersion: 8.4.0
ProgramName: mris_topo_fixer  ProgramArguments: mris_topo_fixer -all-info  ProgramVersion: 7.3.2  TimeStamp: 2026/03/09-00:20:31-GMT  BuildTime: Aug  4 2022 06:17:15  BuildStamp: freesurfer-linux-ubuntu22_x86_64-7.3.2-20220804-6354275  User: oesteban  Machine: dna019  Platform: Linux  PlatformVersion: 5.14.0-427.37.1.el9_4.x86_64  CompilerName: GCC  CompilerVersion: 8.4.0
ProgramName: mri_surf2surf  ProgramArguments: mri_surf2surf -all-info  ProgramVersion: 7.3.2  TimeStamp: 2026/03/09-00:20:31-GMT  BuildTime: Aug  4 2022 06:17:15  BuildStamp: freesurfer-linux-ubuntu22_x86_64-7.3.2-20220804-6354275  User: oesteban  Machine: dna019  Platform: Linux  PlatformVersion: 5.14.0-427.37.1.el9_4.x86_64  CompilerName: GCC  CompilerVersion: 8.4.0
ProgramName: mri_surf2vol  ProgramArguments: mri_surf2vol -all-info  ProgramVersion: 7.3.2  TimeStamp: 2026/03/09-00:20:31-GMT  BuildTime: Aug  4 2022 06:17:15  BuildStamp: freesurfer-linux-ubuntu22_x86_64-7.3.2-20220804-6354275  User: oesteban  Machine: dna019  Platform: Linux  PlatformVersion: 5.14.0-427.37.1.el9_4.x86_64  CompilerName: GCC  CompilerVersion: 8.4.0
ProgramName: mri_surfcluster  ProgramArguments: mri_surfcluster -all-info  ProgramVersion: 7.3.2  TimeStamp: 2026/03/09-00:20:31-GMT  BuildTime: Aug  4 2022 06:17:15  BuildStamp: freesurfer-linux-ubuntu22_x86_64-7.3.2-20220804-6354275  User: oesteban  Machine: dna019  Platform: Linux  PlatformVersion: 5.14.0-427.37.1.el9_4.x86_64  CompilerName: GCC  CompilerVersion: 8.4.0
ProgramName: mris_volmask  ProgramArguments: mris_volmask -all-info  ProgramVersion: 7.3.2  TimeStamp: 2026/03/09-00:20:31-GMT  BuildTime: Aug  4 2022 06:17:15  BuildStamp: freesurfer-linux-ubuntu22_x86_64-7.3.2-20220804-6354275  User: oesteban  Machine: dna019  Platform: Linux  PlatformVersion: 5.14.0-427.37.1.el9_4.x86_64  CompilerName: GCC  CompilerVersion: 8.4.0
ProgramName: mri_tessellate  ProgramArguments: mri_tessellate -all-info  ProgramVersion: 7.3.2  TimeStamp: 2026/03/09-00:20:31-GMT  BuildTime: Aug  4 2022 06:17:15  BuildStamp: freesurfer-linux-ubuntu22_x86_64-7.3.2-20220804-6354275  User: oesteban  Machine: dna019  Platform: Linux  PlatformVersion: 5.14.0-427.37.1.el9_4.x86_64  CompilerName: GCC  CompilerVersion: 8.4.0
ProgramName: mri_vol2surf  ProgramArguments: mri_vol2surf -all-info  ProgramVersion: 7.3.2  TimeStamp: 2026/03/09-00:20:31-GMT  BuildTime: Aug  4 2022 06:17:15  BuildStamp: freesurfer-linux-ubuntu22_x86_64-7.3.2-20220804-6354275  User: oesteban  Machine: dna019  Platform: Linux  PlatformVersion: 5.14.0-427.37.1.el9_4.x86_64  CompilerName: GCC  CompilerVersion: 8.4.0
ProgramName: mri_vol2vol  ProgramArguments: mri_vol2vol -all-info  ProgramVersion: 7.3.2  TimeStamp: 2026/03/09-00:20:31-GMT  BuildTime: Aug  4 2022 06:17:15  BuildStamp: freesurfer-linux-ubuntu22_x86_64-7.3.2-20220804-6354275  User: oesteban  Machine: dna019  Platform: Linux  PlatformVersion: 5.14.0-427.37.1.el9_4.x86_64  CompilerName: GCC  CompilerVersion: 8.4.0
ProgramName: mri_voldiff  ProgramArguments: mri_voldiff -all-info  ProgramVersion: 7.3.2  TimeStamp: 2026/03/09-00:20:31-GMT  BuildTime: Aug  4 2022 06:17:15  BuildStamp: freesurfer-linux-ubuntu22_x86_64-7.3.2-20220804-6354275  User: oesteban  Machine: dna019  Platform: Linux  PlatformVersion: 5.14.0-427.37.1.el9_4.x86_64  CompilerName: GCC  CompilerVersion: 8.4.0
ProgramName: mri_watershed  ProgramArguments: mri_watershed -all-info  ProgramVersion: 7.3.2  TimeStamp: 2026/03/09-00:20:31-GMT  BuildTime: Aug  4 2022 06:17:15  BuildStamp: freesurfer-linux-ubuntu22_x86_64-7.3.2-20220804-6354275  User: oesteban  Machine: dna019  Platform: Linux  PlatformVersion: 5.14.0-427.37.1.el9_4.x86_64  CompilerName: GCC  CompilerVersion: 8.4.0
ProgramName: tkregister2  ProgramArguments: tkregister2_cmdl -all-info  ProgramVersion: 7.3.2  TimeStamp: 2026/03/09-00:20:31-GMT  BuildTime: Aug  4 2022 06:17:15  BuildStamp: freesurfer-linux-ubuntu22_x86_64-7.3.2-20220804-6354275  User: oesteban  Machine: dna019  Platform: Linux  PlatformVersion: 5.14.0-427.37.1.el9_4.x86_64  CompilerName: GCC  CompilerVersion: 8.4.0
mri_motion_correct.fsl 7.3.2
mri_convert -all-info 
ProgramName: mri_convert  ProgramArguments: mri_convert -all-info  ProgramVersion: 7.3.2  TimeStamp: 2026/03/09-00:20:31-GMT  BuildTime: Aug  4 2022 06:17:15  BuildStamp: freesurfer-linux-ubuntu22_x86_64-7.3.2-20220804-6354275  User: oesteban  Machine: dna019  Platform: Linux  PlatformVersion: 5.14.0-427.37.1.el9_4.x86_64  CompilerName: GCC  CompilerVersion: 8.4.0
Program nu_correct, built from:
Package MNI N3, version 1.12.0, compiled by nicks@terrier (x86_64-unknown-linux-gnu) on 2015-06-19 at 01:25:34
#######################################
GCADIR /opt/freesurfer/average
GCA RB_all_2020-01-02.gca
GCASkull RB_all_withskull_2020_01_02.gca
AvgCurvTif folding.atlas.acfb40.noaparc.i12.2016-08-02.tif
GCSDIR /opt/freesurfer/average
GCS DKaparc.atlas.acfb40.noaparc.i12.2016-08-02.gcs
#######################################
#@# white curv lh Mon Mar  9 01:20:31 CET 2026
cd /out/sourcedata/freesurfer/sub-v1s16x0051173_ses-1/mri
mris_place_surface --curv-map ../surf/lh.white 2 10 ../surf/lh.curv
   Update not needed
#@# white area lh Mon Mar  9 01:20:31 CET 2026
cd /out/sourcedata/freesurfer/sub-v1s16x0051173_ses-1/mri
mris_place_surface --area-map ../surf/lh.white ../surf/lh.area
   Update not needed
#@# pial curv lh Mon Mar  9 01:20:31 CET 2026
cd /out/sourcedata/freesurfer/sub-v1s16x0051173_ses-1/mri
mris_place_surface --curv-map ../surf/lh.pial 2 10 ../surf/lh.curv.pial
   Update not needed
#@# pial area lh Mon Mar  9 01:20:31 CET 2026
cd /out/sourcedata/freesurfer/sub-v1s16x0051173_ses-1/mri
mris_place_surface --area-map ../surf/lh.pial ../surf/lh.area.pial
   Update not needed
#@# thickness lh Mon Mar  9 01:20:31 CET 2026
cd /out/sourcedata/freesurfer/sub-v1s16x0051173_ses-1/mri
mris_place_surface --thickness ../surf/lh.white ../surf/lh.pial 20 5 ../surf/lh.thickness
   Update not needed
#@# area and vertex vol lh Mon Mar  9 01:20:31 CET 2026
cd /out/sourcedata/freesurfer/sub-v1s16x0051173_ses-1/mri
mris_place_surface --thickness ../surf/lh.white ../surf/lh.pial 20 5 ../surf/lh.thickness
   Update not needed
#@# white curv rh Mon Mar  9 01:20:31 CET 2026
cd /out/sourcedata/freesurfer/sub-v1s16x0051173_ses-1/mri
mris_place_surface --curv-map ../surf/rh.white 2 10 ../surf/rh.curv
   Update not needed
#@# white area rh Mon Mar  9 01:20:31 CET 2026
cd /out/sourcedata/freesurfer/sub-v1s16x0051173_ses-1/mri
mris_place_surface --area-map ../surf/rh.white ../surf/rh.area
   Update not needed
#@# pial curv rh Mon Mar  9 01:20:31 CET 2026
cd /out/sourcedata/freesurfer/sub-v1s16x0051173_ses-1/mri
mris_place_surface --curv-map ../surf/rh.pial 2 10 ../surf/rh.curv.pial
   Update not needed
#@# pial area rh Mon Mar  9 01:20:31 CET 2026
cd /out/sourcedata/freesurfer/sub-v1s16x0051173_ses-1/mri
mris_place_surface --area-map ../surf/rh.pial ../surf/rh.area.pial
   Update not needed
#@# thickness rh Mon Mar  9 01:20:31 CET 2026
cd /out/sourcedata/freesurfer/sub-v1s16x0051173_ses-1/mri
mris_place_surface --thickness ../surf/rh.white ../surf/rh.pial 20 5 ../surf/rh.thickness
   Update not needed
#@# area and vertex vol rh Mon Mar  9 01:20:31 CET 2026
cd /out/sourcedata/freesurfer/sub-v1s16x0051173_ses-1/mri
mris_place_surface --thickness ../surf/rh.white ../surf/rh.pial 20 5 ../surf/rh.thickness
   Update not needed
#--------------------------------------------
#@# Cortical ribbon mask Mon Mar  9 01:20:31 CET 2026
/out/sourcedata/freesurfer/sub-v1s16x0051173_ses-1/mri

 mris_volmask --aseg_name aseg.presurf --label_left_white 2 --label_left_ribbon 3 --label_right_white 41 --label_right_ribbon 42 --save_ribbon sub-v1s16x0051173_ses-1 

SUBJECTS_DIR is /out/sourcedata/freesurfer
loading input data...
Running hemis serially
Processing left hemi
computing distance to left white surface 
computing distance to left pial surface 
Processing right hemi
computing distance to right white surface 
computing distance to right pial surface 
 hemi masks overlap voxels = 214
writing volume /out/sourcedata/freesurfer/sub-v1s16x0051173_ses-1/mri/ribbon.mgz
mris_volmask took 3.47 minutes
 writing ribbon files

Started at Mon Mar 9 01:20:31 CET 2026 
Ended   at Mon Mar 9 01:24:00 CET 2026
#@#%# recon-all-run-time-hours 0.058
recon-all -s sub-v1s16x0051173_ses-1 finished without error at Mon Mar  9 01:24:00 CET 2026



#New# invocation of recon-all 




Mon Mar  9 01:29:40 CET 2026
cd /out/sourcedata/freesurfer/sub-v1s16x0051173_ses-1
setenv SUBJECTS_DIR /out/sourcedata/freesurfer
/opt/freesurfer/bin/recon-all -autorecon3 -openmp 16 -subjid sub-v1s16x0051173_ses-1 -sd /out/sourcedata/freesurfer -nosphere -nosurfreg -nojacobian_white -noavgcurv -nocortparc -nopial -noparcstats -nocortparc2 -noparcstats2 -nocortparc3 -noparcstats3 -nopctsurfcon -nocortribbon -nobalabels

subjid sub-v1s16x0051173_ses-1
setenv SUBJECTS_DIR /out/sourcedata/freesurfer
FREESURFER_HOME /opt/freesurfer
Actual FREESURFER_HOME /opt/freesurfer
build-stamp.txt: freesurfer-linux-ubuntu22_x86_64-7.3.2-20220804-6354275
Linux dna019 5.14.0-427.37.1.el9_4.x86_64 #1 SMP PREEMPT_DYNAMIC Fri Sep 13 12:41:50 EDT 2024 x86_64 x86_64 x86_64 GNU/Linux
cputime      unlimited
filesize     unlimited
datasize     unlimited
stacksize    8192 kbytes
coredumpsize 0 kbytes
memoryuse    67108864 kbytes
vmemoryuse   unlimited
descriptors  1024 
memorylocked unlimited
maxproc      2061970 
maxlocks     unlimited
maxsignal    2061970 
maxmessage   819200 
maxnice      0 
maxrtprio    0 
maxrttime    unlimited

               total        used        free      shared  buff/cache   available
Mem:           503Gi        35Gi       447Gi       8.2Gi        20Gi       456Gi
Swap:             0B          0B          0B

########################################
program versions used
7.3.2 (freesurfer-linux-ubuntu22_x86_64-7.3.2-20220804-6354275)
7.3.2

ProgramName: lta_convert  ProgramArguments: lta_convert -all-info  ProgramVersion: 7.3.2  TimeStamp: 2026/03/09-00:29:40-GMT  BuildTime: Aug  4 2022 06:17:15  BuildStamp: freesurfer-linux-ubuntu22_x86_64-7.3.2-20220804-6354275  User: oesteban  Machine: dna019  Platform: Linux  PlatformVersion: 5.14.0-427.37.1.el9_4.x86_64  CompilerName: GCC  CompilerVersion: 8.4.0
ProgramName: mri_and  ProgramArguments: mri_and -all-info  ProgramVersion: 7.3.2  TimeStamp: 2026/03/09-00:29:40-GMT  BuildTime: Aug  4 2022 06:17:15  BuildStamp: freesurfer-linux-ubuntu22_x86_64-7.3.2-20220804-6354275  User: oesteban  Machine: dna019  Platform: Linux  PlatformVersion: 5.14.0-427.37.1.el9_4.x86_64  CompilerName: GCC  CompilerVersion: 8.4.0
ProgramName: mri_annotation2label  ProgramArguments: mri_annotation2label -all-info  ProgramVersion: 7.3.2  TimeStamp: 2026/03/09-00:29:40-GMT  BuildTime: Aug  4 2022 06:17:15  BuildStamp: freesurfer-linux-ubuntu22_x86_64-7.3.2-20220804-6354275  User: oesteban  Machine: dna019  Platform: Linux  PlatformVersion: 5.14.0-427.37.1.el9_4.x86_64  CompilerName: GCC  CompilerVersion: 8.4.0
ProgramName: mri_aparc2aseg  ProgramArguments: mri_aparc2aseg -all-info  ProgramVersion: 7.3.2  TimeStamp: 2026/03/09-00:29:40-GMT  BuildTime: Aug  4 2022 06:17:15  BuildStamp: freesurfer-linux-ubuntu22_x86_64-7.3.2-20220804-6354275  User: oesteban  Machine: dna019  Platform: Linux  PlatformVersion: 5.14.0-427.37.1.el9_4.x86_64  CompilerName: GCC  CompilerVersion: 8.4.0
ProgramName: mri_surf2volseg  ProgramArguments: mri_surf2volseg -all-info  ProgramVersion: 7.3.2  TimeStamp: 2026/03/09-00:29:40-GMT  BuildTime: Aug  4 2022 06:17:15  BuildStamp: freesurfer-linux-ubuntu22_x86_64-7.3.2-20220804-6354275  User: oesteban  Machine: dna019  Platform: Linux  PlatformVersion: 5.14.0-427.37.1.el9_4.x86_64  CompilerName: GCC  CompilerVersion: 8.4.0
ProgramName: mri_binarize  ProgramArguments: mri_binarize -all-info  ProgramVersion: 7.3.2  TimeStamp: 2026/03/09-00:29:40-GMT  BuildTime: Aug  4 2022 06:17:15  BuildStamp: freesurfer-linux-ubuntu22_x86_64-7.3.2-20220804-6354275  User: oesteban  Machine: dna019  Platform: Linux  PlatformVersion: 5.14.0-427.37.1.el9_4.x86_64  CompilerName: GCC  CompilerVersion: 8.4.0
ProgramName: mri_ca_label  ProgramArguments: mri_ca_label -all-info  ProgramVersion: 7.3.2  TimeStamp: 2026/03/09-00:29:40-GMT  BuildTime: Aug  4 2022 06:17:15  BuildStamp: freesurfer-linux-ubuntu22_x86_64-7.3.2-20220804-6354275  User: oesteban  Machine: dna019  Platform: Linux  PlatformVersion: 5.14.0-427.37.1.el9_4.x86_64  CompilerName: GCC  CompilerVersion: 8.4.0
ProgramName: mri_ca_normalize  ProgramArguments: mri_ca_normalize -all-info  ProgramVersion: 7.3.2  TimeStamp: 2026/03/09-00:29:40-GMT  BuildTime: Aug  4 2022 06:17:15  BuildStamp: freesurfer-linux-ubuntu22_x86_64-7.3.2-20220804-6354275  User: oesteban  Machine: dna019  Platform: Linux  PlatformVersion: 5.14.0-427.37.1.el9_4.x86_64  CompilerName: GCC  CompilerVersion: 8.4.0
ProgramName: mri_ca_register  ProgramArguments: mri_ca_register -all-info  ProgramVersion: 7.3.2  TimeStamp: 2026/03/09-00:29:40-GMT  BuildTime: Aug  4 2022 06:17:15  BuildStamp: freesurfer-linux-ubuntu22_x86_64-7.3.2-20220804-6354275  User: oesteban  Machine: dna019  Platform: Linux  PlatformVersion: 5.14.0-427.37.1.el9_4.x86_64  CompilerName: GCC  CompilerVersion: 8.4.0
ProgramName: mri_cc  ProgramArguments: mri_cc -all-info  ProgramVersion: 7.3.2  TimeStamp: 2026/03/09-00:29:40-GMT  BuildTime: Aug  4 2022 06:17:15  BuildStamp: freesurfer-linux-ubuntu22_x86_64-7.3.2-20220804-6354275  User: oesteban  Machine: dna019  Platform: Linux  PlatformVersion: 5.14.0-427.37.1.el9_4.x86_64  CompilerName: GCC  CompilerVersion: 8.4.0
ProgramName: mri_compute_overlap  ProgramArguments: mri_compute_overlap -all-info  ProgramVersion: 7.3.2  TimeStamp: 2026/03/09-00:29:40-GMT  BuildTime: Aug  4 2022 06:17:15  BuildStamp: freesurfer-linux-ubuntu22_x86_64-7.3.2-20220804-6354275  User: oesteban  Machine: dna019  Platform: Linux  PlatformVersion: 5.14.0-427.37.1.el9_4.x86_64  CompilerName: GCC  CompilerVersion: 8.4.0
ProgramName: mri_compute_seg_overlap  ProgramArguments: mri_compute_seg_overlap -all-info  ProgramVersion: 7.3.2  TimeStamp: 2026/03/09-00:29:40-GMT  BuildTime: Aug  4 2022 06:17:15  BuildStamp: freesurfer-linux-ubuntu22_x86_64-7.3.2-20220804-6354275  User: oesteban  Machine: dna019  Platform: Linux  PlatformVersion: 5.14.0-427.37.1.el9_4.x86_64  CompilerName: GCC  CompilerVersion: 8.4.0
ProgramName: mri_concat  ProgramArguments: mri_concat -all-info  ProgramVersion: 7.3.2  TimeStamp: 2026/03/09-00:29:40-GMT  BuildTime: Aug  4 2022 06:17:15  BuildStamp: freesurfer-linux-ubuntu22_x86_64-7.3.2-20220804-6354275  User: oesteban  Machine: dna019  Platform: Linux  PlatformVersion: 5.14.0-427.37.1.el9_4.x86_64  CompilerName: GCC  CompilerVersion: 8.4.0
ProgramName: mri_concatenate_lta  ProgramArguments: mri_concatenate_lta -all-info  ProgramVersion: 7.3.2  TimeStamp: 2026/03/09-00:29:40-GMT  BuildTime: Aug  4 2022 06:17:15  BuildStamp: freesurfer-linux-ubuntu22_x86_64-7.3.2-20220804-6354275  User: oesteban  Machine: dna019  Platform: Linux  PlatformVersion: 5.14.0-427.37.1.el9_4.x86_64  CompilerName: GCC  CompilerVersion: 8.4.0
mri_convert -all-info 
ProgramName: mri_convert  ProgramArguments: mri_convert -all-info  ProgramVersion: 7.3.2  TimeStamp: 2026/03/09-00:29:40-GMT  BuildTime: Aug  4 2022 06:17:15  BuildStamp: freesurfer-linux-ubuntu22_x86_64-7.3.2-20220804-6354275  User: oesteban  Machine: dna019  Platform: Linux  PlatformVersion: 5.14.0-427.37.1.el9_4.x86_64  CompilerName: GCC  CompilerVersion: 8.4.0
ProgramName: mri_diff  ProgramArguments: mri_diff -all-info  ProgramVersion: 7.3.2  TimeStamp: 2026/03/09-00:29:40-GMT  BuildTime: Aug  4 2022 06:17:15  BuildStamp: freesurfer-linux-ubuntu22_x86_64-7.3.2-20220804-6354275  User: oesteban  Machine: dna019  Platform: Linux  PlatformVersion: 5.14.0-427.37.1.el9_4.x86_64  CompilerName: GCC  CompilerVersion: 8.4.0
ProgramName: mri_edit_wm_with_aseg  ProgramArguments: mri_edit_wm_with_aseg -all-info  ProgramVersion: 7.3.2  TimeStamp: 2026/03/09-00:29:40-GMT  BuildTime: Aug  4 2022 06:17:15  BuildStamp: freesurfer-linux-ubuntu22_x86_64-7.3.2-20220804-6354275  User: oesteban  Machine: dna019  Platform: Linux  PlatformVersion: 5.14.0-427.37.1.el9_4.x86_64  CompilerName: GCC  CompilerVersion: 8.4.0
ProgramName: mri_em_register  ProgramArguments: mri_em_register -all-info  ProgramVersion: 7.3.2  TimeStamp: 2026/03/09-00:29:40-GMT  BuildTime: Aug  4 2022 06:17:15  BuildStamp: freesurfer-linux-ubuntu22_x86_64-7.3.2-20220804-6354275  User: oesteban  Machine: dna019  Platform: Linux  PlatformVersion: 5.14.0-427.37.1.el9_4.x86_64  CompilerName: GCC  CompilerVersion: 8.4.0
ProgramName: mri_fill  ProgramArguments: mri_fill -all-info  ProgramVersion: 7.3.2  TimeStamp: 2026/03/09-00:29:40-GMT  BuildTime: Aug  4 2022 06:17:15  BuildStamp: freesurfer-linux-ubuntu22_x86_64-7.3.2-20220804-6354275  User: oesteban  Machine: dna019  Platform: Linux  PlatformVersion: 5.14.0-427.37.1.el9_4.x86_64  CompilerName: GCC  CompilerVersion: 8.4.0
ProgramName: mri_fuse_segmentations  ProgramArguments: mri_fuse_segmentations -all-info  ProgramVersion: 7.3.2  TimeStamp: 2026/03/09-00:29:40-GMT  BuildTime: Aug  4 2022 06:17:15  BuildStamp: freesurfer-linux-ubuntu22_x86_64-7.3.2-20220804-6354275  User: oesteban  Machine: dna019  Platform: Linux  PlatformVersion: 5.14.0-427.37.1.el9_4.x86_64  CompilerName: GCC  CompilerVersion: 8.4.0
ProgramName: mri_fwhm  ProgramArguments: mri_fwhm -all-info  ProgramVersion: 7.3.2  TimeStamp: 2026/03/09-00:29:40-GMT  BuildTime: Aug  4 2022 06:17:15  BuildStamp: freesurfer-linux-ubuntu22_x86_64-7.3.2-20220804-6354275  User: oesteban  Machine: dna019  Platform: Linux  PlatformVersion: 5.14.0-427.37.1.el9_4.x86_64  CompilerName: GCC  CompilerVersion: 8.4.0
ProgramName: mri_gcut  ProgramArguments: mri_gcut -all-info  ProgramVersion: 7.3.2  TimeStamp: 2026/03/09-00:29:40-GMT  BuildTime: Aug  4 2022 06:17:15  BuildStamp: freesurfer-linux-ubuntu22_x86_64-7.3.2-20220804-6354275  User: oesteban  Machine: dna019  Platform: Linux  PlatformVersion: 5.14.0-427.37.1.el9_4.x86_64  CompilerName: GCC  CompilerVersion: 8.4.0
ProgramName: mri_info  ProgramArguments: mri_info -all-info  ProgramVersion: 7.3.2  TimeStamp: 2026/03/09-00:29:40-GMT  BuildTime: Aug  4 2022 06:17:15  BuildStamp: freesurfer-linux-ubuntu22_x86_64-7.3.2-20220804-6354275  User: oesteban  Machine: dna019  Platform: Linux  PlatformVersion: 5.14.0-427.37.1.el9_4.x86_64  CompilerName: GCC  CompilerVersion: 8.4.0
ProgramName: mri_label2label  ProgramArguments: mri_label2label -all-info  ProgramVersion: 7.3.2  TimeStamp: 2026/03/09-00:29:40-GMT  BuildTime: Aug  4 2022 06:17:15  BuildStamp: freesurfer-linux-ubuntu22_x86_64-7.3.2-20220804-6354275  User: oesteban  Machine: dna019  Platform: Linux  PlatformVersion: 5.14.0-427.37.1.el9_4.x86_64  CompilerName: GCC  CompilerVersion: 8.4.0
ProgramName: mri_label2vol  ProgramArguments: mri_label2vol -all-info  ProgramVersion: 7.3.2  TimeStamp: 2026/03/09-00:29:40-GMT  BuildTime: Aug  4 2022 06:17:15  BuildStamp: freesurfer-linux-ubuntu22_x86_64-7.3.2-20220804-6354275  User: oesteban  Machine: dna019  Platform: Linux  PlatformVersion: 5.14.0-427.37.1.el9_4.x86_64  CompilerName: GCC  CompilerVersion: 8.4.0
ProgramName: mri_log_likelihood  ProgramArguments: mri_log_likelihood -all-info  ProgramVersion: 7.3.2  TimeStamp: 2026/03/09-00:29:40-GMT  BuildTime: Aug  4 2022 06:17:15  BuildStamp: freesurfer-linux-ubuntu22_x86_64-7.3.2-20220804-6354275  User: oesteban  Machine: dna019  Platform: Linux  PlatformVersion: 5.14.0-427.37.1.el9_4.x86_64  CompilerName: GCC  CompilerVersion: 8.4.0
ProgramName: mri_mask  ProgramArguments: mri_mask -all-info  ProgramVersion: 7.3.2  TimeStamp: 2026/03/09-00:29:40-GMT  BuildTime: Aug  4 2022 06:17:15  BuildStamp: freesurfer-linux-ubuntu22_x86_64-7.3.2-20220804-6354275  User: oesteban  Machine: dna019  Platform: Linux  PlatformVersion: 5.14.0-427.37.1.el9_4.x86_64  CompilerName: GCC  CompilerVersion: 8.4.0
ProgramName: mri_matrix_multiply  ProgramArguments: mri_matrix_multiply -all-info  ProgramVersion: 7.3.2  TimeStamp: 2026/03/09-00:29:40-GMT  BuildTime: Aug  4 2022 06:17:15  BuildStamp: freesurfer-linux-ubuntu22_x86_64-7.3.2-20220804-6354275  User: oesteban  Machine: dna019  Platform: Linux  PlatformVersion: 5.14.0-427.37.1.el9_4.x86_64  CompilerName: GCC  CompilerVersion: 8.4.0
ProgramName: mri_normalize  ProgramArguments: mri_normalize -all-info  ProgramVersion: 7.3.2  TimeStamp: 2026/03/09-00:29:40-GMT  BuildTime: Aug  4 2022 06:17:15  BuildStamp: freesurfer-linux-ubuntu22_x86_64-7.3.2-20220804-6354275  User: oesteban  Machine: dna019  Platform: Linux  PlatformVersion: 5.14.0-427.37.1.el9_4.x86_64  CompilerName: GCC  CompilerVersion: 8.4.0
ProgramName: mri_normalize_tp2  ProgramArguments: mri_normalize_tp2 -all-info  ProgramVersion: 7.3.2  TimeStamp: 2026/03/09-00:29:40-GMT  BuildTime: Aug  4 2022 06:17:15  BuildStamp: freesurfer-linux-ubuntu22_x86_64-7.3.2-20220804-6354275  User: oesteban  Machine: dna019  Platform: Linux  PlatformVersion: 5.14.0-427.37.1.el9_4.x86_64  CompilerName: GCC  CompilerVersion: 8.4.0
ProgramName: mri_or  ProgramArguments: mri_or -all-info  ProgramVersion: 7.3.2  TimeStamp: 2026/03/09-00:29:40-GMT  BuildTime: Aug  4 2022 06:17:15  BuildStamp: freesurfer-linux-ubuntu22_x86_64-7.3.2-20220804-6354275  User: oesteban  Machine: dna019  Platform: Linux  PlatformVersion: 5.14.0-427.37.1.el9_4.x86_64  CompilerName: GCC  CompilerVersion: 8.4.0
ProgramName: mri_relabel_hypointensities  ProgramArguments: mri_relabel_hypointensities -all-info  ProgramVersion: 7.3.2  TimeStamp: 2026/03/09-00:29:40-GMT  BuildTime: Aug  4 2022 06:17:15  BuildStamp: freesurfer-linux-ubuntu22_x86_64-7.3.2-20220804-6354275  User: oesteban  Machine: dna019  Platform: Linux  PlatformVersion: 5.14.0-427.37.1.el9_4.x86_64  CompilerName: GCC  CompilerVersion: 8.4.0
ProgramName: mri_relabel_nonwm_hypos  ProgramArguments: mri_relabel_nonwm_hypos -all-info  ProgramVersion: 7.3.2  TimeStamp: 2026/03/09-00:29:40-GMT  BuildTime: Aug  4 2022 06:17:15  BuildStamp: freesurfer-linux-ubuntu22_x86_64-7.3.2-20220804-6354275  User: oesteban  Machine: dna019  Platform: Linux  PlatformVersion: 5.14.0-427.37.1.el9_4.x86_64  CompilerName: GCC  CompilerVersion: 8.4.0
ProgramName: mri_remove_neck  ProgramArguments: mri_remove_neck -all-info  ProgramVersion: 7.3.2  TimeStamp: 2026/03/09-00:29:40-GMT  BuildTime: Aug  4 2022 06:17:15  BuildStamp: freesurfer-linux-ubuntu22_x86_64-7.3.2-20220804-6354275  User: oesteban  Machine: dna019  Platform: Linux  PlatformVersion: 5.14.0-427.37.1.el9_4.x86_64  CompilerName: GCC  CompilerVersion: 8.4.0
7.3.2

ProgramName: mri_robust_register  ProgramArguments: mri_robust_register -all-info  ProgramVersion: 7.3.2  TimeStamp: 2026/03/09-00:29:40-GMT  BuildTime: Aug  4 2022 06:17:15  BuildStamp: freesurfer-linux-ubuntu22_x86_64-7.3.2-20220804-6354275  User: oesteban  Machine: dna019  Platform: Linux  PlatformVersion: 5.14.0-427.37.1.el9_4.x86_64  CompilerName: GCC  CompilerVersion: 8.4.0
7.3.2

ProgramName: mri_robust_template  ProgramArguments: mri_robust_template -all-info  ProgramVersion: 7.3.2  TimeStamp: 2026/03/09-00:29:40-GMT  BuildTime: Aug  4 2022 06:17:15  BuildStamp: freesurfer-linux-ubuntu22_x86_64-7.3.2-20220804-6354275  User: oesteban  Machine: dna019  Platform: Linux  PlatformVersion: 5.14.0-427.37.1.el9_4.x86_64  CompilerName: GCC  CompilerVersion: 8.4.0
ProgramName: mris_anatomical_stats  ProgramArguments: mris_anatomical_stats -all-info  ProgramVersion: 7.3.2  TimeStamp: 2026/03/09-00:29:40-GMT  BuildTime: Aug  4 2022 06:17:15  BuildStamp: freesurfer-linux-ubuntu22_x86_64-7.3.2-20220804-6354275  User: oesteban  Machine: dna019  Platform: Linux  PlatformVersion: 5.14.0-427.37.1.el9_4.x86_64  CompilerName: GCC  CompilerVersion: 8.4.0
ProgramName: mris_ca_label  ProgramArguments: mris_ca_label -all-info  ProgramVersion: 7.3.2  TimeStamp: 2026/03/09-00:29:40-GMT  BuildTime: Aug  4 2022 06:17:15  BuildStamp: freesurfer-linux-ubuntu22_x86_64-7.3.2-20220804-6354275  User: oesteban  Machine: dna019  Platform: Linux  PlatformVersion: 5.14.0-427.37.1.el9_4.x86_64  CompilerName: GCC  CompilerVersion: 8.4.0
ProgramName: mris_calc  ProgramArguments: mris_calc -all-info  ProgramVersion: 7.3.2  TimeStamp: 2026/03/09-00:29:40-GMT  BuildTime: Aug  4 2022 06:17:15  BuildStamp: freesurfer-linux-ubuntu22_x86_64-7.3.2-20220804-6354275  User: oesteban  Machine: dna019  Platform: Linux  PlatformVersion: 5.14.0-427.37.1.el9_4.x86_64  CompilerName: GCC  CompilerVersion: 8.4.0
ProgramName: mris_convert  ProgramArguments: mris_convert -all-info  ProgramVersion: 7.3.2  TimeStamp: 2026/03/09-00:29:40-GMT  BuildTime: Aug  4 2022 06:17:15  BuildStamp: freesurfer-linux-ubuntu22_x86_64-7.3.2-20220804-6354275  User: oesteban  Machine: dna019  Platform: Linux  PlatformVersion: 5.14.0-427.37.1.el9_4.x86_64  CompilerName: GCC  CompilerVersion: 8.4.0
ProgramName: mris_curvature  ProgramArguments: mris_curvature -all-info  ProgramVersion: 7.3.2  TimeStamp: 2026/03/09-00:29:40-GMT  BuildTime: Aug  4 2022 06:17:15  BuildStamp: freesurfer-linux-ubuntu22_x86_64-7.3.2-20220804-6354275  User: oesteban  Machine: dna019  Platform: Linux  PlatformVersion: 5.14.0-427.37.1.el9_4.x86_64  CompilerName: GCC  CompilerVersion: 8.4.0
ProgramName: mris_curvature_stats  ProgramArguments: mris_curvature_stats -all-info  ProgramVersion: 7.3.2  TimeStamp: 2026/03/09-00:29:40-GMT  BuildTime: Aug  4 2022 06:17:15  BuildStamp: freesurfer-linux-ubuntu22_x86_64-7.3.2-20220804-6354275  User: oesteban  Machine: dna019  Platform: Linux  PlatformVersion: 5.14.0-427.37.1.el9_4.x86_64  CompilerName: GCC  CompilerVersion: 8.4.0
ProgramName: mris_diff  ProgramArguments: mris_diff -all-info  ProgramVersion: 7.3.2  TimeStamp: 2026/03/09-00:29:40-GMT  BuildTime: Aug  4 2022 06:17:15  BuildStamp: freesurfer-linux-ubuntu22_x86_64-7.3.2-20220804-6354275  User: oesteban  Machine: dna019  Platform: Linux  PlatformVersion: 5.14.0-427.37.1.el9_4.x86_64  CompilerName: GCC  CompilerVersion: 8.4.0
ProgramName: mris_divide_parcellation  ProgramArguments: mris_divide_parcellation -all-info  ProgramVersion: 7.3.2  TimeStamp: 2026/03/09-00:29:40-GMT  BuildTime: Aug  4 2022 06:17:15  BuildStamp: freesurfer-linux-ubuntu22_x86_64-7.3.2-20220804-6354275  User: oesteban  Machine: dna019  Platform: Linux  PlatformVersion: 5.14.0-427.37.1.el9_4.x86_64  CompilerName: GCC  CompilerVersion: 8.4.0
ProgramName: mri_segment  ProgramArguments: mri_segment -all-info  ProgramVersion: 7.3.2  TimeStamp: 2026/03/09-00:29:40-GMT  BuildTime: Aug  4 2022 06:17:15  BuildStamp: freesurfer-linux-ubuntu22_x86_64-7.3.2-20220804-6354275  User: oesteban  Machine: dna019  Platform: Linux  PlatformVersion: 5.14.0-427.37.1.el9_4.x86_64  CompilerName: GCC  CompilerVersion: 8.4.0
ProgramName: mri_segstats  ProgramArguments: mri_segstats -all-info  ProgramVersion: 7.3.2  TimeStamp: 2026/03/09-00:29:40-GMT  BuildTime: Aug  4 2022 06:17:15  BuildStamp: freesurfer-linux-ubuntu22_x86_64-7.3.2-20220804-6354275  User: oesteban  Machine: dna019  Platform: Linux  PlatformVersion: 5.14.0-427.37.1.el9_4.x86_64  CompilerName: GCC  CompilerVersion: 8.4.0
ProgramName: mris_euler_number  ProgramArguments: mris_euler_number -all-info  ProgramVersion: 7.3.2  TimeStamp: 2026/03/09-00:29:40-GMT  BuildTime: Aug  4 2022 06:17:15  BuildStamp: freesurfer-linux-ubuntu22_x86_64-7.3.2-20220804-6354275  User: oesteban  Machine: dna019  Platform: Linux  PlatformVersion: 5.14.0-427.37.1.el9_4.x86_64  CompilerName: GCC  CompilerVersion: 8.4.0
ProgramName: mris_fix_topology  ProgramArguments: mris_fix_topology -all-info  ProgramVersion: 7.3.2  TimeStamp: 2026/03/09-00:29:40-GMT  BuildTime: Aug  4 2022 06:17:15  BuildStamp: freesurfer-linux-ubuntu22_x86_64-7.3.2-20220804-6354275  User: oesteban  Machine: dna019  Platform: Linux  PlatformVersion: 5.14.0-427.37.1.el9_4.x86_64  CompilerName: GCC  CompilerVersion: 8.4.0
ProgramName: mris_topo_fixer  ProgramArguments: mris_topo_fixer -all-info  ProgramVersion: 7.3.2  TimeStamp: 2026/03/09-00:29:40-GMT  BuildTime: Aug  4 2022 06:17:15  BuildStamp: freesurfer-linux-ubuntu22_x86_64-7.3.2-20220804-6354275  User: oesteban  Machine: dna019  Platform: Linux  PlatformVersion: 5.14.0-427.37.1.el9_4.x86_64  CompilerName: GCC  CompilerVersion: 8.4.0
ProgramName: mris_jacobian  ProgramArguments: mris_jacobian -all-info  ProgramVersion: 7.3.2  TimeStamp: 2026/03/09-00:29:40-GMT  BuildTime: Aug  4 2022 06:17:15  BuildStamp: freesurfer-linux-ubuntu22_x86_64-7.3.2-20220804-6354275  User: oesteban  Machine: dna019  Platform: Linux  PlatformVersion: 5.14.0-427.37.1.el9_4.x86_64  CompilerName: GCC  CompilerVersion: 8.4.0
ProgramName: mris_label2annot  ProgramArguments: mris_label2annot -all-info  ProgramVersion: 7.3.2  TimeStamp: 2026/03/09-00:29:40-GMT  BuildTime: Aug  4 2022 06:17:15  BuildStamp: freesurfer-linux-ubuntu22_x86_64-7.3.2-20220804-6354275  User: oesteban  Machine: dna019  Platform: Linux  PlatformVersion: 5.14.0-427.37.1.el9_4.x86_64  CompilerName: GCC  CompilerVersion: 8.4.0
ProgramName: mris_left_right_register  ProgramArguments: mris_left_right_register -all-info  ProgramVersion: 7.3.2  TimeStamp: 2026/03/09-00:29:40-GMT  BuildTime: Aug  4 2022 06:17:15  BuildStamp: freesurfer-linux-ubuntu22_x86_64-7.3.2-20220804-6354275  User: oesteban  Machine: dna019  Platform: Linux  PlatformVersion: 5.14.0-427.37.1.el9_4.x86_64  CompilerName: GCC  CompilerVersion: 8.4.0
ProgramName: mris_place_surface  ProgramArguments: mris_place_surface -all-info  ProgramVersion: 7.3.2  TimeStamp: 2026/03/09-00:29:40-GMT  BuildTime: Aug  4 2022 06:17:15  BuildStamp: freesurfer-linux-ubuntu22_x86_64-7.3.2-20220804-6354275  User: oesteban  Machine: dna019  Platform: Linux  PlatformVersion: 5.14.0-427.37.1.el9_4.x86_64  CompilerName: GCC  CompilerVersion: 8.4.0
ProgramName: mrisp_paint  ProgramArguments: mrisp_paint -all-info  ProgramVersion: 7.3.2  TimeStamp: 2026/03/09-00:29:40-GMT  BuildTime: Aug  4 2022 06:17:15  BuildStamp: freesurfer-linux-ubuntu22_x86_64-7.3.2-20220804-6354275  User: oesteban  Machine: dna019  Platform: Linux  PlatformVersion: 5.14.0-427.37.1.el9_4.x86_64  CompilerName: GCC  CompilerVersion: 8.4.0
ProgramName: mris_register  ProgramArguments: mris_register -all-info  ProgramVersion: 7.3.2  TimeStamp: 2026/03/09-00:29:40-GMT  BuildTime: Aug  4 2022 06:17:15  BuildStamp: freesurfer-linux-ubuntu22_x86_64-7.3.2-20220804-6354275  User: oesteban  Machine: dna019  Platform: Linux  PlatformVersion: 5.14.0-427.37.1.el9_4.x86_64  CompilerName: GCC  CompilerVersion: 8.4.0
ProgramName: mris_smooth  ProgramArguments: mris_smooth -all-info  ProgramVersion: 7.3.2  TimeStamp: 2026/03/09-00:29:40-GMT  BuildTime: Aug  4 2022 06:17:15  BuildStamp: freesurfer-linux-ubuntu22_x86_64-7.3.2-20220804-6354275  User: oesteban  Machine: dna019  Platform: Linux  PlatformVersion: 5.14.0-427.37.1.el9_4.x86_64  CompilerName: GCC  CompilerVersion: 8.4.0
ProgramName: mris_sphere  ProgramArguments: mris_sphere -all-info  ProgramVersion: 7.3.2  TimeStamp: 2026/03/09-00:29:40-GMT  BuildTime: Aug  4 2022 06:17:15  BuildStamp: freesurfer-linux-ubuntu22_x86_64-7.3.2-20220804-6354275  User: oesteban  Machine: dna019  Platform: Linux  PlatformVersion: 5.14.0-427.37.1.el9_4.x86_64  CompilerName: GCC  CompilerVersion: 8.4.0
ProgramName: mris_surface_stats  ProgramArguments: mris_surface_stats -all-info  ProgramVersion: 7.3.2  TimeStamp: 2026/03/09-00:29:40-GMT  BuildTime: Aug  4 2022 06:17:15  BuildStamp: freesurfer-linux-ubuntu22_x86_64-7.3.2-20220804-6354275  User: oesteban  Machine: dna019  Platform: Linux  PlatformVersion: 5.14.0-427.37.1.el9_4.x86_64  CompilerName: GCC  CompilerVersion: 8.4.0
ProgramName: mri_stats2seg  ProgramArguments: mri_stats2seg -all-info  ProgramVersion: 7.3.2  TimeStamp: 2026/03/09-00:29:40-GMT  BuildTime: Aug  4 2022 06:17:15  BuildStamp: freesurfer-linux-ubuntu22_x86_64-7.3.2-20220804-6354275  User: oesteban  Machine: dna019  Platform: Linux  PlatformVersion: 5.14.0-427.37.1.el9_4.x86_64  CompilerName: GCC  CompilerVersion: 8.4.0
ProgramName: mris_thickness  ProgramArguments: mris_thickness -all-info  ProgramVersion: 7.3.2  TimeStamp: 2026/03/09-00:29:40-GMT  BuildTime: Aug  4 2022 06:17:15  BuildStamp: freesurfer-linux-ubuntu22_x86_64-7.3.2-20220804-6354275  User: oesteban  Machine: dna019  Platform: Linux  PlatformVersion: 5.14.0-427.37.1.el9_4.x86_64  CompilerName: GCC  CompilerVersion: 8.4.0
ProgramName: mris_thickness_diff  ProgramArguments: mris_thickness_diff -all-info  ProgramVersion: 7.3.2  TimeStamp: 2026/03/09-00:29:40-GMT  BuildTime: Aug  4 2022 06:17:15  BuildStamp: freesurfer-linux-ubuntu22_x86_64-7.3.2-20220804-6354275  User: oesteban  Machine: dna019  Platform: Linux  PlatformVersion: 5.14.0-427.37.1.el9_4.x86_64  CompilerName: GCC  CompilerVersion: 8.4.0
ProgramName: mris_topo_fixer  ProgramArguments: mris_topo_fixer -all-info  ProgramVersion: 7.3.2  TimeStamp: 2026/03/09-00:29:40-GMT  BuildTime: Aug  4 2022 06:17:15  BuildStamp: freesurfer-linux-ubuntu22_x86_64-7.3.2-20220804-6354275  User: oesteban  Machine: dna019  Platform: Linux  PlatformVersion: 5.14.0-427.37.1.el9_4.x86_64  CompilerName: GCC  CompilerVersion: 8.4.0
ProgramName: mri_surf2surf  ProgramArguments: mri_surf2surf -all-info  ProgramVersion: 7.3.2  TimeStamp: 2026/03/09-00:29:40-GMT  BuildTime: Aug  4 2022 06:17:15  BuildStamp: freesurfer-linux-ubuntu22_x86_64-7.3.2-20220804-6354275  User: oesteban  Machine: dna019  Platform: Linux  PlatformVersion: 5.14.0-427.37.1.el9_4.x86_64  CompilerName: GCC  CompilerVersion: 8.4.0
ProgramName: mri_surf2vol  ProgramArguments: mri_surf2vol -all-info  ProgramVersion: 7.3.2  TimeStamp: 2026/03/09-00:29:40-GMT  BuildTime: Aug  4 2022 06:17:15  BuildStamp: freesurfer-linux-ubuntu22_x86_64-7.3.2-20220804-6354275  User: oesteban  Machine: dna019  Platform: Linux  PlatformVersion: 5.14.0-427.37.1.el9_4.x86_64  CompilerName: GCC  CompilerVersion: 8.4.0
ProgramName: mri_surfcluster  ProgramArguments: mri_surfcluster -all-info  ProgramVersion: 7.3.2  TimeStamp: 2026/03/09-00:29:40-GMT  BuildTime: Aug  4 2022 06:17:15  BuildStamp: freesurfer-linux-ubuntu22_x86_64-7.3.2-20220804-6354275  User: oesteban  Machine: dna019  Platform: Linux  PlatformVersion: 5.14.0-427.37.1.el9_4.x86_64  CompilerName: GCC  CompilerVersion: 8.4.0
ProgramName: mris_volmask  ProgramArguments: mris_volmask -all-info  ProgramVersion: 7.3.2  TimeStamp: 2026/03/09-00:29:40-GMT  BuildTime: Aug  4 2022 06:17:15  BuildStamp: freesurfer-linux-ubuntu22_x86_64-7.3.2-20220804-6354275  User: oesteban  Machine: dna019  Platform: Linux  PlatformVersion: 5.14.0-427.37.1.el9_4.x86_64  CompilerName: GCC  CompilerVersion: 8.4.0
ProgramName: mri_tessellate  ProgramArguments: mri_tessellate -all-info  ProgramVersion: 7.3.2  TimeStamp: 2026/03/09-00:29:40-GMT  BuildTime: Aug  4 2022 06:17:15  BuildStamp: freesurfer-linux-ubuntu22_x86_64-7.3.2-20220804-6354275  User: oesteban  Machine: dna019  Platform: Linux  PlatformVersion: 5.14.0-427.37.1.el9_4.x86_64  CompilerName: GCC  CompilerVersion: 8.4.0
ProgramName: mri_vol2surf  ProgramArguments: mri_vol2surf -all-info  ProgramVersion: 7.3.2  TimeStamp: 2026/03/09-00:29:40-GMT  BuildTime: Aug  4 2022 06:17:15  BuildStamp: freesurfer-linux-ubuntu22_x86_64-7.3.2-20220804-6354275  User: oesteban  Machine: dna019  Platform: Linux  PlatformVersion: 5.14.0-427.37.1.el9_4.x86_64  CompilerName: GCC  CompilerVersion: 8.4.0
ProgramName: mri_vol2vol  ProgramArguments: mri_vol2vol -all-info  ProgramVersion: 7.3.2  TimeStamp: 2026/03/09-00:29:40-GMT  BuildTime: Aug  4 2022 06:17:15  BuildStamp: freesurfer-linux-ubuntu22_x86_64-7.3.2-20220804-6354275  User: oesteban  Machine: dna019  Platform: Linux  PlatformVersion: 5.14.0-427.37.1.el9_4.x86_64  CompilerName: GCC  CompilerVersion: 8.4.0
ProgramName: mri_voldiff  ProgramArguments: mri_voldiff -all-info  ProgramVersion: 7.3.2  TimeStamp: 2026/03/09-00:29:40-GMT  BuildTime: Aug  4 2022 06:17:15  BuildStamp: freesurfer-linux-ubuntu22_x86_64-7.3.2-20220804-6354275  User: oesteban  Machine: dna019  Platform: Linux  PlatformVersion: 5.14.0-427.37.1.el9_4.x86_64  CompilerName: GCC  CompilerVersion: 8.4.0
ProgramName: mri_watershed  ProgramArguments: mri_watershed -all-info  ProgramVersion: 7.3.2  TimeStamp: 2026/03/09-00:29:40-GMT  BuildTime: Aug  4 2022 06:17:15  BuildStamp: freesurfer-linux-ubuntu22_x86_64-7.3.2-20220804-6354275  User: oesteban  Machine: dna019  Platform: Linux  PlatformVersion: 5.14.0-427.37.1.el9_4.x86_64  CompilerName: GCC  CompilerVersion: 8.4.0
ProgramName: tkregister2  ProgramArguments: tkregister2_cmdl -all-info  ProgramVersion: 7.3.2  TimeStamp: 2026/03/09-00:29:40-GMT  BuildTime: Aug  4 2022 06:17:15  BuildStamp: freesurfer-linux-ubuntu22_x86_64-7.3.2-20220804-6354275  User: oesteban  Machine: dna019  Platform: Linux  PlatformVersion: 5.14.0-427.37.1.el9_4.x86_64  CompilerName: GCC  CompilerVersion: 8.4.0
mri_motion_correct.fsl 7.3.2
mri_convert -all-info 
ProgramName: mri_convert  ProgramArguments: mri_convert -all-info  ProgramVersion: 7.3.2  TimeStamp: 2026/03/09-00:29:40-GMT  BuildTime: Aug  4 2022 06:17:15  BuildStamp: freesurfer-linux-ubuntu22_x86_64-7.3.2-20220804-6354275  User: oesteban  Machine: dna019  Platform: Linux  PlatformVersion: 5.14.0-427.37.1.el9_4.x86_64  CompilerName: GCC  CompilerVersion: 8.4.0
Program nu_correct, built from:
Package MNI N3, version 1.12.0, compiled by nicks@terrier (x86_64-unknown-linux-gnu) on 2015-06-19 at 01:25:34
#######################################
GCADIR /opt/freesurfer/average
GCA RB_all_2020-01-02.gca
GCASkull RB_all_withskull_2020_01_02.gca
AvgCurvTif folding.atlas.acfb40.noaparc.i12.2016-08-02.tif
GCSDIR /opt/freesurfer/average
GCS DKaparc.atlas.acfb40.noaparc.i12.2016-08-02.gcs
#######################################
#--------------------------------------------
#@# WhiteSurfs lh Mon Mar  9 01:29:40 CET 2026
cd /out/sourcedata/freesurfer/sub-v1s16x0051173_ses-1/mri
mris_place_surface --adgws-in ../surf/autodet.gw.stats.lh.dat --seg aseg.presurf.mgz --threads 16 --wm wm.mgz --invol brain.finalsurfs.mgz --lh --i ../surf/lh.white.preaparc --o ../surf/lh.white --white --nsmooth 0 --rip-label ../label/lh.cortex.label --rip-bg --rip-surf ../surf/lh.white.preaparc --aparc ../label/lh.aparc.annot
   Update not needed
#--------------------------------------------
#@# WhiteSurfs rh Mon Mar  9 01:29:40 CET 2026
cd /out/sourcedata/freesurfer/sub-v1s16x0051173_ses-1/mri
mris_place_surface --adgws-in ../surf/autodet.gw.stats.rh.dat --seg aseg.presurf.mgz --threads 16 --wm wm.mgz --invol brain.finalsurfs.mgz --rh --i ../surf/rh.white.preaparc --o ../surf/rh.white --white --nsmooth 0 --rip-label ../label/rh.cortex.label --rip-bg --rip-surf ../surf/rh.white.preaparc --aparc ../label/rh.aparc.annot
   Update not needed
#@# white curv lh Mon Mar  9 01:29:40 CET 2026
cd /out/sourcedata/freesurfer/sub-v1s16x0051173_ses-1/mri
mris_place_surface --curv-map ../surf/lh.white 2 10 ../surf/lh.curv
   Update not needed
#@# white area lh Mon Mar  9 01:29:40 CET 2026
cd /out/sourcedata/freesurfer/sub-v1s16x0051173_ses-1/mri
mris_place_surface --area-map ../surf/lh.white ../surf/lh.area
   Update not needed
#@# pial curv lh Mon Mar  9 01:29:40 CET 2026
cd /out/sourcedata/freesurfer/sub-v1s16x0051173_ses-1/mri
mris_place_surface --curv-map ../surf/lh.pial 2 10 ../surf/lh.curv.pial
   Update not needed
#@# pial area lh Mon Mar  9 01:29:40 CET 2026
cd /out/sourcedata/freesurfer/sub-v1s16x0051173_ses-1/mri
mris_place_surface --area-map ../surf/lh.pial ../surf/lh.area.pial
   Update not needed
#@# thickness lh Mon Mar  9 01:29:40 CET 2026
cd /out/sourcedata/freesurfer/sub-v1s16x0051173_ses-1/mri
mris_place_surface --thickness ../surf/lh.white ../surf/lh.pial 20 5 ../surf/lh.thickness
   Update not needed
#@# area and vertex vol lh Mon Mar  9 01:29:40 CET 2026
cd /out/sourcedata/freesurfer/sub-v1s16x0051173_ses-1/mri
mris_place_surface --thickness ../surf/lh.white ../surf/lh.pial 20 5 ../surf/lh.thickness
   Update not needed
#@# white curv rh Mon Mar  9 01:29:40 CET 2026
cd /out/sourcedata/freesurfer/sub-v1s16x0051173_ses-1/mri
mris_place_surface --curv-map ../surf/rh.white 2 10 ../surf/rh.curv
   Update not needed
#@# white area rh Mon Mar  9 01:29:40 CET 2026
cd /out/sourcedata/freesurfer/sub-v1s16x0051173_ses-1/mri
mris_place_surface --area-map ../surf/rh.white ../surf/rh.area
   Update not needed
#@# pial curv rh Mon Mar  9 01:29:40 CET 2026
cd /out/sourcedata/freesurfer/sub-v1s16x0051173_ses-1/mri
mris_place_surface --curv-map ../surf/rh.pial 2 10 ../surf/rh.curv.pial
   Update not needed
#@# pial area rh Mon Mar  9 01:29:40 CET 2026
cd /out/sourcedata/freesurfer/sub-v1s16x0051173_ses-1/mri
mris_place_surface --area-map ../surf/rh.pial ../surf/rh.area.pial
   Update not needed
#@# thickness rh Mon Mar  9 01:29:40 CET 2026
cd /out/sourcedata/freesurfer/sub-v1s16x0051173_ses-1/mri
mris_place_surface --thickness ../surf/rh.white ../surf/rh.pial 20 5 ../surf/rh.thickness
   Update not needed
#@# area and vertex vol rh Mon Mar  9 01:29:40 CET 2026
cd /out/sourcedata/freesurfer/sub-v1s16x0051173_ses-1/mri
mris_place_surface --thickness ../surf/rh.white ../surf/rh.pial 20 5 ../surf/rh.thickness
   Update not needed

#-----------------------------------------
#@# Curvature Stats lh Mon Mar  9 01:29:40 CET 2026
/out/sourcedata/freesurfer/sub-v1s16x0051173_ses-1/surf

 mris_curvature_stats -m --writeCurvatureFiles -G -o ../stats/lh.curv.stats -F smoothwm sub-v1s16x0051173_ses-1 lh curv sulc 

             Toggling save flag on curvature files                       [ ok ]
                 Outputting results using filestem   [ ../stats/lh.curv.stats ]
             Toggling save flag on curvature files                       [ ok ]
                                   Setting surface [ sub-v1s16x0051173_ses-1/lh.smoothwm ]
                                Reading surface...                       [ ok ]
                                   Setting texture                     [ curv ]
                                Reading texture...                       [ ok ]
                                   Setting texture                     [ sulc ]
                                Reading texture...Gb_filter = 0
                       [ ok ]
      Calculating Discrete Principal Curvatures...
      Determining geometric order for vno faces... [####################] [ ok ]
                      Determining KH curvatures... [####################] [ ok ]
                    Determining k1k2 curvatures... [####################] [ ok ]
                                   deltaViolations                      [ 223 ]
Gb_filter = 0

WARN:    S lookup   min:                          -0.422924
WARN:    S explicit min:                          0.000000	vertex = 3

#-----------------------------------------
#@# Curvature Stats rh Mon Mar  9 01:29:42 CET 2026
/out/sourcedata/freesurfer/sub-v1s16x0051173_ses-1/surf

 mris_curvature_stats -m --writeCurvatureFiles -G -o ../stats/rh.curv.stats -F smoothwm sub-v1s16x0051173_ses-1 rh curv sulc 

             Toggling save flag on curvature files                       [ ok ]
                 Outputting results using filestem   [ ../stats/rh.curv.stats ]
             Toggling save flag on curvature files                       [ ok ]
                                   Setting surface [ sub-v1s16x0051173_ses-1/rh.smoothwm ]
                                Reading surface...                       [ ok ]
                                   Setting texture                     [ curv ]
                                Reading texture...                       [ ok ]
                                   Setting texture                     [ sulc ]
                                Reading texture...Gb_filter = 0
                       [ ok ]
      Calculating Discrete Principal Curvatures...
      Determining geometric order for vno faces... [####################] [ ok ]
                      Determining KH curvatures... [####################] [ ok ]
                    Determining k1k2 curvatures... [####################] [ ok ]
                                   deltaViolations                      [ 201 ]
Gb_filter = 0

WARN:    S lookup   min:                          -0.951310
WARN:    S explicit min:                          0.000000	vertex = 278
#-----------------------------------------
#@# Relabel Hypointensities Mon Mar  9 01:29:44 CET 2026
/out/sourcedata/freesurfer/sub-v1s16x0051173_ses-1/mri

 mri_relabel_hypointensities aseg.presurf.mgz ../surf aseg.presurf.hypos.mgz 

reading input surface ../surf/lh.white...
relabeling lh hypointensities...
3814 voxels changed to hypointensity...
reading input surface ../surf/rh.white...
relabeling rh hypointensities...
6312 voxels changed to hypointensity...
10518 hypointense voxels neighboring cortex changed
#-----------------------------------------
#@# APas-to-ASeg Mon Mar  9 01:29:59 CET 2026
/out/sourcedata/freesurfer/sub-v1s16x0051173_ses-1/mri

 mri_surf2volseg --o aseg.mgz --i aseg.presurf.hypos.mgz --fix-presurf-with-ribbon /out/sourcedata/freesurfer/sub-v1s16x0051173_ses-1/mri/ribbon.mgz --threads 16 --lh-cortex-mask /out/sourcedata/freesurfer/sub-v1s16x0051173_ses-1/label/lh.cortex.label --lh-white /out/sourcedata/freesurfer/sub-v1s16x0051173_ses-1/surf/lh.white --lh-pial /out/sourcedata/freesurfer/sub-v1s16x0051173_ses-1/surf/lh.pial --rh-cortex-mask /out/sourcedata/freesurfer/sub-v1s16x0051173_ses-1/label/rh.cortex.label --rh-white /out/sourcedata/freesurfer/sub-v1s16x0051173_ses-1/surf/rh.white --rh-pial /out/sourcedata/freesurfer/sub-v1s16x0051173_ses-1/surf/rh.pial 

SUBJECTS_DIR /out/sourcedata/freesurfer
outvol aseg.mgz
16 avail.processors, using 16
Loading aseg.presurf.hypos.mgz
Loading /out/sourcedata/freesurfer/sub-v1s16x0051173_ses-1/mri/ribbon.mgz
Loading /out/sourcedata/freesurfer/sub-v1s16x0051173_ses-1/surf/lh.white
Loading /out/sourcedata/freesurfer/sub-v1s16x0051173_ses-1/surf/lh.pial
Loading /out/sourcedata/freesurfer/sub-v1s16x0051173_ses-1/label/lh.cortex.label
Loading /out/sourcedata/freesurfer/sub-v1s16x0051173_ses-1/surf/rh.white
Loading /out/sourcedata/freesurfer/sub-v1s16x0051173_ses-1/surf/rh.pial
Loading /out/sourcedata/freesurfer/sub-v1s16x0051173_ses-1/label/rh.cortex.label
Done loading
  0  96 240 128 224  16 192 208 160  64  80 144  48  32 112 176  65   1 225 209 241  33  17  49 193  66 226 210   2 242  34 177  18 161  50  81 194  67 211 227 113   3 145 243  35  19 
 97  68 212 228  51   4 195 178 162 244  36  20 213 229  69   5  82 196 146  52 129 245  21  37 214 230  70   6 179 
163 197  22 215 231 246  98  38  53   7 114  23 216  71 232 198 247 147  39 
  8  83  54 217  24 180 233 164 199 
  9 248  40 218  55  25  72 234  99 
 10 200 249 219 
 41  26 148 235  56 165  11 181 115 201 220 250  84  42 236  27  57  12 221 202 130 100 251 237  43  28 149  58 166  13 222 182 203 238 252  73  29  44 223  59 
 14  85 239 
204  30 253  45 167 150  60 116  15 183  31 101 205 254  46  61 255 206  74 168  47  86 151  62 184 207 102  63 169 185 152  75 117  87 131 103 186 170 153 187  76 171  88 104 188 154 172  77 189 105 118 155  89 173 190  78 106 132 156 191 174  79 
 90 157 107 175 133 119 
158 108  91 159 
134 109 120 135  92 110 121 136  93 111 137 122  94 138 123  95 139 
124 140 141 125 142 126 143 127 
nrelabeled = 187825
ndotcheck = 0
Starting Surf2VolSeg free
free done
#VMPC# mri_surf2volseg VmPeak  2279644
mri_surf2volseg done

 mri_brainvol_stats sub-v1s16x0051173_ses-1 

ComputeBrainVolumeStats2 VoxelVol=1, KeepCSF=1
  #CBVS2 MaskVol              1216885.0
  #CBVS2 BrainSegVol           923206.0
  #CBVS2 BrainSegVolNotVent    905496.0
  #CBVS2 SupraTentVol          831379.0
  #CBVS2 SupraTentVolNotVent   813669.0
  #CBVS2 lhCtxGM               199568.4
  #CBVS2 rhCtxGM               188399.1
  #CBVS2 lhCerebralWM          183826.5
  #CBVS2 rhCerebralWM          182543.5
  #CBVS2 SubCortGMVol           60096.0
  #CBVS2 CerebellumVol          91827.0
  #CBVS2 CerebellumGMVol        65770.0
  #CBVS2 VentChorVol            14135.0
  #CBVS2 3rd4th5thCSF            3575.0
  #CBVS2 AllCSF                 17710.0
  #CBVS2 CCVol                   3247.0
#-----------------------------------------
#@# AParc-to-ASeg aparc Mon Mar  9 01:30:06 CET 2026
/out/sourcedata/freesurfer/sub-v1s16x0051173_ses-1/mri

 mri_surf2volseg --o aparc+aseg.mgz --label-cortex --i aseg.mgz --threads 16 --lh-annot /out/sourcedata/freesurfer/sub-v1s16x0051173_ses-1/label/lh.aparc.annot 1000 --lh-cortex-mask /out/sourcedata/freesurfer/sub-v1s16x0051173_ses-1/label/lh.cortex.label --lh-white /out/sourcedata/freesurfer/sub-v1s16x0051173_ses-1/surf/lh.white --lh-pial /out/sourcedata/freesurfer/sub-v1s16x0051173_ses-1/surf/lh.pial --rh-annot /out/sourcedata/freesurfer/sub-v1s16x0051173_ses-1/label/rh.aparc.annot 2000 --rh-cortex-mask /out/sourcedata/freesurfer/sub-v1s16x0051173_ses-1/label/rh.cortex.label --rh-white /out/sourcedata/freesurfer/sub-v1s16x0051173_ses-1/surf/rh.white --rh-pial /out/sourcedata/freesurfer/sub-v1s16x0051173_ses-1/surf/rh.pial 

SUBJECTS_DIR /out/sourcedata/freesurfer
outvol aparc+aseg.mgz
16 avail.processors, using 16
Loading aseg.mgz
Loading /out/sourcedata/freesurfer/sub-v1s16x0051173_ses-1/surf/lh.white
Loading /out/sourcedata/freesurfer/sub-v1s16x0051173_ses-1/surf/lh.pial
Loading /out/sourcedata/freesurfer/sub-v1s16x0051173_ses-1/label/lh.cortex.label
Ripping lh vertices labeled not in lh.cortex.label
  ripped 7810 vertices from lh hemi
Loading /out/sourcedata/freesurfer/sub-v1s16x0051173_ses-1/label/lh.aparc.annot
Loading /out/sourcedata/freesurfer/sub-v1s16x0051173_ses-1/surf/rh.white
Loading /out/sourcedata/freesurfer/sub-v1s16x0051173_ses-1/surf/rh.pial
Loading /out/sourcedata/freesurfer/sub-v1s16x0051173_ses-1/label/rh.cortex.label
Ripping rh vertices labeled not in rh.cortex.label
  ripped 7535 vertices from rh hemi
Loading /out/sourcedata/freesurfer/sub-v1s16x0051173_ses-1/label/rh.aparc.annot
Done loading
  0 160  64 208  32 176 144  48  80  16 128 192 224  96 112 240 241 209  17 225   1  65  49  33 242  50  18 210   2 226  66 243  51  34 211 227  67 244  52   3  19 
212 228  68 245  53  20  35 213 229 246  54  69   4  21  55 193 214 247 230  70  56 248  36  22 215 231   5  57 249  37  23 194 232  58 250  38  24 216 233  59 
  6  71 251 195 217  39 
 60  25 252 196 234   7  61 197  40 253  26 235   8 218  62 198 254  41  27 236   9  63 199 
255  42  28 237 219 
200  10  72 220  43 201  29 238  11 221 202  44  30 239 
 12 222 203  45  31 223  13 204  46 205  14 206  47  15 207  73  81 113  74 145 161  75 129  97 177  82 114  76 146  83  77 130 115  98 178 162  84 147  78  85  79 
131 179 
116  99 
163  86 132 148 133  87 180 100 117 164  88 134 149 181 101  89 150 165 118 102 182 151  90 103 166 152 135 183 119 
 91 104 153 184 105 167 154  92 106 185 155 120 168  93 156 107 136 186 157 187 108 169  94 121 188 158 109 189 190 170 159 
 95 191 110 137 122 171 111 123 172 138 124 173 139 
174 125 140 175 126 141 127 142 143 
nrelabeled = 387062
ndotcheck = 26147
Starting Surf2VolSeg free
free done
#VMPC# mri_surf2volseg VmPeak  1805824
mri_surf2volseg done
#-----------------------------------------
#@# AParc-to-ASeg aparc.a2009s Mon Mar  9 01:30:27 CET 2026
/out/sourcedata/freesurfer/sub-v1s16x0051173_ses-1/mri

 mri_surf2volseg --o aparc.a2009s+aseg.mgz --label-cortex --i aseg.mgz --threads 16 --lh-annot /out/sourcedata/freesurfer/sub-v1s16x0051173_ses-1/label/lh.aparc.a2009s.annot 11100 --lh-cortex-mask /out/sourcedata/freesurfer/sub-v1s16x0051173_ses-1/label/lh.cortex.label --lh-white /out/sourcedata/freesurfer/sub-v1s16x0051173_ses-1/surf/lh.white --lh-pial /out/sourcedata/freesurfer/sub-v1s16x0051173_ses-1/surf/lh.pial --rh-annot /out/sourcedata/freesurfer/sub-v1s16x0051173_ses-1/label/rh.aparc.a2009s.annot 12100 --rh-cortex-mask /out/sourcedata/freesurfer/sub-v1s16x0051173_ses-1/label/rh.cortex.label --rh-white /out/sourcedata/freesurfer/sub-v1s16x0051173_ses-1/surf/rh.white --rh-pial /out/sourcedata/freesurfer/sub-v1s16x0051173_ses-1/surf/rh.pial 

SUBJECTS_DIR /out/sourcedata/freesurfer
outvol aparc.a2009s+aseg.mgz
16 avail.processors, using 16
Loading aseg.mgz
Loading /out/sourcedata/freesurfer/sub-v1s16x0051173_ses-1/surf/lh.white
Loading /out/sourcedata/freesurfer/sub-v1s16x0051173_ses-1/surf/lh.pial
Loading /out/sourcedata/freesurfer/sub-v1s16x0051173_ses-1/label/lh.cortex.label
Ripping lh vertices labeled not in lh.cortex.label
  ripped 7810 vertices from lh hemi
Loading /out/sourcedata/freesurfer/sub-v1s16x0051173_ses-1/label/lh.aparc.a2009s.annot
Loading /out/sourcedata/freesurfer/sub-v1s16x0051173_ses-1/surf/rh.white
Loading /out/sourcedata/freesurfer/sub-v1s16x0051173_ses-1/surf/rh.pial
Loading /out/sourcedata/freesurfer/sub-v1s16x0051173_ses-1/label/rh.cortex.label
Ripping rh vertices labeled not in rh.cortex.label
  ripped 7535 vertices from rh hemi
Loading /out/sourcedata/freesurfer/sub-v1s16x0051173_ses-1/label/rh.aparc.a2009s.annot
Done loading
  0  96 128 176 224 112 144 160 240 208  80  64  48  32 192  16 241   1  49  33 225  65 209  17 242   2  34  50 226  66 210  18 243   3  35  67  51 227 211  19 
244   4  36  68  52 228 212  20 245   5  37  53  69 229 213 246  38   6  54  70 214  21  55 247  39 
  7 193 215 230  56   8  40 248  71 216  22  57   9  41 249 194 217 231  58  10  42 250 218  59 
 11 232  43 251  23 219 
 60  12 195  44 233 252 220  61  13  45 234 253  24 221  72  62  14  46 196 235 254 222  63  15  47  25 236 255 197 223  26 237  27 238 198  28 239 
199 
 29 200  30 201  31 202 203 204 205 206  73 207  81 113  74 145  97  82 161 177  75 129 114  83  76  98 178 162  84 146  77 115 130  85  78 179 
 99 
116 147 163  86  79 
131 180 117  87 132 148 100 164  88 133 181 118 149 101 165  89 182 150 102 119 
134  90 151 166 183 103 152 104 184  91 167 153 105 185 120  92 154 106 135 186 168 155 187 107  93 121 188 156 169 189 108 190 157  94 191 109 170 122 158 136  95 110 159 
171 111 123 172 137 124 173 138 174 125 175 139 
126 140 127 141 142 143 
nrelabeled = 387062
ndotcheck = 26147
Starting Surf2VolSeg free
free done
#VMPC# mri_surf2volseg VmPeak  1805904
mri_surf2volseg done
#-----------------------------------------
#@# AParc-to-ASeg aparc.DKTatlas Mon Mar  9 01:30:49 CET 2026
/out/sourcedata/freesurfer/sub-v1s16x0051173_ses-1/mri

 mri_surf2volseg --o aparc.DKTatlas+aseg.mgz --label-cortex --i aseg.mgz --threads 16 --lh-annot /out/sourcedata/freesurfer/sub-v1s16x0051173_ses-1/label/lh.aparc.DKTatlas.annot 1000 --lh-cortex-mask /out/sourcedata/freesurfer/sub-v1s16x0051173_ses-1/label/lh.cortex.label --lh-white /out/sourcedata/freesurfer/sub-v1s16x0051173_ses-1/surf/lh.white --lh-pial /out/sourcedata/freesurfer/sub-v1s16x0051173_ses-1/surf/lh.pial --rh-annot /out/sourcedata/freesurfer/sub-v1s16x0051173_ses-1/label/rh.aparc.DKTatlas.annot 2000 --rh-cortex-mask /out/sourcedata/freesurfer/sub-v1s16x0051173_ses-1/label/rh.cortex.label --rh-white /out/sourcedata/freesurfer/sub-v1s16x0051173_ses-1/surf/rh.white --rh-pial /out/sourcedata/freesurfer/sub-v1s16x0051173_ses-1/surf/rh.pial 

SUBJECTS_DIR /out/sourcedata/freesurfer
outvol aparc.DKTatlas+aseg.mgz
16 avail.processors, using 16
Loading aseg.mgz
Loading /out/sourcedata/freesurfer/sub-v1s16x0051173_ses-1/surf/lh.white
Loading /out/sourcedata/freesurfer/sub-v1s16x0051173_ses-1/surf/lh.pial
Loading /out/sourcedata/freesurfer/sub-v1s16x0051173_ses-1/label/lh.cortex.label
Ripping lh vertices labeled not in lh.cortex.label
  ripped 7810 vertices from lh hemi
Loading /out/sourcedata/freesurfer/sub-v1s16x0051173_ses-1/label/lh.aparc.DKTatlas.annot
Loading /out/sourcedata/freesurfer/sub-v1s16x0051173_ses-1/surf/rh.white
Loading /out/sourcedata/freesurfer/sub-v1s16x0051173_ses-1/surf/rh.pial
Loading /out/sourcedata/freesurfer/sub-v1s16x0051173_ses-1/label/rh.cortex.label
Ripping rh vertices labeled not in rh.cortex.label
  ripped 7535 vertices from rh hemi
Loading /out/sourcedata/freesurfer/sub-v1s16x0051173_ses-1/label/rh.aparc.DKTatlas.annot
Done loading
  0  16  80 192 144  32 160 224  48 208  96 240  64 176 112 128  49  17  33   1  65 209 241 225  50  18 210 242  34   2  66 226  19 
 51 211 243   3  20  35  52  67 227 212 244  21 213   4  53  36 245  68 228  22 214 246   5  54  37  23 229  69 215 247   6  24  55  38 230 216 248  70 217   7  25  56  39 
231 249 218   8  26  57  40 232 250 219 
 27  58 251   9  41 233 220  71  28  59 
193 252 221  10  29 234  42  60 253 222  61  11  30 254 235  43 223  62 255  12  31 236  44  63  13  45 237  14 194  46  15 238  47 195  72 239 
196 197 198 199 
200 201 202 203 204 205 206 207  73 113  81 145  97 177 129  74  82 114 161  83  75 146 115 130 178  98  84  76 147 116 162 131 179 
 85  77  99 
148 132 117  78  86 180 133  79 
149 100  87 163 181 134 118 150  88 101 182 164 151 135 119 
 89 102 183 152 165 103  90 153 120 184 136 104 154 185 121 166  91 155 105 186 137 122 156 187 106  92 167 188 157 123 189 107 190 138 191 158  93 108 124 168 159 
139 
109 125 110  94 140 169 126 111 141 127 170  95 142 143 171 172 173 174 175 
nrelabeled = 387062
ndotcheck = 26147
Starting Surf2VolSeg free
free done
#VMPC# mri_surf2volseg VmPeak  1805816
mri_surf2volseg done
#-----------------------------------------
#@# WMParc Mon Mar  9 01:31:10 CET 2026
/out/sourcedata/freesurfer/sub-v1s16x0051173_ses-1/mri

 mri_surf2volseg --o wmparc.mgz --label-wm --i aparc+aseg.mgz --threads 16 --lh-annot /out/sourcedata/freesurfer/sub-v1s16x0051173_ses-1/label/lh.aparc.annot 3000 --lh-cortex-mask /out/sourcedata/freesurfer/sub-v1s16x0051173_ses-1/label/lh.cortex.label --lh-white /out/sourcedata/freesurfer/sub-v1s16x0051173_ses-1/surf/lh.white --lh-pial /out/sourcedata/freesurfer/sub-v1s16x0051173_ses-1/surf/lh.pial --rh-annot /out/sourcedata/freesurfer/sub-v1s16x0051173_ses-1/label/rh.aparc.annot 4000 --rh-cortex-mask /out/sourcedata/freesurfer/sub-v1s16x0051173_ses-1/label/rh.cortex.label --rh-white /out/sourcedata/freesurfer/sub-v1s16x0051173_ses-1/surf/rh.white --rh-pial /out/sourcedata/freesurfer/sub-v1s16x0051173_ses-1/surf/rh.pial 

SUBJECTS_DIR /out/sourcedata/freesurfer
outvol wmparc.mgz
16 avail.processors, using 16
Loading aparc+aseg.mgz
Loading /out/sourcedata/freesurfer/sub-v1s16x0051173_ses-1/surf/lh.white
Loading /out/sourcedata/freesurfer/sub-v1s16x0051173_ses-1/surf/lh.pial
Loading /out/sourcedata/freesurfer/sub-v1s16x0051173_ses-1/label/lh.cortex.label
Ripping lh vertices labeled not in lh.cortex.label
  ripped 7810 vertices from lh hemi
Loading /out/sourcedata/freesurfer/sub-v1s16x0051173_ses-1/label/lh.aparc.annot
Loading /out/sourcedata/freesurfer/sub-v1s16x0051173_ses-1/surf/rh.white
Loading /out/sourcedata/freesurfer/sub-v1s16x0051173_ses-1/surf/rh.pial
Loading /out/sourcedata/freesurfer/sub-v1s16x0051173_ses-1/label/rh.cortex.label
Ripping rh vertices labeled not in rh.cortex.label
  ripped 7535 vertices from rh hemi
Loading /out/sourcedata/freesurfer/sub-v1s16x0051173_ses-1/label/rh.aparc.annot
Done loading
 64 224 176 144  96 208  80 112 240  16   0 160  48  32 128 192 193   1  17  65 225 241 209  33  49   2 194  18  66 242 226 210  34   3 195  50  19 
 67   4  20 243 227 211  68  35  51   5  21 244 196 228 212  36  52   6  22  81 197 245 229   7  69 213  37  23  53 198   8 129 246  24 214 199 
 38  54   9 230  25  70 247 215 200  10  39 
 55  26  71  11 248 201 216 231  40  27  56  72  12 202 130 249  28 217 232  41  13  82  57 203  29 250  14 233 218 204  73  42  58  30  15 251 205 219 
 31  43  59 
206 252 220 207  44  60  74 234 177 253 221  45  61 131 254 222 235  46  62  83 255 223  63  47  75 236 237 238  97 145 239 
161  76 132  84  77 178 133  85  78 113 134  79 
179 
 86 162 146  98 135  87 180 136  88 163 181 114 147  89 137  99 
182 164  90 183 138 115 184  91 185 165 139 
100 186 148  92 187 188 189 190 166 191 116 140  93 101 167 149  94 141 168 117  95 102 150 169 142 170 118 103 143 171 151 119 
172 104 173 152 120 174 105 175 121 153 122 106 154 123 124 107 155 125 126 108 127 156 109 157 110 158 159 
111 
nrelabeled = 363123
ndotcheck = 3358
Starting Surf2VolSeg free
free done
#VMPC# mri_surf2volseg VmPeak  1805824
mri_surf2volseg done

 mri_segstats --seed 1234 --seg mri/wmparc.mgz --sum stats/wmparc.stats --pv mri/norm.mgz --excludeid 0 --brainmask mri/brainmask.mgz --in mri/norm.mgz --in-intensity-name norm --in-intensity-units MR --subject sub-v1s16x0051173_ses-1 --surf-wm-vol --ctab /opt/freesurfer/WMParcStatsLUT.txt --etiv 

setting seed for random number genererator to 1234

7.3.2
cwd 
cmdline mri_segstats --seed 1234 --seg mri/wmparc.mgz --sum stats/wmparc.stats --pv mri/norm.mgz --excludeid 0 --brainmask mri/brainmask.mgz --in mri/norm.mgz --in-intensity-name norm --in-intensity-units MR --subject sub-v1s16x0051173_ses-1 --surf-wm-vol --ctab /opt/freesurfer/WMParcStatsLUT.txt --etiv 
sysname  Linux
hostname dna019
machine  x86_64
user     oesteban
whitesurfname  white
UseRobust  0
atlas_icv (eTIV) = 1360939 mm^3    (det: 1.431442 )
Loading mri/wmparc.mgz
Getting Brain Volume Statistics
Loading mri/norm.mgz
Loading mri/norm.mgz
Voxel Volume is 1 mm^3
Generating list of segmentation ids
Found 390 segmentations
Computing statistics for each segmentation

Reporting on  70 segmentations
Using PrintSegStat
mri_segstats done
#--------------------------------------------
#@# ASeg Stats Mon Mar  9 01:35:23 CET 2026
/out/sourcedata/freesurfer/sub-v1s16x0051173_ses-1

 mri_segstats --seed 1234 --seg mri/aseg.mgz --sum stats/aseg.stats --pv mri/norm.mgz --empty --brainmask mri/brainmask.mgz --brain-vol-from-seg --excludeid 0 --excl-ctxgmwm --supratent --subcortgray --in mri/norm.mgz --in-intensity-name norm --in-intensity-units MR --etiv --surf-wm-vol --surf-ctx-vol --totalgray --euler --ctab /opt/freesurfer/ASegStatsLUT.txt --subject sub-v1s16x0051173_ses-1 

setting seed for random number genererator to 1234

7.3.2
cwd 
cmdline mri_segstats --seed 1234 --seg mri/aseg.mgz --sum stats/aseg.stats --pv mri/norm.mgz --empty --brainmask mri/brainmask.mgz --brain-vol-from-seg --excludeid 0 --excl-ctxgmwm --supratent --subcortgray --in mri/norm.mgz --in-intensity-name norm --in-intensity-units MR --etiv --surf-wm-vol --surf-ctx-vol --totalgray --euler --ctab /opt/freesurfer/ASegStatsLUT.txt --subject sub-v1s16x0051173_ses-1 
sysname  Linux
hostname dna019
machine  x86_64
user     oesteban
whitesurfname  white
UseRobust  0
atlas_icv (eTIV) = 1360939 mm^3    (det: 1.431442 )
Computing euler number
orig.nofix lheno =  -64, rheno = -46
orig.nofix lhholes =   33, rhholes = 24
Loading mri/aseg.mgz
Getting Brain Volume Statistics
Loading mri/norm.mgz
Loading mri/norm.mgz
Voxel Volume is 1 mm^3
Generating list of segmentation ids
Found  50 segmentations
Computing statistics for each segmentation

Reporting on  45 segmentations
Using PrintSegStat
mri_segstats done

Started at Mon Mar 9 01:29:40 CET 2026 
Ended   at Mon Mar 9 01:36:04 CET 2026
#@#%# recon-all-run-time-hours 0.107
recon-all -s sub-v1s16x0051173_ses-1 finished without error at Mon Mar  9 01:36:04 CET 2026
