#!ascii label  , from subject sub-v1s16x0051189_ses-1 vox2ras=TkReg
8763
468  15.298  -78.104  31.531 0.6000000238
306  13.896  -78.716  31.072 0.5000000000
317  15.453  -79.156  30.568 0.6999999881
97604  14.358  -78.870  30.580 0.5000000000
98160  12.483  -80.067  29.893 0.4000000060
97592  12.647  -78.925  30.468 0.2000000030
97606  13.771  -80.327  30.104 0.5000000000
97598  16.322  -76.462  33.350 0.8999999762
97597  15.845  -77.080  32.771 0.6999999881
466  17.022  -78.004  31.803 0.8000000119
310  15.656  -78.463  31.145 0.6999999881
467  16.275  -77.889  31.615 0.8000000119
97603  12.313  -81.081  29.329 0.4000000060
98096  12.685  -80.277  28.895 0.3000000119
441  15.638  -78.344  35.643 0.6999999881
1084  17.171  -75.288  34.173 0.8999999762
834  16.839  -75.738  33.762 0.8999999762
98123  16.330  -76.076  34.154 0.8000000119
98048  15.316  -77.571  32.964 0.6999999881
111832  15.095  -78.237  33.637 0.6999999881
103033  18.213  -75.914  33.671 0.8999999762
628  16.576  -76.816  32.684 0.8999999762
98049  14.735  -78.251  32.695 0.5000000000
102571  18.526  -79.552  37.656 1.0000000000
283  18.463  -79.357  36.872 1.0000000000
440  18.977  -77.373  36.886 1.0000000000
107434  18.815  -76.872  35.028 0.8999999762
102576  18.439  -76.692  33.762 0.8999999762
627  17.462  -76.803  32.747 0.8999999762
100317  18.360  -80.778  36.658 0.8999999762
290  18.407  -79.051  35.847 1.0000000000
456  18.347  -77.514  33.468 0.8999999762
626  18.042  -77.289  32.863 0.8999999762
308  17.345  -78.665  32.008 0.8999999762
112056  13.369  -78.875  31.569 0.2000000030
106004  18.158  -82.046  36.067 0.8999999762
153  18.029  -80.538  35.745 0.8999999762
116362  18.301  -79.245  35.253 0.8999999762
305  17.822  -78.685  32.697 0.8999999762
175  17.015  -79.758  31.720 0.8000000119
309  16.518  -78.730  31.304 0.8000000119
98124  12.492  -78.810  31.282 0.2000000030
176  16.344  -80.013  30.897 0.8999999762
97609  13.007  -81.540  29.145 0.5000000000
98118  13.076  -80.487  27.778 0.3000000119
481  18.912  -77.271  28.809 0.3000000119
487  18.033  -77.610  27.942 0.3000000119
660  19.687  -76.761  27.970 0.2000000030
648  19.414  -76.860  28.370 0.3000000119
649  18.490  -77.046  27.023 0.2000000030
591  15.745  -77.209  37.323 0.8000000119
110347  15.853  -76.298  37.549 1.0000000000
426  15.411  -77.610  38.156 0.6999999881
112266  15.758  -78.003  36.631 0.8000000119
434  15.530  -78.282  37.344 0.4000000060
100836  16.046  -76.570  36.896 0.8000000119
284  15.310  -79.059  36.437 0.4000000060
815  16.450  -75.201  35.946 1.0000000000
816  16.219  -76.291  36.186 0.8000000119
101143  16.001  -76.981  35.509 0.6999999881
1070  16.837  -74.458  35.389 0.8999999762
1321  17.076  -73.734  35.746 1.0000000000
97591  16.330  -75.916  35.132 0.8000000119
97595  15.989  -76.713  34.628 0.8000000119
111836  15.660  -77.476  34.237 0.6999999881
97958  15.312  -78.465  34.628 0.5000000000
1320  17.802  -73.529  35.506 1.0000000000
828  16.735  -75.425  34.466 0.8000000119
1076  17.712  -74.501  34.672 0.8999999762
1069  17.450  -74.171  35.138 1.0000000000
103663  15.923  -76.675  33.926 0.6999999881
242  18.605  -78.455  41.752 0.6999999881
417  18.631  -77.987  40.348 0.6999999881
100633  18.895  -77.698  39.602 0.8000000119
833  18.051  -75.278  34.044 0.8999999762
411  18.766  -78.595  40.792 0.8000000119
256  18.808  -79.459  39.410 1.0000000000
424  19.143  -77.015  39.017 0.8000000119
827  18.501  -75.428  34.339 0.8999999762
1068  18.635  -74.229  35.077 0.8999999762
127  19.041  -79.296  40.060 0.8999999762
133  18.988  -80.106  39.383 0.8999999762
143  18.793  -80.113  39.007 1.0000000000
101307  19.089  -77.151  38.342 0.8000000119
432  19.116  -76.789  37.577 1.0000000000
606  19.146  -76.047  35.901 0.8999999762
607  18.967  -76.169  35.210 0.8999999762
115453  20.072  -80.630  35.951 0.8999999762
78  18.943  -81.727  36.843 1.0000000000
149  18.751  -80.345  38.228 0.8999999762
297  18.494  -78.432  34.903 1.0000000000
600  18.904  -76.922  35.887 0.8999999762
80  19.520  -81.636  35.687 0.8999999762
81  18.784  -82.213  35.938 0.8999999762
82  18.288  -82.208  35.219 0.8999999762
162  17.638  -80.626  34.213 0.8999999762
303  18.135  -78.809  33.520 0.8999999762
105729  17.459  -79.513  32.411 0.8999999762
115538  20.411  -80.090  35.050 0.8999999762
83  19.700  -80.667  34.542 0.8999999762
18  18.674  -82.291  34.929 0.8999999762
25  17.863  -81.647  33.295 0.8999999762
87  17.575  -81.456  33.710 0.8999999762
94  16.616  -81.110  31.992 0.8999999762
160  22.120  -79.278  33.311 0.8999999762
85  19.910  -80.370  33.393 0.8999999762
104403  19.296  -80.953  31.724 0.8999999762
103830  18.460  -81.448  31.649 0.8999999762
26  17.841  -81.694  31.053 0.8999999762
31  16.140  -81.625  29.829 0.6999999881
97601  15.246  -81.644  29.411 0.6999999881
115576  21.130  -80.394  31.417 0.8000000119
92  20.448  -80.721  30.710 0.8000000119
93  19.628  -81.207  30.425 0.6999999881
29  19.221  -81.340  29.300 0.6999999881
100126  16.993  -81.683  29.787 0.5000000000
103  14.971  -81.406  27.684 0.5000000000
37  14.806  -81.543  27.920 0.6000000238
97607  13.354  -81.331  27.768 0.5000000000
107323  22.917  -80.194  30.779 0.6999999881
96  20.708  -80.530  30.237 0.6999999881
181  20.444  -80.625  29.884 0.6000000238
99  19.245  -81.082  28.788 0.6000000238
102  16.306  -81.281  28.084 0.5000000000
187  15.380  -80.257  27.891 0.4000000060
104532  13.517  -79.342  27.438 0.3000000119
471  22.716  -78.989  29.728 0.6000000238
314  22.365  -79.543  30.301 0.6000000238
472  21.572  -78.254  30.101 0.6000000238
316  20.193  -79.580  29.752 0.6000000238
322  19.022  -79.461  29.203 0.6000000238
111160  18.286  -79.739  28.935 0.6000000238
186  16.849  -80.208  28.511 0.4000000060
334  23.724  -79.609  27.237 0.5000000000
477  22.617  -78.284  29.155 0.5000000000
478  21.787  -77.621  29.672 0.5000000000
473  20.584  -78.062  30.147 0.6000000238
110493  19.472  -78.055  29.745 0.6000000238
111994  18.604  -77.981  29.118 0.4000000060
112483  17.844  -78.432  28.511 0.4000000060
657  22.697  -78.088  28.175 0.5000000000
645  21.953  -77.395  29.081 0.5000000000
658  21.557  -76.935  28.358 0.3000000119
480  19.903  -77.190  29.503 0.5000000000
488  17.095  -77.658  27.019 0.2000000030
98477  21.760  -76.977  26.406 0.5000000000
670  22.155  -77.213  27.538 0.3000000119
647  20.301  -76.707  28.971 0.2000000030
672  19.093  -76.998  27.054 0.2000000030
661  17.785  -76.995  26.331 0.2000000030
681  22.082  -77.050  26.823 0.3000000119
107749  19.763  -77.115  26.385 0.3000000119
682  18.667  -77.291  26.475 0.2000000030
507  20.638  -77.237  25.741 0.3000000119
102091  20.588  -76.785  26.839 0.2000000030
114682  19.290  -77.057  26.742 0.2000000030
107276  20.202  -78.226  25.199 0.2000000030
502  19.032  -77.951  26.189 0.2000000030
347  17.096  -78.606  26.249 0.2000000030
504  16.942  -78.208  25.814 0.2000000030
99868  19.311  -79.670  24.898 0.2000000030
346  18.357  -78.662  25.981 0.2000000030
189  17.406  -79.955  25.295 0.2000000030
350  15.988  -78.825  25.443 0.2000000030
419  15.387  -77.039  39.043 0.8000000119
266  15.283  -78.667  38.125 0.4000000060
267  15.029  -78.121  38.964 0.4000000060
420  14.995  -77.349  39.812 0.6000000238
807  16.253  -74.916  36.968 1.0000000000
105521  16.184  -75.820  36.901 1.0000000000
118797  15.083  -79.014  38.691 0.4000000060
102319  14.690  -78.248  39.747 0.4000000060
412  14.545  -77.714  40.594 0.6000000238
1061  16.587  -74.250  36.219 1.0000000000
98241  14.586  -80.854  36.045 0.3000000119
1309  17.413  -72.994  36.095 1.0000000000
1310  16.680  -73.412  36.634 1.0000000000
1572  18.264  -72.897  35.906 1.0000000000
1319  18.481  -73.578  35.478 1.0000000000
235  18.764  -78.601  42.420 0.8000000119
394  18.250  -78.216  42.174 0.6999999881
574  18.882  -77.327  40.608 0.6999999881
111341  19.323  -73.596  36.383 1.0000000000
1318  19.071  -73.839  35.569 1.0000000000
248  19.939  -78.745  40.900 0.8999999762
112631  18.974  -78.792  40.975 0.8999999762
786  19.342  -76.278  40.467 0.8000000119
115328  19.346  -76.268  39.129 0.8000000119
116237  19.100  -74.544  35.326 0.8999999762
126  19.147  -79.729  39.542 0.8999999762
72  19.540  -80.307  38.804 1.0000000000
115848  19.287  -76.283  38.343 0.8000000119
1054  19.483  -74.131  37.358 0.8999999762
105774  19.378  -75.399  36.461 0.8999999762
132  19.649  -79.801  39.266 0.8999999762
141  20.239  -79.775  38.622 1.0000000000
76  19.191  -80.795  37.616 1.0000000000
289  21.892  -78.762  36.086 0.8999999762
590  19.326  -75.901  37.410 0.8000000119
155  21.620  -79.000  34.374 0.8999999762
154  23.222  -78.740  34.056 0.8999999762
99218  22.793  -79.969  32.281 0.8000000119
158  24.746  -79.757  32.762 0.8999999762
111288  23.865  -80.490  30.914 0.6000000238
173  23.344  -80.372  31.434 0.6999999881
166  24.192  -80.297  32.200 0.8000000119
321  23.810  -79.626  28.879 0.6000000238
172  24.643  -80.599  31.461 0.6999999881
341  24.385  -80.005  26.357 0.6999999881
333  24.410  -79.948  26.894 0.6000000238
178  24.890  -80.492  30.471 0.6000000238
177  25.668  -80.193  30.629 0.8000000119
493  23.936  -79.838  26.349 0.6000000238
494  23.093  -78.789  26.806 0.5000000000
688  21.594  -77.034  25.977 0.4000000060
353  20.466  -79.517  23.937 0.3000000119
110234  19.759  -80.462  23.798 0.1000000015
354  18.820  -80.733  24.257 0.2000000030
192  17.485  -81.376  23.697 0.2000000030
106386  15.593  -76.712  38.211 1.0000000000
113167  14.997  -76.808  40.602 0.8999999762
808  15.872  -75.472  37.715 1.0000000000
567  14.564  -76.795  41.310 0.8000000119
277  15.198  -79.564  37.234 0.3000000119
406  13.950  -77.444  41.866 0.8000000119
1055  16.295  -73.716  37.657 1.0000000000
1056  15.944  -74.550  37.937 1.0000000000
257  14.741  -79.487  39.348 0.3000000119
250  14.611  -79.021  40.354 0.3000000119
244  13.883  -78.616  42.067 0.6999999881
396  13.366  -77.815  42.470 0.8000000119
97575  13.957  -81.689  37.454 0.3000000119
1563  16.960  -72.433  36.807 1.0000000000
1555  17.510  -71.855  36.817 1.0000000000
1828  17.656  -71.320  37.370 1.0000000000
2091  18.246  -70.768  37.841 0.8999999762
1831  18.848  -71.806  36.753 1.0000000000
2090  18.952  -70.984  37.872 0.8000000119
393  20.362  -78.053  42.353 0.8999999762
780  19.170  -76.363  41.999 0.8000000119
102178  19.337  -75.538  41.158 0.8000000119
113623  19.197  -72.438  36.679 1.0000000000
1826  19.179  -71.682  37.289 1.0000000000
1819  19.375  -71.528  38.221 0.8000000119
240  20.184  -78.478  41.704 0.8999999762
1028  19.324  -75.290  42.122 0.8000000119
100049  19.326  -75.169  40.188 0.8000000119
1303  19.422  -73.157  37.319 0.8000000119
1554  19.424  -72.277  37.581 0.8000000119
404  21.528  -77.575  41.649 0.8000000119
247  21.839  -78.100  40.367 0.8999999762
1034  19.457  -74.447  40.624 0.8000000119
1044  19.483  -74.349  39.847 0.8000000119
117277  19.507  -74.859  38.902 0.8000000119
107112  19.504  -73.768  38.154 0.8000000119
114161  22.058  -78.435  39.057 0.8999999762
264  20.861  -78.837  39.075 0.8999999762
1049  19.519  -74.725  38.267 0.8000000119
276  22.281  -78.545  37.800 0.8999999762
150  21.578  -78.902  37.051 1.0000000000
296  22.497  -78.621  35.125 1.0000000000
295  23.978  -78.501  34.986 1.0000000000
302  24.737  -78.532  34.295 0.8999999762
157  25.296  -79.536  32.719 0.8999999762
319  25.015  -79.840  28.888 0.8000000119
311  25.442  -79.561  30.101 0.8000000119
171  25.646  -80.473  31.365 0.8000000119
326  24.738  -79.734  27.792 0.6999999881
312  25.123  -80.048  29.726 0.6999999881
307  25.932  -79.501  31.173 0.8999999762
498  24.190  -79.736  25.844 0.6000000238
694  22.359  -76.525  24.938 0.5000000000
687  22.821  -76.993  25.447 0.5000000000
704  21.843  -76.977  24.471 0.5000000000
511  21.230  -78.128  23.704 0.4000000060
585  15.517  -76.197  38.988 1.0000000000
580  15.332  -76.419  39.967 1.0000000000
801  15.575  -75.297  38.734 1.0000000000
1035  15.174  -75.644  40.301 1.0000000000
1293  15.522  -73.956  39.838 1.0000000000
104634  14.912  -79.945  38.268 0.3000000119
781  13.488  -75.759  41.439 1.0000000000
1298  16.288  -73.223  38.335 1.0000000000
144  14.351  -80.691  38.852 0.3000000119
103643  14.428  -79.955  40.114 0.3000000119
1304  16.518  -73.003  37.420 1.0000000000
1537  16.241  -72.026  38.769 1.0000000000
97573  13.138  -81.784  37.129 0.3000000119
75  13.718  -81.608  38.765 0.3000000119
68  13.576  -80.902  39.373 0.3000000119
243  14.085  -79.646  41.617 0.3000000119
236  13.474  -78.819  42.722 0.6000000238
1821  16.833  -71.399  38.128 1.0000000000
115793  13.304  -80.270  43.110 0.4000000060
230  13.092  -79.284  43.470 0.6999999881
2084  18.050  -70.179  38.401 1.0000000000
104620  16.967  -70.756  38.763 1.0000000000
2083  18.619  -70.323  38.384 0.8000000119
776  18.843  -76.383  42.760 0.6999999881
2082  19.218  -70.626  38.636 0.8000000119
112847  21.478  -76.763  43.489 0.8000000119
1260  19.495  -73.891  43.032 0.8000000119
392  21.758  -77.075  42.570 0.8000000119
108395  19.527  -74.265  42.301 0.8000000119
1536  19.539  -72.673  39.310 0.8000000119
1806  19.550  -71.908  38.950 0.8000000119
246  22.445  -78.021  39.893 0.8000000119
1273  19.642  -73.570  40.939 0.6999999881
1281  19.589  -73.753  40.254 0.8000000119
1292  19.552  -73.547  39.592 0.8000000119
99474  19.556  -71.917  39.721 0.8000000119
253  22.716  -78.194  39.314 0.8999999762
102716  19.520  -74.231  39.015 0.8000000119
275  23.616  -78.348  37.814 0.8999999762
105660  23.355  -78.453  37.241 0.8999999762
288  23.576  -78.492  35.974 0.8999999762
274  24.535  -78.173  36.368 0.8999999762
287  24.583  -78.288  35.936 0.8999999762
105385  25.270  -78.233  34.405 0.8999999762
301  25.531  -78.568  33.427 0.8999999762
300  25.873  -78.707  32.898 0.8999999762
476  25.130  -78.885  29.245 0.8999999762
104223  25.515  -78.495  30.866 1.0000000000
464  26.025  -78.942  32.142 0.8999999762
304  25.828  -79.440  32.362 0.8999999762
485  25.150  -79.431  28.103 0.8999999762
497  24.684  -79.678  26.178 0.6999999881
655  25.058  -78.452  27.717 0.8000000119
116525  24.640  -78.425  24.733 0.5000000000
686  24.673  -79.298  25.494 0.6999999881
899  24.106  -77.929  24.607 0.5000000000
352  21.001  -79.413  23.051 0.4000000060
510  22.005  -77.264  23.230 0.5000000000
1046  15.082  -74.231  40.272 1.0000000000
796  15.413  -75.699  39.613 1.0000000000
569  13.248  -76.328  41.965 0.8999999762
112926  15.518  -73.355  39.694 1.0000000000
1282  14.492  -74.019  40.416 1.0000000000
1036  14.679  -74.902  40.493 1.0000000000
559  12.402  -76.637  42.183 0.8999999762
107962  11.910  -77.221  42.584 0.8999999762
98565  15.841  -71.865  39.218 1.0000000000
1538  15.822  -72.678  39.344 1.0000000000
1295  14.153  -73.082  40.046 1.0000000000
106442  12.478  -78.453  43.719 0.8000000119
2071  15.930  -70.413  39.459 1.0000000000
1807  16.332  -71.182  39.118 1.0000000000
97570  13.149  -81.732  37.502 0.3000000119
224  12.463  -79.009  44.354 0.6999999881
111141  17.419  -70.159  38.806 0.8999999762
2070  16.732  -70.262  39.195 1.0000000000
52  12.869  -80.519  42.673 0.4000000060
114  13.407  -81.138  44.487 0.5000000000
43  12.544  -81.247  44.867 0.5000000000
4  11.917  -81.322  44.711 0.4000000060
1  11.824  -81.136  45.373 0.6000000238
2350  18.725  -69.354  40.312 0.6999999881
114074  18.628  -69.437  39.642 0.8000000119
40  10.763  -80.476  45.389 0.6000000238
2051  19.489  -70.419  41.030 0.6999999881
2364  19.191  -69.762  39.825 0.8000000119
1014  19.113  -74.345  43.716 0.6999999881
114888  19.339  -73.265  43.597 0.6999999881
103876  19.630  -71.020  40.824 0.8000000119
2069  19.408  -70.378  39.429 0.8000000119
557  22.717  -76.487  42.518 0.8000000119
565  22.560  -76.925  41.981 0.8000000119
112759  19.595  -73.456  42.419 0.6999999881
112669  19.599  -71.649  41.292 0.6999999881
403  22.637  -77.078  41.218 0.8000000119
573  23.052  -77.062  40.581 0.8000000119
1516  19.658  -72.566  41.292 0.6999999881
1525  19.613  -72.844  40.260 0.8000000119
263  23.346  -78.044  38.831 0.8999999762
423  23.736  -77.781  38.444 0.8999999762
108509  24.168  -78.296  37.207 0.8999999762
431  24.305  -78.229  37.198 0.8999999762
286  24.866  -78.130  35.757 0.8000000119
107402  25.470  -78.202  34.239 0.8000000119
454  25.799  -78.225  33.515 0.8000000119
458  25.961  -78.174  32.712 0.8000000119
101786  24.536  -77.268  29.778 0.8999999762
470  25.092  -78.028  30.317 1.0000000000
465  25.724  -78.077  31.743 0.8999999762
643  24.740  -77.868  28.726 0.8999999762
680  25.108  -78.461  26.094 0.8000000119
668  24.855  -77.406  27.323 0.8000000119
98261  25.206  -77.702  24.728 0.8000000119
114141  24.583  -78.520  24.908 0.8000000119
898  24.950  -77.142  25.377 0.5000000000
909  23.606  -76.344  24.607 0.5000000000
110834  22.756  -76.073  24.210 0.5000000000
118601  22.921  -75.869  23.880 0.5000000000
703  22.608  -76.317  23.704 0.5000000000
514  21.549  -78.451  22.668 0.5000000000
928  23.806  -75.509  23.119 0.5000000000
929  23.119  -75.899  23.361 0.5000000000
710  22.666  -76.633  22.817 0.5000000000
719  22.918  -77.105  21.964 0.5000000000
513  22.196  -77.715  22.304 0.5000000000
520  21.802  -78.994  21.806 0.5000000000
709  23.440  -75.975  22.344 0.5000000000
718  23.537  -76.600  21.558 0.5000000000
518  23.340  -77.705  21.249 0.5000000000
519  22.540  -78.282  21.525 0.5000000000
938  24.271  -75.365  22.323 0.5000000000
525  22.876  -78.970  20.615 0.4000000060
948  24.233  -75.816  21.414 0.5000000000
524  23.888  -78.194  20.454 0.4000000060
363  24.646  -78.702  19.677 0.4000000060
788  14.070  -75.318  40.927 1.0000000000
106186  11.015  -77.811  43.519 1.0000000000
1037  13.806  -74.569  40.609 1.0000000000
106581  12.566  -75.390  41.076 1.0000000000
98503  12.503  -75.930  41.602 0.8999999762
1809  14.625  -71.402  39.594 1.0000000000
108745  15.213  -72.059  39.468 1.0000000000
231  11.753  -78.260  44.419 0.6999999881
2368  15.373  -69.453  39.623 1.0000000000
102661  14.942  -70.510  39.561 1.0000000000
225  11.731  -78.744  45.127 0.8999999762
109715  16.822  -68.886  39.654 0.8999999762
2713  16.059  -68.711  39.819 0.8000000119
2714  15.261  -68.803  39.936 0.8000000119
2351  14.084  -69.375  40.379 0.8000000119
115  12.486  -80.053  45.016 0.6999999881
109  11.641  -79.491  45.407 0.8000000119
220  11.022  -78.552  45.737 0.8000000119
2712  17.472  -68.891  39.768 0.8999999762
102489  16.846  -68.561  40.187 0.8000000119
115184  10.910  -79.774  45.638 0.6999999881
98418  10.331  -79.427  45.934 0.8000000119
41  9.792  -79.971  45.317 0.6999999881
218  8.085  -78.299  46.330 0.8000000119
2341  18.759  -69.495  41.209 0.6999999881
1785  19.479  -70.956  41.692 0.6999999881
2039  19.108  -70.519  42.359 0.6999999881
779  23.086  -76.065  42.392 0.8000000119
108296  22.959  -76.725  41.243 0.8000000119
1506  19.360  -72.315  43.484 0.6999999881
1511  19.507  -72.084  42.743 0.6999999881
102826  19.580  -71.866  41.972 0.6999999881
100108  23.081  -76.599  40.792 0.8000000119
415  23.514  -77.321  39.118 0.8999999762
99765  24.051  -77.764  37.896 0.8999999762
589  24.103  -77.504  37.286 0.8999999762
439  24.571  -78.050  36.642 0.8999999762
597  23.647  -76.986  36.492 0.8999999762
450  24.943  -77.922  35.499 0.8000000119
116226  24.131  -76.690  32.778 0.8999999762
455  24.872  -77.764  34.627 0.8000000119
617  25.024  -77.494  32.938 0.8000000119
637  24.597  -76.749  30.857 1.0000000000
631  24.908  -77.056  31.640 1.0000000000
624  25.322  -77.483  32.222 1.0000000000
656  24.366  -76.827  28.265 1.0000000000
883  24.734  -76.659  26.901 0.8000000119
108313  9.213  -60.018  22.494 0.6000000238
6719  8.052  -59.752  23.703 0.6000000238
890  25.168  -77.248  25.710 0.8000000119
116964  24.626  -76.092  26.676 0.8999999762
98463  25.329  -76.933  24.857 0.6000000238
897  25.486  -76.818  24.677 0.6999999881
102814  25.193  -76.283  25.542 0.8999999762
6745  10.095  -59.546  21.468 0.6000000238
1172  24.348  -75.602  23.507 0.6000000238
6133  9.410  -60.526  21.743 0.5000000000
918  25.873  -76.298  23.652 0.5000000000
112665  24.425  -75.348  22.952 0.5000000000
1179  25.755  -75.621  22.687 0.6000000238
917  26.442  -76.270  23.374 0.5000000000
906  26.228  -76.264  23.826 0.6999999881
927  25.069  -75.219  22.388 0.5000000000
937  25.007  -75.260  21.569 0.5000000000
723  24.808  -76.398  20.580 0.5000000000
117747  25.741  -75.285  22.074 0.5000000000
523  24.754  -77.643  20.170 0.4000000060
947  25.163  -75.604  20.883 0.5000000000
729  25.643  -77.123  19.748 0.4000000060
529  25.569  -78.408  19.259 0.4000000060
560  11.259  -76.734  42.266 0.8999999762
388  10.618  -77.819  44.391 1.0000000000
226  11.142  -78.184  45.537 1.0000000000
376  10.440  -78.216  46.140 0.8999999762
221  10.392  -78.685  46.183 0.8000000119
116083  9.809  -78.881  46.339 0.8000000119
113  7.447  -78.698  45.650 0.6999999881
2028  18.944  -70.941  42.955 0.6999999881
775  23.238  -75.541  42.982 0.8000000119
104788  23.090  -75.777  41.873 0.8000000119
1772  19.164  -71.553  43.252 0.6999999881
794  23.079  -76.046  40.014 0.8000000119
583  23.699  -77.043  38.483 0.8000000119
798  23.241  -75.836  38.281 0.8000000119
804  23.456  -76.362  37.069 0.8000000119
611  23.555  -77.167  35.011 0.6999999881
619  23.338  -76.809  34.106 0.8999999762
831  23.465  -76.231  33.237 0.8999999762
632  24.383  -76.130  31.645 1.0000000000
625  24.585  -76.715  32.184 0.8999999762
638  24.078  -76.043  30.243 1.0000000000
644  24.070  -76.409  29.222 1.0000000000
876  23.740  -75.639  28.597 1.0000000000
669  24.143  -76.039  27.770 1.0000000000
7219  8.803  -59.318  25.602 0.8000000119
7248  8.586  -59.232  23.980 0.8000000119
7249  7.635  -59.207  24.278 0.6999999881
891  24.537  -75.516  26.518 0.8999999762
1137  24.121  -75.426  27.271 0.8999999762
7230  9.170  -59.288  24.571 0.8000000119
6718  8.940  -59.498  23.234 0.6000000238
7232  7.229  -58.550  24.624 0.6999999881
1144  24.776  -74.984  26.066 0.8999999762
7247  9.599  -59.365  23.555 0.8000000119
1154  25.510  -75.417  25.184 1.0000000000
6146  10.249  -60.926  20.881 0.5000000000
6145  10.944  -59.738  20.898 0.6000000238
907  25.202  -76.565  24.058 0.6000000238
896  25.600  -76.556  24.177 0.8000000119
1161  26.208  -75.541  24.570 0.8999999762
1153  26.135  -74.524  25.253 0.8999999762
905  26.745  -76.188  23.572 0.6999999881
1160  26.897  -75.479  24.308 0.8999999762
1152  26.770  -74.533  25.009 0.8000000119
903  28.042  -76.399  23.305 0.6000000238
1159  27.531  -75.734  24.013 0.6999999881
915  27.823  -76.852  22.914 0.6999999881
904  27.200  -76.368  23.150 0.6999999881
925  27.633  -76.007  22.347 0.5000000000
1178  26.561  -75.362  21.713 0.5000000000
398  11.018  -77.374  42.842 1.0000000000
399  10.282  -77.386  43.421 1.0000000000
372  9.499  -78.346  46.364 0.8000000119
219  7.816  -77.903  47.189 0.8000000119
391  6.467  -77.463  44.510 0.4000000060
383  6.713  -78.021  45.670 0.6000000238
378  6.473  -77.933  46.904 0.8000000119
2029  18.524  -71.108  43.567 0.6999999881
555  6.208  -76.447  43.586 0.3000000119
1272  22.317  -73.636  42.391 0.8000000119
102165  22.742  -74.974  41.635 0.8000000119
113575  22.468  -74.562  40.807 0.8000000119
1033  22.828  -75.596  40.937 0.8000000119
1043  22.555  -74.717  39.921 0.8000000119
116250  23.228  -75.794  37.515 0.8000000119
1053  22.785  -74.830  37.537 0.8000000119
99341  22.708  -75.041  36.059 0.6999999881
814  23.079  -75.932  36.329 0.6999999881
826  22.592  -75.105  34.587 0.8000000119
612  22.881  -76.152  34.709 0.6999999881
832  22.842  -75.709  33.870 0.8000000119
1090  22.743  -74.420  32.848 0.8999999762
839  23.101  -75.244  33.028 0.8999999762
1089  23.373  -74.869  32.234 0.8999999762
838  23.868  -75.795  32.355 1.0000000000
848  23.871  -75.338  31.601 0.8999999762
858  23.752  -75.199  30.754 0.8999999762
865  23.541  -75.229  29.649 0.8999999762
6670  8.680  -60.002  27.428 1.0000000000
6690  8.904  -59.856  26.725 0.8999999762
1128  23.299  -74.686  28.757 0.8999999762
7220  7.787  -58.529  25.372 0.6999999881
7701  6.983  -57.956  25.020 0.6999999881
111659  23.655  -74.391  27.538 0.8999999762
6701  9.826  -59.617  25.462 0.8999999762
1395  24.210  -74.259  26.798 0.8000000119
7246  10.456  -59.433  23.713 0.8000000119
1403  24.976  -73.868  26.201 0.8999999762
6731  10.617  -59.214  21.861 0.8000000119
6730  11.414  -59.740  21.774 0.8999999762
1401  26.487  -73.884  25.664 0.8999999762
913  29.272  -78.555  23.114 0.8000000119
914  28.351  -77.802  22.859 0.6999999881
107400  29.186  -76.690  23.891 0.8000000119
1158  28.539  -75.347  24.414 0.6000000238
1400  27.155  -74.053  25.510 0.6999999881
702  28.541  -77.735  22.886 0.6999999881
100704  8.581  -78.051  46.604 0.8000000119
1026  5.981  -74.799  41.900 0.3000000119
551  6.315  -77.500  46.294 0.6999999881
1265  22.761  -74.343  43.220 0.8000000119
117008  5.998  -75.749  43.383 0.3000000119
1510  21.892  -72.525  43.341 0.8000000119
112228  22.036  -72.900  41.639 0.8000000119
1279  22.279  -73.742  40.348 0.8000000119
1048  22.461  -74.252  38.908 0.8000000119
98502  22.461  -74.047  36.019 0.8000000119
1059  22.619  -74.501  36.715 0.8000000119
1082  22.548  -74.635  33.754 0.8999999762
1066  22.503  -74.583  35.305 0.8999999762
6669  9.322  -60.320  27.336 1.0000000000
7205  7.403  -57.879  26.121 0.6999999881
1378  23.242  -73.571  28.041 0.8000000119
1387  23.743  -73.404  27.396 0.8000000119
6689  9.553  -59.899  26.428 0.8999999762
679  29.872  -77.423  26.949 0.8000000119
1386  24.389  -73.194  26.912 0.8000000119
113296  10.619  -59.766  25.294 0.8999999762
7245  10.952  -59.419  22.907 0.8000000119
684  30.069  -78.195  25.643 0.8999999762
685  29.895  -78.102  25.824 0.6000000238
1393  26.224  -73.284  26.224 0.8000000119
6158  11.577  -61.139  20.743 0.8999999762
693  30.193  -78.415  24.640 0.8999999762
102077  29.863  -78.556  24.886 0.8999999762
889  29.644  -76.481  26.134 0.5000000000
114434  29.328  -74.989  25.710 0.6000000238
1143  28.807  -74.339  26.251 0.5000000000
1391  28.060  -73.705  26.851 0.6000000238
1392  27.105  -73.454  26.260 0.6999999881
5212  10.585  -63.363  20.519 0.6000000238
5664  11.692  -62.048  20.962 0.8000000119
506  29.678  -78.600  23.866 0.8999999762
895  29.734  -76.929  25.007 0.5000000000
1149  29.364  -75.439  24.900 0.5000000000
1150  28.692  -74.567  25.209 0.6000000238
1399  27.898  -73.990  25.762 0.6000000238
708  29.205  -78.383  22.499 0.6000000238
701  28.886  -78.466  22.874 0.6999999881
923  29.316  -76.653  21.867 0.5000000000
935  27.629  -75.352  21.356 0.4000000060
1032  5.601  -74.066  41.521 0.3000000119
774  5.833  -75.066  43.315 0.6999999881
99499  5.911  -76.566  45.311 0.6999999881
115825  21.985  -72.714  42.487 0.8000000119
1280  22.068  -72.945  40.765 0.8000000119
114156  22.319  -73.431  38.767 0.8000000119
1546  22.348  -72.692  38.349 0.8000000119
1296  22.370  -73.784  37.953 0.8000000119
98512  22.441  -73.859  36.672 0.8000000119
6038  11.204  -60.939  31.351 0.8999999762
6048  10.044  -61.018  30.546 1.0000000000
6624  9.470  -60.728  29.820 1.0000000000
7188  8.504  -59.921  28.356 1.0000000000
6061  10.026  -60.994  29.630 1.0000000000
6655  9.114  -60.547  28.173 1.0000000000
110285  8.117  -59.039  27.450 0.8999999762
100059  7.387  -57.905  27.603 0.6999999881
7689  6.479  -56.912  26.537 0.6000000238
1379  22.869  -72.973  28.568 0.8000000119
6072  10.420  -60.899  28.948 1.0000000000
1645  24.010  -72.656  27.388 0.8000000119
6654  10.024  -60.706  27.969 1.0000000000
105573  10.296  -60.161  26.974 0.8999999762
6688  10.487  -59.876  26.124 0.8999999762
6717  10.930  -59.787  24.346 0.8000000119
882  29.822  -76.630  27.589 0.6999999881
1907  24.879  -71.905  27.744 0.6999999881
1643  25.361  -72.413  27.346 0.8000000119
6716  11.496  -59.952  23.331 0.8000000119
1648  25.918  -72.749  26.847 0.8000000119
102182  11.879  -62.048  22.388 0.8999999762
1136  28.829  -74.451  27.472 0.6000000238
1384  28.150  -73.759  28.070 0.6000000238
1642  26.547  -72.676  27.536 0.6000000238
4662  10.814  -64.843  22.112 0.6000000238
5195  11.253  -63.575  21.474 0.6999999881
5179  11.447  -63.540  22.824 0.8000000119
707  30.026  -78.194  22.193 0.8000000119
934  28.243  -75.109  20.890 0.4000000060
1188  27.924  -75.031  20.588 0.4000000060
1519  4.941  -72.802  41.009 0.6000000238
1308  22.374  -73.337  36.388 0.8999999762
6047  10.931  -61.110  30.655 0.8999999762
7174  8.377  -59.704  29.358 1.0000000000
7189  7.904  -58.986  28.563 1.0000000000
99067  11.481  -61.090  29.974 0.8999999762
7677  6.454  -57.252  27.979 0.6999999881
2167  23.838  -70.831  28.693 0.6000000238
1901  23.450  -71.585  28.298 0.6999999881
118781  11.000  -60.059  26.608 0.8999999762
691  32.950  -76.228  23.933 0.8999999762
100601  32.920  -76.122  25.589 0.8000000119
1908  24.075  -71.981  27.683 0.8000000119
6699  11.095  -60.075  25.791 0.8999999762
108842  31.746  -76.974  24.967 0.8000000119
677  31.226  -76.939  26.313 0.8000000119
678  29.862  -77.509  26.577 0.8000000119
667  30.001  -77.227  27.379 0.6999999881
6124  11.730  -61.280  23.796 0.8999999762
5631  11.611  -62.718  23.904 0.8999999762
902  33.418  -75.755  23.464 0.8999999762
697  32.994  -76.294  22.966 0.8999999762
692  31.603  -77.269  23.882 0.8999999762
101416  29.877  -76.203  28.385 0.6999999881
1135  29.402  -75.467  28.020 0.5000000000
1635  25.672  -72.022  27.973 0.6000000238
1898  26.069  -71.779  28.733 0.5000000000
706  32.919  -76.284  21.692 1.0000000000
698  31.521  -77.302  22.808 0.8999999762
875  29.604  -75.366  28.908 0.6999999881
1127  28.862  -74.525  28.527 0.5000000000
1377  27.679  -73.223  28.566 0.5000000000
1634  26.369  -72.315  28.244 0.6000000238
4159  10.247  -65.732  22.573 0.5000000000
912  33.421  -75.638  22.167 1.0000000000
111372  31.436  -77.181  21.628 1.0000000000
1376  28.318  -73.756  28.851 0.5000000000
1633  27.390  -72.818  28.976 0.5000000000
714  32.864  -75.600  19.607 1.0000000000
715  32.178  -76.394  20.507 1.0000000000
108493  31.089  -77.150  21.435 0.8000000119
944  31.518  -74.977  19.284 0.6999999881
932  30.397  -75.609  20.632 0.6999999881
933  29.216  -75.047  20.537 0.4000000060
1184  31.715  -74.760  19.315 0.6999999881
945  27.763  -75.608  19.367 0.4000000060
1186  28.577  -74.607  20.390 0.4000000060
1187  28.481  -74.839  20.339 0.4000000060
101062  5.061  -73.738  42.623 0.8000000119
1021  5.349  -74.356  43.805 0.6999999881
769  5.410  -74.959  45.039 0.6999999881
101682  5.619  -75.565  46.194 0.6999999881
1789  4.838  -71.821  41.079 0.8000000119
99333  5.755  -75.748  44.458 0.6000000238
2374  4.163  -71.001  36.478 0.1000000015
6040  9.873  -60.832  31.540 1.0000000000
6595  12.222  -60.359  32.683 0.8999999762
6609  12.616  -60.704  31.850 0.8999999762
7175  7.712  -59.032  29.569 1.0000000000
7676  7.220  -58.158  28.832 0.8000000119
101371  6.333  -57.581  29.163 0.8000000119
2156  24.242  -70.224  29.224 0.5000000000
6653  11.124  -60.656  28.178 1.0000000000
894  33.984  -75.265  25.685 0.8999999762
1900  24.344  -71.365  28.178 0.4000000060
683  33.556  -75.635  24.666 0.8999999762
114876  31.538  -76.453  27.229 0.8000000119
654  30.803  -76.664  29.284 0.8000000119
2155  25.194  -70.410  29.430 0.4000000060
2166  24.738  -70.841  28.752 0.4000000060
6667  11.753  -60.692  27.496 1.0000000000
6111  11.424  -60.627  24.928 0.8999999762
653  31.149  -76.854  29.288 0.8000000119
1117  29.766  -74.659  29.451 0.6000000238
3249  11.372  -67.354  23.920 0.8000000119
105992  11.562  -61.950  24.921 0.8999999762
922  33.405  -75.119  21.467 0.8999999762
1126  28.933  -74.332  29.125 0.5000000000
1623  26.850  -72.278  29.084 0.5000000000
2534  10.876  -69.776  22.541 0.8000000119
2879  11.589  -68.712  23.045 0.8999999762
3649  10.223  -66.084  22.352 0.6999999881
101708  11.160  -65.246  23.766 0.8000000119
114329  33.390  -75.530  20.764 1.0000000000
1632  27.908  -73.143  29.102 0.5000000000
1622  27.552  -72.503  29.330 0.5000000000
1885  26.475  -71.511  29.486 0.5000000000
4145  11.234  -65.756  24.059 0.8000000119
1174  33.140  -74.928  19.859 1.0000000000
1182  32.962  -75.147  18.938 0.8999999762
102974  32.054  -74.412  19.867 0.8999999762
1176  30.806  -74.410  20.083 0.8000000119
1185  30.528  -74.699  19.803 0.6000000238
1177  29.669  -74.468  20.367 0.6000000238
1194  28.626  -74.316  19.796 0.5000000000
1198  29.022  -74.812  19.173 0.4000000060
1515  4.673  -72.295  42.601 0.8000000119
1270  4.821  -73.110  42.140 0.8000000119
111165  4.038  -70.565  39.327 0.4000000060
6596  11.379  -60.529  32.624 0.8999999762
6032  9.958  -60.686  32.437 0.8999999762
104299  9.202  -60.660  31.381 1.0000000000
108526  8.675  -60.337  30.925 1.0000000000
6611  8.483  -60.444  32.003 1.0000000000
7157  7.975  -59.760  31.212 1.0000000000
7659  6.950  -58.360  29.820 1.0000000000
7660  5.278  -57.112  29.554 0.8000000119
7648  6.502  -58.391  30.708 0.8999999762
8181  4.247  -56.827  28.775 0.8000000119
6608  13.591  -60.506  31.791 0.8999999762
109327  12.129  -60.885  29.212 0.8999999762
676  32.892  -75.986  26.513 0.6999999881
108342  12.516  -61.014  28.773 1.0000000000
6652  11.934  -60.787  28.398 1.0000000000
1156  33.478  -75.625  24.402 0.8000000119
652  31.968  -76.436  28.873 0.8000000119
641  31.362  -76.546  30.178 0.6999999881
642  31.038  -76.354  30.270 0.6999999881
6097  11.799  -60.981  26.655 0.8999999762
1169  33.383  -75.346  22.856 0.8000000119
864  30.432  -75.650  29.668 0.6000000238
116918  29.221  -73.905  29.488 0.4000000060
5614  11.639  -61.444  25.793 0.8999999762
112528  11.704  -62.363  25.641 0.8999999762
1170  32.613  -74.539  22.551 0.8999999762
1369  28.575  -73.532  29.262 0.5000000000
1884  27.921  -71.975  29.599 0.5000000000
2153  26.919  -71.023  30.028 0.4000000060
2539  10.681  -70.768  21.805 0.6000000238
1175  32.418  -74.335  21.205 1.0000000000
111351  27.180  -71.846  29.654 0.5000000000
3256  12.114  -68.051  23.742 0.8999999762
5164  11.374  -64.279  23.670 0.8999999762
1430  31.123  -73.846  21.344 0.8999999762
1431  30.016  -73.924  21.350 0.5000000000
1438  28.454  -74.159  20.403 0.5000000000
1439  28.000  -74.124  20.588 0.5000000000
1193  28.897  -74.015  18.866 0.4000000060
1433  28.203  -74.028  21.063 0.6000000238
108390  27.919  -73.064  18.386 0.3000000119
1009  6.905  -74.793  47.466 1.0000000000
757  6.675  -76.227  47.409 1.0000000000
1257  4.389  -73.084  44.738 0.8999999762
1263  4.871  -73.702  44.201 0.6999999881
1018  5.027  -74.269  45.377 0.8000000119
100743  6.031  -75.242  47.533 0.8000000119
539  6.552  -77.416  47.121 0.8000000119
1264  4.530  -73.085  43.364 0.8000000119
7629  13.435  -58.304  32.369 0.8999999762
111150  12.759  -59.733  32.895 0.8999999762
6582  11.597  -60.208  33.065 0.8999999762
6583  10.942  -60.314  33.136 0.8999999762
6584  10.174  -60.454  33.129 1.0000000000
98299  9.352  -60.546  33.072 1.0000000000
7158  7.061  -59.206  31.410 1.0000000000
7159  5.819  -58.434  31.716 1.0000000000
7146  13.533  -59.303  32.662 0.8999999762
105712  13.157  -60.248  32.479 0.8999999762
7649  5.084  -57.405  30.673 0.8000000119
8161  3.919  -56.830  29.872 0.8000000119
7661  2.989  -56.907  30.050 0.6999999881
2154  26.062  -70.798  29.853 0.4000000060
6594  14.062  -60.072  32.328 0.8999999762
6622  12.984  -60.729  30.607 0.8999999762
7650  2.552  -57.126  30.695 0.6000000238
7662  2.471  -57.381  29.541 0.5000000000
880  33.727  -75.197  27.853 0.6999999881
111498  27.217  -70.112  30.327 0.5000000000
99141  14.513  -60.351  31.703 0.8999999762
6636  13.550  -60.836  29.774 0.8999999762
106690  12.345  -61.037  28.080 1.0000000000
1148  32.709  -74.561  24.856 0.8000000119
640  31.959  -76.562  29.974 0.6999999881
1116  30.830  -74.788  30.189 0.6000000238
6083  12.237  -61.392  27.341 1.0000000000
5593  12.578  -62.374  27.316 0.8999999762
1157  32.673  -74.611  23.716 0.8000000119
1621  28.280  -72.738  29.387 0.5000000000
2141  27.804  -70.679  30.107 0.5000000000
103221  31.684  -73.811  23.288 0.8999999762
2538  11.639  -69.912  21.406 0.8999999762
5132  11.887  -63.142  25.896 0.8999999762
5147  11.662  -63.099  24.963 0.8999999762
1418  31.661  -73.899  22.291 0.8999999762
1419  30.966  -73.271  22.723 0.8999999762
1680  30.486  -72.782  23.249 1.0000000000
3244  11.699  -66.582  24.465 0.8999999762
3640  11.590  -66.131  24.580 0.8999999762
1420  30.316  -73.291  22.500 0.8999999762
1421  29.351  -73.377  22.467 1.0000000000
1422  28.409  -73.437  22.405 0.8999999762
1432  28.994  -74.053  21.359 0.6000000238
111079  27.787  -73.286  19.977 0.5000000000
1442  27.933  -73.309  19.425 0.3000000119
1703  26.701  -72.460  18.691 0.4000000060
101939  6.131  -74.220  47.186 1.0000000000
1250  4.526  -73.123  45.972 1.0000000000
1504  4.039  -72.524  45.479 1.0000000000
1256  4.739  -73.674  45.562 0.8999999762
1011  5.156  -74.015  46.590 1.0000000000
2035  4.089  -70.915  43.657 0.6999999881
1775  4.186  -71.687  43.856 0.8000000119
8145  13.472  -57.755  31.770 0.8000000119
7638  12.708  -57.975  32.181 0.8999999762
98515  11.911  -57.706  31.445 0.8000000119
7630  12.577  -58.832  32.763 0.8999999762
7639  11.843  -58.229  32.536 0.8999999762
7618  10.745  -59.158  33.402 0.8999999762
114530  8.669  -60.575  32.842 1.0000000000
6612  7.546  -59.970  32.223 1.0000000000
8135  14.220  -57.914  32.097 0.8000000119
7160  4.546  -57.881  32.515 1.0000000000
7640  4.369  -57.331  31.663 0.8000000119
855  32.660  -75.538  31.704 0.6000000238
7144  15.284  -59.069  32.411 0.8999999762
7143  15.793  -59.592  32.083 0.8999999762
7641  3.294  -56.813  31.070 0.6999999881
1106  32.237  -75.230  32.387 0.6000000238
1107  31.656  -75.085  31.611 0.6000000238
6620  14.898  -60.610  30.765 0.8999999762
6059  13.156  -61.094  29.079 1.0000000000
636  31.657  -76.193  30.944 0.6000000238
1620  29.435  -72.934  29.662 0.5000000000
2152  28.378  -71.246  29.834 0.5000000000
6635  14.372  -60.875  29.954 0.8999999762
6070  13.406  -61.650  28.714 1.0000000000
117066  13.293  -62.156  28.327 1.0000000000
119005  30.769  -72.260  24.397 0.8000000119
1408  31.738  -73.694  24.291 0.6999999881
5601  12.005  -62.092  26.491 0.8999999762
1664  30.292  -72.321  23.897 1.0000000000
1409  31.040  -72.827  23.752 0.8999999762
1665  29.371  -72.111  24.080 0.8999999762
4629  11.599  -64.155  25.146 0.8999999762
1681  29.806  -72.682  23.281 1.0000000000
4144  12.012  -65.602  25.435 0.8999999762
4628  11.724  -64.978  25.306 0.8999999762
1666  28.211  -72.353  24.054 1.0000000000
1682  28.796  -72.807  23.329 1.0000000000
2885  12.980  -68.035  22.486 0.8000000119
1683  27.795  -72.836  23.290 1.0000000000
1423  27.585  -73.234  22.305 1.0000000000
1697  27.191  -72.591  20.798 0.6000000238
1699  27.066  -72.447  20.000 0.5000000000
1700  26.089  -71.940  19.754 0.6000000238
1684  26.776  -72.505  22.178 0.6999999881
116084  5.176  -73.019  46.772 1.0000000000
116537  5.700  -72.963  46.881 1.0000000000
1498  6.420  -72.776  46.623 1.0000000000
1759  3.662  -71.978  46.287 1.0000000000
109874  3.449  -71.397  46.173 1.0000000000
103950  5.807  -73.381  46.918 1.0000000000
118591  3.766  -72.037  45.119 1.0000000000
8146  12.829  -57.648  31.372 0.8000000119
8158  11.533  -57.424  30.259 0.6999999881
117804  13.491  -57.492  30.726 0.6999999881
8177  12.251  -57.362  29.647 0.6999999881
7631  11.011  -58.355  32.910 0.8999999762
8198  13.929  -57.310  28.851 0.6000000238
8147  11.115  -57.801  32.079 0.8999999762
7632  10.058  -58.350  33.201 0.8999999762
7134  9.561  -60.201  33.537 1.0000000000
116345  13.993  -57.457  30.204 0.6999999881
8127  9.166  -58.165  33.530 0.8999999762
7620  9.395  -58.985  33.903 1.0000000000
6598  7.852  -60.476  33.030 1.0000000000
7149  6.692  -59.407  32.278 1.0000000000
8144  14.735  -57.625  31.557 0.6999999881
8143  15.467  -57.744  31.774 0.6000000238
6585  8.457  -60.417  33.564 1.0000000000
6599  6.787  -60.102  33.267 1.0000000000
7150  5.725  -59.132  32.855 1.0000000000
2151  29.328  -71.087  29.912 0.5000000000
1883  28.913  -71.925  29.537 0.5000000000
116374  16.078  -58.768  32.241 0.6999999881
108769  16.633  -59.311  31.859 0.8000000119
6618  16.718  -60.509  30.763 0.8000000119
6566  7.675  -60.129  34.209 1.0000000000
7633  3.112  -56.908  32.457 0.6999999881
1359  32.325  -74.559  32.187 0.6000000238
1360  31.423  -73.935  30.855 0.5000000000
106617  30.562  -73.145  30.199 0.5000000000
1882  29.907  -71.813  29.891 0.5000000000
105657  15.400  -60.223  31.620 0.8999999762
6619  15.823  -60.603  30.847 0.8000000119
6057  14.781  -61.443  29.607 1.0000000000
7634  2.232  -57.554  32.586 0.6000000238
1368  30.123  -73.849  29.935 0.5000000000
6069  14.316  -61.974  29.068 1.0000000000
4604  19.969  -65.281  26.692 0.8000000119
4140  19.479  -65.487  25.926 0.8000000119
3637  18.556  -66.532  25.706 0.8999999762
5592  13.208  -62.775  27.976 0.8999999762
108678  29.160  -71.053  25.097 0.8000000119
1923  28.165  -71.258  25.204 0.6999999881
2822  25.212  -67.929  28.072 0.6000000238
2841  24.723  -68.192  27.428 0.5000000000
3619  20.369  -66.370  27.267 0.8000000119
3625  19.342  -66.671  26.662 0.8000000119
3241  18.235  -67.043  25.924 0.8999999762
3646  17.836  -66.971  24.659 0.8000000119
112535  13.250  -64.469  27.270 0.8000000119
4592  12.698  -63.866  27.048 0.8000000119
1935  28.717  -71.649  24.635 0.8999999762
1924  27.066  -71.437  25.230 0.8000000119
2487  25.894  -69.215  27.227 0.8000000119
2488  25.043  -68.879  26.932 0.6000000238
2848  24.297  -68.260  26.457 0.6000000238
3228  20.249  -67.541  26.813 0.8000000119
3229  19.386  -67.423  26.652 0.8999999762
3230  18.691  -67.219  26.341 0.8999999762
2866  16.431  -68.499  24.842 0.8999999762
2872  15.738  -68.876  24.355 0.8999999762
2533  14.443  -70.356  23.251 0.8999999762
2537  14.271  -70.057  21.775 0.8999999762
118398  12.676  -64.497  26.734 0.8999999762
4609  12.107  -64.102  26.225 0.8000000119
2501  25.430  -69.629  26.540 0.6999999881
2853  19.647  -68.187  26.486 0.8000000119
2504  19.107  -68.864  26.084 0.8000000119
2506  17.399  -68.782  25.632 0.8999999762
2515  17.440  -69.378  25.496 0.8999999762
2526  15.643  -69.665  24.438 0.8000000119
2240  13.352  -70.738  20.438 0.8999999762
2242  12.468  -70.161  20.121 0.8999999762
110964  12.755  -68.659  20.173 0.8999999762
2889  12.768  -68.329  21.193 0.8999999762
3628  13.134  -66.086  25.989 0.8999999762
4608  12.348  -64.971  26.182 0.8999999762
1667  27.240  -72.434  24.021 0.8999999762
2852  20.675  -68.178  26.345 0.8000000119
2503  20.089  -68.791  25.936 0.8000000119
111299  18.056  -69.633  25.500 0.8999999762
2204  16.953  -69.959  25.060 0.8999999762
2219  15.763  -70.645  24.324 0.8999999762
3248  12.796  -67.435  24.331 1.0000000000
102577  26.929  -72.676  23.257 0.8999999762
114110  26.217  -72.090  23.279 0.8999999762
1957  25.659  -71.314  21.311 0.6999999881
1964  25.432  -71.624  20.464 0.6999999881
1965  24.801  -71.429  20.976 0.6999999881
1692  26.244  -71.551  21.489 0.8000000119
1698  26.371  -71.749  20.696 0.6999999881
1966  23.558  -71.655  20.901 0.6999999881
1959  23.298  -71.363  21.592 0.6999999881
114570  20.777  -71.324  21.523 0.6000000238
2023  3.235  -70.904  46.323 1.0000000000
102561  3.552  -70.879  45.103 1.0000000000
2336  5.167  -69.875  41.942 0.6999999881
2324  6.123  -69.193  42.501 0.6999999881
2676  6.304  -68.798  41.661 0.5000000000
3096  6.274  -67.542  40.961 0.6000000238
9972  12.524  -55.393  22.851 0.4000000060
104996  11.399  -56.351  23.692 0.4000000060
108167  12.353  -56.682  26.476 0.4000000060
8720  12.517  -56.977  28.163 0.5000000000
8722  10.659  -56.639  28.303 0.5000000000
9320  12.946  -55.585  22.937 0.4000000060
9321  12.227  -55.813  22.815 0.4000000060
107571  12.908  -56.857  27.363 0.4000000060
8178  11.564  -57.252  29.424 0.6999999881
8179  10.909  -57.150  29.621 0.6999999881
8684  9.448  -56.476  30.419 0.8999999762
8160  10.101  -57.103  30.917 0.8999999762
8778  12.883  -56.118  23.118 0.4000000060
8752  12.761  -56.602  25.334 0.4000000060
8719  13.384  -57.094  28.108 0.6000000238
115650  10.727  -57.255  30.320 0.8999999762
8149  9.714  -57.218  31.833 0.8999999762
8150  8.993  -56.981  32.103 0.8999999762
8660  8.273  -56.724  32.423 0.8999999762
8751  13.701  -56.563  25.890 0.4000000060
8128  8.425  -57.892  33.820 0.8999999762
6587  6.525  -60.129  33.919 1.0000000000
7108  6.370  -59.114  35.227 1.0000000000
2140  28.724  -70.401  30.072 0.4000000060
8197  14.912  -57.285  28.677 0.6000000238
8174  15.400  -57.369  29.807 0.6000000238
8155  15.288  -57.475  30.890 0.6000000238
7135  5.632  -59.434  33.788 1.0000000000
7151  4.247  -58.036  33.381 1.0000000000
112721  30.475  -72.433  30.138 0.5000000000
98712  16.114  -57.642  31.314 0.6000000238
7636  17.416  -58.093  31.281 0.6000000238
7164  17.824  -59.469  30.851 0.6999999881
7152  2.785  -58.638  33.171 1.0000000000
6055  16.769  -61.812  29.677 0.8000000119
5567  15.307  -62.338  29.351 0.8000000119
6095  17.074  -61.335  26.970 0.6000000238
6068  17.445  -62.175  28.694 0.6000000238
5565  17.015  -62.436  29.160 0.6000000238
5580  15.789  -63.135  29.080 0.8000000119
115215  14.781  -63.042  28.830 0.8999999762
7137  2.158  -58.032  34.035 0.8000000119
5591  17.380  -62.616  27.989 0.5000000000
5578  17.057  -62.863  28.520 0.6999999881
107373  15.466  -63.641  28.704 0.6000000238
5096  14.839  -63.970  28.420 0.8000000119
3608  24.226  -66.464  28.661 0.5000000000
4114  21.892  -65.463  27.537 0.6000000238
3618  21.110  -66.119  27.428 0.8000000119
3213  20.753  -66.884  27.113 0.8000000119
3645  18.434  -66.529  24.943 0.8999999762
3253  17.338  -67.349  22.821 0.8999999762
3259  16.818  -67.707  22.382 0.8000000119
5095  17.070  -63.303  27.916 0.6000000238
4579  15.743  -64.217  28.335 0.6000000238
5112  13.318  -63.722  27.668 0.8000000119
105325  24.393  -67.415  28.004 0.5000000000
3212  21.785  -66.774  26.932 0.8000000119
3657  17.713  -67.137  23.612 0.8000000119
3254  16.886  -67.719  23.514 0.8000000119
2877  15.563  -68.748  23.473 0.8000000119
2536  14.934  -69.340  22.821 0.8999999762
2541  14.227  -69.770  20.350 1.0000000000
2544  13.633  -69.909  19.786 1.0000000000
4591  13.836  -65.075  27.239 0.8000000119
99826  25.080  -69.904  25.507 0.6999999881
2860  24.190  -68.436  25.397 0.6999999881
2849  23.654  -67.890  25.847 0.6999999881
2851  21.744  -67.989  25.974 0.8000000119
3227  21.266  -67.495  26.650 0.8000000119
2532  15.181  -69.453  23.805 0.8000000119
2897  13.667  -68.605  19.560 1.0000000000
3264  13.167  -67.822  20.305 1.0000000000
4607  13.049  -65.070  26.754 0.8999999762
2199  25.301  -70.529  24.776 0.8000000119
2510  24.616  -68.957  24.785 0.6999999881
2863  22.125  -68.468  25.290 0.8000000119
2864  21.079  -68.661  25.641 0.8000000119
2202  19.200  -69.978  24.890 0.8999999762
2216  18.225  -70.991  23.974 0.8999999762
2527  15.110  -70.396  24.032 0.8999999762
2220  14.606  -71.273  23.595 0.8000000119
3260  13.260  -67.533  21.630 0.8999999762
111033  13.545  -67.328  22.745 0.8999999762
3638  13.195  -66.466  25.469 0.8999999762
4132  12.719  -65.611  26.146 1.0000000000
1939  25.517  -71.087  24.267 0.8000000119
2209  25.049  -70.182  23.661 0.6999999881
109133  18.894  -70.530  24.277 0.6999999881
100099  14.032  -66.636  22.749 0.8000000119
1668  26.573  -72.297  23.910 0.8999999762
1669  25.554  -71.141  23.334 0.8000000119
109463  25.502  -71.004  22.071 0.8000000119
1958  24.727  -71.039  21.754 0.8000000119
2226  19.871  -70.955  22.491 0.6999999881
2227  18.899  -70.914  23.112 0.6999999881
1685  25.871  -71.323  22.372 0.8000000119
2224  22.617  -70.501  22.832 0.6999999881
2225  21.560  -70.851  22.629 0.6999999881
114865  20.718  -70.709  22.951 0.6000000238
2326  4.113  -70.259  44.082 0.8999999762
2663  5.717  -69.070  43.617 0.8000000119
3067  6.241  -68.517  42.695 0.8000000119
3083  6.471  -67.743  41.769 0.6999999881
101151  3.867  -70.262  37.449 0.3000000119
3104  5.610  -68.089  40.167 0.5000000000
2704  4.745  -69.216  39.451 0.4000000060
101533  15.710  -54.064  27.577 0.3000000119
9936  13.826  -54.272  25.682 0.3000000119
9937  13.331  -54.322  25.844 0.3000000119
100589  12.587  -54.371  25.498 0.2000000030
9973  11.560  -55.620  22.791 0.4000000060
8765  11.167  -56.497  24.934 0.2000000030
8737  10.742  -56.430  27.284 0.4000000060
9952  13.997  -54.335  23.999 0.4000000060
8706  10.383  -56.765  29.095 0.6000000238
8685  8.715  -56.117  30.883 0.8999999762
8777  13.430  -55.830  23.054 0.3000000119
8762  13.820  -56.228  24.218 0.4000000060
8670  7.780  -56.147  31.992 0.8999999762
8750  14.737  -56.474  25.940 0.4000000060
107572  14.908  -57.106  27.741 0.6000000238
8716  16.433  -57.139  28.185 0.5000000000
100327  17.115  -57.313  28.907 0.5000000000
8129  7.672  -57.572  34.054 1.0000000000
7119  6.999  -59.671  34.686 1.0000000000
8196  15.946  -57.295  28.853 0.6000000238
8173  16.453  -57.380  29.784 0.5000000000
8172  17.454  -57.532  29.841 0.5000000000
8171  18.165  -57.833  29.672 0.6999999881
7622  7.898  -58.521  34.507 1.0000000000
7121  4.253  -58.095  34.959 1.0000000000
100048  16.022  -57.450  30.533 0.6000000238
8154  16.912  -57.595  30.760 0.5000000000
8153  17.837  -57.853  30.502 0.6000000238
6617  17.499  -60.284  30.549 0.8000000119
7136  3.649  -57.786  34.311 1.0000000000
6633  18.308  -59.923  29.766 0.6000000238
6634  17.791  -60.665  29.822 0.8000000119
6666  17.666  -60.762  27.756 0.5000000000
6054  17.445  -61.567  29.383 0.6000000238
3616  23.135  -66.395  27.389 0.6000000238
4586  21.626  -64.625  27.645 0.6999999881
2883  16.250  -68.183  21.752 0.8999999762
3210  23.539  -67.153  27.091 0.6999999881
3617  22.294  -66.171  27.279 0.6999999881
2896  14.370  -68.462  19.501 1.0000000000
113822  16.516  -64.362  27.210 0.5000000000
115951  14.583  -65.003  27.532 0.6999999881
3225  23.205  -67.334  26.248 0.8000000119
3226  22.361  -67.309  26.311 0.8000000119
3670  14.069  -66.218  21.668 0.8000000119
4129  15.288  -65.374  26.474 0.6999999881
4130  14.550  -65.725  26.139 0.8000000119
2200  24.891  -69.402  24.215 0.6999999881
2850  22.926  -67.783  25.595 0.8000000119
2523  22.779  -69.355  24.104 0.8000000119
2524  21.778  -69.535  24.269 0.8999999762
3648  13.477  -66.791  24.749 0.8999999762
3647  13.954  -66.454  25.229 0.8000000119
2215  19.557  -70.427  23.983 0.8000000119
1948  25.207  -70.625  22.809 0.8999999762
1949  24.923  -70.492  22.591 0.6999999881
2231  24.161  -70.582  22.370 0.8000000119
2214  20.363  -70.245  23.773 0.8999999762
2653  3.938  -69.447  45.146 0.8999999762
3049  4.505  -68.691  44.865 0.8000000119
3069  4.429  -67.479  44.090 0.8999999762
2652  5.155  -69.055  44.485 0.8999999762
3494  5.404  -67.007  43.269 0.6999999881
3084  6.147  -67.433  42.748 0.8000000119
3998  6.043  -66.191  41.798 0.8000000119
4004  5.191  -65.710  41.248 0.5000000000
3518  5.502  -67.059  40.432 0.5000000000
4009  4.007  -66.428  40.318 0.5000000000
2734  3.499  -68.949  36.485 0.2000000030
3115  3.300  -68.572  37.729 0.2000000030
3519  3.139  -67.049  39.481 0.5000000000
3105  4.198  -67.893  39.317 0.4000000060
9922  13.825  -54.110  26.610 0.3000000119
9308  10.607  -56.141  23.340 0.2000000030
8753  10.936  -56.510  26.116 0.2000000030
8738  10.010  -56.001  27.196 0.3000000119
9280  9.321  -55.747  28.500 0.5000000000
9249  8.851  -55.832  30.056 0.8999999762
9234  8.016  -55.790  31.288 0.8999999762
9235  7.145  -55.458  31.613 0.8999999762
100318  13.435  -54.953  23.029 0.4000000060
8776  14.232  -55.717  23.485 0.3000000119
8761  15.088  -56.203  24.799 0.3000000119
9225  7.136  -55.938  32.332 0.8999999762
8732  16.471  -56.756  27.296 0.5000000000
8661  7.552  -56.476  32.722 0.8999999762
8653  7.278  -56.820  33.497 1.0000000000
8119  7.105  -58.079  34.934 1.0000000000
8099  6.285  -57.957  35.520 1.0000000000
8749  15.879  -56.445  26.201 0.3000000119
7593  5.819  -58.435  35.592 1.0000000000
100153  18.040  -57.559  28.531 0.6000000238
7163  18.394  -59.101  30.279 0.8000000119
7594  3.997  -57.894  35.475 1.0000000000
8247  17.956  -57.813  21.120 0.5000000000
8237  17.952  -58.555  22.159 0.5000000000
8238  16.690  -58.918  22.438 0.5000000000
7110  2.804  -58.026  35.154 0.8999999762
7218  16.088  -60.069  25.598 0.6000000238
7217  16.746  -59.687  26.172 0.5000000000
7204  17.391  -59.851  27.160 0.5000000000
7187  18.051  -59.893  28.120 0.6000000238
7122  2.415  -57.841  34.724 0.8999999762
102289  2.461  -58.231  34.837 0.8999999762
6096  16.311  -60.746  25.688 0.6000000238
6686  16.695  -60.320  26.498 0.6000000238
3263  16.118  -68.049  20.536 1.0000000000
5600  16.845  -61.945  26.404 0.5000000000
5130  16.965  -62.958  26.268 0.5000000000
4605  16.625  -64.021  26.227 0.6000000238
4606  16.111  -64.947  26.714 0.6999999881
2521  24.672  -69.074  24.121 0.8000000119
2861  24.098  -68.620  24.683 0.8000000119
2522  23.942  -69.051  24.037 0.8000000119
2531  23.302  -69.705  23.460 0.6999999881
4158  14.404  -66.368  24.427 0.8000000119
4143  14.590  -66.034  25.327 0.6999999881
2211  24.470  -69.532  23.525 0.8000000119
107517  23.733  -70.128  22.876 0.8999999762
2223  24.847  -70.006  23.280 0.8999999762
2212  22.165  -69.985  23.529 0.8000000119
3051  2.643  -67.631  45.409 0.8000000119
3050  3.451  -68.110  45.070 0.8000000119
3481  3.674  -66.797  44.268 0.8000000119
107272  3.858  -65.884  44.296 0.8000000119
113261  5.498  -65.796  43.080 0.8000000119
3510  5.998  -66.413  42.507 0.8000000119
3999  5.635  -65.512  42.276 0.8000000119
3121  3.312  -68.124  37.358 0.2000000030
4005  2.471  -65.962  40.161 0.5000000000
118045  2.847  -67.167  38.332 0.4000000060
9938  11.973  -54.113  25.882 0.2000000030
9322  10.389  -55.591  23.414 0.2000000030
9323  9.897  -55.165  24.185 0.2000000030
9939  9.024  -54.815  25.668 0.4000000060
9907  16.507  -54.180  28.026 0.2000000030
9954  11.649  -54.616  24.543 0.2000000030
9309  10.028  -55.843  24.088 0.2000000030
9298  9.488  -55.596  26.139 0.4000000060
9288  9.413  -55.482  27.496 0.4000000060
99316  15.611  -54.221  26.750 0.2000000030
9270  8.859  -55.586  29.223 0.8000000119
9250  8.186  -55.461  30.552 0.8999999762
9251  6.844  -54.899  30.806 0.8999999762
9935  14.610  -54.098  25.710 0.3000000119
9951  14.751  -53.700  24.154 0.3000000119
9971  14.430  -54.214  23.111 0.3000000119
9307  15.432  -55.694  23.979 0.3000000119
9226  6.299  -55.468  32.327 0.8999999762
8662  6.809  -56.163  32.982 0.8999999762
8655  5.758  -55.838  33.981 1.0000000000
9215  5.370  -55.756  34.900 1.0000000000
8748  17.010  -56.537  26.438 0.4000000060
8731  17.400  -56.800  27.126 0.5000000000
118247  5.394  -57.128  35.917 1.0000000000
8210  17.900  -57.203  27.415 0.5000000000
8194  18.280  -57.706  27.607 0.5000000000
8101  3.854  -57.515  35.886 1.0000000000
8260  18.003  -57.270  20.938 0.4000000060
8231  16.961  -58.217  22.926 0.5000000000
7173  18.557  -59.125  29.462 0.6000000238
8102  2.995  -57.679  35.714 0.8999999762
7111  2.984  -58.602  35.412 0.6000000238
7700  16.739  -58.904  24.394 0.5000000000
105348  17.610  -58.915  25.716 0.5000000000
7216  17.992  -59.121  26.675 0.5000000000
7688  18.349  -58.503  27.132 0.5000000000
7596  2.929  -58.217  35.783 0.8999999762
4626  16.175  -64.640  25.705 0.6000000238
4142  15.236  -65.528  25.598 0.6999999881
3983  2.802  -66.395  44.713 0.8999999762
4436  4.573  -64.392  45.058 0.8000000119
3988  4.833  -65.718  43.777 0.8000000119
3981  5.366  -64.878  43.531 0.8999999762
4460  5.241  -64.739  42.474 0.8000000119
4466  4.556  -65.187  41.495 0.6999999881
3520  2.340  -66.425  39.275 0.4000000060
118986  18.495  -52.806  29.285 0.2000000030
11071  16.633  -52.976  28.580 0.2000000030
10522  16.173  -53.661  28.214 0.2000000030
10532  14.984  -53.647  27.568 0.2000000030
11085  14.434  -53.052  27.627 0.2000000030
10534  13.019  -53.179  27.068 0.2000000030
10506  17.662  -53.861  29.049 0.2000000030
10521  16.925  -53.776  28.591 0.2000000030
9955  10.283  -54.349  24.636 0.2000000030
9299  8.818  -54.792  26.910 0.4000000060
9893  7.325  -54.522  29.118 0.6999999881
9874  6.542  -54.615  29.875 0.8999999762
9906  17.499  -54.316  28.407 0.2000000030
9934  16.313  -54.274  26.600 0.2000000030
99109  15.489  -53.973  25.717 0.3000000119
9236  6.096  -54.968  31.406 0.8999999762
9227  5.129  -54.970  31.904 0.8999999762
9811  4.120  -54.674  34.396 1.0000000000
9216  4.630  -55.150  35.063 1.0000000000
9950  16.300  -53.832  25.539 0.3000000119
9970  15.145  -53.425  23.353 0.3000000119
9318  14.674  -55.076  22.978 0.3000000119
9221  4.974  -55.119  33.983 0.8999999762
10560  15.661  -53.144  22.922 0.3000000119
9317  15.910  -55.151  23.341 0.3000000119
8760  16.462  -56.271  25.280 0.3000000119
8817  20.264  -55.205  20.508 0.4000000060
9329  16.148  -54.348  22.705 0.3000000119
8775  16.707  -55.961  24.320 0.4000000060
101154  17.415  -56.571  25.811 0.4000000060
8804  18.945  -56.664  20.986 0.4000000060
8209  18.292  -57.663  26.663 0.5000000000
7590  2.791  -58.530  36.739 0.6000000238
8787  17.763  -56.795  22.360 0.4000000060
105160  18.190  -58.563  26.342 0.5000000000
107379  2.243  -56.202  36.588 1.0000000000
8093  2.958  -57.597  36.198 0.8000000119
8618  2.584  -57.030  36.690 0.6999999881
107008  2.400  -65.360  45.678 0.8999999762
4437  3.606  -64.711  45.563 0.8999999762
4932  4.314  -63.813  45.825 0.8000000119
4942  5.324  -63.264  44.318 0.8999999762
4453  5.357  -64.325  43.184 0.8999999762
114978  5.276  -62.649  44.503 0.8999999762
107254  5.129  -62.901  43.876 0.8999999762
4953  4.896  -64.059  42.688 0.8999999762
4461  3.953  -64.765  41.754 0.6000000238
4467  2.189  -65.175  40.654 0.6999999881
4970  1.839  -64.752  41.206 0.5000000000
11072  15.882  -52.896  28.241 0.2000000030
11095  12.220  -52.710  26.721 0.2000000030
9940  8.437  -54.211  26.254 0.4000000060
9908  7.904  -54.503  28.260 0.6999999881
9895  6.209  -54.299  29.047 0.6999999881
9896  5.295  -54.376  29.368 0.6999999881
9791  3.780  -54.749  35.115 1.0000000000
9792  2.689  -54.329  35.029 1.0000000000
9892  18.084  -54.202  29.095 0.2000000030
9919  16.890  -54.385  27.408 0.2000000030
9933  17.119  -54.285  26.420 0.3000000119
9859  5.782  -54.704  30.468 0.8999999762
9860  5.130  -54.773  31.004 0.8999999762
9841  3.968  -54.740  32.077 0.8999999762
9826  4.149  -54.663  33.426 0.8999999762
8774  17.671  -56.417  24.338 0.5000000000
8746  18.006  -56.791  25.356 0.4000000060
114526  17.978  -56.738  23.748 0.4000000060
8225  18.045  -57.456  24.815 0.4000000060
5408  4.499  -62.497  46.971 0.8000000119
5426  5.154  -62.318  46.251 0.8999999762
4930  5.376  -62.719  44.993 0.8000000119
5910  4.729  -62.283  44.207 0.8999999762
5446  4.282  -62.750  43.627 0.8999999762
5455  4.217  -63.451  43.110 0.6999999881
5447  1.906  -63.441  43.461 0.6000000238
4954  2.477  -64.506  42.216 0.6000000238
4971  1.822  -64.664  40.275 0.4000000060
9956  9.813  -54.276  24.673 0.3000000119
9924  8.135  -54.264  26.962 0.4000000060
10507  5.434  -53.773  28.442 0.6999999881
9875  4.584  -54.536  30.175 0.8999999762
9827  3.466  -54.286  33.758 1.0000000000
9861  3.912  -54.558  30.993 0.8999999762
106323  2.078  -53.282  31.611 0.8999999762
10436  2.628  -53.453  33.659 0.8999999762
113779  5.242  -60.530  47.687 0.8000000119
5887  4.339  -61.946  47.702 0.8000000119
6438  4.068  -60.884  48.809 0.8000000119
5898  5.181  -61.751  46.803 0.8000000119
6445  5.314  -60.276  46.505 0.8999999762
5897  5.373  -60.984  46.444 0.8999999762
105260  5.272  -62.118  44.944 0.8999999762
6456  4.783  -60.866  45.280 0.8999999762
5925  3.246  -62.499  43.759 0.8999999762
5474  1.631  -63.449  40.622 0.3000000119
4955  1.380  -64.255  41.759 0.3000000119
5456  1.163  -63.568  42.653 0.6000000238
5953  1.865  -62.240  40.937 0.3000000119
5939  0.875  -62.499  42.238 0.3000000119
10523  6.618  -53.544  27.681 0.6000000238
9910  6.339  -53.997  28.297 0.6999999881
10536  7.126  -53.063  27.193 0.4000000060
10508  4.492  -53.496  28.435 0.6999999881
10488  2.886  -53.409  29.478 0.8999999762
11087  6.535  -51.776  27.311 0.4000000060
11074  5.139  -51.766  27.830 0.6999999881
118767  1.872  -52.777  31.115 0.8999999762
10451  1.957  -52.292  32.742 0.8999999762
10420  2.264  -52.998  34.200 0.8999999762
11638  5.215  -50.778  28.270 0.6000000238
11033  3.813  -51.050  28.923 0.6999999881
10437  2.017  -52.032  33.822 0.8999999762
10976  1.809  -51.179  35.055 0.8999999762
12190  6.069  -50.103  28.125 0.3000000119
11589  5.795  -50.531  30.375 0.6000000238
11573  5.682  -50.959  31.349 0.6999999881
11588  6.841  -50.899  30.294 0.4000000060
11008  6.516  -51.861  32.031 0.6999999881
11006  8.303  -52.378  31.465 0.5000000000
11007  7.446  -52.122  31.718 0.5000000000
10990  7.321  -52.518  32.466 0.5000000000
10989  8.086  -52.727  32.207 0.4000000060
10450  7.859  -53.056  32.922 0.5000000000
10981  7.157  -52.814  33.142 0.6000000238
6437  4.993  -60.360  48.325 0.8000000119
6987  4.942  -59.448  49.298 0.8000000119
6994  5.227  -59.636  48.545 0.8000000119
6999  5.335  -59.695  47.228 0.8000000119
6441  5.411  -60.366  47.120 0.8000000119
7006  5.089  -59.798  46.422 0.8999999762
101134  5.233  -60.701  45.918 0.8999999762
7495  3.563  -59.275  46.562 0.8999999762
7007  3.974  -59.874  45.883 0.8999999762
7022  3.676  -60.673  45.269 0.8999999762
6468  3.485  -61.304  44.728 0.8999999762
5912  1.297  -62.232  44.552 0.8000000119
5448  0.837  -63.039  43.570 0.6000000238
5938  2.588  -61.261  41.454 0.3000000119
6498  1.513  -61.288  42.432 0.4000000060
5940  0.704  -62.255  43.251 0.4000000060
6485  0.782  -61.497  43.590 0.4000000060
10509  3.492  -52.726  28.666 0.8000000119
11034  3.049  -51.402  29.484 0.8000000119
11564  2.104  -50.751  31.862 0.8999999762
10984  1.719  -50.930  33.305 0.8999999762
11574  4.351  -50.535  31.475 0.6999999881
11555  3.278  -50.672  32.949 0.8999999762
11546  2.019  -50.758  34.420 0.8999999762
11562  4.675  -51.142  32.639 0.8999999762
10975  2.257  -50.927  35.342 0.8999999762
10962  1.666  -51.527  36.049 0.8999999762
12214  7.187  -50.289  28.536 0.3000000119
112146  6.723  -52.340  32.742 0.6000000238
11561  5.505  -51.296  32.061 0.6999999881
10983  4.316  -51.305  33.626 0.8999999762
10387  0.718  -52.642  36.889 1.0000000000
9767  0.564  -53.585  36.960 1.0000000000
11587  7.841  -51.331  30.133 0.3000000119
10418  6.879  -53.066  33.861 0.6999999881
10973  5.306  -52.190  34.309 0.8999999762
9187  0.887  -54.642  37.265 1.0000000000
11053  9.683  -52.083  29.652 0.3000000119
10417  7.669  -53.603  34.283 0.6999999881
9746  0.689  -54.157  37.919 0.8999999762
9174  1.233  -55.292  38.127 0.8000000119
11030  9.446  -52.400  30.409 0.4000000060
11005  9.128  -52.641  31.200 0.4000000060
106433  8.372  -53.554  33.552 0.6999999881
10449  8.653  -53.260  32.691 0.4000000060
10434  9.251  -53.684  33.223 0.5000000000
7023  1.909  -60.861  45.558 1.0000000000
115374  1.297  -61.530  45.096 0.8000000119
6469  0.764  -61.206  44.791 0.6999999881
5927  0.745  -62.538  44.102 0.5000000000
7043  0.741  -61.034  44.117 0.6000000238
6497  3.724  -60.491  42.040 0.2000000030
11556  2.703  -50.646  33.815 0.8999999762
10974  3.932  -51.332  34.532 0.8999999762
11545  2.700  -50.737  34.770 0.8999999762
10947  2.705  -51.450  36.295 0.8999999762
114391  4.765  -52.093  35.065 0.8999999762
10385  4.034  -52.108  36.493 0.8999999762
10386  3.239  -52.217  37.210 0.8000000119
100398  2.464  -59.660  37.600 0.4000000060
8088  2.259  -57.565  37.509 0.6000000238
11613  8.038  -50.977  29.343 0.3000000119
113036  6.914  -53.390  34.548 0.8000000119
10404  4.883  -52.509  35.791 0.8999999762
10930  2.215  -52.391  37.494 0.8999999762
9731  1.316  -54.801  38.857 0.8999999762
8600  1.676  -57.070  38.232 0.6000000238
9790  6.824  -54.005  35.789 0.8999999762
10383  5.885  -53.429  35.936 0.8999999762
9162  1.444  -55.696  38.986 0.8999999762
8589  1.300  -56.321  39.726 0.6999999881
10401  7.278  -53.801  35.088 0.8999999762
10416  8.586  -54.050  34.423 0.6999999881
7973  5.055  -58.108  48.123 0.8000000119
7483  4.485  -58.540  47.282 0.8999999762
7974  4.057  -57.837  47.735 0.8999999762
7962  3.381  -57.314  48.368 0.8000000119
7484  3.223  -58.633  47.231 1.0000000000
7496  1.870  -59.749  46.807 1.0000000000
7009  0.816  -60.420  46.325 0.8999999762
6457  0.811  -61.006  45.546 0.8999999762
6484  2.697  -60.303  42.718 0.2000000030
7033  0.802  -60.408  44.482 0.4000000060
117402  1.597  -60.028  43.834 0.2000000030
104609  1.244  -58.762  39.820 0.4000000060
7576  1.770  -60.286  39.471 0.2000000030
10384  5.014  -53.032  36.614 0.8999999762
10359  4.074  -53.117  37.789 0.8999999762
10360  2.902  -52.983  37.954 0.8000000119
101214  1.787  -58.206  38.602 0.5000000000
8069  0.923  -57.869  40.372 0.6000000238
9743  5.574  -54.527  37.707 0.8999999762
9744  4.706  -54.158  38.160 0.8000000119
10344  2.200  -53.588  38.709 0.8999999762
9716  1.872  -55.030  39.697 0.8999999762
9742  6.474  -54.790  37.254 0.8999999762
9728  4.275  -54.550  38.956 0.8999999762
9729  2.980  -54.177  39.320 0.8999999762
9145  1.522  -55.560  39.657 0.6999999881
11612  9.011  -51.388  29.180 0.3000000119
9824  9.088  -53.991  33.887 0.6000000238
9762  7.958  -54.706  36.446 0.8999999762
9183  7.176  -54.676  36.599 0.8999999762
8468  2.582  -56.799  48.998 0.8000000119
7975  2.757  -58.005  47.871 0.8000000119
7485  1.735  -59.040  47.527 0.8999999762
7497  0.805  -59.916  47.113 0.8999999762
7010  0.441  -60.121  46.545 0.8999999762
7024  0.477  -60.339  45.760 0.8000000119
6458  0.620  -60.721  45.107 0.6999999881
7521  2.475  -59.047  44.189 0.2000000030
7522  1.159  -59.425  44.562 0.4000000060
8053  0.818  -57.660  41.354 0.6000000238
8577  0.807  -56.878  40.799 0.6999999881
9788  8.930  -54.449  35.346 0.6000000238
9760  9.424  -54.550  36.577 0.8000000119
8565  0.711  -56.034  41.855 0.6999999881
112766  8.287  -54.488  35.806 0.8000000119
9169  8.745  -54.709  37.067 0.8999999762
9727  5.290  -54.930  38.599 0.8000000119
108788  2.656  -54.719  40.601 0.8999999762
9143  2.067  -54.957  40.452 0.8000000119
9144  1.529  -55.427  40.634 0.8000000119
9172  6.965  -55.270  37.851 0.8999999762
9173  6.135  -55.164  38.217 0.8999999762
9161  4.844  -54.972  39.404 0.8000000119
9714  3.647  -54.683  39.726 0.8999999762
9715  2.518  -54.689  39.812 0.8999999762
8454  1.712  -56.307  49.695 0.6999999881
7963  1.916  -57.566  48.672 0.8000000119
7976  1.342  -58.393  48.323 0.8999999762
8469  0.952  -57.208  49.330 0.8999999762
115062  0.467  -58.763  47.832 0.8999999762
7498  0.248  -59.059  46.772 1.0000000000
7512  0.205  -58.826  46.265 0.6999999881
7509  2.106  -58.335  44.776 0.3000000119
7034  0.518  -60.020  44.950 0.6000000238
102674  10.178  -54.354  36.829 0.6000000238
9740  9.442  -54.415  37.442 0.8000000119
110869  8.694  -54.179  38.601 0.8000000119
9711  8.124  -54.401  39.034 0.8999999762
9786  10.723  -54.572  35.590 0.5000000000
102522  10.076  -54.543  36.078 0.6000000238
9726  8.369  -54.658  38.432 0.8999999762
9138  7.705  -55.002  38.817 0.8999999762
8041  0.728  -57.153  42.185 0.5000000000
9139  6.996  -55.324  39.222 0.8999999762
9124  1.780  -55.281  41.775 0.6000000238
9108  1.474  -56.192  42.571 0.6999999881
9170  8.109  -54.977  37.495 0.8999999762
9713  6.702  -54.970  39.785 0.8999999762
9140  6.142  -55.278  39.644 0.6999999881
9122  3.812  -54.684  40.768 0.8999999762
9697  2.748  -54.426  41.380 0.8999999762
8470  0.318  -57.052  49.088 0.8999999762
104440  0.331  -57.824  48.997 0.8999999762
7977  -0.013  -57.994  47.731 0.8999999762
7987  0.105  -58.266  46.964 0.6999999881
113771  2.175  -57.471  45.242 0.3000000119
8000  0.529  -58.334  45.822 0.5000000000
7999  1.168  -58.282  45.250 0.5000000000
10357  10.194  -53.993  37.480 0.6000000238
116246  9.644  -54.054  37.922 0.6999999881
9785  11.517  -54.447  36.040 0.5000000000
9759  10.826  -54.395  36.350 0.5000000000
10895  8.017  -52.751  39.060 0.6999999881
106484  6.975  -53.438  39.962 0.8999999762
10333  6.890  -54.337  40.041 0.8999999762
8576  1.923  -55.502  43.134 0.6000000238
9682  2.546  -55.323  42.805 0.6000000238
9123  2.407  -54.750  41.916 0.8000000119
9121  5.358  -54.933  40.259 0.8000000119
12495  5.315  -48.449  51.297 0.8000000119
9582  1.203  -55.022  50.497 0.8999999762
8500  -0.076  -57.371  47.184 0.8999999762
108316  0.255  -55.161  47.990 0.8000000119
7985  1.259  -57.224  45.699 0.4000000060
10910  8.759  -52.706  38.556 0.6999999881
11461  6.852  -52.003  39.258 0.8999999762
11462  6.007  -51.850  39.436 0.8999999762
10896  7.276  -52.732  39.496 0.8999999762
10898  5.568  -52.372  40.125 0.8999999762
10897  6.455  -52.683  39.958 0.8999999762
10881  5.846  -53.195  40.511 0.8000000119
9695  6.054  -54.665  40.365 0.8000000119
10882  5.074  -53.069  40.732 0.8000000119
9672  3.093  -55.145  43.296 0.4000000060
10316  5.412  -53.982  40.953 0.8000000119
10303  2.711  -54.792  42.062 0.6999999881
9683  2.353  -55.439  43.117 0.6999999881
107342  4.121  -54.065  41.371 0.8999999762
13098  5.803  -47.961  50.630 0.8000000119
106175  4.535  -49.122  50.816 0.8000000119
12509  4.383  -49.370  49.615 0.8000000119
11925  2.566  -50.030  49.443 0.8000000119
11926  1.077  -49.735  48.651 0.8999999762
10782  0.399  -51.409  49.868 0.8999999762
10220  0.202  -53.390  48.080 0.8999999762
8998  0.727  -55.433  49.470 0.8999999762
11348  0.151  -50.733  48.190 0.8999999762
10798  0.053  -51.985  47.810 0.8000000119
9012  0.405  -56.077  48.691 0.8000000119
9026  0.498  -54.707  45.913 0.6000000238
9616  -0.073  -54.509  46.498 0.6999999881
8498  1.607  -56.026  45.811 0.4000000060
9041  0.672  -55.607  46.309 0.5000000000
9027  0.074  -55.510  47.172 0.6999999881
11464  4.018  -51.558  39.513 1.0000000000
11446  0.712  -52.166  40.428 0.8000000119
11467  0.133  -51.069  40.309 0.8000000119
11447  -0.165  -52.168  40.970 0.8000000119
9739  10.941  -53.942  37.014 0.5000000000
10909  9.518  -52.680  38.158 0.6000000238
11445  2.073  -52.090  40.177 0.8999999762
10885  1.274  -53.555  40.945 0.8000000119
11444  3.510  -52.071  40.253 0.8000000119
10886  0.221  -53.460  41.276 0.8000000119
10884  2.797  -53.035  40.846 0.8000000119
10317  4.284  -53.864  41.358 0.6999999881
10292  2.103  -55.030  43.252 0.4000000060
10304  1.984  -54.903  42.247 0.8000000119
12524  3.403  -49.810  48.731 0.8000000119
11927  0.409  -49.942  47.924 0.8000000119
117838  4.931  -48.842  49.279 0.8000000119
11363  -0.154  -50.555  46.562 0.8000000119
112713  -0.243  -52.795  46.312 0.8000000119
9615  0.431  -53.777  45.620 0.6999999881
103971  -0.228  -53.640  46.268 0.8000000119
12058  0.411  -50.300  39.795 0.8000000119
12015  0.718  -50.610  41.783 0.6000000238
11423  1.450  -51.362  42.530 0.5000000000
12055  4.484  -51.160  38.829 1.0000000000
12057  1.997  -50.496  38.931 1.0000000000
11466  1.038  -50.992  39.602 0.8999999762
109898  -0.118  -51.160  40.947 0.8000000119
11486  9.061  -51.978  38.154 0.6999999881
11460  7.519  -52.168  39.000 0.8000000119
10887  -0.398  -53.357  41.794 0.6999999881
11411  -0.119  -52.688  42.694 0.6999999881
108668  10.657  -53.299  37.529 0.6000000238
10307  -0.390  -54.092  42.562 0.6999999881
10277  1.187  -53.732  43.546 0.3000000119
10320  0.419  -54.847  41.773 0.6999999881
10306  -0.104  -55.098  42.754 0.6000000238
10293  1.007  -54.713  43.367 0.5000000000
9806  12.416  -54.607  34.781 0.5000000000
10318  3.023  -54.019  41.535 0.8000000119
11939  2.030  -49.508  47.774 0.8999999762
12523  4.093  -49.430  48.338 0.8000000119
11941  0.025  -49.597  46.254 0.8000000119
10812  -0.087  -51.734  45.869 0.6999999881
12610  0.566  -49.672  40.403 0.8000000119
117861  1.709  -50.000  41.643 0.6000000238
12014  2.127  -50.573  42.186 0.5000000000
12056  3.357  -50.905  38.891 1.0000000000
12633  0.817  -49.775  39.188 1.0000000000
11489  6.392  -51.453  38.712 0.8000000119
9784  12.310  -54.362  35.789 0.5000000000
9757  12.059  -54.026  36.471 0.5000000000
100812  5.169  -48.520  47.524 0.8000000119
13142  6.157  -48.042  47.367 0.8000000119
112718  3.466  -49.226  47.077 0.8999999762
12634  0.564  -49.646  39.779 0.8000000119
11485  9.702  -52.047  37.879 0.6000000238
13153  4.631  -48.394  46.379 0.8000000119
13154  3.110  -48.811  46.215 0.8000000119
12538  2.075  -48.574  45.972 0.8000000119
11953  2.886  -50.906  45.098 0.5000000000
11347  2.611  -51.436  45.485 0.5000000000
13203  1.082  -49.178  40.636 0.8000000119
12075  7.685  -51.264  37.932 0.8000000119
12077  4.926  -50.787  38.167 0.8999999762
10928  11.427  -53.236  37.207 0.5000000000
9805  13.419  -54.465  34.624 0.5000000000
10400  12.730  -53.710  36.199 0.5000000000
10946  12.161  -53.259  36.786 0.5000000000
13802  6.858  -47.465  46.232 0.8000000119
13152  5.857  -47.895  46.390 0.8000000119
13165  3.880  -47.914  45.386 0.8999999762
13164  5.569  -47.497  45.425 0.8000000119
13166  1.732  -47.945  45.106 0.8000000119
11954  0.875  -48.891  44.652 0.8000000119
109427  4.373  -50.770  45.503 0.5000000000
102531  1.981  -50.377  44.605 0.6000000238
11970  1.698  -49.853  44.426 0.6000000238
113010  3.109  -50.403  44.569 0.5000000000
11991  1.636  -49.487  44.078 0.6000000238
12608  3.625  -48.943  40.565 0.4000000060
13210  2.488  -48.277  40.148 0.4000000060
13211  1.695  -48.711  40.468 0.6999999881
13230  1.685  -47.877  39.334 0.5000000000
11490  5.473  -51.324  38.770 0.8999999762
115572  0.807  -49.098  39.322 0.8000000119
13231  1.048  -48.542  39.190 0.8000000119
11510  8.556  -51.446  37.751 0.6999999881
12076  6.796  -51.107  38.042 0.8999999762
11508  10.187  -51.849  37.464 0.6000000238
11509  9.386  -51.601  37.554 0.6000000238
11521  11.615  -52.026  36.931 0.5000000000
11522  10.727  -51.639  36.870 0.6000000238
13813  6.555  -46.952  45.272 0.6999999881
13814  3.699  -47.281  44.418 0.8000000119
14503  11.111  -46.389  40.323 0.4000000060
97987  10.418  -47.148  41.667 0.3000000119
111854  9.360  -47.265  41.429 0.4000000060
111890  9.243  -47.628  42.156 0.2000000030
105550  3.888  -49.988  44.245 0.5000000000
118488  1.188  -48.299  44.578 0.8000000119
15164  10.977  -45.954  39.387 0.5000000000
104138  8.176  -46.415  40.083 0.4000000060
97999  8.627  -48.008  42.427 0.3000000119
115881  7.113  -48.628  42.902 0.2000000030
12577  5.192  -49.604  43.919 0.3000000119
98045  8.106  -45.692  39.328 0.5000000000
97674  7.425  -46.602  40.361 0.4000000060
13833  6.775  -47.687  41.568 0.4000000060
106210  5.781  -48.583  42.584 0.4000000060
12578  2.376  -49.025  43.353 0.6000000238
111805  7.392  -47.078  40.949 0.5000000000
13834  5.792  -47.761  41.715 0.5000000000
105053  5.915  -50.912  38.147 0.8999999762
12650  1.820  -49.429  38.054 1.0000000000
12651  1.045  -48.873  38.697 1.0000000000
12649  2.959  -49.990  37.732 1.0000000000
110547  6.323  -50.625  37.483 0.8000000119
12090  8.035  -50.995  37.163 0.6999999881
13824  6.146  -46.375  44.212 0.8000000119
13825  3.462  -46.465  43.337 0.8000000119
13177  6.332  -49.180  43.542 0.3000000119
111756  6.727  -45.361  39.776 0.5000000000
13178  4.364  -48.786  42.920 0.5000000000
12579  1.462  -48.220  43.716 0.6999999881
13238  3.309  -47.119  38.866 0.5000000000
13239  1.270  -48.015  38.421 0.6999999881
106515  1.385  -48.433  37.941 0.8999999762
12092  5.400  -50.465  37.529 0.8999999762
12093  4.211  -50.237  37.475 0.8999999762
117820  2.170  -49.235  37.527 1.0000000000
13254  2.016  -48.566  37.059 0.8999999762
12667  3.093  -49.592  37.117 1.0000000000
12091  7.176  -50.828  37.328 0.8000000119
12665  5.846  -50.231  36.881 0.8999999762
12666  4.925  -50.006  36.886 1.0000000000
12107  8.351  -50.767  36.385 0.6000000238
12108  7.513  -50.639  36.540 0.8000000119
106436  7.423  -44.780  39.338 0.5000000000
14465  4.246  -45.913  42.867 0.8000000119
13837  2.398  -46.722  42.795 0.8000000119
15840  10.747  -44.414  37.838 0.8000000119
15191  9.021  -44.712  38.005 0.6999999881
15165  8.405  -45.164  38.617 0.6000000238
97919  6.525  -44.692  40.329 0.6999999881
111851  5.887  -44.875  41.032 0.6999999881
14484  4.920  -45.864  41.085 0.6999999881
102574  9.594  -45.496  38.562 0.5000000000
97966  7.081  -45.298  39.421 0.5000000000
111767  6.873  -44.860  39.660 0.5000000000
111850  6.074  -45.506  40.211 0.5000000000
118462  4.475  -46.078  41.396 0.6000000238
13197  3.320  -47.158  41.812 0.6999999881
13179  1.817  -47.362  43.173 0.8000000119
13846  5.573  -46.681  40.821 0.6000000238
13835  4.585  -46.805  41.224 0.5000000000
12586  1.884  -48.067  42.631 0.6999999881
15174  11.881  -45.047  37.424 0.6000000238
13845  6.287  -46.669  40.602 0.5000000000
13188  4.501  -47.929  41.950 0.6000000238
13189  2.944  -47.836  42.181 0.6000000238
115865  2.601  -46.936  38.400 0.6000000238
14532  2.415  -46.655  37.773 0.6999999881
13901  1.914  -47.236  37.224 0.8999999762
103958  4.025  -49.713  36.838 1.0000000000
12685  6.192  -50.103  36.141 0.8999999762
97900  7.906  -44.492  41.848 0.6999999881
15838  13.858  -44.400  37.167 0.8999999762
110165  11.810  -44.418  37.756 0.8999999762
16484  10.132  -43.670  38.274 0.6000000238
15166  8.558  -44.598  38.675 0.6000000238
14474  5.467  -45.341  41.782 0.6999999881
14475  4.476  -45.831  41.992 0.8000000119
14529  15.832  -45.342  37.000 0.8999999762
15205  14.513  -44.787  36.597 0.8999999762
116026  12.664  -44.944  36.999 0.8999999762
15188  12.930  -45.020  36.908 0.8000000119
15189  11.797  -44.905  37.484 0.8999999762
13900  3.096  -46.106  37.539 0.5000000000
13270  1.825  -47.803  36.864 0.8999999762
13910  2.146  -47.189  36.346 0.8999999762
14543  2.344  -46.404  36.953 0.6999999881
13269  2.360  -48.209  36.284 0.8999999762
12686  5.405  -49.792  36.294 1.0000000000
13253  3.199  -49.111  36.511 1.0000000000
97671  9.414  -44.594  42.127 0.8000000119
111844  7.683  -44.276  40.710 0.6999999881
97673  6.627  -44.600  41.655 0.6999999881
97670  6.428  -44.904  42.347 0.8000000119
15822  14.444  -44.141  37.470 0.8000000119
15823  13.619  -43.649  38.434 0.8000000119
16472  10.809  -43.087  38.897 0.8000000119
118576  9.277  -43.900  40.178 0.8000000119
98196  9.333  -44.168  41.169 0.6999999881
15171  16.358  -44.504  37.415 0.8999999762
15837  14.712  -44.414  36.827 0.8000000119
98368  8.561  -44.174  39.319 0.8000000119
97672  7.881  -44.296  40.047 0.6999999881
111733  7.019  -44.582  39.915 0.6999999881
15184  17.315  -44.593  36.983 0.8000000119
15185  16.862  -44.680  36.960 0.8999999762
15821  15.064  -44.271  37.101 0.8000000119
15836  17.681  -44.345  37.098 0.8999999762
15820  17.414  -44.193  37.883 0.8999999762
13268  3.422  -48.656  35.860 1.0000000000
13290  2.721  -47.715  35.651 1.0000000000
13924  2.504  -46.230  36.169 1.0000000000
12687  4.403  -49.386  36.253 1.0000000000
12684  6.981  -50.317  35.904 0.8000000119
103107  5.804  -49.669  35.731 1.0000000000
12703  7.334  -50.109  34.993 0.8000000119
15170  17.004  -44.444  37.680 0.8999999762
15819  17.831  -43.841  37.915 0.8999999762
13922  3.056  -47.106  35.062 1.0000000000
14551  2.871  -45.773  36.687 0.6999999881
13287  5.749  -49.205  35.032 1.0000000000
13307  5.159  -48.616  34.365 1.0000000000
13288  4.781  -48.724  35.147 1.0000000000
13289  3.709  -48.215  35.172 1.0000000000
12705  5.133  -49.247  35.739 1.0000000000
16460  18.261  -43.629  39.282 0.6999999881
17105  18.688  -42.264  40.227 0.8000000119
19102  17.638  -39.374  40.241 0.6000000238
12710  6.639  -49.460  34.590 0.8000000119
113916  18.301  -43.956  40.554 0.6999999881
113289  18.156  -40.387  41.862 0.4000000060
115993  18.403  -40.875  40.475 0.5000000000
19095  17.461  -39.331  41.132 0.3000000119
19835  16.745  -38.243  41.048 0.1000000015
20631  15.915  -37.185  40.910 0.1000000015
110732  18.146  -40.194  40.355 0.4000000060
21490  14.827  -36.188  40.941 0.2000000030
19848  16.751  -38.247  40.410 0.4000000060
21497  15.291  -36.698  40.472 0.2000000030
117394  14.315  -35.768  40.726 0.1000000015
19847  17.164  -38.508  39.882 0.5000000000
20650  16.490  -37.804  39.869 0.4000000060
20638  15.890  -37.267  40.237 0.2000000030
21498  14.564  -36.165  40.288 0.2000000030
23331  13.246  -34.969  40.655 0.2000000030
22434  13.834  -35.580  40.203 0.2000000030
22435  13.023  -35.215  39.878 0.2000000030
19088  17.614  -39.208  41.959 0.2000000030
19094  17.862  -39.862  41.560 0.3000000119
19834  17.220  -38.682  41.493 0.2000000030
20630  16.447  -37.623  41.342 0.1000000015
21489  15.480  -36.581  41.259 0.2000000030
20629  16.965  -38.049  41.780 0.1000000015
19846  17.953  -38.796  39.334 0.5000000000
99274  18.655  -39.095  38.897 0.6000000238
21488  16.125  -36.960  41.640 0.1000000015
112673  17.485  -38.336  39.325 0.5000000000
20651  15.994  -37.132  39.568 0.4000000060
116965  15.469  -36.883  39.899 0.2000000030
21512  14.943  -36.496  39.785 0.2000000030
23337  12.293  -34.910  39.580 0.2000000030
19823  17.718  -38.262  43.003 0.1000000015
110550  17.424  -38.505  42.257 0.1000000015
22411  15.138  -35.884  41.634 0.1000000015
19859  18.490  -38.475  38.525 0.6999999881
19860  17.795  -38.102  38.820 0.4000000060
104978  16.649  -37.346  39.077 0.3000000119
21511  15.476  -36.649  39.299 0.3000000119
22454  14.306  -35.974  39.570 0.2000000030
20622  16.685  -37.377  42.074 0.1000000015
21481  16.377  -36.628  42.398 0.1000000015
19135  20.549  -39.372  36.869 0.8999999762
19896  19.556  -38.420  37.081 0.6000000238
20695  18.890  -37.799  37.012 0.5000000000
21538  17.550  -36.979  37.713 0.5000000000
21522  16.329  -36.509  38.168 0.4000000060
21482  15.746  -36.270  42.010 0.1000000015
22390  15.426  -35.511  42.377 0.1000000015
19878  19.009  -38.338  37.776 0.6000000238
20677  16.855  -36.901  38.328 0.4000000060
22475  14.930  -35.898  38.353 0.1000000015
22476  14.216  -35.698  38.660 0.1000000015
22477  13.354  -35.460  38.528 0.1000000015
20664  17.398  -37.471  38.526 0.5000000000
20665  16.149  -36.799  38.831 0.4000000060
21524  14.874  -36.207  39.047 0.2000000030
22455  13.564  -35.552  39.343 0.2000000030
23352  12.016  -35.138  38.825 0.2000000030
14611  5.079  -45.895  30.954 0.8000000119
14599  5.405  -46.842  31.077 0.8000000119
13973  6.301  -47.243  31.056 0.8000000119
108696  6.889  -46.819  30.494 0.8000000119
13972  7.380  -47.363  31.224 0.8000000119
13971  8.416  -47.419  31.356 0.6999999881
19133  22.371  -39.379  36.861 1.0000000000
19134  21.338  -39.448  36.746 1.0000000000
19894  20.836  -38.747  36.573 1.0000000000
20696  18.213  -37.120  37.023 0.6000000238
21560  17.450  -36.421  36.797 0.3000000119
21540  16.095  -36.107  37.629 0.1000000015
19893  21.777  -38.722  36.592 1.0000000000
21539  16.837  -36.470  37.571 0.4000000060
22493  15.361  -35.815  37.743 0.1000000015
22494  14.653  -35.595  37.803 0.1000000015
22495  13.897  -35.400  37.815 0.1000000015
19121  24.094  -39.825  37.375 1.0000000000
19132  23.377  -39.312  36.936 1.0000000000
15920  6.145  -44.297  30.524 0.6999999881
15259  5.751  -45.221  30.482 0.6999999881
15278  6.423  -45.030  30.020 0.8000000119
14608  9.022  -47.005  30.803 0.6000000238
20693  20.427  -38.034  36.484 0.6000000238
21559  18.821  -37.155  36.582 0.6000000238
110659  18.179  -36.650  36.546 0.5000000000
21561  16.552  -35.953  36.849 0.1000000015
22511  15.767  -35.655  37.008 0.1000000015
98856  15.094  -35.530  37.195 0.1000000015
108664  21.278  -38.039  36.404 1.0000000000
114400  20.151  -37.371  36.396 0.6999999881
115008  24.123  -39.279  36.921 1.0000000000
19876  23.654  -38.681  36.613 1.0000000000
18434  25.239  -40.359  36.943 0.8999999762
19891  24.476  -38.798  36.187 1.0000000000
16558  7.036  -43.359  30.142 0.6000000238
14631  6.667  -45.955  29.971 0.8000000119
15919  6.727  -44.233  30.081 0.6999999881
116475  7.472  -46.451  30.168 0.8000000119
14629  9.324  -46.432  30.214 0.6000000238
13969  10.208  -47.720  31.263 0.5000000000
14630  8.340  -46.459  30.196 0.6999999881
22510  16.927  -35.728  36.229 0.3000000119
114788  15.760  -35.097  36.173 0.1000000015
21558  19.536  -36.922  36.365 0.6000000238
103316  16.121  -35.449  36.417 0.2000000030
20692  20.901  -37.279  36.320 0.6999999881
21557  20.423  -36.564  36.259 0.6000000238
21580  19.766  -35.954  36.156 0.5000000000
103922  22.228  -37.994  36.388 0.8000000119
20691  21.795  -37.226  36.223 0.6999999881
20689  23.964  -38.318  36.148 1.0000000000
108015  22.706  -37.319  36.036 0.8999999762
20705  24.190  -38.270  35.617 0.6999999881
103230  23.541  -37.636  35.750 0.6999999881
15938  8.510  -44.711  29.138 0.8000000119
17180  7.529  -42.276  30.305 0.6000000238
15296  7.562  -44.377  29.444 0.6999999881
15295  8.085  -45.311  29.401 0.6000000238
15277  7.171  -45.196  29.690 0.8000000119
98498  7.711  -45.907  29.811 0.6999999881
15276  8.675  -45.901  29.742 0.6999999881
111589  9.222  -44.743  29.031 0.6999999881
16579  9.345  -43.634  28.393 0.6999999881
15956  9.876  -44.395  28.766 0.6999999881
15955  10.992  -44.205  28.927 0.3000000119
22538  17.584  -35.408  35.918 0.3000000119
101670  18.282  -35.662  36.002 0.4000000060
103062  16.937  -35.110  35.867 0.4000000060
22539  16.336  -35.124  36.023 0.3000000119
22537  19.055  -35.520  35.880 0.6000000238
23392  18.396  -34.928  35.573 0.3000000119
21555  22.215  -36.595  35.824 0.6999999881
107919  20.690  -35.725  35.890 0.6000000238
22535  20.405  -35.219  35.317 0.6000000238
22536  19.836  -35.387  35.670 0.6000000238
21578  22.496  -36.232  35.083 0.6999999881
22534  21.132  -35.346  35.145 0.6999999881
20717  24.193  -38.119  34.812 0.6999999881
20706  23.738  -37.404  35.017 0.6999999881
20723  24.141  -38.103  34.192 0.6999999881
17823  17.673  -41.582  30.215 0.5000000000
17824  16.726  -41.597  30.260 0.3000000119
18481  16.128  -40.887  30.174 0.4000000060
15958  8.222  -44.075  29.072 0.6999999881
18483  14.403  -40.917  30.207 0.5000000000
18484  13.510  -40.815  30.144 0.6000000238
17190  7.699  -42.174  29.622 0.8000000119
16557  7.649  -43.427  29.389 0.8000000119
18501  9.072  -40.063  29.206 0.4000000060
17840  8.286  -41.369  29.365 0.8000000119
17214  7.971  -42.080  28.971 0.6999999881
16578  10.343  -43.644  28.386 0.5000000000
17210  11.778  -42.842  28.193 0.3000000119
99719  17.485  -34.584  35.536 0.2000000030
23393  15.828  -34.656  35.872 0.2000000030
113838  19.226  -35.040  35.428 0.4000000060
22562  20.570  -34.877  34.670 0.5000000000
22563  19.829  -34.874  35.078 0.4000000060
21594  22.748  -35.990  34.300 0.6999999881
22533  21.985  -35.615  34.724 0.6000000238
21610  23.359  -36.488  32.919 0.6999999881
21603  23.354  -36.434  33.695 0.6000000238
19165  20.582  -39.353  31.585 0.6000000238
107786  19.469  -39.870  31.108 0.3000000119
18478  18.797  -40.140  30.578 0.5000000000
18479  18.156  -40.878  30.220 0.4000000060
18480  17.125  -40.656  30.131 0.4000000060
17825  15.256  -40.973  30.213 0.5000000000
108845  16.310  -40.112  30.079 0.4000000060
114790  14.818  -40.325  30.079 0.4000000060
19177  14.040  -39.949  29.922 0.5000000000
18485  12.603  -40.830  29.965 0.5000000000
18498  12.099  -40.026  29.587 0.4000000060
105686  8.290  -42.609  28.677 0.6999999881
15957  8.904  -44.200  28.775 0.6000000238
19189  9.519  -39.452  28.826 0.5000000000
18502  8.651  -40.749  29.292 0.6999999881
18519  8.473  -40.957  28.909 0.6000000238
18518  8.797  -40.292  28.622 0.5000000000
17876  9.124  -41.420  27.783 0.5000000000
17234  10.253  -42.323  27.692 0.5000000000
17233  11.198  -42.332  27.673 0.3000000119
117549  15.308  -34.356  35.776 0.2000000030
109784  16.583  -34.357  35.575 0.2000000030
24180  15.797  -33.927  35.488 0.2000000030
109745  18.116  -34.134  35.030 0.3000000119
23415  17.267  -33.830  35.017 0.2000000030
24203  16.403  -33.513  34.855 0.1000000015
24225  15.953  -33.056  34.273 0.1000000015
23391  19.061  -34.423  34.887 0.4000000060
24202  17.041  -33.443  34.289 0.2000000030
23413  19.930  -34.423  34.414 0.4000000060
24224  16.526  -33.097  33.923 0.2000000030
22560  22.390  -35.456  33.921 0.6000000238
22561  21.495  -35.029  34.186 0.5000000000
23412  20.736  -34.493  34.013 0.5000000000
22574  23.217  -35.984  33.138 0.6999999881
114903  23.382  -37.139  32.725 0.6999999881
22585  23.073  -35.874  32.478 0.6000000238
21616  22.632  -36.997  31.835 0.8000000119
21611  23.116  -36.645  32.356 0.6999999881
20736  22.386  -37.827  31.865 0.6999999881
19925  21.781  -38.256  31.658 0.6000000238
20738  21.029  -37.849  31.202 0.5000000000
19927  20.311  -38.587  31.275 0.6000000238
19166  19.823  -39.252  31.303 0.5000000000
115179  18.940  -38.576  30.740 0.4000000060
19172  18.383  -39.091  30.494 0.4000000060
107981  17.869  -39.940  30.194 0.5000000000
19174  16.915  -39.498  30.072 0.5000000000
18482  15.533  -40.192  30.067 0.6000000238
19175  15.844  -39.272  29.852 0.5000000000
18497  13.041  -39.982  29.787 0.4000000060
101697  13.426  -39.147  29.504 0.6000000238
19186  12.531  -39.192  29.369 0.5000000000
19187  11.560  -39.270  29.167 0.5000000000
19937  15.853  -38.434  29.384 0.5000000000
19184  15.057  -38.793  29.464 0.5000000000
19949  13.805  -38.599  29.117 0.5000000000
19950  12.952  -38.623  29.050 0.5000000000
19205  12.050  -38.748  28.825 0.5000000000
19970  9.934  -38.909  28.433 0.4000000060
98655  10.381  -38.514  28.066 0.4000000060
19989  9.290  -38.625  27.558 0.4000000060
19235  7.904  -39.397  26.467 0.5000000000
18533  9.550  -40.896  27.091 0.5000000000
17891  10.338  -40.943  26.560 0.4000000060
18550  10.697  -40.462  26.048 0.4000000060
17890  11.483  -41.276  26.660 0.3000000119
18548  13.026  -40.669  26.042 0.2000000030
23414  18.589  -33.901  34.416 0.3000000119
24201  17.825  -33.614  34.211 0.2000000030
23434  19.306  -33.951  34.112 0.4000000060
24222  18.628  -33.603  33.740 0.3000000119
24223  17.216  -33.197  33.503 0.2000000030
24908  15.909  -32.743  33.546 0.1000000015
23433  20.123  -34.030  33.792 0.3000000119
105921  17.974  -33.362  33.422 0.3000000119
24907  16.533  -32.831  33.155 0.1000000015
22575  22.876  -35.487  33.146 0.6000000238
23432  21.546  -34.464  33.470 0.5000000000
115465  20.854  -34.112  33.522 0.4000000060
23445  22.627  -35.113  32.491 0.6000000238
20737  21.950  -37.394  31.446 0.5000000000
19932  20.051  -37.864  30.863 0.5000000000
19933  19.215  -37.955  30.595 0.4000000060
19934  18.484  -38.201  30.387 0.5000000000
19935  17.790  -38.505  30.194 0.5000000000
20746  17.890  -37.801  29.946 0.4000000060
19936  16.550  -38.590  29.793 0.5000000000
20754  16.607  -37.550  29.107 0.6000000238
19948  15.178  -38.328  29.036 0.5000000000
114686  14.507  -38.547  29.147 0.5000000000
19967  13.406  -38.381  28.631 0.5000000000
19968  12.533  -38.411  28.456 0.5000000000
19969  11.418  -38.380  28.117 0.5000000000
19986  12.939  -38.187  28.015 0.5000000000
19987  12.149  -38.216  27.842 0.5000000000
19988  9.907  -38.172  27.156 0.3000000119
20005  8.070  -38.482  26.446 0.4000000060
118189  7.493  -38.859  26.197 0.4000000060
18551  9.205  -40.279  26.221 0.3000000119
18568  9.367  -40.117  25.145 0.3000000119
17889  12.660  -41.238  26.605 0.2000000030
18567  10.944  -40.064  25.365 0.2000000030
118679  9.731  -39.880  24.492 0.3000000119
18566  12.198  -40.052  25.430 0.2000000030
19251  12.608  -39.557  24.954 0.2000000030
24221  19.499  -33.580  33.440 0.3000000119
24243  18.702  -33.178  32.973 0.3000000119
24244  17.708  -33.029  32.903 0.2000000030
24928  16.591  -32.631  32.464 0.1000000015
24242  19.920  -33.095  32.795 0.3000000119
24926  18.256  -32.611  32.345 0.2000000030
24927  17.347  -32.629  32.364 0.2000000030
23446  22.144  -34.390  32.681 0.5000000000
24240  21.924  -33.779  32.097 0.4000000060
24947  17.782  -32.167  31.801 0.1000000015
22591  22.667  -35.457  31.844 0.5000000000
23454  22.332  -34.535  31.778 0.4000000060
24241  21.134  -33.187  32.346 0.4000000060
115531  22.549  -35.791  31.557 0.4000000060
110602  21.944  -33.832  31.422 0.4000000060
21617  22.250  -36.343  31.347 0.4000000060
22592  22.200  -35.311  31.236 0.4000000060
20742  21.483  -36.959  31.053 0.4000000060
20743  20.683  -37.079  30.724 0.5000000000
20744  19.669  -37.164  30.362 0.5000000000
20745  18.713  -37.512  30.134 0.5000000000
20752  18.089  -37.148  29.642 0.5000000000
20753  17.181  -37.455  29.450 0.6000000238
21635  17.545  -36.811  29.198 0.5000000000
20765  16.434  -37.480  28.812 0.4000000060
21646  16.220  -37.417  28.281 0.4000000060
19966  14.384  -38.360  28.761 0.5000000000
20785  15.465  -37.923  28.095 0.4000000060
20768  13.909  -38.255  28.207 0.5000000000
20787  13.539  -38.107  27.139 0.4000000060
20789  10.181  -37.670  26.476 0.3000000119
20021  7.755  -38.624  25.620 0.3000000119
19253  8.649  -39.347  24.756 0.3000000119
20805  13.019  -37.541  26.391 0.3000000119
20806  10.884  -37.151  26.150 0.3000000119
102927  8.253  -36.970  25.141 0.3000000119
20020  8.503  -38.300  24.891 0.3000000119
19252  10.695  -39.554  24.502 0.2000000030
113827  9.283  -39.277  24.213 0.3000000119
19270  11.722  -38.946  24.410 0.2000000030
24925  19.344  -32.554  32.259 0.3000000119
24946  18.842  -32.008  31.743 0.2000000030
100740  16.235  -32.053  31.246 0.1000000015
24924  20.458  -32.548  31.991 0.4000000060
25569  17.242  -31.710  31.293 0.1000000015
24254  21.608  -33.249  31.498 0.4000000060
24944  20.770  -32.222  31.238 0.4000000060
25568  18.335  -31.455  31.254 0.2000000030
23462  21.963  -34.261  31.072 0.4000000060
23463  21.407  -33.911  30.568 0.4000000060
21623  21.396  -36.098  30.686 0.5000000000
21624  20.419  -36.472  30.361 0.5000000000
21625  19.794  -36.389  30.042 0.5000000000
21626  19.000  -36.782  29.826 0.5000000000
21634  18.396  -36.421  29.358 0.5000000000
22608  18.647  -35.621  29.088 0.5000000000
21643  17.911  -36.109  28.878 0.5000000000
21636  16.890  -37.108  29.018 0.5000000000
21645  16.725  -36.947  28.532 0.4000000060
21662  15.798  -37.118  27.368 0.3000000119
20803  15.044  -37.707  27.221 0.3000000119
20804  14.192  -37.689  26.634 0.3000000119
114977  9.112  -36.345  24.996 0.3000000119
20820  9.070  -37.201  24.284 0.3000000119
21679  10.440  -36.024  25.440 0.3000000119
109480  9.875  -37.672  23.629 0.2000000030
20035  10.881  -38.320  23.885 0.2000000030
19271  9.705  -38.621  23.883 0.2000000030
24255  21.156  -32.718  31.572 0.4000000060
24945  19.911  -31.987  31.557 0.2000000030
25567  19.397  -31.405  31.103 0.2000000030
24264  21.674  -33.431  30.995 0.4000000060
24265  21.213  -33.057  30.558 0.4000000060
25591  20.317  -31.685  30.172 0.4000000060
25579  19.760  -31.105  30.393 0.2000000030
22599  21.464  -34.931  30.608 0.4000000060
23472  20.766  -33.587  29.993 0.4000000060
24968  20.667  -32.516  29.972 0.4000000060
22600  20.480  -35.621  30.135 0.5000000000
22607  19.972  -35.069  29.741 0.4000000060
21633  19.379  -35.864  29.609 0.4000000060
23474  19.331  -34.995  29.289 0.4000000060
117358  18.791  -34.921  28.872 0.4000000060
22619  18.218  -35.312  28.600 0.4000000060
21644  17.256  -36.539  28.706 0.4000000060
22621  17.049  -36.241  28.103 0.4000000060
22632  16.230  -36.271  27.160 0.3000000119
109226  8.714  -36.337  24.436 0.3000000119
21709  9.726  -35.919  23.975 0.1000000015
109612  9.184  -36.580  23.866 0.1000000015
20854  10.408  -36.878  23.700 0.2000000030
26202  19.255  -30.596  29.893 0.2000000030
24275  20.062  -33.355  29.337 0.4000000060
111270  20.130  -31.814  29.576 0.3000000119
23473  20.025  -34.295  29.550 0.4000000060
23485  18.503  -34.516  28.477 0.3000000119
22620  17.588  -35.751  28.355 0.3000000119
22630  17.306  -35.310  27.714 0.3000000119
23486  17.894  -34.859  28.073 0.3000000119
23504  17.505  -34.239  27.418 0.3000000119
25592  19.842  -31.154  29.658 0.2000000030
24969  19.929  -32.445  29.144 0.3000000119
25599  19.661  -31.544  28.896 0.3000000119
23484  19.237  -34.161  28.957 0.4000000060
24288  19.356  -33.211  28.725 0.3000000119
24289  18.726  -33.035  28.099 0.3000000119
105242  18.776  -33.791  28.458 0.3000000119
24989  18.414  -32.392  27.520 0.3000000119
23503  18.227  -33.983  27.970 0.3000000119
24308  17.965  -33.296  27.456 0.3000000119
24998  17.727  -32.574  26.901 0.2000000030
24324  17.326  -33.383  26.869 0.2000000030
576  14.462  -76.042  41.320 1.0000000000
1290  5.082  -73.356  39.918 0.4000000060
1532  4.691  -72.635  39.321 0.3000000119
2054  4.057  -71.042  39.581 0.5000000000
2358  3.873  -70.457  37.997 0.4000000060
2357  5.345  -69.237  40.214 0.4000000060
1781  4.510  -71.325  42.425 0.6999999881
2690  6.170  -68.349  40.846 0.4000000060
2337  4.423  -70.495  42.732 0.8000000119
2344  6.000  -69.287  41.473 0.6000000238
2854  18.620  -68.065  26.312 0.8999999762
116103  18.069  -66.884  25.379 0.8999999762
105065  18.455  -66.713  24.011 0.8000000119
113111  16.947  -67.933  24.964 0.8999999762
2513  19.601  -69.418  25.512 0.8000000119
2514  18.737  -69.546  25.579 0.8999999762
2525  20.862  -69.651  24.456 0.8000000119
3258  17.300  -67.162  21.967 0.8999999762
2213  21.200  -70.086  23.631 0.8999999762
2197  27.581  -70.812  25.754 0.6999999881
2187  25.892  -70.362  26.203 0.8000000119
1936  27.680  -71.884  24.662 0.8000000119
2185  28.060  -70.233  26.245 0.6000000238
2839  26.375  -68.724  27.716 0.6000000238
1937  26.725  -71.930  24.551 0.8000000119
1925  25.988  -71.375  25.034 0.8000000119
2499  27.461  -69.751  26.816 0.6999999881
8091  4.744  -56.911  36.146 1.0000000000
7591  2.654  -57.861  36.900 0.5000000000
116689  1.451  -56.198  37.976 0.8999999762
8609  1.488  -55.715  37.270 1.0000000000
10407  1.003  -52.148  36.382 0.8999999762
10405  1.816  -53.350  34.850 0.8999999762
9793  0.994  -53.485  35.771 1.0000000000
10406  1.277  -52.190  35.650 0.8999999762
15152  9.742  -46.052  39.526 0.5000000000
103146  10.649  -45.284  38.083 0.6000000238
183  15.240  -80.905  30.556 0.6999999881
98233  14.115  -81.725  28.955 0.8000000119
113342  17.694  -76.156  33.223 0.8999999762
425  18.951  -78.103  38.926 0.8999999762
433  19.015  -77.805  37.865 1.0000000000
109004  18.812  -78.082  36.300 1.0000000000
100282  18.426  -78.240  34.128 1.0000000000
114340  18.620  -82.052  36.729 0.8999999762
99793  17.816  -81.489  35.218 0.8999999762
156  18.152  -79.511  34.677 0.8999999762
95  16.179  -81.256  31.150 0.8999999762
188  13.887  -80.969  27.241 0.4000000060
328  17.167  -78.255  27.528 0.3000000119
659  20.480  -76.655  28.308 0.2000000030
673  19.132  -76.980  27.228 0.2000000030
579  19.170  -76.880  39.819 0.8000000119
142  19.014  -80.457  38.906 1.0000000000
599  19.145  -76.406  36.661 0.8999999762
77  19.653  -80.794  37.090 1.0000000000
151  20.507  -80.223  36.583 1.0000000000
106062  19.477  -81.450  36.396 0.8999999762
106491  21.042  -79.404  35.549 0.8999999762
114755  19.130  -82.165  35.176 0.8999999762
20  17.921  -81.984  34.213 0.8999999762
21  18.436  -81.962  34.045 0.8999999762
169  17.631  -79.969  33.179 0.8999999762
170  16.988  -80.888  32.785 0.8999999762
161  20.788  -79.680  33.831 0.8999999762
86  19.076  -81.825  34.321 0.8999999762
23  18.461  -81.507  32.816 0.8999999762
27  16.929  -81.405  31.606 0.8999999762
167  22.101  -80.262  31.458 0.8000000119
168  21.287  -80.015  32.499 0.8999999762
88  20.134  -80.432  32.126 0.8000000119
100630  18.903  -81.471  30.234 0.6999999881
30  18.102  -81.618  29.780 0.6999999881
103265  17.243  -81.685  30.611 0.8999999762
34  16.295  -81.650  28.939 0.6000000238
91  21.419  -80.378  30.730 0.8000000119
174  22.346  -80.331  30.949 0.8000000119
109830  20.225  -81.049  29.874 0.8000000119
97  19.783  -81.082  29.397 0.6999999881
33  17.567  -81.510  28.975 0.6000000238
36  16.994  -81.280  28.454 0.5000000000
179  23.438  -80.012  30.222 0.6000000238
180  21.584  -80.171  30.574 0.6999999881
315  21.276  -79.534  30.139 0.6000000238
182  19.662  -80.757  29.111 0.6999999881
101  17.658  -81.156  28.363 0.5000000000
184  19.040  -80.812  28.566 0.5000000000
185  18.212  -80.731  28.455 0.4000000060
330  14.555  -79.034  27.364 0.3000000119
486  23.491  -79.247  28.299 0.5000000000
323  17.389  -79.179  28.623 0.4000000060
99095  16.460  -78.845  28.105 0.3000000119
479  20.912  -77.296  29.803 0.5000000000
646  21.191  -76.935  29.184 0.4000000060
671  20.844  -76.638  27.418 0.3000000119
503  17.793  -78.055  26.522 0.2000000030
1571  18.945  -73.006  35.919 1.0000000000
566  18.854  -77.183  41.407 0.6999999881
108865  20.805  -78.571  40.279 0.8999999762
239  21.069  -78.238  40.992 0.8999999762
107941  19.431  -74.964  39.419 0.8000000119
254  21.725  -78.398  39.708 0.8999999762
147  20.806  -79.471  37.875 1.0000000000
282  22.927  -78.520  36.600 1.0000000000
159  23.623  -79.483  32.967 0.8999999762
115167  24.423  -79.034  33.442 0.8999999762
165  25.153  -80.344  32.140 0.8999999762
313  24.348  -80.043  29.559 0.6000000238
320  24.807  -79.942  28.676 0.6999999881
568  13.965  -76.489  41.844 0.8999999762
407  13.372  -76.915  42.300 0.8999999762
237  12.945  -78.178  43.078 0.6999999881
397  12.776  -77.367  42.682 0.8999999762
110578  20.579  -77.430  42.974 0.8000000119
384  20.031  -77.514  43.557 0.6999999881
140  21.445  -78.735  38.431 0.8999999762
101423  22.981  -78.363  38.525 0.8999999762
294  24.951  -78.180  35.243 0.8000000119
110187  24.272  -78.870  24.989 0.5000000000
789  13.123  -75.075  40.795 1.0000000000
62  14.031  -80.411  40.152 0.3000000119
46  13.398  -81.240  44.203 0.4000000060
2365  18.115  -69.405  39.314 0.8999999762
114105  22.374  -76.444  43.093 0.8000000119
578  23.326  -76.913  39.959 0.8000000119
2  11.066  -81.193  44.549 0.4000000060
445  24.809  -78.192  35.988 0.8000000119
919  23.440  -75.780  23.873 0.5000000000
724  24.014  -76.930  20.888 0.5000000000
111  9.455  -79.282  46.007 0.8000000119
108940  23.194  -75.392  42.519 0.8000000119
6734  7.387  -60.906  23.390 0.5000000000
926  26.769  -75.928  22.532 0.5000000000
799  22.872  -75.335  39.095 0.8000000119
805  22.975  -75.370  36.880 0.8000000119
116795  24.201  -75.800  31.063 1.0000000000
99958  8.343  -59.091  26.431 0.6999999881
7231  8.151  -58.980  24.698 0.6999999881
117267  24.068  -74.849  27.059 0.8999999762
1402  25.770  -73.918  25.778 0.8999999762
1151  27.702  -74.616  24.825 0.8000000119
1291  22.305  -73.631  39.489 0.8000000119
1394  25.571  -73.271  26.319 0.8000000119
108658  11.888  -60.509  22.450 0.8999999762
1027  5.615  -74.391  42.580 0.6000000238
115094  22.315  -73.358  35.770 0.8999999762
1649  25.116  -72.908  26.745 0.8000000119
699  30.059  -78.451  22.813 0.8000000119
1142  29.426  -75.483  26.880 0.6000000238
1385  27.323  -73.134  27.482 0.6000000238
1647  26.623  -72.979  26.805 0.6999999881
700  29.272  -78.654  22.860 0.6999999881
114548  9.301  -60.674  30.616 1.0000000000
111014  27.020  -72.751  28.395 0.5000000000
4647  10.499  -65.527  22.372 0.6999999881
116598  4.490  -71.599  39.889 0.5000000000
664  32.694  -75.956  27.765 0.8000000119
666  30.358  -77.071  27.583 0.8000000119
874  30.362  -76.320  29.107 0.6999999881
102955  32.882  -76.062  20.472 1.0000000000
1790  4.375  -71.058  41.032 0.6999999881
2078  4.009  -71.260  36.687 0.2000000030
102405  4.495  -70.739  36.236 0.2000000030
2373  5.485  -71.114  36.621 0.1000000015
888  33.866  -75.329  26.782 0.6999999881
3250  9.024  -66.950  21.913 0.6000000238
2886  12.274  -68.953  22.253 0.8999999762
2045  4.465  -70.672  41.018 0.6999999881
2345  4.901  -69.851  40.357 0.4000000060
8202  3.553  -56.982  27.945 0.6999999881
3255  13.081  -67.770  23.509 0.8999999762
1434  27.688  -73.478  21.102 0.6999999881
7148  11.611  -58.982  33.106 0.8999999762
7619  9.884  -59.518  33.748 0.8999999762
873  33.150  -75.808  29.174 0.6000000238
3243  12.484  -66.754  24.833 0.8999999762
6056  15.830  -61.753  29.797 0.8000000119
1934  30.223  -71.682  24.540 0.6999999881
114444  29.525  -71.453  24.669 0.8999999762
1704  25.426  -72.079  18.606 0.4000000060
8176  13.637  -57.412  29.730 0.6999999881
8200  11.997  -57.159  28.845 0.6000000238
7621  8.681  -58.909  34.241 1.0000000000
6044  17.156  -61.047  30.084 0.8000000119
109748  19.967  -65.667  27.062 0.8000000119
3626  18.848  -66.576  26.244 0.8999999762
1922  29.981  -71.017  25.020 0.6999999881
2821  26.028  -68.149  28.162 0.6000000238
2855  17.776  -68.219  25.867 0.8999999762
113427  16.715  -67.976  24.392 0.8000000119
5111  14.097  -64.406  27.861 0.8000000119
2186  26.956  -70.361  26.314 0.8000000119
2198  26.473  -70.894  25.727 0.8000000119
2500  26.406  -69.806  26.798 0.6999999881
2502  24.715  -68.984  25.906 0.6999999881
3209  24.103  -67.785  27.147 0.6999999881
2865  17.109  -68.328  25.354 0.8999999762
2516  16.703  -69.094  25.289 0.8999999762
2871  16.190  -68.288  23.988 0.8999999762
2233  13.757  -70.900  22.117 0.8999999762
2540  14.909  -69.227  21.463 1.0000000000
2505  18.141  -68.956  25.896 0.8999999762
2205  16.276  -69.866  24.788 0.8000000119
2234  13.045  -71.679  21.478 0.6999999881
2545  13.153  -69.527  19.717 1.0000000000
2512  20.501  -69.271  25.256 0.8000000119
2203  18.333  -70.230  24.930 0.8999999762
2218  16.484  -70.786  24.464 0.8999999762
2217  17.412  -70.773  24.556 0.8999999762
110092  15.189  -71.193  23.930 0.8999999762
111718  22.068  -71.269  21.895 0.6000000238
2325  5.186  -69.646  43.319 0.8999999762
8736  11.596  -56.613  26.974 0.4000000060
108257  13.117  -56.723  26.535 0.4000000060
106513  10.239  -56.302  27.886 0.6000000238
113836  9.548  -56.284  29.383 0.8999999762
8668  9.259  -56.692  31.299 0.8999999762
8734  14.450  -56.802  27.013 0.4000000060
6568  5.720  -59.457  34.348 1.0000000000
5110  17.211  -62.872  27.205 0.5000000000
3200  23.714  -66.752  27.932 0.6999999881
3610  22.795  -65.730  27.687 0.6000000238
2876  16.238  -68.224  22.922 0.8000000119
4589  16.015  -64.710  27.671 0.6999999881
2884  15.564  -68.694  22.318 1.0000000000
2887  15.592  -68.633  21.040 1.0000000000
2546  13.959  -69.185  19.560 1.0000000000
110000  23.658  -68.216  25.270 0.8000000119
107487  25.674  -70.721  25.539 0.8000000119
107975  21.433  -69.118  24.962 0.6999999881
2511  22.410  -68.964  24.696 0.8000000119
2201  20.014  -69.818  24.697 0.8999999762
3658  14.364  -66.387  23.497 0.8000000119
3114  3.977  -69.150  38.611 0.2000000030
111243  13.227  -54.118  26.430 0.2000000030
8733  15.344  -56.761  27.067 0.4000000060
8130  7.050  -57.235  34.235 1.0000000000
117022  18.098  -60.553  28.637 0.6000000238
4109  23.252  -65.326  28.221 0.6000000238
3211  22.796  -66.765  26.751 0.6999999881
2210  24.829  -69.474  23.755 0.8000000119
2870  23.336  -68.812  24.495 0.8000000119
4172  14.835  -65.799  23.587 0.8000000119
114185  24.541  -70.088  22.990 0.6999999881
2721  3.750  -69.637  36.745 0.2000000030
2733  4.265  -69.579  35.555 0.2000000030
8767  9.867  -55.933  25.154 0.3000000119
9289  8.735  -55.012  28.090 0.6000000238
9271  8.223  -55.102  29.746 0.8999999762
9220  5.486  -55.333  33.325 0.8999999762
8647  6.004  -56.496  34.903 1.0000000000
7595  2.829  -57.888  35.367 0.8999999762
3969  3.455  -65.463  44.934 0.8999999762
113344  5.516  -64.976  42.936 0.8000000119
108608  11.200  -54.202  25.200 0.2000000030
9198  4.901  -55.773  35.600 1.0000000000
8616  3.884  -56.299  36.205 1.0000000000
8795  17.880  -56.757  21.234 0.4000000060
8617  2.921  -56.632  36.266 0.8999999762
118742  5.187  -63.981  44.518 0.8000000119
116351  4.039  -54.695  32.750 0.8999999762
9186  1.718  -55.405  36.397 1.0000000000
9185  2.888  -55.709  36.003 1.0000000000
4918  3.536  -63.666  46.616 0.8999999762
4931  5.165  -62.887  45.664 0.8000000119
4917  4.518  -63.045  46.401 0.8000000119
10545  8.305  -53.537  26.127 0.4000000060
10487  3.866  -54.088  29.185 0.6999999881
105019  1.674  -54.309  35.278 1.0000000000
9765  2.106  -55.029  35.483 1.0000000000
9876  3.463  -54.195  30.024 0.8999999762
9842  2.980  -54.208  32.667 0.8999999762
5425  5.355  -61.689  46.110 0.8999999762
10524  5.684  -53.004  27.779 0.6999999881
98558  1.775  -51.782  31.709 0.8999999762
10537  6.292  -52.679  27.488 0.6000000238
11055  4.330  -51.816  28.175 0.6999999881
10489  2.439  -52.388  29.997 0.8999999762
11637  5.814  -50.895  27.645 0.4000000060
11615  5.867  -50.288  29.311 0.4000000060
11616  4.846  -50.414  29.183 0.6000000238
11591  3.568  -50.414  30.535 0.6999999881
11590  4.502  -50.258  30.286 0.6999999881
11032  7.656  -51.673  30.955 0.5000000000
11572  6.709  -51.349  31.177 0.6999999881
11575  3.017  -50.435  31.172 0.8999999762
11563  3.161  -50.540  32.090 0.8999999762
102508  2.218  -50.618  32.783 0.8999999762
10972  5.564  -51.931  33.441 0.6999999881
10961  3.613  -51.459  35.518 0.8999999762
10948  1.963  -51.799  36.873 0.8999999762
10361  1.631  -53.041  37.966 1.0000000000
10362  0.746  -53.253  37.604 1.0000000000
10403  5.628  -52.838  35.094 0.8999999762
10358  4.968  -53.528  37.391 0.8999999762
105951  2.316  -58.776  37.836 0.5000000000
7585  1.856  -60.246  38.608 0.3000000119
9764  5.759  -53.932  36.876 0.8999999762
9730  1.865  -54.295  39.186 0.8999999762
7577  1.538  -59.586  39.166 0.3000000119
9159  6.543  -55.391  38.769 0.8999999762
8455  0.831  -56.423  49.600 0.8999999762
8471  -0.066  -57.410  48.342 0.8999999762
8499  0.609  -56.625  46.337 0.5000000000
9600  0.249  -54.391  48.082 0.8000000119
11463  5.053  -51.713  39.468 1.0000000000
11335  0.416  -50.563  49.366 0.8999999762
11465  2.711  -51.340  39.476 1.0000000000
12026  0.179  -50.383  41.004 0.8000000119
12597  0.889  -49.752  41.127 0.6999999881
11424  0.240  -51.672  42.277 0.6000000238
10859  1.379  -52.882  43.301 0.4000000060
10294  -0.022  -54.164  43.287 0.5000000000
13212  0.838  -48.961  39.871 0.8000000119
12596  1.963  -49.297  41.186 0.6000000238
12078  3.817  -50.593  38.238 1.0000000000
12080  1.523  -49.740  38.558 1.0000000000
103164  1.908  -49.215  45.070 0.8000000119
12609  2.624  -48.858  40.785 0.6999999881
11992  1.945  -49.611  44.265 0.6000000238
105685  3.515  -48.380  39.992 0.4000000060
12607  4.690  -49.378  40.415 0.4000000060
13878  2.215  -47.341  38.848 0.6000000238
101769  1.590  -47.672  44.267 0.8000000119
14491  10.258  -46.656  40.638 0.4000000060
15163  11.943  -45.814  38.819 0.6999999881
15190  10.590  -44.862  37.616 0.6000000238
16482  12.588  -43.722  38.302 0.8000000119
15825  8.984  -44.383  38.196 0.6000000238
16464  10.058  -43.338  38.742 0.8000000119
100336  16.365  -44.690  36.935 0.8999999762
15186  15.702  -44.539  36.843 0.8999999762
106120  15.156  -44.807  36.549 0.8999999762
15187  14.512  -44.942  36.409 0.8999999762
15204  15.009  -44.637  36.611 0.8999999762
15172  15.517  -44.263  37.805 0.8000000119
15159  16.612  -44.562  38.895 0.8000000119
14527  17.155  -45.230  37.182 0.8000000119
15183  17.810  -44.540  36.901 0.8000000119
15813  17.835  -44.223  39.652 0.6999999881
15158  17.254  -44.591  39.515 0.8000000119
107591  18.538  -43.155  40.302 0.3000000119
102999  18.668  -42.899  39.068 0.8000000119
19840  17.136  -38.762  40.674 0.3000000119
17774  18.433  -41.477  40.948 0.4000000060
18418  18.119  -40.534  41.123 0.4000000060
17780  18.674  -41.474  40.075 0.6999999881
19101  17.793  -39.879  40.874 0.4000000060
20637  16.342  -37.762  40.633 0.2000000030
20649  17.133  -37.938  39.254 0.4000000060
22456  12.782  -35.307  39.099 0.2000000030
20663  18.252  -37.696  37.951 0.6000000238
21523  15.590  -36.295  38.451 0.2000000030
14610  5.889  -46.451  30.477 0.8000000119
19895  20.163  -38.614  36.763 0.8999999762
20694  19.614  -37.809  36.624 0.6999999881
19892  22.766  -38.672  36.641 1.0000000000
19874  24.567  -39.343  36.553 1.0000000000
20690  23.177  -38.071  36.297 0.6999999881
19903  25.326  -39.641  35.819 1.0000000000
14639  9.582  -45.864  29.757 0.6999999881
21582  17.803  -36.099  36.256 0.4000000060
21581  18.749  -36.288  36.272 0.5000000000
21556  21.324  -36.459  36.118 0.6000000238
20707  23.070  -36.887  35.404 0.6999999881
15937  9.832  -45.095  29.254 0.6999999881
17211  10.777  -42.965  28.041 0.5000000000
21579  21.671  -35.900  35.579 0.6999999881
21577  23.280  -36.652  34.591 0.6999999881
110774  23.847  -37.312  34.127 0.6999999881
20724  23.904  -37.877  33.596 0.6999999881
18489  8.886  -40.745  29.596 0.6999999881
17213  8.579  -41.970  28.338 0.5000000000
17874  11.596  -41.856  27.303 0.4000000060
104596  23.621  -37.105  33.311 0.6999999881
21604  22.985  -35.816  33.656 0.6000000238
19171  19.130  -39.218  30.953 0.4000000060
19176  14.905  -39.565  29.839 0.5000000000
101844  8.921  -42.852  28.253 0.6000000238
19206  11.024  -38.842  28.621 0.5000000000
18534  8.978  -40.530  27.751 0.6000000238
19990  9.109  -39.195  27.970 0.5000000000
19222  8.924  -39.690  27.880 0.5000000000
18552  8.942  -39.918  27.046 0.5000000000
17235  9.354  -42.232  27.875 0.5000000000
17875  10.601  -41.633  27.176 0.4000000060
113927  9.736  -41.700  27.503 0.4000000060
23431  22.274  -34.949  33.328 0.6000000238
106424  22.832  -36.126  31.855 0.5000000000
19928  19.551  -38.549  30.992 0.2000000030
101997  17.190  -38.751  30.066 0.5000000000
19946  17.161  -38.106  29.827 0.5000000000
19947  16.551  -37.957  29.401 0.5000000000
20755  16.031  -37.971  28.983 0.6000000238
100503  11.304  -38.066  27.325 0.4000000060
20006  8.294  -38.928  26.929 0.5000000000
18549  11.930  -40.627  26.038 0.2000000030
18565  13.427  -40.140  25.469 0.2000000030
24906  17.048  -32.900  32.868 0.2000000030
105347  15.899  -32.551  32.691 0.1000000015
20756  15.338  -38.165  28.674 0.4000000060
20767  14.757  -38.242  28.362 0.5000000000
20788  12.162  -37.960  26.888 0.4000000060
20004  8.229  -37.918  25.762 0.3000000119
24220  20.477  -33.654  33.188 0.3000000119
23447  21.423  -33.907  32.904 0.4000000060
24948  16.837  -32.324  31.827 0.1000000015
21661  16.514  -36.697  27.834 0.3000000119
20786  14.518  -38.079  27.674 0.4000000060
21678  12.284  -36.775  25.955 0.3000000119
24943  21.294  -32.716  30.969 0.4000000060
21680  9.390  -35.836  24.667 0.3000000119
25566  20.254  -31.671  30.850 0.2000000030
24958  20.783  -32.207  30.635 0.4000000060
25580  18.870  -30.862  30.623 0.2000000030
115894  21.008  -32.613  30.550 0.4000000060
109288  20.711  -34.564  30.095 0.4000000060
22631  16.730  -35.806  27.439 0.3000000119
22647  16.286  -35.420  26.732 0.3000000119
21692  9.166  -35.959  24.278 0.3000000119
24979  19.380  -32.431  28.548 0.3000000119
2065  3.842  -71.118  38.023 0.2000000030
2498  28.527  -69.610  26.681 0.5000000000
9184  4.137  -55.475  35.760 1.0000000000
1943  16.637  -71.576  23.611 0.8000000119
1942  17.471  -71.406  23.487 0.6999999881
97954  18.848  -71.376  20.995 0.5000000000
111852  20.506  -71.817  18.600 0.1000000015
111765  21.386  -71.505  21.067 0.4000000060
1944  15.587  -71.908  23.509 0.8000000119
1945  14.764  -72.212  23.377 0.4000000060
103488  13.106  -74.150  22.753 0.2000000030
1954  13.907  -72.575  23.048 0.4000000060
1199  20.967  -72.666  17.752 0.2000000030
111798  21.742  -71.676  19.876 0.1000000015
111834  21.855  -71.714  20.309 0.5000000000
98194  22.207  -71.498  21.214 0.5000000000
1448  21.385  -72.309  17.557 0.3000000119
1702  21.230  -71.760  18.566 0.3000000119
1705  23.933  -71.911  17.647 0.4000000060
110920  22.910  -71.991  18.913 0.5000000000
1706  21.716  -71.894  17.666 0.4000000060
1097  23.364  -74.525  31.401 0.8000000119
1955  12.991  -72.756  22.408 0.4000000060
1694  12.529  -73.320  22.738 0.2000000030
1691  11.756  -73.774  23.419 0.3000000119
1696  11.102  -72.585  22.732 0.3000000119
1679  11.081  -72.803  23.480 0.3000000119
1947  10.009  -72.183  23.286 0.3000000119
2207  10.490  -71.903  24.141 0.2000000030
1449  20.850  -72.198  17.782 0.1000000015
1701  24.734  -71.972  19.394 0.5000000000
1968  24.032  -71.852  20.201 0.6000000238
1793  21.730  -71.347  40.740 0.6999999881
108283  21.828  -72.174  41.130 0.6999999881
1523  22.163  -72.917  39.938 0.6999999881
2348  21.619  -69.484  40.829 0.6000000238
1524  22.050  -72.161  40.346 0.6999999881
2058  21.752  -70.393  40.234 0.6999999881
1805  22.012  -71.411  39.938 0.6999999881
1108  23.269  -74.490  30.420 0.8000000119
1098  22.833  -73.922  31.541 0.8000000119
2228  13.764  -71.555  22.978 0.6999999881
1956  10.022  -72.173  22.763 0.4000000060
2229  9.408  -71.855  22.876 0.2000000030
2221  9.348  -71.447  23.407 0.2000000030
2222  8.665  -70.671  23.293 0.2000000030
2529  8.255  -69.837  23.523 0.2000000030
2528  9.353  -70.415  24.103 0.1000000015
2869  9.309  -68.288  24.729 0.1000000015
1784  21.596  -71.474  41.600 0.6999999881
3089  23.173  -67.971  41.726 0.5000000000
2669  21.976  -68.298  42.054 0.6000000238
2340  21.474  -69.558  41.581 0.6999999881
2050  21.507  -70.452  41.303 0.6999999881
112630  22.360  -72.188  38.975 0.6999999881
3100  22.592  -68.378  40.795 0.6000000238
2696  21.950  -68.792  40.616 0.6000000238
2068  22.030  -70.070  39.526 0.6999999881
1804  22.221  -71.480  39.203 0.6000000238
2681  24.828  -68.741  42.008 0.4000000060
3074  23.479  -67.824  42.578 0.4000000060
103864  24.349  -68.396  41.161 0.4000000060
2693  23.696  -68.273  40.540 0.6000000238
2694  23.003  -68.394  40.058 0.6000000238
2711  22.413  -68.783  39.897 0.6000000238
1316  22.310  -73.759  35.241 0.8000000119
1333  22.301  -73.842  33.356 0.8000000119
100908  22.901  -74.176  32.108 0.8000000119
109159  22.533  -73.606  31.959 0.6999999881
1118  23.031  -74.257  29.518 0.8000000119
1109  22.828  -73.878  30.141 0.6999999881
1349  22.417  -73.227  31.300 0.6999999881
113164  23.296  -74.287  28.205 0.8000000119
1361  22.514  -73.248  30.367 0.6999999881
1601  21.943  -72.405  31.432 0.6999999881
1594  21.679  -72.231  32.057 0.5000000000
1612  22.014  -71.812  30.842 0.5000000000
1961  12.289  -72.161  21.917 0.6000000238
1967  11.707  -71.606  21.294 0.5000000000
1962  11.428  -72.258  22.030 0.3000000119
2208  10.537  -70.786  24.429 0.2000000030
2235  9.867  -71.597  22.378 0.4000000060
1963  10.644  -71.977  21.981 0.5000000000
2236  9.431  -70.729  22.531 0.3000000119
117347  10.169  -68.635  25.372 0.1000000015
2530  7.686  -69.089  22.917 0.2000000030
2875  7.878  -68.336  23.173 0.1000000015
2882  7.858  -68.101  22.440 0.3000000119
2881  8.202  -68.740  22.756 0.3000000119
118714  21.731  -72.212  41.857 0.6999999881
3075  22.607  -67.904  42.277 0.4000000060
2038  21.435  -70.084  42.172 0.6999999881
100485  21.482  -70.904  42.114 0.6999999881
2656  24.666  -68.518  43.466 0.4000000060
2668  24.414  -68.309  42.668 0.4000000060
116396  21.585  -68.654  42.299 0.5000000000
2318  21.409  -68.864  42.902 0.6999999881
100135  22.291  -70.966  37.951 0.6000000238
1818  22.356  -71.637  38.472 0.6000000238
1825  22.449  -71.910  37.573 0.6999999881
2309  25.801  -70.919  44.438 0.3000000119
2655  25.259  -69.556  43.903 0.3000000119
2667  25.141  -69.494  42.974 0.4000000060
101840  23.757  -68.355  39.825 0.6000000238
2710  22.957  -68.648  39.216 0.5000000000
2727  22.924  -68.963  38.658 0.6000000238
1559  22.358  -72.583  36.790 0.6999999881
1317  21.982  -72.887  35.210 0.6999999881
106330  21.546  -72.094  34.886 0.5000000000
2339  25.417  -70.001  42.184 0.4000000060
2680  25.158  -69.024  41.189 0.3000000119
2692  24.550  -68.558  40.248 0.4000000060
2708  24.240  -68.527  39.298 0.4000000060
2725  24.000  -68.645  38.539 0.4000000060
2379  22.650  -69.567  38.330 0.5000000000
114064  22.231  -70.741  36.497 0.4000000060
1570  21.790  -72.061  35.577 0.5000000000
110907  22.234  -73.896  34.018 0.6999999881
107863  21.911  -73.267  33.807 0.5000000000
2317  25.567  -70.610  43.662 0.3000000119
108802  25.680  -71.127  43.103 0.4000000060
2049  25.890  -71.720  42.494 0.3000000119
2347  25.423  -69.410  40.356 0.4000000060
2361  25.624  -69.879  39.332 0.3000000119
2707  24.978  -68.917  39.559 0.4000000060
99964  21.537  -72.470  33.510 0.5000000000
2057  26.080  -70.784  40.553 0.3000000119
1334  21.908  -73.127  33.027 0.6000000238
1341  22.069  -72.949  32.169 0.6000000238
99907  21.553  -71.085  32.999 0.4000000060
1129  22.969  -73.855  28.726 0.8000000119
1868  21.781  -71.702  31.630 0.6000000238
1624  22.607  -72.401  29.040 0.6999999881
101591  22.379  -72.530  29.789 0.6000000238
116254  22.933  -72.188  28.470 0.6999999881
1637  22.788  -71.671  28.860 0.6000000238
1875  22.236  -71.855  30.037 0.5000000000
1867  22.140  -71.077  31.060 0.6000000238
2237  12.620  -71.258  20.725 0.8000000119
2239  11.162  -71.226  21.240 0.6000000238
3245  9.806  -67.224  25.571 0.1000000015
3246  8.691  -67.387  23.855 0.1000000015
1019  23.179  -74.962  43.904 0.6999999881
99689  21.396  -69.690  42.897 0.6999999881
1776  21.587  -71.769  42.554 0.6999999881
1771  21.579  -71.714  43.580 0.6999999881
103970  22.825  -67.677  42.975 0.4000000060
3076  22.203  -67.969  42.931 0.5000000000
100445  21.357  -69.317  43.621 0.6999999881
1560  22.119  -72.059  36.233 0.6000000238
2378  24.465  -69.393  37.682 0.4000000060
2389  23.334  -69.456  37.315 0.4000000060
99532  22.523  -70.109  36.831 0.4000000060
106078  25.736  -70.372  41.406 0.3000000119
119038  25.400  -69.837  38.526 0.3000000119
2397  22.769  -69.782  36.111 0.4000000060
1835  21.948  -71.194  35.911 0.5000000000
1843  21.661  -71.326  35.061 0.5000000000
2067  26.399  -71.532  39.458 0.3000000119
1850  21.421  -71.522  34.039 0.4000000060
108011  21.386  -71.816  33.131 0.4000000060
2110  21.688  -70.444  33.639 0.4000000060
2102  21.996  -69.870  34.095 0.4000000060
2120  21.862  -70.289  32.771 0.4000000060
2119  22.214  -69.988  31.995 0.4000000060
2130  21.890  -70.883  32.016 0.4000000060
1887  23.161  -71.066  28.876 0.6000000238
2144  22.543  -70.446  30.233 0.5000000000
2129  22.315  -70.271  31.198 0.4000000060
3644  19.087  -66.313  24.373 0.6999999881
119052  12.953  -70.929  20.228 0.8000000119
2238  12.289  -70.889  20.450 0.6999999881
2543  11.881  -70.607  20.542 0.8000000119
3629  9.827  -66.739  26.626 0.1000000015
2880  10.048  -69.001  22.894 0.4000000060
107851  9.353  -66.470  24.866 0.1000000015
3257  8.420  -67.782  22.482 0.5000000000
3251  8.375  -67.187  22.177 0.4000000060
3651  8.611  -66.517  22.900 0.1000000015
3252  7.944  -67.548  22.690 0.2000000030
771  22.288  -76.117  43.650 0.6999999881
556  22.889  -75.938  43.144 0.6999999881
1012  22.673  -75.095  44.385 0.6999999881
1258  22.555  -74.107  43.994 0.6999999881
2081  25.939  -70.792  38.153 0.4000000060
2377  25.302  -70.010  37.733 0.4000000060
2388  24.086  -69.498  36.858 0.4000000060
2095  22.288  -70.223  35.826 0.4000000060
2099  21.909  -70.557  35.263 0.4000000060
2056  26.602  -72.492  40.934 0.2000000030
104395  26.088  -71.088  36.741 0.4000000060
2387  25.323  -70.270  36.396 0.4000000060
2396  23.499  -69.600  36.219 0.4000000060
2098  22.112  -69.992  34.913 0.4000000060
2080  26.578  -71.932  38.146 0.3000000119
108282  26.580  -71.712  37.248 0.4000000060
2395  24.815  -69.902  35.651 0.4000000060
115134  23.280  -69.609  35.409 0.4000000060
2420  22.574  -69.461  33.532 0.4000000060
2419  23.318  -69.130  33.699 0.4000000060
105707  22.515  -69.287  32.789 0.4000000060
2421  22.058  -69.800  33.273 0.4000000060
107087  22.631  -69.728  30.640 0.4000000060
2757  23.030  -68.778  33.042 0.4000000060
2157  23.277  -70.342  29.373 0.5000000000
2461  23.045  -69.652  30.127 0.4000000060
104206  22.436  -69.240  32.026 0.4000000060
2453  23.430  -69.079  30.456 0.4000000060
3655  19.125  -66.517  23.487 0.8000000119
4141  19.008  -66.094  25.304 0.8000000119
110364  19.742  -66.083  23.884 0.6999999881
2542  12.010  -69.943  20.520 0.8000000119
3641  9.356  -65.635  25.327 0.1000000015
3650  8.925  -66.256  22.218 0.4000000060
107025  8.883  -65.781  22.845 0.2000000030
4160  9.394  -65.555  22.922 0.4000000060
107909  9.339  -66.000  22.163 0.4000000060
1283  13.476  -73.743  40.376 0.8999999762
105766  10.836  -75.529  41.703 0.8999999762
117879  11.602  -74.658  41.010 0.8999999762
112378  10.619  -74.075  41.722 0.8999999762
561  10.271  -76.685  42.616 0.8999999762
103654  26.873  -71.175  35.806 0.4000000060
2088  26.477  -71.101  35.758 0.4000000060
2394  26.026  -70.580  35.373 0.4000000060
2402  24.305  -69.645  35.015 0.4000000060
2408  24.881  -69.409  34.481 0.4000000060
2409  23.636  -69.427  34.461 0.4000000060
2752  24.207  -68.879  33.944 0.4000000060
2782  22.765  -68.779  31.386 0.4000000060
2764  22.801  -68.630  32.227 0.4000000060
2763  23.351  -68.057  32.616 0.4000000060
2756  23.705  -68.041  33.318 0.4000000060
3669  17.842  -66.932  22.639 0.8000000119
4170  19.776  -66.403  22.889 0.6000000238
3656  18.456  -66.770  23.158 0.8000000119
2891  15.392  -68.471  19.980 0.8999999762
2892  14.658  -68.828  19.695 0.8999999762
103288  16.350  -67.315  20.270 0.8999999762
2895  15.006  -68.300  19.549 0.8999999762
2890  12.356  -69.268  20.922 0.8000000119
4610  8.818  -64.616  25.864 0.1000000015
4133  9.097  -65.364  26.443 0.1000000015
108119  9.205  -64.578  24.932 0.1000000015
4649  8.960  -65.669  22.745 0.2000000030
4146  9.261  -64.890  25.003 0.1000000015
118563  8.601  -71.657  43.000 0.8999999762
1269  8.573  -73.314  43.307 0.8999999762
1810  13.850  -71.560  39.846 0.8999999762
1526  13.550  -72.257  39.990 0.8999999762
100912  13.101  -72.905  40.276 0.8999999762
1507  8.153  -72.685  43.589 0.8999999762
1527  12.317  -72.633  40.761 0.8999999762
1038  12.837  -74.354  40.569 0.8999999762
1285  11.788  -73.236  41.026 0.8999999762
1275  10.668  -73.324  41.789 0.8999999762
1274  11.251  -73.866  41.331 0.8999999762
1031  10.230  -74.776  42.033 0.8999999762
389  9.833  -77.356  44.375 0.8999999762
2751  25.132  -68.905  34.303 0.4000000060
3140  24.450  -67.686  33.826 0.4000000060
3139  25.318  -67.630  34.407 0.3000000119
4169  20.437  -65.837  23.445 0.5000000000
3668  18.503  -66.540  22.439 0.6000000238
3261  17.049  -66.864  20.960 0.6999999881
3705  15.894  -66.972  19.804 0.6999999881
3265  15.581  -67.718  19.712 0.8000000119
108228  15.209  -66.880  19.553 0.8000000119
3271  14.782  -67.772  19.428 0.8000000119
3266  13.552  -67.891  19.734 0.8999999762
3687  13.618  -67.100  20.079 0.8999999762
4611  8.427  -64.441  25.746 0.1000000015
4630  8.813  -64.176  25.440 0.1000000015
5148  8.706  -63.893  24.618 0.1000000015
4648  10.009  -66.120  21.884 0.3000000119
4664  9.395  -65.983  21.627 0.3000000119
4663  9.960  -65.873  21.581 0.4000000060
2661  9.551  -68.107  43.480 0.8000000119
3979  9.740  -65.695  44.438 0.8000000119
3065  9.637  -67.258  43.693 0.8000000119
2335  9.425  -69.588  43.095 0.8000000119
1513  9.095  -71.923  42.703 0.8999999762
2044  8.869  -70.151  43.213 0.8000000119
2073  14.144  -70.756  39.891 0.8999999762
1020  8.478  -73.985  44.051 0.8999999762
1795  13.462  -70.972  40.388 0.8999999762
1796  12.851  -71.300  40.763 0.8999999762
1786  12.279  -71.782  41.051 0.8999999762
2352  13.465  -69.654  40.841 0.8000000119
2061  13.016  -70.396  41.029 0.8000000119
1517  11.616  -72.318  41.363 0.8999999762
1016  8.241  -74.269  45.520 0.8999999762
99580  11.215  -73.020  41.486 0.8999999762
768  8.408  -75.076  45.725 0.8999999762
1276  10.098  -73.769  42.167 0.8999999762
554  9.008  -75.740  45.042 0.8999999762
109962  8.354  -76.313  47.031 0.8999999762
104125  7.787  -77.288  47.316 0.8000000119
538  7.021  -77.088  47.383 0.8000000119
550  9.490  -77.256  45.647 0.6999999881
50  8.513  -80.147  43.435 0.4000000060
45  9.138  -80.148  44.449 0.5000000000
116  8.326  -79.662  44.479 0.5000000000
4184  21.370  -66.039  22.206 0.5000000000
4185  20.587  -66.211  22.488 0.5000000000
104141  19.086  -66.556  22.854 0.6000000238
3684  18.685  -66.190  21.849 0.6000000238
3685  17.833  -66.494  21.709 0.6000000238
3703  17.375  -66.084  20.687 0.6000000238
3704  16.520  -66.534  20.202 0.6000000238
4215  16.670  -65.649  20.065 0.5000000000
118472  13.890  -67.321  19.685 0.8000000119
3686  13.926  -66.293  20.535 0.6999999881
3671  13.670  -66.880  21.947 0.8000000119
100019  6.938  -65.959  25.457 0.1000000015
4147  6.368  -65.476  24.672 0.1000000015
5165  8.686  -64.035  22.816 0.3000000119
109365  9.612  -65.461  20.966 0.3000000119
2052  12.362  -70.970  41.338 0.8000000119
116726  11.831  -70.723  41.697 0.8999999762
2053  11.258  -71.023  41.927 0.8999999762
1024  9.524  -74.266  42.579 0.8999999762
106459  9.041  -76.419  45.992 0.8999999762
544  8.816  -77.192  46.768 0.6999999881
116451  9.221  -75.400  43.268 0.8999999762
102670  9.360  -76.639  44.614 0.8999999762
3665  20.927  -66.391  21.592 0.5000000000
3666  20.185  -66.335  22.024 0.5000000000
3667  19.351  -66.366  22.320 0.5000000000
4703  19.159  -64.696  20.085 0.4000000060
4198  18.856  -65.788  21.346 0.5000000000
4199  18.150  -65.822  21.140 0.6000000238
4214  17.592  -65.243  20.237 0.4000000060
116554  17.337  -64.448  19.634 0.4000000060
4228  16.713  -64.775  19.698 0.6000000238
4229  16.018  -65.181  19.761 0.6000000238
4719  16.087  -64.162  19.669 0.6000000238
4720  15.518  -64.602  19.917 0.6000000238
4230  15.372  -65.744  19.815 0.6999999881
5233  15.562  -63.495  19.862 0.6000000238
4216  14.930  -65.199  20.093 0.6999999881
4200  14.337  -65.479  20.966 0.6999999881
4690  14.750  -64.798  20.559 0.6999999881
101824  14.548  -65.531  21.899 0.6999999881
5166  8.085  -63.291  23.325 0.1000000015
4631  8.113  -63.958  25.060 0.1000000015
4148  5.483  -65.680  24.282 0.1000000015
5180  9.229  -63.358  21.800 0.2000000030
5213  10.066  -63.704  20.591 0.4000000060
118756  9.098  -65.274  21.131 0.3000000119
4676  10.017  -64.574  20.632 0.4000000060
2662  8.856  -68.552  43.664 0.8000000119
3978  10.594  -65.164  44.296 0.8000000119
4445  10.795  -64.448  44.781 0.6999999881
762  7.739  -75.340  47.216 0.8999999762
537  7.455  -76.216  47.423 0.8999999762
1778  10.618  -71.547  42.114 0.8999999762
107899  9.567  -75.187  42.635 0.8999999762
3682  20.728  -66.349  21.214 0.5000000000
3702  20.491  -66.170  20.860 0.4000000060
3683  19.714  -66.125  21.608 0.4000000060
4211  21.033  -66.305  20.234 0.3000000119
4212  19.497  -65.626  20.923 0.4000000060
4227  20.892  -65.488  19.743 0.3000000119
4213  18.560  -65.308  20.654 0.4000000060
4716  18.418  -63.676  19.246 0.4000000060
4704  18.139  -64.535  19.875 0.4000000060
4718  16.708  -63.814  19.400 0.6000000238
112740  15.654  -62.771  19.801 0.6000000238
5194  15.586  -63.534  21.572 0.6000000238
5220  15.347  -63.139  20.199 0.6000000238
4689  15.160  -63.842  20.844 0.6999999881
5633  7.152  -62.525  23.048 0.1000000015
5167  6.661  -63.303  23.155 0.1000000015
5150  6.320  -64.023  23.509 0.1000000015
4136  5.082  -65.686  24.773 0.1000000015
4186  15.312  -64.571  22.567 0.6000000238
4187  14.906  -65.269  22.644 0.6999999881
5651  9.271  -61.809  21.793 0.3000000119
5632  8.435  -62.405  22.700 0.1000000015
4157  15.192  -65.569  24.564 0.6000000238
4171  15.334  -65.065  23.506 0.6000000238
6159  11.149  -60.960  20.571 0.5000000000
5665  9.819  -62.904  20.797 0.4000000060
3492  10.350  -66.734  43.517 0.8000000119
117844  8.146  -71.521  43.354 0.8999999762
1508  7.606  -72.050  43.914 0.8999999762
2675  10.140  -68.459  43.060 0.8000000119
1261  8.142  -73.230  44.148 0.8999999762
3986  11.212  -65.370  43.780 0.6000000238
3987  10.442  -65.896  43.828 0.6999999881
2334  10.140  -69.295  42.808 0.8000000119
1025  9.038  -74.638  43.250 0.8999999762
117325  8.913  -73.915  43.071 0.8999999762
773  8.818  -75.014  44.247 0.8999999762
1512  9.978  -72.111  42.294 0.8999999762
103326  19.997  -64.400  19.626 0.4000000060
113723  19.253  -63.709  19.254 0.4000000060
4717  17.487  -63.661  19.226 0.4000000060
5230  17.701  -62.659  18.991 0.4000000060
5231  16.798  -62.802  19.230 0.5000000000
5682  16.655  -61.799  19.976 0.6000000238
5219  15.838  -62.522  20.250 0.6000000238
6134  8.556  -61.064  22.429 0.3000000119
110542  5.328  -64.394  23.876 0.1000000015
5178  15.703  -63.959  22.501 0.6000000238
5210  15.985  -62.981  21.309 0.6000000238
4661  15.738  -64.370  23.375 0.6000000238
106027  15.733  -64.767  24.231 0.6000000238
102852  8.078  -69.914  43.677 0.8000000119
1255  7.831  -73.440  45.469 0.8999999762
1779  9.832  -71.269  42.511 0.8000000119
1268  9.346  -73.340  42.629 0.8999999762
2042  10.604  -70.682  42.331 0.8000000119
110998  12.142  -69.487  41.771 0.8000000119
113548  9.469  -72.591  42.519 0.8999999762
5690  20.208  -61.791  18.736 0.3000000119
5229  18.744  -62.691  18.897 0.4000000060
5691  19.225  -61.833  18.871 0.3000000119
5692  18.178  -61.899  19.208 0.3000000119
5693  17.130  -62.019  19.488 0.5000000000
5681  17.794  -61.531  19.760 0.5000000000
6733  8.303  -60.499  23.142 0.3000000119
5652  7.725  -61.598  22.969 0.2000000030
5634  6.252  -62.503  23.256 0.1000000015
5133  4.911  -63.920  24.873 0.1000000015
5602  5.233  -62.777  25.738 0.1000000015
5193  16.140  -63.448  22.354 0.6000000238
5672  16.634  -62.474  21.057 0.6000000238
5615  5.628  -62.418  23.952 0.1000000015
100577  5.291  -63.214  24.309 0.1000000015
6126  6.010  -61.743  23.851 0.1000000015
1766  7.076  -71.642  44.757 0.8999999762
1017  7.336  -74.041  46.703 0.8999999762
3082  11.670  -67.522  42.603 0.6999999881
2333  10.966  -69.250  42.424 0.8000000119
102947  10.593  -69.912  42.485 0.8000000119
2674  11.713  -69.050  42.104 0.8000000119
5689  21.198  -61.878  18.811 0.4000000060
5678  20.481  -61.060  18.927 0.4000000060
5679  19.706  -61.110  18.916 0.4000000060
112728  18.704  -61.232  19.932 0.4000000060
117052  19.092  -61.885  21.972 0.5000000000
5670  18.466  -61.629  20.817 0.5000000000
5662  17.563  -62.682  22.352 0.6000000238
5671  17.589  -62.083  20.964 0.6000000238
105434  5.369  -61.851  25.046 0.1000000015
117467  17.232  -63.053  22.887 0.6000000238
6720  7.118  -60.264  24.014 0.2000000030
6112  5.760  -61.319  24.504 0.1000000015
115688  16.076  -64.200  24.032 0.6000000238
5177  16.208  -63.821  23.395 0.6000000238
4646  15.756  -65.051  25.143 0.6000000238
112432  7.299  -72.882  45.926 0.8999999762
108911  20.050  -60.789  19.259 0.4000000060
6157  19.364  -61.254  20.908 0.5000000000
98536  16.645  -63.508  24.029 0.5000000000
114100  5.967  -60.282  24.638 0.1000000015
6702  6.568  -59.395  24.411 0.2000000030
1767  6.350  -71.977  46.112 0.8999999762
2022  6.548  -71.259  45.553 0.8000000119
1497  7.060  -72.290  45.265 0.8999999762
1757  5.332  -71.840  46.745 0.8999999762
2012  4.492  -71.424  46.997 0.8999999762
5649  17.566  -62.912  23.595 0.6000000238
6703  5.652  -59.329  24.688 0.1000000015
6098  5.609  -60.515  25.055 0.1000000015
5163  16.447  -63.716  24.477 0.5000000000
2305  6.008  -69.940  46.180 0.8000000119
117421  6.652  -70.026  45.343 0.8000000119
2306  4.879  -70.006  46.928 0.8000000119
2011  5.918  -70.786  46.252 0.8000000119
2313  6.882  -70.549  44.936 0.8000000119
109209  5.026  -70.615  46.812 0.8000000119
2013  3.631  -71.399  46.915 0.8999999762
6691  5.072  -59.622  25.263 0.1000000015
7233  6.225  -58.333  24.545 0.4000000060
3453  5.665  -66.928  47.033 0.8000000119
2628  5.088  -68.826  47.171 0.8000000119
3034  6.776  -67.545  45.952 0.8000000119
2629  4.299  -69.727  47.416 0.8000000119
3008  3.694  -68.331  48.174 0.8000000119
2630  3.181  -70.029  47.689 0.8000000119
2298  2.997  -70.446  47.236 0.8000000119
2004  3.953  -70.883  47.192 0.8000000119
2631  2.734  -69.975  46.995 0.8000000119
7221  5.196  -58.399  24.851 0.3000000119
3437  4.615  -67.287  47.740 0.8000000119
3946  5.486  -65.717  47.696 0.8000000119
3009  2.650  -68.767  48.355 0.8000000119
103586  2.518  -69.526  47.626 0.8000000119
7690  5.338  -56.585  27.082 0.6000000238
7692  4.113  -57.363  26.438 0.4000000060
7206  4.371  -58.866  25.637 0.2000000030
3931  3.558  -66.308  48.637 0.6999999881
3947  4.597  -66.457  48.046 0.8000000119
3930  4.801  -65.451  48.275 0.6999999881
3439  2.164  -68.110  48.609 0.8000000119
3438  3.422  -67.575  48.413 0.8000000119
3010  1.968  -68.721  48.226 0.8000000119
3022  1.852  -68.601  47.039 0.8000000119
108723  2.519  -68.999  46.339 0.6999999881
6673  3.911  -59.460  26.776 0.1000000015
4400  2.784  -65.862  49.230 0.6999999881
4379  4.207  -64.435  49.381 0.6999999881
101569  2.267  -66.801  49.137 0.6999999881
3011  1.627  -68.111  47.653 0.8000000119
8211  4.141  -56.766  27.014 0.4000000060
7207  3.786  -58.224  26.370 0.2000000030
4870  3.307  -64.613  50.223 0.6999999881
4860  4.120  -63.615  50.970 0.6999999881
3440  1.653  -67.725  48.516 0.8000000119
3467  1.967  -66.968  45.587 0.8000000119
8180  5.428  -56.893  28.435 0.6999999881
8201  4.531  -56.755  27.804 0.6000000238
7190  3.129  -58.706  27.370 0.1000000015
3914  1.739  -65.752  49.925 0.6999999881
4861  2.034  -64.465  51.695 0.6999999881
102038  3.806  -63.055  51.853 0.6999999881
3421  1.196  -67.057  49.095 0.6999999881
3915  0.935  -66.105  49.733 0.6999999881
4381  1.016  -65.270  50.594 0.6999999881
3468  1.670  -67.351  46.483 0.8000000119
3441  1.077  -66.833  48.397 0.6999999881
7191  2.718  -57.863  28.260 0.3000000119
4382  0.749  -65.590  49.824 0.6999999881
4862  1.214  -64.697  51.354 0.6999999881
4855  2.004  -64.065  52.205 0.6999999881
3957  1.032  -66.011  47.189 0.6999999881
3948  0.822  -65.826  47.973 0.6999999881
3971  1.640  -66.272  45.742 0.6999999881
4856  1.094  -64.240  51.927 0.6999999881
5363  1.639  -63.156  52.972 0.6999999881
3956  1.427  -65.694  46.335 0.6999999881
4020  2.289  -66.062  38.617 0.3000000119
6643  2.549  -59.391  29.894 0.2000000030
4863  0.789  -64.479  51.091 0.6999999881
5372  0.756  -63.415  52.168 0.6999999881
114518  0.489  -61.576  53.715 0.6999999881
4888  0.473  -64.696  49.253 0.6999999881
4871  0.618  -64.695  50.229 0.6999999881
5856  0.607  -62.656  51.399 0.6999999881
4416  0.824  -65.006  47.697 0.6999999881
4887  1.076  -63.742  48.467 0.6999999881
4485  2.411  -65.373  38.675 0.3000000119
4474  2.096  -65.186  39.603 0.3000000119
4979  2.459  -63.996  39.598 0.3000000119
7168  2.282  -58.048  30.222 0.3000000119
5833  0.477  -61.261  54.284 0.6999999881
5847  0.611  -62.531  52.343 0.6999999881
6390  0.036  -60.625  54.433 0.6999999881
5867  0.740  -62.696  50.476 0.6999999881
4415  1.379  -64.528  47.207 0.6999999881
4903  1.803  -63.821  47.579 0.6999999881
5386  1.053  -62.783  49.585 0.6999999881
4424  1.945  -64.877  46.501 0.6999999881
4919  2.430  -64.101  46.873 0.6999999881
6939  -0.068  -59.783  54.836 0.6999999881
6424  0.875  -61.687  51.456 0.6999999881
5866  1.858  -61.910  49.757 0.6999999881
5855  1.363  -61.759  50.571 0.6999999881
6969  0.857  -60.565  52.357 0.6999999881
5395  2.963  -62.409  48.235 0.6999999881
5878  2.378  -62.134  48.991 0.6999999881
6411  1.368  -60.739  51.521 0.6999999881
4423  3.073  -64.446  46.207 0.6999999881
4902  2.938  -63.438  47.272 0.6999999881
6432  2.478  -61.106  49.959 0.6999999881
6422  3.005  -60.364  50.220 0.6999999881
5409  3.486  -62.749  47.526 0.6999999881
5865  3.018  -61.374  49.249 0.6999999881
6431  3.526  -60.628  49.515 0.6999999881
7642  2.436  -57.028  31.848 0.6000000238
107959  2.266  -57.535  31.234 0.4000000060
6967  2.996  -59.338  51.162 0.6999999881
6977  3.497  -59.620  50.462 0.6999999881
6988  4.010  -59.908  49.771 0.6999999881
6614  2.185  -57.722  32.154 0.5000000000
7442  3.095  -58.261  52.054 0.6999999881
7452  3.521  -58.617  51.407 0.6999999881
6601  2.388  -59.359  32.593 0.4000000060
7460  5.106  -58.335  50.153 0.6999999881
6986  5.396  -58.958  48.916 0.6999999881
6993  5.365  -59.248  48.150 0.6999999881
6570  2.414  -58.453  34.595 0.6000000238
6558  3.066  -59.910  35.267 0.3000000119
7153  2.153  -57.829  33.175 0.5000000000
6588  2.264  -58.773  33.755 0.3000000119
104503  5.390  -57.857  49.356 0.6999999881
8995  4.239  -55.870  50.003 0.6000000238
7961  4.594  -57.454  48.495 0.6000000238
7960  5.264  -57.725  48.955 0.6999999881
8564  1.929  -56.299  42.974 0.4000000060
8467  4.119  -56.781  48.856 0.6000000238
8453  3.394  -56.199  49.451 0.6999999881
9040  1.683  -55.097  45.820 0.2000000030
8996  2.606  -55.697  50.066 0.6999999881
10219  3.174  -52.990  46.668 0.3000000119
9614  2.151  -53.709  45.889 0.3000000119
10218  4.529  -53.016  47.854 0.2000000030
9599  3.982  -53.722  47.002 0.1000000015
16451  11.521  -42.595  40.407 0.6000000238
16444  11.865  -42.728  41.475 0.4000000060
11360  3.517  -51.472  46.134 0.4000000060
10797  3.894  -52.393  47.221 0.3000000119
10810  2.128  -52.152  45.673 0.6000000238
16461  12.785  -42.536  40.530 0.6000000238
16462  12.081  -42.284  40.031 0.6000000238
15809  10.726  -43.491  41.076 0.6000000238
11409  2.077  -52.124  43.102 0.3000000119
10204  0.730  -53.022  49.822 0.8000000119
99780  2.238  -48.904  46.462 0.8000000119
11940  0.553  -49.108  46.702 0.6999999881
113959  0.808  -48.884  45.903 0.6999999881
11955  0.528  -49.266  45.083 0.6999999881
10811  0.471  -51.770  45.172 0.6000000238
10230  1.151  -52.895  45.496 0.6000000238
15808  13.486  -43.017  40.877 0.5000000000
16450  12.376  -42.501  41.071 0.5000000000
15801  11.652  -43.299  42.299 0.5000000000
16470  12.664  -42.747  39.476 0.6999999881
16463  11.162  -42.737  39.459 0.6999999881
16471  11.750  -42.726  39.252 0.6999999881
16452  10.085  -43.329  39.542 0.6999999881
12595  3.239  -49.493  41.187 0.5000000000
98108  10.603  -44.262  42.204 0.6000000238
15807  14.262  -43.879  40.241 0.6000000238
15173  14.523  -43.855  38.483 0.6999999881
16442  13.136  -42.740  41.803 0.4000000060
16443  12.487  -42.760  42.171 0.4000000060
98161  9.605  -44.971  43.236 0.8000000119
15161  15.256  -44.458  39.541 0.6000000238
14531  13.817  -45.517  37.076 0.5000000000
104967  14.224  -43.675  42.880 0.4000000060
15789  11.480  -44.057  43.144 0.5000000000
15790  10.518  -44.750  43.080 0.5000000000
15143  14.738  -44.649  42.200 0.3000000119
114555  15.402  -45.311  41.682 0.6000000238
15151  14.925  -44.805  41.017 0.6000000238
114783  10.502  -45.053  43.631 0.6000000238
14464  5.250  -45.677  42.961 0.6999999881
15149  16.770  -45.586  41.421 0.5000000000
15150  15.929  -45.329  40.508 0.6000000238
15157  17.731  -44.784  40.648 0.6000000238
15160  15.958  -44.555  38.782 0.6999999881
14530  14.900  -45.649  36.997 0.6999999881
105969  9.784  -51.345  36.864 0.5000000000
15800  13.118  -43.014  42.878 0.4000000060
98266  12.441  -43.227  43.081 0.4000000060
15134  12.387  -44.152  43.965 0.5000000000
97963  9.484  -45.377  43.983 0.6000000238
98131  8.780  -45.590  44.269 0.6999999881
112395  7.739  -45.623  43.946 0.6999999881
14463  6.629  -45.748  43.621 0.8000000119
116858  7.647  -45.076  43.149 0.6999999881
15202  18.971  -44.583  36.944 0.6000000238
14526  17.731  -45.209  37.183 0.6999999881
13875  17.070  -46.604  38.244 0.6999999881
14528  16.628  -45.344  37.161 0.8000000119
12106  9.217  -50.886  36.216 0.5000000000
12129  7.799  -50.504  35.730 0.5000000000
119196  18.624  -42.969  37.729 0.6999999881
15852  18.627  -43.900  36.559 0.6999999881
15835  18.108  -44.007  36.850 0.8000000119
109961  19.894  -43.040  36.536 0.8000000119
17130  19.618  -42.691  36.799 0.8000000119
16495  18.992  -42.835  37.085 0.8000000119
11523  10.200  -51.132  35.965 0.5000000000
12135  8.755  -50.396  34.845 0.5000000000
17111  18.958  -42.048  39.393 0.6999999881
118422  18.978  -41.402  39.395 0.6000000238
17110  19.289  -41.698  38.686 0.8000000119
19109  18.446  -39.732  39.504 0.5000000000
102794  20.146  -41.203  37.263 0.8000000119
17784  19.758  -41.249  37.957 0.8000000119
18425  19.250  -40.944  38.914 0.8000000119
19877  19.511  -38.853  37.654 0.8000000119
19858  19.146  -38.942  38.304 0.6999999881
19123  20.245  -39.950  37.173 0.8999999762
19115  19.684  -39.589  37.867 0.8000000119
19116  19.124  -39.626  38.714 0.8000000119
17790  21.622  -41.540  37.070 0.8999999762
17133  25.625  -42.765  36.414 0.6999999881
13306  6.018  -48.892  34.152 0.6999999881
13308  4.293  -48.195  34.591 0.8999999762
12702  8.121  -50.042  34.462 0.6000000238
19124  19.985  -39.161  37.128 0.8000000119
23332  12.544  -34.634  40.333 0.1000000015
18437  22.955  -40.713  37.353 0.8999999762
18446  20.917  -40.137  36.895 0.8999999762
17136  25.603  -42.468  35.555 0.6000000238
17795  25.702  -41.819  36.413 0.8000000119
118961  3.680  -45.528  36.503 0.5000000000
14562  2.804  -46.155  35.492 0.8000000119
13941  3.812  -47.237  34.388 0.8999999762
13951  4.092  -47.017  33.612 0.8999999762
14577  3.219  -46.269  34.850 0.8999999762
13305  6.772  -48.986  33.879 0.6999999881
114946  6.012  -48.459  33.033 0.6999999881
13950  4.774  -47.762  33.041 0.6999999881
13940  4.551  -48.040  33.853 0.8999999762
13311  8.157  -48.803  33.102 0.6999999881
13312  6.706  -48.594  33.202 0.6999999881
13324  8.445  -48.407  32.539 0.6000000238
106091  25.201  -40.849  37.562 0.8000000119
17798  25.663  -41.639  35.435 0.6999999881
113043  25.669  -41.218  35.948 0.8000000119
14550  3.836  -45.259  35.912 0.6000000238
15210  4.029  -44.799  35.243 0.6000000238
14576  3.594  -45.984  34.301 0.6999999881
14561  3.388  -45.516  35.205 0.6000000238
14595  3.914  -45.777  33.545 0.8999999762
13957  4.957  -47.486  32.347 0.6999999881
14594  4.380  -46.797  32.793 0.8000000119
13342  8.878  -47.921  31.993 0.6999999881
13325  7.417  -48.339  32.706 0.6999999881
13949  5.505  -48.075  32.648 0.6999999881
19131  25.574  -40.010  36.095 0.8000000119
18456  25.322  -40.771  35.039 0.8000000119
19148  25.797  -40.498  35.206 0.8999999762
17803  23.771  -41.545  34.122 0.8000000119
19911  24.480  -38.946  34.716 0.6000000238
102752  22.051  -40.959  32.621 0.5000000000
107850  21.416  -41.042  32.267 0.5000000000
15225  3.926  -44.900  34.427 0.6999999881
18467  20.892  -40.711  31.906 0.4000000060
15879  4.517  -44.409  33.168 0.8000000119
15243  4.156  -44.860  33.610 0.8999999762
16522  7.853  -42.884  32.118 0.3000000119
13956  5.699  -47.611  31.827 0.6999999881
14600  4.726  -46.605  31.821 0.6999999881
13954  7.915  -47.814  32.007 0.6999999881
19917  23.664  -38.612  33.257 0.6000000238
19154  24.333  -39.529  34.281 0.6000000238
19159  22.726  -39.388  32.619 0.6000000238
18464  22.921  -39.964  33.004 0.6999999881
18465  22.390  -40.168  32.644 0.6000000238
18466  21.623  -40.288  32.206 0.5000000000
17813  20.146  -41.165  31.628 0.5000000000
15877  5.427  -43.205  33.851 0.5000000000
15896  6.540  -42.882  32.936 0.4000000060
16524  5.757  -42.846  33.184 0.4000000060
108858  5.274  -43.049  33.356 0.6999999881
16523  6.900  -42.675  32.247 0.5000000000
15897  5.413  -43.133  32.554 0.5000000000
15255  4.634  -44.997  31.992 0.8000000119
109444  6.634  -42.641  31.658 0.6000000238
15911  5.577  -43.809  31.321 0.6000000238
17178  9.527  -41.925  30.435 0.5000000000
20729  23.530  -37.811  32.920 0.5000000000
19920  23.154  -38.582  32.685 0.6999999881
19160  22.085  -39.520  32.225 0.6000000238
19926  21.112  -38.747  31.562 0.4000000060
17817  7.942  -41.988  30.372 0.4000000060
17829  10.067  -41.409  29.985 0.4000000060
17179  8.602  -41.801  30.416 0.4000000060
16541  6.978  -42.583  30.858 0.5000000000
14628  10.234  -46.337  30.177 0.6000000238
18486  11.647  -40.836  29.772 0.4000000060
18487  10.596  -40.740  29.687 0.4000000060
17830  9.059  -41.188  30.046 0.5000000000
17832  7.911  -41.809  29.828 0.5000000000
18499  11.059  -39.975  29.421 0.5000000000
18488  9.525  -40.621  29.629 0.4000000060
19188  10.484  -39.303  29.009 0.3000000119
25582  16.656  -31.333  30.747 0.1000000015
26203  18.339  -30.334  30.090 0.1000000015
26218  18.758  -30.133  29.384 0.1000000015
22648  15.574  -36.107  26.451 0.2000000030
21677  13.790  -36.992  25.903 0.2000000030
26217  19.355  -30.669  29.107 0.1000000015
25600  19.166  -30.956  28.356 0.1000000015
23505  16.888  -34.850  27.054 0.2000000030
23522  16.370  -34.342  26.361 0.1000000015
23523  15.730  -35.009  26.086 0.2000000030
22669  15.123  -35.435  25.818 0.2000000030
21676  14.863  -37.092  26.470 0.2000000030
25608  18.693  -31.407  27.651 0.1000000015
24997  18.205  -31.840  27.101 0.1000000015
22670  14.392  -35.159  25.517 0.1000000015
23524  12.545  -35.179  25.458 0.2000000030
24999  17.137  -32.736  26.367 0.1000000015
24346  16.134  -33.565  25.726 0.1000000015
23548  15.760  -34.255  25.759 0.1000000015
23549  15.100  -34.651  25.494 0.1000000015
23551  12.614  -33.681  24.930 0.1000000015
22671  13.298  -34.693  25.304 0.2000000030
22652  10.352  -35.250  25.048 0.2000000030
115968  12.056  -34.265  25.087 0.1000000015
118238  11.307  -34.257  24.855 0.1000000015
22672  9.849  -35.539  24.589 0.1000000015
21725  11.646  -35.809  23.951 0.1000000015
25617  18.310  -30.765  27.057 0.1000000015
25016  16.543  -32.669  25.695 0.1000000015
118338  17.425  -32.317  26.456 0.1000000015
25017  15.825  -32.985  25.106 0.1000000015
23550  14.091  -34.111  25.023 0.1000000015
24363  15.156  -33.153  24.659 0.1000000015
24348  13.039  -33.066  24.695 0.1000000015
23552  11.675  -33.650  24.543 0.1000000015
24347  15.263  -33.760  25.133 0.1000000015
382  10.317  -77.837  45.693 0.8000000119
571  10.754  -76.185  42.049 0.8999999762
400  9.642  -76.780  43.482 0.8999999762
7702  6.094  -57.186  25.027 0.4000000060
1266  22.292  -73.404  43.258 0.6999999881
1370  22.666  -73.316  29.431 0.6999999881
1534  22.271  -72.849  39.182 0.6999999881
1553  22.348  -72.903  37.547 0.8000000119
3262  16.700  -67.546  21.269 0.8000000119
9626  1.670  -54.355  45.731 0.4000000060
10231  0.032  -52.766  45.685 0.6000000238
11422  2.744  -51.356  42.664 0.4000000060
11362  0.048  -50.364  45.257 0.6000000238
12025  2.774  -50.051  41.662 0.5000000000
112821  0.875  -50.107  44.542 0.6999999881
16469  18.274  -43.435  37.775 0.8000000119
113816  8.086  -50.399  35.083 0.6999999881
18426  18.685  -40.701  39.728 0.5000000000
12716  7.486  -48.922  33.482 0.6000000238
15260  5.130  -44.823  31.199 0.8000000119
13955  6.877  -47.755  31.915 0.6999999881
19122  23.146  -39.990  37.190 0.8999999762
100366  24.602  -40.965  37.926 0.8000000119
18435  24.717  -40.319  37.617 0.8000000119
16542  6.354  -43.197  31.007 0.5000000000
103149  25.548  -41.038  36.832 0.8000000119
19141  26.900  -40.328  35.350 0.8999999762
19910  25.008  -39.761  35.351 0.6999999881
19916  24.129  -38.684  33.905 0.6000000238
18500  9.963  -39.914  29.328 0.4000000060
18471  20.140  -40.123  31.569 0.5000000000
18470  20.975  -40.018  31.808 0.5000000000
20730  22.995  -37.680  32.324 0.6000000238
19921  22.435  -38.634  32.165 0.5000000000
19164  21.393  -39.508  31.871 0.6000000238
25581  17.786  -30.920  30.744 0.1000000015
22651  11.629  -35.609  25.563 0.1000000015
22689  9.711  -35.696  24.364 0.1000000015
22701  10.457  -35.258  24.290 0.1000000015
23521  16.961  -34.030  26.807 0.2000000030
24980  19.086  -31.952  28.108 0.1000000015
24325  16.730  -33.428  26.322 0.1000000015
17831  8.424  -41.344  29.856 0.4000000060
110982  12.878  -36.058  25.767 0.2000000030
23526  10.675  -34.898  24.758 0.1000000015
98016  21.476  -71.666  20.346 0.3000000119
1447  23.088  -72.169  17.002 0.3000000119
1695  11.903  -73.061  22.694 0.3000000119
110683  22.250  -70.483  38.747 0.6999999881
102972  24.100  -67.932  43.921 0.4000000060
2657  21.514  -68.602  43.618 0.5000000000
101504  22.328  -70.857  37.227 0.6000000238
2726  23.424  -68.738  38.633 0.5000000000
1830  22.288  -71.586  36.727 0.6000000238
2738  23.160  -69.172  38.116 0.4000000060
2390  22.808  -69.668  37.557 0.4000000060
107993  26.226  -72.101  41.819 0.3000000119
115736  22.291  -71.271  30.335 0.5000000000
2027  21.422  -70.118  43.588 0.6999999881
2403  22.679  -69.741  35.225 0.4000000060
2410  22.620  -69.625  34.336 0.4000000060
2087  26.924  -71.772  36.525 0.4000000060
3722  15.898  -66.183  19.845 0.8000000119
3706  14.415  -65.782  20.248 0.6999999881
118107  7.639  -64.332  25.113 0.1000000015
4632  5.992  -64.992  23.959 0.1000000015
4702  20.120  -65.498  20.349 0.4000000060
4705  15.180  -64.084  20.226 0.6000000238
5168  5.797  -63.444  23.467 0.1000000015
5228  19.854  -62.974  18.870 0.3000000119
5663  16.710  -63.015  22.208 0.6000000238
2640  6.116  -68.432  46.357 0.8000000119
4399  4.007  -65.163  48.879 0.6999999881
3420  1.555  -67.259  49.019 0.8000000119
4380  2.225  -65.201  50.351 0.6999999881
101596  3.259  -64.237  51.008 0.6999999881
5378  3.243  -63.730  51.673 0.6999999881
5364  0.955  -63.017  52.865 0.6999999881
5832  1.006  -61.892  53.918 0.6999999881
5387  0.466  -63.756  50.425 0.6999999881
5397  0.543  -63.790  49.487 0.6999999881
6423  1.926  -60.898  50.718 0.6999999881
8452  4.808  -56.559  49.512 0.6000000238
15798  14.008  -43.559  41.771 0.5000000000
15799  13.648  -43.243  42.847 0.4000000060
101342  16.003  -45.601  41.969 0.3000000119
105236  16.822  -45.250  40.338 0.6000000238
15203  18.269  -44.320  36.781 0.6999999881
117877  18.615  -45.355  37.373 0.5000000000
16481  18.573  -43.469  36.839 0.8000000119
16494  19.182  -43.363  36.499 0.8000000119
17129  20.300  -42.446  36.778 0.8000000119
17792  19.999  -41.901  37.080 0.8000000119
17120  19.538  -42.136  37.702 0.8000000119
17121  19.072  -42.410  38.374 0.6999999881
18432  19.046  -40.256  39.087 0.6999999881
18439  21.232  -40.877  36.921 0.8999999762
111242  20.479  -40.734  37.091 0.8999999762
18440  19.978  -40.513  37.563 0.8000000119
18431  19.542  -40.328  38.404 0.8000000119
17791  20.677  -41.587  36.957 0.8000000119
15855  25.457  -44.404  36.356 0.6000000238
103593  25.594  -43.221  35.785 0.6000000238
18445  21.957  -40.191  36.995 0.8999999762
18438  22.048  -40.943  37.078 0.8999999762
16502  25.434  -43.913  35.704 0.6000000238
17138  24.879  -42.418  35.097 0.6000000238
18451  25.951  -41.004  35.478 0.8000000119
17137  25.413  -41.920  35.189 0.6999999881
15242  4.250  -45.588  32.743 0.8999999762
104402  24.668  -41.713  34.832 0.6999999881
17802  24.507  -40.900  34.540 0.8000000119
19149  24.871  -39.972  34.941 0.8000000119
107523  23.649  -40.763  33.807 0.6999999881
18457  24.578  -40.296  34.593 0.6999999881
18459  24.045  -40.139  33.997 0.6999999881
19158  23.291  -39.345  33.074 0.6999999881
18460  23.418  -40.070  33.439 0.6999999881
18461  22.866  -40.811  33.217 0.6000000238
15912  5.068  -44.049  31.910 0.5000000000
116171  6.091  -42.744  32.236 0.6000000238
22649  14.619  -36.163  25.890 0.2000000030
22650  13.689  -35.757  25.652 0.2000000030
104422  18.769  -30.558  27.887 0.1000000015
23525  11.318  -34.772  25.136 0.1000000015
23567  11.296  -34.330  24.471 0.1000000015
22700  11.583  -34.837  23.994 0.1000000015
2342  18.020  -69.215  41.597 0.5000000000
2685  17.502  -68.640  41.175 0.5000000000
2698  17.532  -68.667  40.418 0.5000000000
3102  15.849  -68.102  40.956 0.6999999881
3091  16.312  -67.846  41.929 0.5000000000
100722  18.354  -78.398  42.634 0.6000000238
3393  8.691  -66.221  49.864 0.3000000119
3405  9.124  -66.692  49.345 0.3000000119
113282  10.354  -67.334  48.235 0.2000000030
2993  9.995  -67.964  48.369 0.2000000030
3006  11.312  -67.630  47.357 0.4000000060
2627  11.763  -68.118  46.778 0.4000000060
2304  13.051  -69.853  45.689 0.4000000060
2020  15.937  -71.257  43.590 0.5000000000
104339  15.347  -70.736  43.981 0.5000000000
2303  14.689  -70.169  44.554 0.5000000000
102293  13.247  -68.967  45.562 0.5000000000
2040  18.391  -70.390  42.884 0.6000000238
2331  17.689  -69.661  42.469 0.5000000000
2311  15.338  -69.542  44.185 0.5000000000
2648  14.723  -69.078  44.749 0.5000000000
2332  16.987  -69.300  42.521 0.5000000000
2320  16.499  -69.314  43.046 0.5000000000
2658  16.416  -68.243  42.911 0.5000000000
2647  15.719  -67.642  44.134 0.5000000000
3103  15.115  -68.021  41.001 0.6999999881
2671  17.320  -68.848  41.907 0.5000000000
3077  16.394  -67.911  42.437 0.6000000238
3079  15.271  -67.050  42.197 0.6999999881
558  18.235  -77.666  42.423 0.6000000238
2686  16.845  -68.270  41.689 0.5000000000
3078  15.960  -67.361  42.420 0.6000000238
356  21.204  -80.099  22.213 0.4000000060
195  20.505  -81.113  21.611 0.3000000119
199  20.590  -81.124  20.737 0.2000000030
211  20.989  -80.488  19.253 0.1000000015
100312  19.704  -78.166  20.256 0.1000000015
527  18.977  -79.945  19.805 0.1000000015
515  19.329  -77.077  22.030 0.1000000015
3381  7.771  -66.434  50.892 0.2000000030
3418  9.670  -67.217  48.744 0.2000000030
2289  10.309  -69.323  47.728 0.2000000030
2620  10.961  -68.579  47.240 0.3000000119
2296  11.643  -68.950  46.522 0.4000000060
2626  12.214  -68.483  46.312 0.5000000000
3005  12.015  -67.250  46.944 0.5000000000
3436  10.894  -67.090  47.854 0.4000000060
2288  11.080  -69.670  47.023 0.3000000119
2638  12.852  -68.371  45.933 0.5000000000
2009  13.509  -70.865  45.349 0.5000000000
113846  12.798  -70.562  45.818 0.4000000060
1755  14.228  -71.766  44.705 0.5000000000
1765  15.436  -71.799  43.851 0.5000000000
2008  14.219  -70.759  44.855 0.4000000060
395  17.961  -78.326  43.293 0.6000000238
1503  18.712  -72.005  44.825 0.6000000238
1763  16.958  -71.522  44.096 0.6000000238
114062  17.915  -70.625  43.405 0.5000000000
2701  13.675  -68.905  40.872 0.6999999881
1254  18.687  -72.958  44.855 0.6000000238
2700  14.610  -68.648  40.456 0.6999999881
112494  18.348  -75.689  43.946 0.6000000238
1023  19.155  -75.153  43.083 0.6000000238
3064  15.591  -66.795  43.786 0.6000000238
3093  14.808  -67.516  41.603 0.6999999881
114408  17.692  -77.818  43.374 0.6000000238
229  18.566  -78.485  43.266 0.6000000238
360  22.198  -79.475  21.133 0.4000000060
361  21.595  -80.643  21.288 0.3000000119
365  22.062  -80.260  20.518 0.3000000119
210  22.060  -80.198  19.060 0.1000000015
727  20.354  -77.040  20.548 0.1000000015
711  20.575  -75.894  22.041 0.1000000015
370  20.404  -79.599  18.853 0.1000000015
526  20.407  -77.606  19.671 0.1000000015
726  20.973  -76.515  20.208 0.1000000015
3406  8.376  -67.316  49.752 0.2000000030
3382  7.135  -67.240  51.221 0.2000000030
114142  9.576  -68.650  48.477 0.2000000030
3913  9.379  -65.777  49.477 0.4000000060
3404  9.831  -66.214  48.890 0.4000000060
2010  12.814  -71.449  45.691 0.4000000060
1756  13.392  -71.964  45.168 0.5000000000
1751  18.159  -71.689  45.241 0.6000000238
118542  15.360  -72.121  43.968 0.5000000000
2688  13.195  -68.524  41.446 0.6999999881
101432  18.524  -73.946  44.833 0.6000000238
1752  17.198  -71.706  45.995 0.5000000000
105085  14.481  -72.480  45.467 0.5000000000
3477  15.155  -66.195  44.201 0.6000000238
3046  15.266  -67.023  44.625 0.5000000000
108682  14.027  -67.545  41.661 0.6999999881
1015  18.526  -74.691  44.396 0.6000000238
1486  16.963  -72.229  46.467 0.5000000000
3503  15.493  -66.649  42.914 0.6000000238
3490  14.914  -65.999  42.967 0.6999999881
102822  13.489  -67.921  41.650 0.6000000238
1480  15.227  -72.601  46.840 0.5000000000
3996  14.251  -65.718  42.818 0.6999999881
386  17.517  -78.592  44.255 0.6000000238
3975  14.734  -65.552  43.598 0.6999999881
209  23.804  -79.652  19.235 0.1000000015
98076  23.429  -79.082  17.649 0.1000000015
730  21.583  -77.253  18.826 0.1000000015
960  23.336  -74.546  18.197 0.1000000015
98229  23.391  -73.504  17.314 0.2000000030
2196  28.646  -70.647  25.648 0.6000000238
4330  6.771  -65.615  58.138 0.1000000015
4819  7.130  -64.450  57.908 0.1000000015
116190  7.508  -63.437  57.944 0.1000000015
2939  5.476  -67.875  52.898 0.2000000030
2940  4.793  -68.148  53.713 0.2000000030
2929  4.501  -68.205  55.194 0.2000000030
3320  5.557  -67.098  57.442 0.1000000015
2949  6.453  -67.997  51.603 0.2000000030
2910  4.479  -67.485  56.664 0.1000000015
3371  6.864  -66.570  52.046 0.2000000030
3359  5.873  -66.891  53.480 0.2000000030
3348  5.124  -67.131  54.217 0.2000000030
2924  4.474  -67.902  55.927 0.1000000015
2979  8.821  -67.857  49.339 0.2000000030
3395  7.371  -67.952  50.476 0.2000000030
3896  8.417  -65.825  50.535 0.2000000030
3877  7.499  -65.981  51.649 0.2000000030
3032  13.431  -67.578  45.888 0.5000000000
3435  11.585  -66.798  47.503 0.5000000000
106660  15.065  -68.018  44.859 0.5000000000
3017  13.242  -67.008  46.203 0.5000000000
1490  12.474  -72.447  46.282 0.5000000000
1488  13.737  -72.544  45.675 0.4000000060
2343  12.878  -69.410  41.342 0.6999999881
97610  25.201  -79.272  17.845 0.2000000030
208  24.711  -79.521  18.715 0.2000000030
97929  23.938  -77.931  17.892 0.1000000015
735  22.850  -76.971  17.905 0.1000000015
112642  25.165  -78.163  17.478 0.2000000030
959  24.424  -75.183  17.671 0.1000000015
964  25.966  -75.389  16.874 0.1000000015
1205  25.609  -72.425  15.982 0.1000000015
105220  8.078  -63.959  57.659 0.1000000015
5337  8.926  -62.580  58.133 0.1000000015
2928  4.537  -68.835  54.463 0.2000000030
2909  5.000  -67.786  56.907 0.1000000015
5320  8.602  -62.281  58.620 0.1000000015
2923  4.620  -68.687  55.198 0.1000000015
3821  5.020  -66.539  57.916 0.1000000015
3808  5.574  -65.814  58.253 0.1000000015
2951  5.060  -68.908  52.946 0.2000000030
3341  4.452  -67.236  55.631 0.2000000030
4820  6.503  -63.602  58.365 0.1000000015
5321  7.305  -62.722  58.405 0.1000000015
2601  8.397  -69.135  49.344 0.2000000030
2622  9.569  -69.269  48.376 0.2000000030
3912  10.157  -65.433  49.170 0.4000000060
2000  10.315  -70.186  47.701 0.3000000119
3929  10.640  -65.863  48.584 0.4000000060
3450  13.484  -66.275  46.269 0.5000000000
3434  12.328  -66.416  47.165 0.5000000000
3464  14.038  -66.626  45.734 0.5000000000
103410  14.506  -65.898  45.324 0.5000000000
3976  14.695  -65.544  44.650 0.6000000238
3505  13.993  -66.415  42.285 0.6000000238
3095  12.837  -68.045  41.889 0.6000000238
207  25.642  -79.288  18.453 0.2000000030
528  26.167  -79.078  18.383 0.3000000119
111642  25.725  -78.730  17.574 0.3000000119
722  25.595  -76.128  20.238 0.3000000119
728  27.515  -78.053  17.334 0.3000000119
962  28.559  -75.182  16.622 0.3000000119
1451  27.638  -72.578  15.923 0.2000000030
953  29.488  -75.135  18.336 0.3000000119
1450  28.651  -73.507  15.989 0.2000000030
2838  27.136  -68.791  27.740 0.5000000000
5318  10.249  -62.516  58.463 0.1000000015
5303  9.927  -62.298  59.183 0.1000000015
5336  9.597  -62.734  57.959 0.1000000015
110874  10.277  -62.412  59.896 0.1000000015
4797  10.852  -63.111  60.988 0.1000000015
109753  6.622  -66.918  57.416 0.1000000015
3332  4.294  -66.949  56.487 0.2000000030
5304  8.988  -62.126  59.321 0.1000000015
100242  9.482  -62.427  60.700 0.1000000015
4777  11.110  -63.967  62.455 0.1000000015
3358  6.808  -66.319  52.968 0.2000000030
3809  4.406  -65.848  58.219 0.1000000015
118187  6.783  -66.121  53.814 0.2000000030
3895  9.075  -65.384  50.156 0.3000000119
3875  8.849  -65.008  50.923 0.3000000119
3928  11.495  -65.517  48.291 0.5000000000
3911  10.994  -65.040  48.858 0.4000000060
3894  9.776  -65.024  49.802 0.4000000060
3943  12.682  -65.585  47.358 0.5000000000
113034  13.701  -65.514  46.350 0.5000000000
3963  14.421  -65.292  45.302 0.5000000000
103582  14.032  -65.113  43.467 0.6000000238
3080  13.175  -66.741  42.326 0.6000000238
2041  11.445  -70.049  42.072 0.6999999881
1195  27.821  -75.263  20.308 0.3000000119
1444  28.810  -73.383  17.139 0.2000000030
2820  26.875  -68.298  28.143 0.5000000000
111233  13.677  -64.610  62.357 0.1000000015
4288  13.283  -64.045  62.014 0.1000000015
4794  13.089  -63.439  60.207 0.1000000015
4795  12.077  -63.135  60.139 0.1000000015
5301  11.845  -62.734  59.348 0.1000000015
5302  10.954  -62.479  59.111 0.1000000015
4796  11.526  -63.230  60.745 0.1000000015
4785  11.330  -63.504  61.502 0.1000000015
108139  8.978  -64.408  57.500 0.1000000015
4317  4.881  -64.988  58.403 0.1000000015
5305  8.108  -62.046  59.179 0.1000000015
5296  8.927  -62.116  60.139 0.1000000015
4786  10.090  -62.985  61.279 0.1000000015
3322  4.043  -66.669  57.133 0.2000000030
5322  6.562  -62.710  58.794 0.1000000015
5287  9.454  -62.868  61.589 0.1000000015
4365  9.566  -64.656  50.563 0.3000000119
3840  4.953  -66.706  54.944 0.2000000030
5792  7.586  -61.957  59.787 0.1000000015
4821  5.572  -63.248  59.037 0.1000000015
3942  13.483  -64.933  46.888 0.5000000000
3927  12.306  -65.177  47.938 0.5000000000
4449  14.366  -64.904  44.197 0.6000000238
2673  12.081  -68.242  42.206 0.6000000238
3199  25.690  -67.426  28.553 0.4000000060
3198  26.583  -67.645  28.561 0.4000000060
3831  4.659  -66.280  55.597 0.2000000030
3849  7.345  -65.587  53.409 0.2000000030
3832  4.186  -66.230  56.241 0.2000000030
3822  3.575  -65.780  57.547 0.2000000030
4318  3.745  -65.005  58.482 0.1000000015
4805  4.171  -64.252  58.891 0.1000000015
4411  12.748  -64.338  47.974 0.5000000000
4396  11.982  -64.540  48.538 0.4000000060
4431  14.098  -64.708  45.893 0.5000000000
3997  13.430  -65.413  43.019 0.6000000238
3506  12.450  -66.566  42.601 0.6000000238
3596  25.105  -66.140  29.183 0.3000000119
3607  25.615  -66.729  28.994 0.3000000119
3187  26.320  -66.892  29.002 0.3000000119
3594  26.909  -66.224  29.463 0.3000000119
4364  10.273  -64.325  50.219 0.4000000060
4352  8.710  -64.806  51.793 0.4000000060
3838  7.091  -65.473  54.215 0.2000000030
3848  7.987  -65.095  53.034 0.4000000060
3830  5.642  -65.803  55.256 0.2000000030
103493  4.722  -65.341  55.868 0.2000000030
4376  11.445  -64.173  49.236 0.5000000000
4356  9.517  -64.227  51.509 0.4000000060
4351  9.134  -64.201  52.299 0.4000000060
4349  7.763  -64.883  53.838 0.3000000119
4345  6.581  -65.213  54.898 0.2000000030
4341  3.847  -65.190  56.602 0.2000000030
3823  2.934  -65.072  57.982 0.2000000030
4339  5.916  -64.839  55.476 0.2000000030
118147  4.476  -64.737  56.201 0.2000000030
4306  3.182  -64.325  58.867 0.1000000015
112329  10.749  -63.593  50.690 0.4000000060
4348  8.420  -64.374  53.454 0.3000000119
4450  13.752  -64.573  43.969 0.6000000238
4344  7.332  -64.585  54.517 0.2000000030
4451  12.936  -64.559  43.777 0.6000000238
3985  12.597  -65.273  43.312 0.6000000238
112  8.382  -79.138  45.662 0.6000000238
4281  11.333  -64.810  63.092 0.1000000015
4778  10.152  -63.891  62.639 0.1000000015
113321  8.337  -61.963  61.010 0.1000000015
4787  9.738  -63.391  62.085 0.1000000015
4419  13.698  -63.944  46.610 0.5000000000
5307  6.110  -62.474  59.453 0.1000000015
4898  13.137  -63.465  47.869 0.5000000000
4363  11.062  -63.852  49.949 0.5000000000
108354  4.293  -63.626  59.476 0.1000000015
5308  4.844  -62.890  59.843 0.1000000015
99472  13.825  -63.817  45.903 0.6000000238
4912  13.489  -63.294  46.493 0.5000000000
4866  11.835  -63.260  49.630 0.5000000000
4335  3.332  -64.369  56.960 0.2000000030
4336  2.815  -64.451  57.745 0.2000000030
4319  2.765  -64.030  59.043 0.1000000015
4939  13.568  -63.686  45.180 0.6000000238
4881  13.135  -62.893  47.776 0.5000000000
4858  11.424  -63.053  50.347 0.5000000000
4338  6.744  -64.299  55.126 0.2000000030
5419  13.147  -62.827  46.278 0.5000000000
4865  12.289  -62.741  49.039 0.5000000000
4854  10.451  -63.354  51.562 0.4000000060
4851  9.834  -63.461  52.502 0.4000000060
102021  7.100  -79.063  44.281 0.4000000060
4280  12.250  -65.001  62.978 0.1000000015
107506  11.771  -65.237  63.393 0.1000000015
3770  14.556  -65.392  64.826 0.1000000015
5785  7.509  -61.710  60.651 0.1000000015
4838  3.056  -63.660  57.331 0.2000000030
4848  8.767  -63.623  53.779 0.3000000119
105165  6.129  -64.087  55.569 0.2000000030
4334  4.242  -64.226  56.402 0.2000000030
5374  11.393  -62.348  50.533 0.5000000000
115197  8.337  -63.381  54.305 0.3000000119
5403  12.675  -62.414  47.588 0.5000000000
3491  12.035  -65.971  43.021 0.6000000238
3508  10.977  -67.143  43.093 0.6000000238
117  7.501  -79.179  44.791 0.4000000060
4940  12.701  -63.596  44.839 0.6000000238
4444  12.354  -64.218  44.224 0.6000000238
98623  11.167  -66.155  43.328 0.6000000238
4625  20.098  -65.015  25.299 0.6999999881
4116  20.381  -65.793  27.333 0.6999999881
104031  9.472  -63.098  53.421 0.4000000060
105043  10.885  -62.479  51.621 0.4000000060
5430  12.413  -62.678  46.055 0.6000000238
4156  19.565  -65.657  24.844 0.6999999881
5858  11.966  -62.139  48.924 0.5000000000
4926  12.066  -63.181  45.359 0.6000000238
116138  10.823  -68.017  42.870 0.6999999881
2034  7.487  -70.560  44.084 0.6999999881
2649  8.308  -68.212  44.215 0.6999999881
3480  7.972  -67.016  44.977 0.6999999881
2323  8.128  -69.051  43.936 0.6999999881
2650  7.582  -68.716  44.669 0.6999999881
3066  9.106  -66.970  44.156 0.6999999881
3047  8.465  -67.409  44.444 0.6999999881
3048  7.797  -67.839  44.824 0.6999999881
4433  9.449  -64.616  45.475 0.6999999881
4434  8.758  -64.727  45.800 0.6999999881
3478  9.233  -66.339  44.408 0.6999999881
3980  8.964  -65.934  44.895 0.6999999881
3465  8.247  -66.224  45.243 0.6999999881
3466  7.419  -66.657  45.668 0.6999999881
4432  10.200  -64.334  45.265 0.6000000238
4435  8.111  -64.990  46.072 0.6999999881
3967  7.806  -65.728  45.810 0.6999999881
3953  7.385  -65.264  46.395 0.6999999881
2639  6.999  -68.326  45.496 0.6999999881
2651  6.832  -69.286  45.331 0.6999999881
4914  9.627  -63.470  46.383 0.6000000238
4929  9.151  -64.125  46.101 0.6999999881
4420  8.423  -64.324  46.391 0.6999999881
4913  10.463  -63.232  46.134 0.6000000238
5885  9.065  -61.943  48.092 0.6000000238
98399  10.295  -61.344  48.355 0.6000000238
6435  10.281  -60.948  49.000 0.5000000000
5884  9.861  -61.762  47.886 0.6000000238
5424  8.894  -62.927  47.219 0.6999999881
4899  8.321  -63.248  47.372 0.6999999881
4900  7.609  -63.547  47.617 0.6999999881
4412  7.264  -64.191  47.273 0.6999999881
5404  10.206  -62.263  47.216 0.6000000238
5405  9.340  -62.379  47.488 0.6000000238
4916  8.033  -63.928  47.017 0.6999999881
5422  10.879  -62.516  46.618 0.6000000238
3452  6.592  -66.814  46.354 0.6999999881
6420  7.923  -60.609  50.841 0.6999999881
6419  8.899  -60.397  50.758 0.6000000238
5863  7.919  -61.500  49.521 0.6000000238
5862  8.857  -60.956  49.490 0.6000000238
5875  7.950  -61.996  48.851 0.6999999881
5861  9.741  -60.703  49.653 0.6000000238
5393  8.306  -62.221  48.302 0.6999999881
4884  7.216  -63.198  48.249 0.6999999881
4422  6.963  -64.860  46.982 0.6999999881
3954  6.686  -65.555  46.755 0.6999999881
3955  6.015  -66.001  47.172 0.6999999881
8988  3.550  -55.262  50.412 0.6000000238
10176  4.138  -52.899  52.012 0.6000000238
100692  3.982  -53.548  51.568 0.6000000238
11284  3.881  -50.624  53.319 0.6000000238
10762  3.476  -51.907  52.120 0.6000000238
111472  3.147  -52.812  51.488 0.6000000238
9572  3.158  -54.684  50.810 0.6000000238
11293  3.301  -50.668  52.642 0.6000000238
9565  1.810  -53.646  51.118 0.6000000238
8989  2.130  -55.194  50.536 0.6000000238
8997  1.371  -55.759  50.172 0.6000000238
10763  2.293  -51.649  51.708 0.6000000238
10189  1.625  -52.523  51.370 0.6000000238
11884  3.525  -50.295  52.569 0.6000000238
9574  1.101  -54.139  50.790 0.6000000238
11895  1.598  -50.761  51.560 0.6000000238
10764  0.986  -51.416  51.497 0.6000000238
11306  0.863  -50.881  51.391 0.6999999881
10190  0.750  -52.165  50.932 0.6999999881
118325  2.934  -50.113  51.638 0.6999999881
12496  3.750  -49.701  51.354 0.6999999881
11896  0.972  -50.532  50.996 0.6999999881
11321  0.590  -50.771  50.609 0.6999999881
11909  0.753  -50.359  49.708 0.6999999881
12510  3.645  -49.807  50.136 0.6999999881
13099  5.178  -48.499  50.315 0.6999999881
13097  6.381  -47.587  50.359 0.6999999881
117893  5.695  -47.978  49.710 0.6999999881
106869  7.069  -47.353  49.185 0.6999999881
13125  5.782  -48.072  48.782 0.6999999881
13124  6.353  -47.805  48.479 0.6999999881
13123  7.664  -47.283  48.930 0.6999999881
13770  7.960  -47.359  48.181 0.6000000238
98415  7.111  -47.593  48.242 0.6999999881
13801  7.850  -47.506  46.901 0.6999999881
13800  8.466  -47.311  46.564 0.6000000238
13141  7.056  -47.738  47.206 0.6999999881
13811  8.757  -46.871  45.839 0.6000000238
14453  9.396  -46.335  45.340 0.6000000238
13812  7.690  -47.024  45.846 0.6999999881
14454  8.525  -46.069  44.953 0.6000000238
13823  7.785  -46.224  44.939 0.6000000238
97669  10.532  -45.384  44.181 0.5000000000
98157  9.930  -45.844  44.783 0.5000000000
112433  7.054  -46.436  44.881 0.6000000238
9734  23.153  -55.117  37.736 0.1000000015
8613  22.850  -57.103  35.753 0.1000000015
10889  21.535  -52.083  39.764 0.1000000015
11455  21.119  -51.006  39.921 0.1000000015
103701  22.427  -53.218  38.761 0.1000000015
9164  23.431  -55.518  36.951 0.1000000015
9782  20.681  -54.505  35.006 0.1000000015
9177  23.603  -55.286  35.977 0.1000000015
113437  22.808  -55.900  34.789 0.1000000015
9802  21.498  -55.291  34.443 0.1000000015
13200  18.016  -49.237  41.006 0.1000000015
12601  19.351  -49.389  40.429 0.1000000015
13208  17.199  -48.448  40.210 0.2000000030
13858  16.283  -47.852  39.852 0.3000000119
13859  15.483  -47.585  40.109 0.4000000060
14500  14.114  -46.954  39.646 0.4000000060
14502  12.176  -46.422  40.127 0.4000000060
12028  20.415  -50.647  40.417 0.1000000015
13206  19.264  -48.733  40.028 0.2000000030
11481  22.163  -51.672  39.179 0.1000000015
12624  20.560  -49.429  40.066 0.1000000015
12625  19.956  -49.029  40.096 0.2000000030
111661  23.173  -53.149  38.309 0.1000000015
11480  22.782  -51.795  38.559 0.1000000015
10336  23.593  -53.429  37.754 0.1000000015
10904  23.719  -52.656  37.830 0.1000000015
10377  24.026  -53.040  35.968 0.1000000015
104164  23.145  -53.947  35.134 0.1000000015
9801  21.954  -54.452  34.623 0.1000000015
10398  21.622  -53.834  34.972 0.1000000015
99456  22.938  -52.961  35.268 0.1000000015
10958  22.295  -53.164  35.311 0.1000000015
118790  16.764  -48.185  40.018 0.2000000030
14499  14.973  -47.157  39.291 0.4000000060
14518  13.554  -46.360  38.799 0.4000000060
13856  17.874  -48.302  39.797 0.2000000030
13857  17.073  -47.858  39.385 0.2000000030
13221  22.521  -48.839  39.163 0.1000000015
12622  22.055  -49.515  39.455 0.1000000015
13224  19.817  -48.275  39.589 0.2000000030
13874  18.099  -47.268  38.856 0.2000000030
108117  3.838  -50.240  41.587 0.3000000119
12070  23.057  -50.361  38.456 0.1000000015
103467  23.712  -51.910  37.979 0.1000000015
12038  4.256  -49.835  40.959 0.3000000119
12069  23.948  -50.476  37.770 0.1000000015
10924  24.277  -52.013  37.147 0.1000000015
117422  23.868  -52.604  35.779 0.1000000015
10396  23.488  -53.139  35.476 0.1000000015
11530  23.419  -51.352  35.923 0.1000000015
11531  22.200  -51.213  36.164 0.1000000015
10957  22.726  -52.173  35.707 0.1000000015
14510  21.697  -47.168  39.301 0.3000000119
13871  21.221  -47.733  39.372 0.2000000030
13872  20.285  -47.597  39.182 0.4000000060
117033  18.710  -46.951  38.579 0.4000000060
104085  23.717  -47.974  38.352 0.1000000015
13233  23.136  -48.354  38.798 0.2000000030
12037  5.230  -50.060  40.881 0.2000000030
12640  23.680  -49.661  38.123 0.1000000015
11502  24.310  -51.285  36.571 0.1000000015
12101  24.085  -50.684  36.242 0.1000000015
108909  23.784  -48.791  38.087 0.1000000015
108484  24.001  -50.049  37.404 0.1000000015
100436  24.004  -49.992  36.759 0.1000000015
12102  23.510  -49.965  36.183 0.1000000015
12119  22.829  -50.569  36.070 0.1000000015
12693  21.478  -49.677  35.524 0.1000000015
14511  20.890  -46.976  39.095 0.2000000030
14523  22.392  -46.907  39.250 0.3000000119
14512  19.959  -46.853  38.704 0.4000000060
111601  19.086  -46.558  38.303 0.5000000000
14513  18.327  -46.290  38.051 0.3000000119
14522  23.183  -46.652  39.076 0.2000000030
14540  24.712  -46.332  37.701 0.3000000119
115643  24.099  -48.067  36.666 0.1000000015
13905  23.816  -47.847  36.175 0.2000000030
13250  24.010  -48.279  37.707 0.1000000015
13262  23.906  -48.425  36.589 0.1000000015
13275  22.721  -48.346  35.412 0.1000000015
101180  22.001  -48.936  35.403 0.1000000015
14566  22.265  -46.697  34.763 0.2000000030
13276  21.240  -48.461  35.112 0.1000000015
13229  3.069  -47.685  39.546 0.3000000119
14567  21.445  -46.481  34.476 0.2000000030
14582  19.347  -46.009  33.506 0.2000000030
14524  21.596  -46.445  39.047 0.3000000119
15181  21.446  -45.589  38.650 0.6000000238
15180  22.410  -45.975  39.039 0.6000000238
104904  22.099  -45.172  38.706 0.5000000000
16491  21.899  -42.893  37.652 0.6999999881
15178  24.402  -45.194  38.590 0.5000000000
108764  23.448  -43.951  38.785 0.6999999881
17119  22.932  -42.602  38.106 0.6999999881
15200  24.887  -45.623  37.707 0.4000000060
14554  24.337  -46.527  35.635 0.2000000030
104688  23.246  -47.900  35.542 0.2000000030
103147  24.858  -45.867  35.834 0.3000000119
13914  23.609  -47.202  35.451 0.2000000030
14555  23.536  -46.338  35.098 0.2000000030
13237  4.129  -47.598  39.120 0.4000000060
15213  24.154  -45.742  35.269 0.2000000030
15218  23.355  -45.533  34.819 0.2000000030
15220  22.120  -46.048  34.506 0.2000000030
15219  22.528  -45.345  34.382 0.2000000030
15228  21.117  -45.205  33.696 0.2000000030
111660  20.500  -45.492  33.637 0.2000000030
15872  20.431  -44.823  33.224 0.2000000030
15229  19.861  -45.453  33.365 0.2000000030
15874  18.771  -45.194  32.449 0.2000000030
17789  22.615  -41.421  37.444 0.6999999881
116686  24.785  -44.113  38.213 0.5000000000
15212  24.760  -45.125  35.476 0.5000000000
16503  25.076  -43.267  35.338 0.4000000060
15863  23.270  -44.765  34.559 0.2000000030
16506  24.132  -43.597  34.871 0.5000000000
16508  23.262  -43.919  34.322 0.3000000119
16512  22.414  -43.951  33.767 0.3000000119
15871  21.194  -44.566  33.398 0.3000000119
16513  21.627  -43.977  33.336 0.2000000030
15882  20.867  -44.058  32.914 0.2000000030
15883  20.014  -44.200  32.540 0.3000000119
15884  19.148  -44.441  31.944 0.2000000030
17147  21.810  -42.482  32.837 0.5000000000
17149  20.048  -42.918  31.800 0.4000000060
16518  19.708  -43.685  31.843 0.2000000030
15885  18.265  -44.797  31.797 0.2000000030
17154  20.171  -42.093  31.702 0.4000000060
16528  18.350  -43.618  31.033 0.2000000030
16520  17.810  -44.311  31.309 0.2000000030
17788  24.520  -41.718  38.160 0.6999999881
115130  23.733  -41.332  37.871 0.6999999881
16489  25.408  -43.130  37.172 0.6999999881
17139  24.081  -42.324  34.559 0.5000000000
16511  22.881  -43.166  33.846 0.4000000060
17144  22.092  -43.217  33.330 0.4000000060
13909  5.713  -46.671  36.743 0.4000000060
13899  4.223  -46.517  37.894 0.4000000060
17804  23.019  -41.677  33.534 0.6000000238
17807  22.323  -41.691  32.979 0.5000000000
14559  6.437  -46.111  35.332 0.2000000030
14549  4.869  -45.682  36.573 0.4000000060
17808  21.582  -41.708  32.480 0.5000000000
17809  20.868  -41.545  32.033 0.3000000119
15904  14.892  -44.302  31.577 0.1000000015
15221  8.082  -45.861  33.882 0.1000000015
15214  5.801  -44.990  35.417 0.3000000119
14560  5.481  -45.418  35.865 0.3000000119
17814  19.477  -41.813  31.016 0.4000000060
16529  17.372  -43.656  31.034 0.2000000030
15888  15.733  -44.520  31.711 0.1000000015
15238  10.170  -45.951  32.917 0.1000000015
14593  8.784  -46.010  33.513 0.1000000015
17815  18.793  -41.971  30.477 0.4000000060
17156  17.843  -42.987  30.608 0.2000000030
15222  7.277  -45.546  34.286 0.2000000030
114883  4.597  -45.047  35.867 0.4000000060
16530  16.616  -43.627  31.090 0.2000000030
106656  16.083  -43.903  31.284 0.1000000015
16532  14.447  -43.834  31.291 0.1000000015
15891  12.637  -44.472  31.655 0.1000000015
115816  11.226  -44.948  32.155 0.1000000015
103494  10.776  -45.456  32.457 0.1000000015
15239  9.214  -45.451  33.046 0.1000000015
15241  7.414  -44.804  33.803 0.2000000030
17816  18.183  -42.247  30.342 0.3000000119
17171  17.299  -42.328  30.378 0.2000000030
17172  16.335  -42.388  30.499 0.2000000030
15223  6.407  -44.972  34.875 0.4000000060
17159  14.911  -43.125  31.014 0.1000000015
15906  13.445  -43.952  31.365 0.1000000015
16533  12.464  -43.695  31.311 0.1000000015
15908  11.132  -44.196  31.750 0.1000000015
15893  10.475  -44.651  32.190 0.1000000015
15240  8.263  -45.197  33.361 0.2000000030
15865  6.691  -44.497  34.273 0.2000000030
15860  4.589  -44.293  34.819 0.5000000000
17160  13.004  -43.025  31.035 0.3000000119
16534  11.571  -43.522  31.319 0.2000000030
102014  8.618  -43.898  32.385 0.2000000030
15254  8.433  -44.483  32.891 0.2000000030
15876  6.333  -43.496  33.741 0.3000000119
15868  4.488  -44.132  34.092 0.5000000000
15909  10.055  -43.835  31.811 0.2000000030
15895  7.598  -43.381  32.649 0.2000000030
15875  7.487  -44.056  33.244 0.2000000030
106562  12.465  -69.996  46.052 0.4000000060
2295  12.408  -69.171  46.004 0.4000000060
2637  13.589  -68.210  45.627 0.5000000000
2002  12.200  -70.761  46.233 0.4000000060
1491  11.623  -72.289  46.775 0.4000000060
1999  10.955  -70.704  47.146 0.4000000060
101992  27.660  -65.933  29.553 0.3000000119
14541  5.075  -46.459  37.390 0.4000000060
357  20.288  -80.694  22.799 0.2000000030
2697  18.116  -68.986  39.956 0.6999999881
364  23.735  -79.156  19.822 0.3000000119
367  25.384  -79.258  19.024 0.2000000030
368  24.538  -79.339  19.301 0.3000000119
1762  18.367  -71.517  44.442 0.6000000238
936  25.877  -75.321  20.925 0.3000000119
100480  26.602  -77.945  18.464 0.3000000119
946  26.274  -75.659  20.259 0.3000000119
954  28.006  -76.098  18.292 0.3000000119
1197  29.541  -74.544  18.189 0.3000000119
1445  27.153  -72.243  16.759 0.2000000030
1446  25.610  -71.783  16.955 0.3000000119
14542  3.981  -45.915  37.167 0.4000000060
18473  18.891  -41.226  30.523 0.4000000060
18472  19.492  -40.732  31.056 0.4000000060
12606  5.622  -49.618  40.267 0.2000000030
113701  12.788  -46.255  39.279 0.4000000060
956  21.830  -73.148  17.673 0.1000000015
1202  22.856  -72.447  17.036 0.2000000030
1453  24.374  -71.873  16.387 0.2000000030
109106  19.599  -46.135  38.124 0.5000000000
17128  21.212  -42.292  37.033 0.8000000119
17127  22.225  -42.117  37.497 0.8000000119
17787  25.426  -41.399  37.313 0.6999999881
15215  4.961  -44.660  35.454 0.3000000119
17142  23.325  -42.369  33.956 0.4000000060
17148  20.903  -42.499  32.268 0.5000000000
15866  5.852  -43.858  34.449 0.3000000119
115109  25.052  -41.370  37.852 0.6999999881
15848  25.177  -43.952  37.472 0.6999999881
15199  25.265  -44.975  37.077 0.4000000060
15208  25.274  -45.190  36.098 0.4000000060
15859  24.725  -44.247  35.276 0.2000000030
109455  24.366  -42.927  34.878 0.6000000238
116114  13.949  -69.733  45.212 0.4000000060
1764  15.995  -71.990  43.697 0.5000000000
2032  15.941  -70.076  43.596 0.6000000238
118273  17.653  -70.209  43.074 0.5000000000
116770  15.400  -68.555  44.363 0.5000000000
204  21.364  -81.002  20.318 0.1000000015
521  19.857  -77.134  21.180 0.1000000015
113163  19.711  -78.817  19.495 0.1000000015
531  20.217  -78.741  18.911 0.1000000015
366  19.667  -79.957  19.320 0.1000000015
118594  11.543  -70.423  46.696 0.4000000060
1754  14.815  -72.238  44.549 0.5000000000
1493  17.667  -71.897  45.916 0.5000000000
103815  16.776  -71.707  45.148 0.5000000000
203  22.801  -79.924  19.753 0.1000000015
103267  22.963  -79.866  18.799 0.1000000015
720  20.685  -76.266  21.188 0.1000000015
116099  20.080  -76.430  21.833 0.1000000015
216  20.592  -80.034  18.884 0.1000000015
214  22.237  -79.631  18.370 0.1000000015
369  21.199  -78.603  18.627 0.1000000015
371  22.280  -79.107  17.934 0.1000000015
530  20.859  -77.799  18.983 0.1000000015
1753  15.706  -72.221  44.404 0.5000000000
3031  14.396  -67.483  45.364 0.5000000000
98085  22.968  -78.222  18.091 0.1000000015
98182  24.046  -79.311  17.805 0.2000000030
111888  24.555  -78.977  17.474 0.2000000030
533  22.263  -77.781  18.502 0.1000000015
736  22.418  -76.533  18.386 0.1000000015
957  22.911  -74.903  18.948 0.1000000015
106359  23.174  -75.886  17.972 0.1000000015
1206  25.034  -73.773  16.921 0.1000000015
1201  24.179  -72.725  16.716 0.2000000030
2950  5.615  -68.871  52.062 0.2000000030
3860  8.039  -65.253  52.134 0.3000000119
532  26.774  -78.495  17.786 0.3000000119
116605  24.549  -77.445  17.607 0.1000000015
734  23.871  -76.649  17.688 0.1000000015
97993  26.477  -78.129  17.099 0.2000000030
739  25.408  -76.972  17.191 0.1000000015
738  26.995  -77.030  16.855 0.2000000030
963  27.359  -75.317  16.676 0.3000000119
105412  26.629  -73.740  16.294 0.1000000015
1452  25.951  -72.393  16.425 0.2000000030
106807  5.393  -64.063  58.584 0.1000000015
98111  27.498  -77.973  17.139 0.3000000119
955  26.750  -76.529  19.339 0.3000000119
114461  27.565  -77.323  17.905 0.3000000119
733  28.021  -76.945  17.217 0.3000000119
1203  29.090  -74.396  16.337 0.3000000119
1200  29.598  -74.558  17.022 0.3000000119
737  28.024  -76.591  16.919 0.3000000119
958  28.961  -75.504  17.336 0.3000000119
1204  28.183  -73.955  15.978 0.2000000030
10198  1.044  -53.258  51.062 0.6000000238
9165  22.834  -56.148  37.630 0.1000000015
10337  23.029  -53.829  38.425 0.1000000015
8612  23.195  -56.053  35.362 0.1000000015
12050  20.859  -50.108  40.050 0.1000000015
10906  22.287  -52.388  39.021 0.1000000015
9733  23.647  -54.675  36.841 0.1000000015
102881  24.138  -52.846  36.838 0.1000000015
9755  23.687  -54.099  35.719 0.1000000015
102816  22.417  -55.210  34.594 0.1000000015
13207  18.508  -48.947  40.295 0.2000000030
12030  18.793  -49.811  40.977 0.1000000015
12600  20.132  -49.774  40.341 0.1000000015
13225  18.788  -48.162  39.608 0.2000000030
117489  22.078  -50.664  39.324 0.1000000015
12049  21.663  -50.301  39.646 0.1000000015
13223  20.629  -48.827  39.817 0.1000000015
12623  21.231  -49.467  39.816 0.1000000015
106930  22.370  -50.249  39.161 0.1000000015
11479  23.363  -51.133  38.163 0.1000000015
10941  24.154  -52.141  36.089 0.1000000015
117186  23.018  -53.418  35.139 0.1000000015
10397  22.500  -53.719  34.982 0.1000000015
10956  23.581  -52.224  35.685 0.1000000015
13877  15.781  -47.354  39.005 0.5000000000
12641  22.830  -49.620  38.859 0.1000000015
13222  21.526  -48.637  39.552 0.1000000015
13873  19.252  -47.412  38.986 0.2000000030
106019  23.246  -49.048  38.624 0.1000000015
11503  24.184  -51.206  37.453 0.1000000015
11514  24.031  -51.339  35.943 0.1000000015
12118  23.847  -50.775  35.987 0.1000000015
12692  22.445  -49.780  35.767 0.1000000015
14525  20.573  -46.119  38.563 0.3000000119
118577  20.684  -48.202  39.516 0.1000000015
13883  23.834  -47.180  38.613 0.2000000030
12656  24.030  -48.725  37.232 0.1000000015
13274  23.414  -48.469  35.948 0.1000000015
12691  22.983  -49.091  35.835 0.1000000015
118327  23.244  -45.950  39.046 0.5000000000
13882  24.379  -46.763  38.102 0.2000000030
13896  24.285  -47.636  37.733 0.2000000030
13249  24.250  -48.207  37.084 0.1000000015
107158  24.743  -46.975  37.161 0.2000000030
14521  24.385  -45.992  38.338 0.5000000000
13913  24.451  -47.206  36.210 0.2000000030
13915  22.647  -47.488  35.098 0.2000000030
13916  21.944  -48.057  35.095 0.1000000015
14565  22.767  -46.113  34.753 0.2000000030
13293  21.309  -47.801  34.898 0.1000000015
13928  20.967  -47.252  34.645 0.1000000015
14581  20.128  -46.041  33.822 0.2000000030
15834  20.556  -45.198  38.010 0.6000000238
15850  20.312  -44.395  37.306 0.6999999881
15833  21.334  -44.648  38.138 0.6999999881
15832  22.471  -44.428  38.605 0.5000000000
16480  21.641  -43.759  37.896 0.6000000238
106948  22.895  -45.291  38.917 0.5000000000
16479  22.656  -43.449  38.373 0.6999999881
15831  23.530  -44.786  38.880 0.6000000238
15179  23.773  -45.597  38.878 0.6000000238
115562  23.867  -46.363  38.764 0.3000000119
15830  24.299  -44.285  38.716 0.6000000238
117085  24.034  -43.694  38.822 0.6000000238
105300  24.875  -44.698  38.021 0.6000000238
15209  25.108  -45.772  36.679 0.3000000119
115583  4.853  -47.623  38.710 0.4000000060
15862  23.841  -44.273  34.831 0.3000000119
15864  22.676  -44.558  34.151 0.2000000030
15227  21.669  -45.626  34.149 0.2000000030
15870  21.914  -44.774  33.788 0.2000000030
14580  20.893  -45.901  34.042 0.2000000030
15873  19.563  -44.917  32.782 0.2000000030
17126  23.098  -41.932  37.820 0.6999999881
16490  24.988  -43.084  37.847 0.6999999881
17117  24.487  -42.615  38.294 0.6999999881
16477  24.549  -43.540  38.454 0.6000000238
17118  23.812  -42.184  38.283 0.6999999881
16507  23.649  -43.045  34.417 0.4000000060
16516  21.310  -43.286  32.807 0.3000000119
16517  20.472  -43.429  32.362 0.3000000119
16519  18.542  -44.240  31.392 0.2000000030
16527  19.383  -43.210  31.326 0.2000000030
113091  19.617  -42.572  31.308 0.3000000119
16521  16.805  -44.294  31.392 0.2000000030
17155  18.872  -42.765  30.773 0.2000000030
17143  22.568  -42.437  33.399 0.4000000060
14548  6.052  -46.422  36.119 0.3000000119
14575  7.089  -46.095  34.738 0.1000000015
16531  15.325  -43.826  31.291 0.1000000015
17157  16.889  -43.031  30.779 0.2000000030
17158  15.927  -43.181  30.960 0.2000000030
15907  11.962  -44.174  31.548 0.1000000015
15892  11.898  -44.783  31.933 0.1000000015
115916  9.191  -44.682  32.641 0.2000000030
110922  15.375  -42.440  30.600 0.3000000119
15894  9.564  -44.299  32.253 0.2000000030
329  15.685  -78.625  27.288 0.2000000030
335  16.165  -77.176  27.309 0.2000000030
101936  20.834  -70.536  51.623 0.4000000060
2261  21.383  -69.722  50.984 0.3000000119
1977  20.840  -71.018  50.619 0.4000000060
1720  20.455  -71.247  50.574 0.3000000119
1732  20.099  -71.493  49.960 0.4000000060
101851  21.227  -70.559  50.548 0.4000000060
1731  20.805  -71.329  49.566 0.4000000060
1735  21.164  -71.306  48.978 0.4000000060
1737  20.441  -71.686  48.894 0.5000000000
1997  21.441  -70.656  48.819 0.4000000060
1736  21.030  -71.730  48.441 0.5000000000
1478  20.283  -72.641  47.556 0.5000000000
1741  21.232  -72.472  47.102 0.5000000000
1241  21.098  -73.164  46.502 0.5000000000
1232  20.547  -73.189  46.900 0.5000000000
98421  21.529  -72.437  46.225 0.6000000238
109944  21.572  -74.107  45.544 0.5000000000
1002  21.013  -74.124  46.140 0.5000000000
379  19.446  -77.617  44.224 0.5000000000
385  18.646  -78.550  43.897 0.5000000000
105687  21.635  -72.200  45.511 0.6000000238
1501  21.905  -72.902  44.919 0.6000000238
1245  21.768  -73.805  45.411 0.6000000238
1013  22.057  -74.555  45.003 0.5000000000
545  21.475  -76.392  44.141 0.6000000238
552  20.714  -76.927  44.090 0.5000000000
1505  21.810  -72.435  44.093 0.6000000238
1749  11.568  -71.319  46.665 0.3000000119
104290  21.500  -68.909  50.345 0.4000000060
1733  19.182  -71.661  50.517 0.3000000119
1468  19.508  -71.827  49.340 0.4000000060
2268  21.463  -69.932  49.827 0.4000000060
1473  19.891  -72.197  48.354 0.5000000000
115578  21.552  -69.908  47.986 0.4000000060
1223  19.265  -72.825  47.836 0.5000000000
114020  21.569  -71.336  47.137 0.5000000000
1750  21.583  -71.496  46.192 0.6000000238
1242  20.640  -73.914  46.354 0.5000000000
540  19.895  -76.755  45.225 0.5000000000
375  17.604  -78.632  44.971 0.5000000000
1760  21.613  -71.880  44.532 0.6000000238
751  20.136  -75.438  45.780 0.5000000000
759  20.682  -75.814  45.263 0.5000000000
760  19.362  -76.610  45.866 0.5000000000
101435  21.502  -70.909  44.026 0.6000000238
1133  33.798  -74.916  27.838 0.5000000000
887  33.945  -74.780  26.938 0.6000000238
100716  34.053  -74.834  26.838 0.5000000000
1398  31.751  -73.584  25.237 0.6999999881
1744  9.459  -70.742  48.525 0.2000000030
2574  21.732  -69.410  53.082 0.2000000030
103952  20.710  -69.587  53.668 0.2000000030
1743  10.220  -71.937  47.851 0.3000000119
113318  10.884  -72.340  47.482 0.3000000119
2584  22.149  -68.552  51.439 0.3000000119
1973  20.215  -70.657  52.414 0.3000000119
1721  19.779  -71.424  51.070 0.3000000119
2606  21.474  -69.334  48.781 0.4000000060
1469  18.582  -72.223  49.937 0.4000000060
1474  18.860  -72.407  48.734 0.4000000060
2287  21.531  -69.255  47.196 0.4000000060
766  17.256  -77.562  44.547 0.5000000000
2001  21.546  -70.617  46.534 0.5000000000
108982  21.502  -69.685  46.460 0.6000000238
115625  19.745  -73.238  47.266 0.5000000000
1004  19.606  -74.872  46.342 0.5000000000
548  17.390  -78.497  44.958 0.5000000000
541  18.412  -77.546  45.637 0.5000000000
103104  17.701  -75.888  44.597 0.5000000000
102300  21.532  -71.121  45.062 0.6000000238
535  17.892  -77.355  46.519 0.5000000000
2017  21.428  -69.959  44.464 0.6000000238
109387  33.228  -74.492  30.266 0.5000000000
1125  33.711  -74.843  29.057 0.5000000000
872  33.777  -75.059  29.007 0.5000000000
1374  32.662  -73.973  29.115 0.5000000000
1134  32.984  -74.209  27.891 0.5000000000
1389  32.533  -74.119  26.773 0.5000000000
1141  32.649  -74.353  25.826 0.6000000238
1390  31.800  -73.406  26.080 0.6000000238
1663  31.266  -72.686  24.675 0.6999999881
1653  31.404  -72.466  25.467 0.6000000238
1654  30.939  -71.912  24.975 0.6999999881
1921  30.559  -71.296  25.143 0.5000000000
2195  29.637  -70.529  25.536 0.3000000119
4842  5.847  -63.508  55.811 0.1000000015
4836  4.952  -63.504  56.219 0.2000000030
102282  7.541  -63.600  54.768 0.2000000030
2958  6.699  -69.392  50.709 0.1000000015
2980  7.904  -68.943  49.756 0.1000000015
106286  6.860  -70.988  50.563 0.1000000015
2285  8.837  -70.200  49.041 0.1000000015
1996  8.404  -71.268  49.631 0.1000000015
1738  9.472  -72.087  48.614 0.2000000030
1734  8.329  -72.037  49.970 0.2000000030
99951  10.290  -71.085  47.761 0.3000000119
1222  8.824  -73.262  49.818 0.3000000119
1974  19.605  -70.825  52.689 0.3000000119
1707  18.870  -70.824  52.963 0.3000000119
112326  10.291  -72.863  48.416 0.3000000119
998  9.677  -73.694  49.421 0.3000000119
1231  10.720  -73.767  48.768 0.3000000119
2965  21.866  -68.364  50.194 0.3000000119
1475  11.204  -73.353  48.160 0.3000000119
1482  12.819  -72.809  46.688 0.3000000119
2594  21.555  -68.684  49.514 0.4000000060
2985  22.321  -67.909  48.566 0.4000000060
1709  19.346  -71.250  52.261 0.3000000119
1464  18.147  -71.892  51.486 0.3000000119
1239  11.916  -73.285  47.850 0.3000000119
2974  21.908  -68.216  49.277 0.3000000119
1722  18.962  -71.502  51.595 0.3000000119
1470  17.684  -72.638  50.569 0.4000000060
3001  21.960  -68.149  47.827 0.4000000060
1220  17.968  -72.854  49.285 0.5000000000
1225  17.435  -73.944  49.016 0.5000000000
1247  17.571  -72.841  46.150 0.5000000000
1233  18.797  -73.888  47.520 0.5000000000
1224  18.320  -73.307  48.366 0.5000000000
542  16.946  -77.862  45.876 0.5000000000
549  16.571  -77.729  45.789 0.5000000000
1246  18.129  -73.545  45.535 0.5000000000
115050  18.921  -74.768  47.048 0.5000000000
753  17.510  -77.060  47.324 0.5000000000
767  16.795  -76.765  45.331 0.5000000000
1007  17.696  -75.019  45.211 0.5000000000
2302  21.462  -69.138  45.733 0.6000000238
746  18.334  -76.023  47.241 0.5000000000
1618  31.994  -72.394  29.994 0.4000000060
104037  32.250  -73.629  30.392 0.5000000000
115794  32.826  -74.426  31.383 0.5000000000
118860  33.501  -75.096  31.155 0.5000000000
1630  32.225  -72.847  29.146 0.4000000060
1383  32.148  -73.337  27.526 0.5000000000
110983  31.851  -73.134  26.781 0.5000000000
1641  31.813  -72.288  27.176 0.5000000000
1646  31.571  -72.310  26.277 0.5000000000
1910  31.140  -71.470  25.689 0.4000000060
1911  30.528  -70.679  25.627 0.5000000000
2184  29.130  -70.045  26.062 0.3000000119
116993  3.560  -62.975  57.067 0.2000000030
5338  4.013  -62.260  57.396 0.2000000030
5351  7.267  -62.647  55.227 0.2000000030
104980  6.373  -62.903  55.628 0.2000000030
2570  5.303  -70.231  52.606 0.1000000015
2245  5.625  -70.162  53.580 0.1000000015
2581  5.798  -71.007  51.643 0.1000000015
2254  5.773  -71.290  52.260 0.1000000015
2580  6.344  -71.345  50.995 0.1000000015
2569  6.778  -71.772  51.056 0.1000000015
2602  7.787  -70.275  49.757 0.1000000015
2590  7.507  -71.063  50.168 0.1000000015
113681  21.033  -69.155  54.302 0.2000000030
2566  21.803  -68.780  54.080 0.2000000030
2276  7.851  -71.205  49.959 0.1000000015
2247  20.260  -69.026  54.445 0.2000000030
1730  8.416  -72.134  50.280 0.2000000030
1986  8.719  -71.492  50.546 0.1000000015
2573  22.552  -68.858  52.947 0.2000000030
2251  19.875  -69.486  53.872 0.2000000030
1467  8.413  -72.687  50.430 0.2000000030
1719  8.819  -72.524  50.888 0.2000000030
2252  19.369  -69.680  53.383 0.2000000030
990  8.775  -73.857  50.453 0.2000000030
1975  18.252  -70.701  52.857 0.2000000030
989  9.582  -74.227  50.146 0.3000000119
2964  22.561  -68.045  50.424 0.3000000119
1710  18.303  -71.202  52.449 0.3000000119
1976  17.564  -71.169  52.329 0.3000000119
980  10.751  -74.323  50.948 0.3000000119
996  11.196  -74.195  49.174 0.3000000119
1455  17.322  -71.650  52.188 0.3000000119
1456  16.534  -72.106  52.299 0.3000000119
1458  14.890  -72.127  52.064 0.2000000030
1459  14.030  -72.236  51.881 0.3000000119
987  12.574  -74.482  49.800 0.3000000119
1229  12.593  -73.784  48.450 0.3000000119
107281  13.565  -72.751  46.541 0.4000000060
3000  22.560  -67.772  47.681 0.4000000060
1217  16.915  -72.991  50.798 0.3000000119
1466  16.578  -72.683  51.607 0.3000000119
1212  14.467  -73.033  51.531 0.3000000119
1228  13.495  -74.210  48.674 0.4000000060
1236  14.373  -73.080  47.414 0.4000000060
1487  16.175  -72.374  46.696 0.4000000060
1221  17.216  -73.430  49.883 0.5000000000
974  16.625  -73.776  50.221 0.5000000000
1218  16.244  -73.538  50.817 0.4000000060
1479  15.780  -72.937  47.158 0.4000000060
103457  22.210  -67.972  47.079 0.4000000060
106329  15.937  -74.205  47.229 0.5000000000
1243  16.705  -73.537  46.746 0.4000000060
2294  21.592  -68.774  46.462 0.4000000060
1000  17.960  -75.435  47.790 0.5000000000
742  16.802  -76.280  48.526 0.5000000000
755  15.196  -76.897  47.465 0.5000000000
1005  15.745  -75.488  47.094 0.5000000000
1008  17.040  -74.631  46.255 0.5000000000
2625  21.760  -68.416  45.767 0.4000000060
747  17.118  -76.814  47.927 0.5000000000
534  16.429  -77.373  47.627 0.5000000000
104351  15.755  -76.713  46.619 0.5000000000
110354  16.454  -76.251  45.856 0.5000000000
3045  22.173  -67.886  44.417 0.4000000060
108850  21.438  -69.334  45.033 0.4000000060
3137  32.929  -68.783  34.942 0.2000000030
3554  33.025  -67.797  35.754 0.1000000015
3138  32.510  -67.951  35.294 0.1000000015
3136  33.069  -68.698  34.904 0.1000000015
3145  32.363  -68.709  34.543 0.2000000030
2416  33.862  -70.301  33.740 0.2000000030
2429  33.591  -71.810  33.359 0.3000000119
2418  32.744  -71.320  33.892 0.2000000030
106334  32.076  -70.968  33.100 0.2000000030
2438  31.717  -70.572  31.891 0.3000000119
2118  32.999  -71.843  32.710 0.2000000030
1619  31.542  -72.129  30.456 0.4000000060
1873  31.023  -71.857  30.516 0.4000000060
110240  32.691  -71.122  31.913 0.2000000030
1881  31.988  -71.612  29.874 0.3000000119
1375  32.330  -73.408  28.329 0.5000000000
108818  32.124  -71.855  28.955 0.3000000119
1631  32.115  -72.435  28.140 0.3000000119
102239  27.439  -67.841  28.476 0.4000000060
2182  30.892  -70.144  26.238 0.5000000000
2497  29.579  -69.534  26.540 0.3000000119
2837  28.555  -68.665  27.651 0.3000000119
2496  30.539  -69.575  26.576 0.3000000119
106375  30.017  -69.046  26.998 0.3000000119
1429  11.750  -75.176  23.762 0.2000000030
2836  29.431  -68.578  27.539 0.3000000119
1675  14.849  -73.457  22.783 0.4000000060
1953  15.433  -74.160  21.993 0.3000000119
5339  2.884  -63.023  57.782 0.2000000030
5323  3.168  -62.324  58.339 0.2000000030
105295  4.864  -62.910  56.355 0.2000000030
5347  5.429  -62.299  56.337 0.2000000030
2243  5.433  -69.301  54.667 0.1000000015
5357  9.587  -62.067  53.699 0.2000000030
4845  8.174  -62.727  54.612 0.2000000030
2550  6.308  -69.492  54.020 0.1000000015
2559  6.458  -70.526  52.851 0.1000000015
112929  6.403  -71.556  51.807 0.1000000015
2558  7.307  -69.971  52.361 0.1000000015
2948  8.323  -68.537  52.556 0.1000000015
2579  7.312  -71.622  50.658 0.1000000015
2568  7.950  -70.169  51.477 0.1000000015
2259  7.659  -71.592  50.457 0.1000000015
2578  8.239  -70.895  50.898 0.1000000015
116025  8.894  -68.807  51.207 0.1000000015
2266  8.018  -71.563  50.279 0.1000000015
2265  9.179  -70.617  50.550 0.1000000015
2968  10.647  -67.990  50.431 0.1000000015
118831  10.309  -69.436  50.201 0.2000000030
2588  10.934  -68.735  49.917 0.1000000015
1985  10.304  -70.913  50.611 0.2000000030
2264  11.153  -69.342  49.919 0.1000000015
2257  18.420  -70.146  52.674 0.2000000030
1463  9.397  -72.994  51.351 0.2000000030
1995  11.455  -70.235  50.366 0.2000000030
105968  18.344  -69.730  51.189 0.2000000030
1462  10.624  -72.849  51.547 0.2000000030
1717  11.489  -72.198  51.552 0.2000000030
1978  17.821  -70.445  52.130 0.2000000030
1711  16.786  -71.703  52.303 0.1000000015
1982  14.131  -71.088  50.602 0.2000000030
106222  12.875  -71.676  51.556 0.2000000030
102541  12.424  -72.869  51.604 0.2000000030
1713  15.248  -71.930  52.197 0.1000000015
1725  14.654  -71.635  51.626 0.1000000015
1460  13.158  -72.515  51.688 0.3000000119
970  12.429  -74.020  51.027 0.3000000119
969  13.318  -73.992  50.974 0.3000000119
109497  13.929  -74.760  49.242 0.4000000060
111688  13.900  -73.731  48.115 0.4000000060
982  16.515  -74.601  49.599 0.5000000000
100360  14.964  -74.564  50.397 0.5000000000
994  14.499  -75.181  49.236 0.5000000000
1226  14.538  -74.329  48.152 0.5000000000
1235  15.131  -73.530  47.584 0.4000000060
983  15.750  -75.149  49.600 0.5000000000
745  14.445  -76.139  48.628 0.5000000000
1001  15.006  -74.907  48.074 0.5000000000
1234  15.568  -73.937  47.428 0.5000000000
114962  22.395  -67.853  46.452 0.4000000060
743  15.660  -76.628  48.834 0.5000000000
749  14.769  -76.895  48.279 0.5000000000
4997  33.845  -64.963  35.793 0.1000000015
4501  33.256  -65.585  36.074 0.1000000015
4040  33.552  -66.481  36.272 0.1000000015
118658  32.701  -66.040  36.047 0.1000000015
4039  34.170  -66.357  36.153 0.1000000015
3548  33.432  -66.952  36.179 0.1000000015
3549  32.962  -67.086  36.344 0.1000000015
3555  32.616  -67.376  35.913 0.1000000015
4046  34.094  -66.537  35.923 0.1000000015
3553  33.251  -67.699  35.542 0.1000000015
3567  31.705  -67.267  33.984 0.2000000030
2773  31.439  -69.204  32.061 0.2000000030
3162  31.291  -68.206  32.286 0.3000000119
2439  30.972  -70.206  31.147 0.4000000060
2428  34.460  -71.116  33.254 0.3000000119
2138  30.672  -70.520  30.634 0.4000000060
1874  30.329  -71.080  30.244 0.4000000060
2437  33.758  -71.348  32.584 0.2000000030
2149  32.133  -70.531  30.239 0.2000000030
1897  31.995  -71.026  28.759 0.3000000119
1906  31.819  -71.375  27.699 0.4000000060
4096  26.410  -65.397  29.479 0.2000000030
2165  31.904  -70.144  28.526 0.2000000030
4560  26.100  -64.512  29.240 0.2000000030
2174  31.178  -69.791  26.898 0.2000000030
109430  31.474  -71.416  26.589 0.4000000060
2483  30.892  -69.147  27.118 0.4000000060
117500  28.029  -67.976  28.351 0.3000000119
2816  30.821  -68.127  27.926 0.2000000030
2818  28.719  -68.118  28.144 0.3000000119
2835  30.430  -68.582  27.468 0.2000000030
2817  29.864  -68.034  27.945 0.2000000030
1952  16.014  -73.025  22.316 0.3000000119
5803  4.917  -61.351  57.433 0.2000000030
5799  3.708  -61.476  58.822 0.2000000030
6359  5.712  -60.931  56.897 0.3000000119
116228  7.351  -61.782  55.309 0.3000000119
5810  5.981  -61.470  56.342 0.2000000030
5827  8.684  -61.041  54.492 0.3000000119
5828  7.854  -61.076  55.066 0.3000000119
5361  10.132  -62.475  52.992 0.3000000119
5360  10.540  -61.866  52.544 0.3000000119
5830  9.783  -61.070  53.552 0.4000000060
2938  7.305  -68.856  53.746 0.1000000015
5367  10.887  -61.758  51.913 0.3000000119
5850  11.367  -61.647  50.275 0.4000000060
6416  11.125  -61.078  50.059 0.4000000060
2937  8.191  -68.136  53.473 0.1000000015
2936  9.014  -67.338  53.100 0.1000000015
118703  9.609  -66.779  53.107 0.1000000015
5895  12.026  -62.055  47.384 0.4000000060
3370  9.766  -66.928  52.386 0.1000000015
2957  9.666  -67.660  51.429 0.1000000015
3369  10.662  -66.303  52.521 0.1000000015
3380  10.520  -66.801  51.579 0.1000000015
3379  11.354  -66.410  51.315 0.1000000015
117244  11.234  -67.341  50.468 0.1000000015
2600  11.824  -68.677  49.645 0.1000000015
2275  12.116  -69.368  49.728 0.2000000030
1993  13.596  -70.294  49.984 0.2000000030
1984  12.286  -71.006  50.814 0.2000000030
1994  12.651  -70.171  50.167 0.2000000030
104767  16.540  -70.794  50.923 0.1000000015
1992  14.514  -70.413  49.870 0.1000000015
1983  13.225  -71.006  50.712 0.2000000030
1979  17.191  -70.634  51.340 0.2000000030
1980  15.821  -70.971  50.705 0.1000000015
1981  15.004  -71.083  50.593 0.1000000015
6580  34.436  -60.420  33.624 0.1000000015
6579  35.473  -60.535  33.540 0.1000000015
6023  34.206  -61.262  34.037 0.1000000015
6022  35.254  -61.599  34.015 0.1000000015
112358  34.021  -61.984  34.404 0.1000000015
6013  33.298  -62.256  34.674 0.1000000015
6012  35.030  -62.413  34.417 0.1000000015
118852  35.447  -63.630  35.024 0.1000000015
108765  34.648  -63.138  34.893 0.1000000015
5509  33.302  -64.067  35.399 0.1000000015
4998  32.745  -64.637  35.657 0.1000000015
4500  34.384  -66.008  36.186 0.1000000015
4502  32.293  -65.069  35.798 0.1000000015
4499  35.062  -65.318  35.563 0.1000000015
4509  34.989  -65.993  36.081 0.1000000015
4047  32.177  -66.290  35.599 0.1000000015
3561  31.213  -66.068  33.602 0.1000000015
3559  33.360  -68.169  34.144 0.1000000015
3560  31.881  -66.842  34.932 0.1000000015
4052  33.411  -67.189  34.198 0.1000000015
3153  30.887  -67.377  32.151 0.3000000119
3163  30.633  -68.021  31.594 0.4000000060
2774  30.800  -69.200  31.216 0.4000000060
2788  29.353  -68.783  30.513 0.4000000060
2771  34.900  -70.169  32.764 0.1000000015
2447  30.093  -69.437  30.517 0.4000000060
2139  29.699  -70.276  30.201 0.4000000060
2772  34.597  -70.150  32.169 0.1000000015
107829  32.091  -70.018  29.246 0.2000000030
2787  32.940  -68.942  31.155 0.1000000015
2458  32.189  -69.377  29.474 0.2000000030
4561  25.181  -64.651  29.221 0.3000000119
101418  24.447  -64.119  28.879 0.3000000119
4108  23.886  -65.628  28.771 0.4000000060
98419  24.985  -66.991  28.682 0.3000000119
2815  31.413  -68.396  28.192 0.2000000030
2173  31.636  -70.353  27.654 0.2000000030
3182  31.639  -67.228  29.074 0.1000000015
2471  31.207  -68.749  27.675 0.2000000030
4094  28.046  -65.272  29.515 0.2000000030
3194  31.261  -67.730  28.516 0.1000000015
3593  28.413  -66.100  29.442 0.2000000030
3197  28.173  -67.452  28.717 0.2000000030
3195  30.312  -67.499  28.389 0.1000000015
111624  28.747  -66.835  29.045 0.2000000030
3184  29.689  -66.858  28.841 0.2000000030
1951  17.007  -72.234  21.958 0.4000000060
110375  17.482  -72.793  20.331 0.3000000119
102642  18.777  -71.836  18.908 0.2000000030
6320  2.820  -61.324  62.163 0.3000000119
5800  2.602  -62.441  59.483 0.2000000030
5795  3.656  -60.980  59.627 0.2000000030
6872  3.337  -60.199  62.018 0.3000000119
102686  3.065  -61.725  59.591 0.2000000030
6338  4.743  -60.025  59.795 0.3000000119
4833  2.568  -63.743  58.219 0.1000000015
6347  4.807  -60.416  58.904 0.3000000119
117018  5.270  -59.806  59.219 0.3000000119
103029  5.473  -60.229  58.251 0.3000000119
6358  6.530  -60.499  56.375 0.4000000060
6913  7.204  -59.663  55.905 0.4000000060
6385  9.695  -60.284  53.388 0.4000000060
6375  9.003  -60.192  54.311 0.3000000119
6406  10.338  -60.478  51.436 0.4000000060
6395  10.040  -60.242  52.245 0.4000000060
5843  10.921  -61.075  51.375 0.4000000060
5871  11.506  -61.573  48.726 0.4000000060
6428  10.549  -60.736  49.858 0.5000000000
5896  11.214  -62.017  47.286 0.5000000000
3859  11.524  -65.654  52.690 0.1000000015
2599  12.537  -68.788  49.442 0.2000000030
2274  13.096  -69.384  49.514 0.2000000030
2273  14.018  -69.632  49.351 0.1000000015
107691  36.565  -59.062  33.253 0.1000000015
107690  35.597  -59.249  33.301 0.1000000015
6578  36.353  -61.473  33.802 0.1000000015
5510  32.481  -63.605  35.350 0.1000000015
5533  35.921  -63.630  34.926 0.1000000015
4507  35.670  -65.094  35.313 0.1000000015
118296  31.909  -65.384  35.644 0.1000000015
4053  31.405  -65.835  34.541 0.1000000015
2460  23.804  -69.634  29.816 0.3000000119
114173  33.614  -66.007  33.992 0.1000000015
102660  27.901  -67.153  31.361 0.3000000119
109508  27.629  -68.485  30.802 0.3000000119
2790  26.929  -68.725  30.841 0.3000000119
3568  30.887  -66.559  32.621 0.4000000060
3176  29.094  -68.072  30.834 0.3000000119
2789  28.417  -68.788  30.547 0.3000000119
111330  28.097  -69.777  30.311 0.4000000060
2449  27.480  -69.240  30.563 0.4000000060
2450  26.714  -69.529  30.552 0.3000000119
2142  26.430  -70.252  30.262 0.3000000119
102528  34.343  -68.087  32.643 0.1000000015
3151  35.025  -69.416  32.309 0.1000000015
3569  29.929  -66.021  32.088 0.3000000119
3578  30.255  -66.916  31.808 0.4000000060
3579  29.358  -66.612  31.633 0.3000000119
3164  29.701  -67.515  31.309 0.4000000060
3160  35.156  -69.049  31.995 0.1000000015
3161  33.877  -68.377  31.279 0.1000000015
5093  23.887  -63.361  28.475 0.3000000119
4574  26.339  -63.936  28.698 0.3000000119
4575  25.368  -63.946  28.879 0.3000000119
110842  25.410  -63.516  28.266 0.3000000119
103263  32.717  -67.828  30.421 0.1000000015
2802  32.345  -68.589  29.973 0.1000000015
116376  26.861  -64.280  29.108 0.2000000030
4576  23.778  -64.785  28.707 0.4000000060
3609  23.459  -66.113  28.185 0.5000000000
117221  31.704  -67.762  28.901 0.1000000015
112272  26.808  -64.760  29.359 0.2000000030
4091  31.666  -65.622  29.394 0.1000000015
3591  31.620  -66.456  29.258 0.1000000015
3183  30.774  -66.813  28.860 0.1000000015
115788  29.158  -66.317  29.240 0.2000000030
4092  30.779  -65.911  29.231 0.1000000015
3592  29.903  -66.121  29.181 0.1000000015
1950  18.011  -71.392  22.384 0.5000000000
111766  17.873  -71.825  20.251 0.2000000030
106346  3.554  -59.520  62.667 0.3000000119
5310  2.403  -63.148  59.765 0.2000000030
5299  2.693  -62.704  60.586 0.2000000030
112154  4.454  -59.801  60.660 0.3000000119
6888  5.585  -59.285  59.501 0.3000000119
6914  6.773  -59.390  56.711 0.4000000060
6897  5.761  -59.523  58.756 0.3000000119
7405  7.393  -58.582  55.482 0.4000000060
7394  7.010  -58.553  56.259 0.4000000060
6950  8.871  -59.274  52.825 0.5000000000
7415  8.401  -58.665  54.007 0.5000000000
101963  9.165  -60.601  50.092 0.5000000000
5421  11.825  -62.324  46.660 0.5000000000
5431  11.458  -62.822  45.986 0.5000000000
4941  11.700  -63.901  44.735 0.5000000000
3977  11.430  -64.660  44.232 0.5000000000
2400  26.322  -70.352  35.201 0.3000000119
109950  36.127  -62.070  34.150 0.1000000015
5532  36.754  -64.040  34.514 0.1000000015
3570  26.655  -66.350  31.933 0.3000000119
3166  26.436  -67.500  31.371 0.3000000119
2780  24.172  -67.858  31.416 0.3000000119
2793  23.796  -68.465  30.855 0.3000000119
3581  27.480  -66.445  31.674 0.3000000119
2777  27.203  -67.783  31.202 0.3000000119
2778  26.379  -68.197  31.101 0.3000000119
110743  25.615  -68.367  30.985 0.3000000119
2792  24.718  -68.405  30.855 0.3000000119
2459  24.763  -69.718  29.870 0.3000000119
2776  28.171  -67.930  31.025 0.3000000119
2791  26.205  -68.966  30.751 0.3000000119
106118  26.092  -69.652  30.478 0.3000000119
2451  25.376  -69.170  30.485 0.3000000119
2143  25.687  -70.034  30.115 0.3000000119
3577  35.043  -68.232  31.490 0.1000000015
4073  28.952  -65.802  31.940 0.3000000119
4603  20.497  -64.497  26.806 0.6000000238
110816  26.226  -63.657  27.894 0.3000000119
4577  23.107  -64.481  28.234 0.5000000000
113026  22.497  -64.963  27.865 0.5000000000
97918  20.022  -71.515  19.896 0.3000000119
106480  2.941  -59.608  63.670 0.2000000030
6856  2.487  -59.592  64.483 0.2000000030
5770  2.956  -61.832  62.463 0.2000000030
6306  3.009  -61.268  62.811 0.3000000119
6863  2.848  -60.584  63.359 0.3000000119
7349  3.572  -58.088  64.123 0.2000000030
5789  2.708  -62.164  61.257 0.2000000030
6871  4.510  -59.094  61.733 0.3000000119
6880  5.041  -59.062  60.977 0.3000000119
7361  5.059  -58.293  61.337 0.3000000119
6887  6.051  -58.619  59.098 0.4000000060
7372  5.701  -58.567  59.785 0.3000000119
6905  6.587  -59.087  57.559 0.4000000060
7385  6.509  -58.232  57.838 0.4000000060
7901  7.232  -57.878  54.988 0.4000000060
7406  6.892  -57.878  55.770 0.4000000060
6951  8.157  -59.112  52.600 0.5000000000
7426  7.743  -58.268  53.670 0.5000000000
6421  7.071  -60.987  51.083 0.6000000238
5852  7.475  -61.252  50.379 0.6000000238
2094  26.685  -70.856  35.393 0.3000000119
2399  26.659  -70.393  35.305 0.3000000119
2407  25.768  -69.625  34.832 0.3000000119
3155  23.807  -67.507  32.214 0.3000000119
2781  23.322  -68.179  31.610 0.3000000119
3572  25.121  -66.781  32.350 0.3000000119
2779  25.018  -67.753  31.346 0.3000000119
3154  24.263  -67.048  32.688 0.3000000119
3167  25.974  -66.883  31.729 0.3000000119
108223  25.783  -67.639  31.375 0.3000000119
115454  22.299  -64.076  27.968 0.6000000238
102200  2.426  -56.587  66.358 0.2000000030
7829  2.539  -57.563  65.863 0.2000000030
7344  2.643  -58.584  65.133 0.1000000015
6848  2.138  -59.928  65.283 0.1000000015
112706  3.105  -57.423  64.854 0.2000000030
5781  3.134  -62.159  62.147 0.2000000030
7842  4.433  -57.646  62.534 0.2000000030
7366  5.547  -57.932  60.039 0.3000000119
7848  4.877  -57.800  61.795 0.2000000030
7378  6.209  -57.996  58.701 0.4000000060
7889  6.236  -57.537  56.032 0.4000000060
7914  7.042  -57.911  53.808 0.6000000238
7915  6.792  -57.740  54.460 0.4000000060
7916  6.055  -57.671  54.678 0.5000000000
6966  7.085  -59.894  51.879 0.6000000238
7440  6.843  -58.694  52.965 0.6000000238
7923  6.300  -57.892  54.014 0.6000000238
7428  5.763  -58.428  53.641 0.5000000000
5864  7.044  -61.928  50.020 0.6000000238
5383  7.299  -62.217  49.231 0.6000000238
2745  26.337  -69.686  35.069 0.3000000119
3146  25.087  -66.890  33.765 0.3000000119
3562  25.595  -66.460  33.418 0.3000000119
3563  24.845  -66.720  33.080 0.3000000119
3148  23.816  -67.453  32.883 0.3000000119
3571  25.709  -66.375  32.860 0.2000000030
99024  20.275  -65.374  24.359 0.6000000238
7823  1.736  -57.674  67.172 0.1000000015
7828  2.337  -56.178  65.124 0.2000000030
103344  2.189  -59.840  65.915 0.1000000015
7339  1.938  -59.038  66.425 0.1000000015
7835  3.094  -56.954  64.422 0.2000000030
5769  3.500  -61.796  62.553 0.1000000015
5758  3.197  -61.376  62.880 0.2000000030
100664  2.836  -60.527  64.502 0.1000000015
5780  4.116  -62.107  62.091 0.1000000015
6292  3.010  -60.746  63.512 0.2000000030
6857  2.522  -60.311  64.373 0.2000000030
5788  3.491  -62.453  61.563 0.1000000015
8362  4.266  -57.288  61.494 0.2000000030
7843  3.793  -57.370  63.488 0.2000000030
7868  5.632  -57.783  59.432 0.3000000119
7857  4.979  -57.510  60.330 0.2000000030
8358  4.384  -57.385  62.160 0.2000000030
7878  5.608  -57.496  57.739 0.4000000060
7870  4.062  -57.461  59.121 0.3000000119
7429  4.851  -58.768  53.853 0.6000000238
7917  5.339  -57.748  54.812 0.4000000060
6953  5.480  -59.558  52.796 0.6000000238
6396  6.233  -59.950  52.200 0.6000000238
5375  6.245  -62.220  50.455 0.6000000238
6409  6.646  -60.572  51.629 0.6000000238
4867  6.136  -63.132  49.321 0.6000000238
4885  6.477  -63.478  48.578 0.6000000238
4886  5.682  -63.698  48.913 0.6000000238
8338  2.592  -55.953  66.793 0.2000000030
8345  2.134  -55.800  64.352 0.2000000030
103913  2.060  -56.105  63.912 0.2000000030
8363  3.026  -57.140  61.823 0.2000000030
7858  3.997  -57.388  60.182 0.2000000030
7859  2.411  -57.394  60.182 0.2000000030
7891  4.193  -57.508  56.698 0.3000000119
7871  2.484  -57.481  59.088 0.3000000119
102607  4.064  -59.381  53.760 0.5000000000
7408  3.822  -58.300  55.106 0.5000000000
6954  4.622  -60.063  52.864 0.5000000000
6410  5.778  -60.906  51.886 0.6000000238
6397  5.227  -60.431  52.428 0.6000000238
5844  6.266  -61.332  51.351 0.6000000238
5368  5.383  -61.794  51.601 0.6000000238
5845  4.557  -61.980  52.017 0.6000000238
5854  6.025  -61.936  51.078 0.6000000238
5376  5.370  -62.506  50.989 0.6000000238
4868  5.345  -63.402  49.731 0.6000000238
4378  4.936  -63.885  49.281 0.6000000238
8346  2.412  -55.399  64.883 0.2000000030
117208  3.033  -54.875  64.770 0.2000000030
99369  2.137  -55.846  63.800 0.2000000030
9433  3.978  -54.692  63.876 0.2000000030
112013  2.703  -55.075  63.695 0.2000000030
8353  1.090  -56.160  62.897 0.2000000030
98017  1.319  -56.702  62.342 0.2000000030
7419  2.998  -59.123  54.923 0.4000000060
117760  3.199  -57.683  56.827 0.3000000119
7880  2.484  -57.568  58.179 0.3000000119
6387  3.542  -60.260  53.435 0.6000000238
6936  3.216  -59.611  54.184 0.6000000238
102265  2.613  -58.678  55.771 0.4000000060
7905  2.069  -58.314  56.691 0.4000000060
7892  2.258  -57.759  57.445 0.3000000119
6398  4.249  -60.841  52.712 0.6000000238
6937  2.208  -60.450  54.341 0.6000000238
5846  3.762  -62.511  52.209 0.6000000238
6399  3.078  -61.409  53.108 0.6000000238
5839  3.912  -61.727  52.486 0.6000000238
4859  4.952  -63.205  50.577 0.6000000238
7715  16.009  -59.653  23.473 0.5000000000
7229  15.871  -60.165  24.781 0.5000000000
8888  1.974  -55.620  63.012 0.2000000030
97663  1.019  -56.152  62.663 0.2000000030
97666  0.278  -56.118  61.627 0.2000000030
98034  0.369  -56.303  60.795 0.3000000119
7860  1.195  -57.097  59.982 0.3000000119
7881  1.421  -57.468  57.937 0.3000000119
6389  1.031  -61.136  54.525 0.6000000238
6923  1.042  -60.412  55.176 0.5000000000
6919  0.648  -59.731  55.687 0.5000000000
5831  1.889  -62.087  53.543 0.6000000238
5362  2.649  -62.425  52.899 0.6000000238
7727  17.217  -59.065  22.290 0.5000000000
6729  16.157  -60.051  23.572 0.5000000000
7256  17.854  -59.860  23.439 0.5000000000
97952  1.102  -55.673  62.253 0.2000000030
97664  0.581  -55.745  61.715 0.2000000030
98171  0.427  -55.708  60.190 0.2000000030
8380  0.685  -56.399  59.448 0.3000000119
7894  0.818  -57.805  56.602 0.4000000060
7882  0.960  -57.189  57.449 0.4000000060
7907  0.413  -58.663  55.397 0.6000000238
6400  0.369  -61.303  53.188 0.6000000238
7444  0.930  -59.190  53.073 0.6000000238
6955  1.401  -59.551  52.370 0.6000000238
7738  17.462  -58.290  21.553 0.5000000000
8246  19.483  -57.802  21.930 0.4000000060
7726  18.542  -58.851  22.503 0.5000000000
98155  0.926  -55.132  59.907 0.2000000030
103170  0.680  -56.141  57.777 0.2000000030
113005  0.584  -55.962  58.606 0.2000000030
8412  0.796  -56.716  55.950 0.3000000119
8399  0.781  -56.477  56.857 0.3000000119
7431  1.525  -58.246  53.170 0.4000000060
7919  0.697  -57.743  54.738 0.5000000000
7932  2.651  -57.842  52.755 0.5000000000
8411  1.286  -55.940  55.472 0.3000000119
7939  3.986  -58.001  51.644 0.6000000238
7451  4.552  -58.136  51.008 0.6000000238
6976  4.516  -59.176  49.988 0.6000000238
7459  5.459  -57.637  49.918 0.6000000238
4030  2.977  -66.500  37.770 0.2000000030
5484  2.514  -63.289  39.927 0.2000000030
5473  3.151  -62.393  40.280 0.2000000030
107605  4.402  -63.653  39.593 0.1000000015
5937  4.781  -60.909  41.466 0.1000000015
5951  5.719  -61.688  41.388 0.1000000015
6496  5.501  -60.295  42.057 0.1000000015
8514  2.749  -56.554  45.559 0.2000000030
110320  3.298  -57.306  45.152 0.1000000015
9039  2.920  -54.870  46.124 0.2000000030
108352  4.028  -55.425  46.211 0.2000000030
12493  7.427  -48.499  50.916 0.5000000000
11906  8.610  -50.107  50.440 0.3000000119
12508  9.659  -49.550  49.399 0.4000000060
11937  15.615  -50.554  48.429 0.1000000015
11918  13.969  -50.110  49.366 0.1000000015
11938  14.801  -50.298  48.656 0.1000000015
12504  13.515  -49.208  49.479 0.1000000015
12494  6.741  -48.019  51.031 0.6000000238
12492  8.049  -48.871  50.328 0.4000000060
13110  9.045  -48.456  49.179 0.4000000060
13111  8.054  -48.046  49.614 0.4000000060
13112  6.994  -47.398  49.758 0.6000000238
104050  11.297  -48.787  49.338 0.1000000015
99163  7.614  -47.368  49.239 0.4000000060
108071  12.854  -48.782  49.538 0.1000000015
13108  12.523  -48.097  49.398 0.1000000015
12503  14.243  -49.333  49.018 0.1000000015
13107  13.331  -48.283  49.415 0.1000000015
13096  7.233  -47.807  50.299 0.6000000238
13122  8.481  -47.288  48.964 0.4000000060
13121  9.596  -47.340  48.922 0.4000000060
13769  8.316  -47.228  48.830 0.4000000060
13120  14.438  -48.566  48.694 0.1000000015
13106  13.970  -48.428  49.240 0.1000000015
13751  13.776  -47.414  49.348 0.1000000015
14398  11.701  -46.618  49.185 0.2000000030
13755  10.506  -47.128  49.019 0.3000000119
103330  13.041  -47.594  49.428 0.1000000015
13787  9.968  -46.588  48.430 0.5000000000
100013  9.173  -46.925  48.639 0.5000000000
13768  10.106  -46.625  48.623 0.5000000000
13140  15.026  -48.641  47.886 0.1000000015
105815  14.639  -47.672  48.435 0.1000000015
106907  14.217  -47.760  49.033 0.1000000015
14412  10.822  -46.195  48.539 0.4000000060
13788  9.272  -46.908  48.278 0.5000000000
13786  14.926  -46.399  48.348 0.1000000015
14408  14.207  -45.447  48.997 0.2000000030
14396  13.009  -45.943  49.355 0.1000000015
113551  11.475  -45.914  48.618 0.4000000060
14517  14.461  -46.480  38.288 0.3000000119
15162  12.836  -45.723  38.060 0.4000000060
13876  16.456  -47.433  38.887 0.4000000060
14516  15.356  -46.659  38.022 0.4000000060
9819  13.686  -54.573  33.755 0.3000000119
101363  12.321  -54.470  33.136 0.3000000119
13798  9.906  -46.749  47.602 0.5000000000
14429  10.550  -46.158  48.040 0.5000000000
14427  14.734  -45.134  48.330 0.2000000030
15085  13.620  -44.755  48.725 0.2000000030
15103  12.141  -45.459  47.869 0.3000000119
14428  11.342  -45.873  48.316 0.5000000000
14515  16.223  -46.596  37.994 0.6000000238
105001  11.496  -54.621  35.195 0.4000000060
9821  11.883  -54.567  33.722 0.4000000060
9809  9.483  -54.352  34.571 0.4000000060
9857  13.301  -54.325  32.236 0.3000000119
9808  10.517  -54.537  34.599 0.4000000060
10467  12.812  -53.908  31.565 0.4000000060
13799  9.196  -47.274  46.923 0.5000000000
13785  15.525  -46.763  47.251 0.2000000030
14426  15.278  -45.481  47.659 0.2000000030
15091  14.959  -44.317  47.870 0.2000000030
13809  10.575  -46.604  46.772 0.5000000000
15092  14.006  -44.172  48.162 0.2000000030
102391  13.682  -44.201  47.472 0.3000000119
15102  13.071  -44.878  46.157 0.3000000119
15114  12.074  -45.647  45.498 0.4000000060
14451  11.313  -46.223  46.072 0.4000000060
14514  17.668  -46.128  37.870 0.6000000238
9840  11.585  -54.226  32.863 0.4000000060
9822  10.839  -54.298  33.523 0.4000000060
9823  9.851  -54.173  33.789 0.4000000060
10482  13.300  -53.537  31.045 0.3000000119
10447  10.706  -53.771  32.461 0.4000000060
15090  15.435  -44.552  47.076 0.2000000030
15100  15.408  -43.966  46.510 0.2000000030
15778  13.637  -44.047  45.489 0.3000000119
15758  15.044  -43.667  47.180 0.3000000119
100544  13.527  -43.683  44.605 0.3000000119
13810  9.743  -46.893  46.276 0.5000000000
15126  12.785  -44.816  44.986 0.3000000119
15135  11.222  -44.871  43.778 0.4000000060
15201  19.786  -44.776  37.295 0.6000000238
15851  19.364  -44.044  36.622 0.6000000238
10433  10.035  -53.835  33.073 0.4000000060
10485  10.894  -53.250  30.807 0.4000000060
10483  12.482  -53.456  30.857 0.4000000060
99288  11.909  -53.690  31.465 0.4000000060
15776  14.615  -43.489  45.453 0.3000000119
15113  15.505  -44.130  45.690 0.1000000015
15788  13.271  -43.312  43.705 0.4000000060
16493  19.969  -43.601  36.679 0.6000000238
10959  13.382  -53.413  35.742 0.4000000060
11537  12.191  -51.951  36.424 0.4000000060
103377  15.051  -43.629  45.250 0.3000000119
15787  14.055  -43.420  44.471 0.3000000119
15125  15.467  -44.489  44.696 0.1000000015
107180  14.534  -43.543  44.721 0.2000000030
15132  15.381  -44.928  43.675 0.1000000015
15133  14.740  -44.190  43.332 0.3000000119
101301  14.213  -43.452  43.810 0.3000000119
16492  20.773  -43.125  36.989 0.6999999881
15142  15.350  -45.235  42.640 0.2000000030
15147  18.015  -45.057  41.538 0.2000000030
12127  9.417  -50.666  35.375 0.4000000060
17161  12.069  -42.862  31.067 0.3000000119
16535  10.587  -43.341  31.352 0.3000000119
16536  9.471  -43.039  31.368 0.3000000119
13970  9.350  -47.573  31.408 0.5000000000
107706  15.782  -41.687  30.341 0.2000000030
17175  12.565  -42.213  30.752 0.4000000060
17162  11.115  -42.728  31.050 0.4000000060
17163  10.054  -42.627  30.901 0.4000000060
17164  8.955  -42.347  30.906 0.4000000060
15275  11.102  -46.200  30.152 0.4000000060
14626  12.585  -46.595  30.575 0.4000000060
111513  10.735  -47.380  30.923 0.5000000000
13986  10.039  -47.010  30.706 0.5000000000
13985  11.401  -47.345  30.895 0.4000000060
17173  14.868  -41.710  30.384 0.4000000060
110351  13.953  -41.638  30.408 0.4000000060
17826  13.044  -41.546  30.429 0.4000000060
17176  11.632  -42.135  30.722 0.4000000060
17177  10.621  -42.089  30.559 0.4000000060
17165  7.604  -42.371  30.965 0.4000000060
14627  11.696  -46.726  30.546 0.5000000000
14625  13.508  -46.474  30.583 0.3000000119
15292  11.371  -45.517  29.760 0.4000000060
17827  12.136  -41.544  30.261 0.3000000119
15274  12.012  -46.047  30.215 0.4000000060
15935  11.686  -44.766  29.441 0.3000000119
15934  12.680  -44.627  29.514 0.3000000119
2551  4.840  -69.567  54.054 0.1000000015
2549  4.821  -69.297  54.624 0.1000000015
4019  3.030  -65.591  38.017 0.1000000015
4473  3.003  -64.438  38.889 0.2000000030
7530  4.727  -58.678  43.693 0.1000000015
7520  4.192  -58.402  44.082 0.1000000015
4968  5.658  -63.103  40.616 0.1000000015
8011  3.681  -57.921  44.596 0.1000000015
5936  6.164  -61.039  41.954 0.1000000015
105908  3.608  -59.614  43.035 0.1000000015
1147  34.009  -75.161  25.590 0.6000000238
1096  32.627  -74.857  32.510 0.5000000000
98509  31.873  -73.876  31.283 0.5000000000
118706  20.052  -64.861  26.164 0.6000000238
3597  24.506  -65.743  29.089 0.4000000060
5952  3.998  -61.646  40.946 0.1000000015
7032  3.404  -59.220  43.571 0.1000000015
14489  12.893  -46.958  41.018 0.2000000030
2485  27.896  -69.105  27.363 0.4000000060
15293  10.378  -45.649  29.680 0.5000000000
2819  27.797  -68.431  28.020 0.4000000060
764  22.140  -75.729  44.239 0.6000000238
1251  22.584  -74.661  44.456 0.6000000238
2452  24.313  -69.062  30.374 0.3000000119
4414  5.708  -64.849  47.911 0.6000000238
5377  4.413  -63.113  51.308 0.6000000238
6924  0.254  -60.338  55.352 0.5000000000
6938  0.141  -59.782  53.876 0.6000000238
7411  0.460  -59.485  55.592 0.5000000000
7432  0.563  -58.843  53.796 0.6000000238
6978  2.465  -60.103  50.929 0.6000000238
7453  2.500  -59.017  51.831 0.6000000238
7946  5.323  -57.469  50.641 0.6000000238
15148  17.417  -45.233  40.979 0.3000000119
15806  18.424  -44.627  41.891 0.4000000060
15849  20.806  -43.925  37.337 0.6000000238
16538  7.266  -42.516  31.638 0.4000000060
16537  8.241  -42.574  31.468 0.4000000060
17828  11.150  -41.519  30.111 0.4000000060
14481  16.749  -45.707  42.548 0.2000000030
223  17.895  -78.705  44.277 0.5000000000
1483  12.108  -72.843  47.004 0.3000000119
3186  27.199  -67.121  28.949 0.3000000119
5872  10.908  -61.298  48.528 0.4000000060
6418  9.903  -60.442  50.550 0.4000000060
6407  8.432  -60.103  51.449 0.5000000000
6965  7.886  -59.650  51.972 0.5000000000
6964  8.727  -59.642  52.174 0.4000000060
5384  6.548  -62.512  49.657 0.6000000238
4397  6.051  -64.105  48.209 0.6000000238
15127  11.739  -45.284  44.563 0.4000000060
14462  10.990  -45.860  45.106 0.4000000060
3185  27.836  -66.615  29.260 0.2000000030
336  14.979  -77.543  26.311 0.2000000030
1740  21.359  -71.861  47.697 0.5000000000
1477  20.983  -72.599  47.303 0.5000000000
1485  21.349  -72.832  46.392 0.5000000000
1745  21.502  -72.187  46.899 0.6000000238
1006  21.292  -74.787  45.453 0.5000000000
546  20.380  -76.841  44.613 0.5000000000
765  21.131  -76.105  44.684 0.5000000000
2986  21.695  -68.425  48.646 0.5000000000
2183  30.142  -70.031  26.036 0.4000000060
1987  8.262  -71.620  50.033 0.1000000015
988  10.725  -74.406  50.011 0.3000000119
1238  12.653  -73.172  47.580 0.4000000060
992  16.653  -75.447  49.026 0.5000000000
543  16.071  -77.680  46.379 0.5000000000
101606  31.639  -71.537  30.645 0.3000000119
1609  31.670  -73.202  30.671 0.4000000060
112605  31.115  -70.758  26.098 0.3000000119
106358  6.457  -62.032  55.761 0.2000000030
1718  10.260  -72.233  51.163 0.2000000030
966  9.694  -73.937  51.447 0.2000000030
979  11.845  -74.360  50.507 0.3000000119
1207  10.997  -73.757  51.515 0.2000000030
1215  11.977  -73.546  51.391 0.2000000030
105346  11.717  -74.376  49.666 0.3000000119
1211  15.249  -72.899  51.601 0.3000000119
1712  16.043  -71.911  52.351 0.2000000030
1213  13.671  -73.196  51.443 0.3000000119
1715  13.466  -71.965  51.933 0.2000000030
978  12.946  -74.404  50.465 0.3000000119
986  13.508  -74.649  49.819 0.3000000119
976  15.534  -73.726  50.981 0.4000000060
115463  14.431  -74.395  50.566 0.4000000060
975  16.205  -74.359  50.108 0.5000000000
2755  32.903  -70.072  34.557 0.2000000030
2750  33.076  -69.922  34.600 0.2000000030
2762  31.993  -69.592  33.544 0.2000000030
3152  31.525  -67.782  33.006 0.2000000030
3144  33.792  -69.204  33.516 0.2000000030
2127  32.356  -71.263  31.936 0.3000000119
2128  31.629  -70.862  31.215 0.2000000030
2137  31.774  -71.103  30.828 0.3000000119
109210  31.331  -71.247  30.676 0.4000000060
101075  33.120  -70.166  31.659 0.2000000030
2150  32.025  -71.061  29.851 0.2000000030
116889  8.029  -61.881  54.848 0.2000000030
2947  8.957  -68.046  52.024 0.1000000015
2589  9.865  -69.202  50.301 0.1000000015
1727  12.104  -71.730  51.543 0.2000000030
1723  16.282  -71.448  51.934 0.1000000015
985  14.362  -74.816  49.836 0.4000000060
984  14.971  -75.277  49.510 0.5000000000
744  14.784  -76.692  48.890 0.5000000000
2446  32.347  -69.957  30.819 0.2000000030
2470  31.813  -69.131  28.375 0.2000000030
6355  5.587  -60.525  57.600 0.3000000119
5821  6.592  -61.179  55.926 0.2000000030
6354  6.275  -60.023  57.164 0.3000000119
5836  10.579  -61.002  52.265 0.4000000060
6365  7.582  -60.366  55.405 0.4000000060
114792  18.170  -69.397  49.723 0.1000000015
2775  29.964  -68.440  30.885 0.4000000060
6329  2.738  -61.537  61.344 0.2000000030
6918  7.821  -59.416  55.184 0.4000000060
6949  9.429  -59.664  53.153 0.4000000060
6963  9.419  -59.778  52.455 0.4000000060
6921  8.815  -59.493  54.219 0.5000000000
4064  30.396  -65.571  32.831 0.1000000015
5574  24.715  -62.898  27.853 0.3000000119
3582  25.995  -66.464  32.283 0.2000000030
7354  4.194  -58.274  63.118 0.2000000030
7877  6.168  -57.704  57.875 0.3000000119
7439  7.632  -58.624  52.996 0.6000000238
6259  2.342  -60.186  65.294 0.1000000015
100759  6.019  -57.489  56.993 0.4000000060
7441  6.054  -58.853  53.119 0.6000000238
109700  4.992  -57.493  59.528 0.2000000030
104171  4.990  -57.423  57.172 0.4000000060
7890  5.158  -57.425  56.186 0.4000000060
104412  3.546  -57.505  58.356 0.3000000119
7418  4.692  -58.180  54.573 0.5000000000
8352  1.663  -56.017  63.329 0.2000000030
7904  3.700  -57.795  56.001 0.3000000119
106721  3.673  -57.520  57.511 0.3000000119
112868  0.829  -56.822  61.405 0.2000000030
7872  1.383  -57.248  58.832 0.3000000119
7420  1.726  -59.493  55.490 0.4000000060
115361  2.274  -59.804  54.775 0.6000000238
7409  1.316  -58.986  56.177 0.4000000060
7396  1.099  -58.521  56.616 0.5000000000
7906  0.641  -57.783  55.643 0.4000000060
7443  2.044  -58.665  52.515 0.6000000238
7925  1.053  -57.911  53.906 0.5000000000
7918  1.461  -57.100  54.263 0.4000000060
7924  2.112  -57.459  53.519 0.5000000000
7931  3.963  -57.478  52.312 0.6000000238
7938  4.846  -57.463  51.486 0.6000000238
4969  3.983  -62.999  39.952 0.2000000030
7040  5.823  -59.091  43.007 0.1000000015
6483  4.723  -59.699  42.565 0.1000000015
7998  4.617  -57.125  45.042 0.1000000015
13109  10.562  -48.238  49.117 0.3000000119
14397  12.358  -46.252  49.267 0.1000000015
13765  14.345  -46.778  49.099 0.2000000030
15086  12.967  -45.044  48.939 0.3000000119
114442  12.827  -44.929  47.370 0.3000000119
14440  11.325  -46.049  47.300 0.3000000119
101741  12.143  -45.663  46.597 0.3000000119
13797  15.842  -47.755  46.822 0.2000000030
14439  15.756  -45.928  46.730 0.2000000030
14461  16.031  -45.319  44.978 0.1000000015
15775  14.876  -43.852  44.327 0.2000000030
7041  4.730  -59.133  43.251 0.1000000015
1769  26.824  -71.897  43.848 0.2000000030
2036  27.147  -72.014  42.710 0.2000000030
2646  21.703  -68.354  44.345 0.3000000119
2005  27.173  -71.243  45.129 0.1000000015
113745  27.064  -71.649  44.328 0.2000000030
2037  26.534  -72.163  43.051 0.2000000030
2327  27.536  -70.268  42.015 0.2000000030
114275  26.182  -72.175  43.242 0.2000000030
3044  23.392  -67.630  44.268 0.3000000119
113275  22.755  -67.580  44.530 0.3000000119
3061  22.609  -67.643  43.739 0.3000000119
2026  26.021  -71.852  43.910 0.2000000030
117302  25.244  -68.491  50.949 0.1000000015
2605  25.687  -68.941  48.817 0.1000000015
2279  26.042  -69.395  48.295 0.1000000015
2300  26.585  -70.431  46.009 0.1000000015
2024  27.221  -71.300  43.655 0.2000000030
108624  22.885  -67.599  45.999 0.3000000119
2645  24.873  -68.618  44.330 0.3000000119
110485  27.952  -71.528  41.254 0.2000000030
2971  25.116  -68.399  50.187 0.2000000030
2983  25.023  -68.064  49.311 0.2000000030
2604  26.279  -69.318  48.900 0.1000000015
2292  26.700  -69.730  46.912 0.1000000015
2293  26.175  -69.626  46.945 0.1000000015
2299  27.112  -70.847  45.589 0.1000000015
3028  23.868  -67.714  45.863 0.3000000119
3043  24.228  -67.959  44.922 0.3000000119
2338  29.284  -70.380  41.054 0.2000000030
2016  26.417  -71.543  44.634 0.2000000030
2678  30.095  -69.502  41.135 0.2000000030
2563  24.915  -68.389  53.495 0.2000000030
2953  23.763  -68.269  51.630 0.2000000030
2561  26.360  -68.217  52.854 0.1000000015
2962  24.395  -68.214  50.828 0.2000000030
2963  23.449  -67.915  50.634 0.2000000030
104845  24.206  -67.820  49.935 0.2000000030
115278  25.571  -68.625  48.103 0.1000000015
2624  25.433  -68.541  46.760 0.1000000015
2006  26.872  -71.243  45.242 0.1000000015
3013  24.531  -67.861  46.643 0.3000000119
2679  28.565  -69.363  41.664 0.2000000030
2634  25.268  -68.840  45.247 0.2000000030
2025  26.639  -71.879  44.170 0.2000000030
2972  23.217  -67.706  49.726 0.3000000119
115222  22.961  -67.605  49.008 0.2000000030
101644  24.898  -67.818  48.286 0.1000000015
2633  25.720  -69.435  46.203 0.1000000015
2301  26.220  -70.913  45.236 0.1000000015
3027  24.894  -68.233  45.892 0.1000000015
3015  22.778  -67.679  46.901 0.3000000119
114563  25.882  -70.150  45.672 0.2000000030
5630  16.922  -62.537  24.996 0.4000000060
2944  23.307  -68.489  52.759 0.2000000030
2954  22.847  -68.214  51.516 0.2000000030
107205  23.939  -67.496  48.088 0.2000000030
2998  24.270  -67.654  47.438 0.2000000030
2997  25.152  -68.071  47.437 0.1000000015
3014  23.560  -67.622  46.713 0.3000000119
108902  16.754  -63.192  25.408 0.4000000060
5627  19.158  -62.190  24.024 0.5000000000
101485  18.849  -61.789  24.447 0.4000000060
5629  17.313  -62.461  24.570 0.4000000060
5647  19.211  -62.179  23.122 0.5000000000
2565  22.769  -68.447  54.043 0.2000000030
7241  19.346  -60.038  24.362 0.4000000060
5613  16.693  -61.900  25.645 0.4000000060
6712  19.319  -60.856  24.481 0.4000000060
7242  18.464  -60.456  24.193 0.4000000060
114979  16.504  -61.081  25.230 0.4000000060
6727  20.946  -59.964  24.603 0.3000000119
113297  20.722  -60.534  24.380 0.4000000060
6143  19.757  -61.693  22.409 0.4000000060
8258  20.118  -56.918  21.321 0.3000000119
7737  19.598  -58.457  22.727 0.4000000060
7725  20.166  -58.969  23.656 0.4000000060
109104  20.900  -57.625  22.323 0.3000000119
7736  20.566  -58.259  23.060 0.4000000060
7240  20.263  -59.731  24.408 0.4000000060
117336  21.764  -59.211  24.024 0.4000000060
8803  20.140  -55.967  20.707 0.3000000119
6142  20.520  -61.341  22.718 0.4000000060
8259  18.548  -57.308  21.020 0.3000000119
110254  20.253  -61.141  21.525 0.4000000060
8805  18.601  -56.082  21.256 0.3000000119
8802  21.210  -56.170  20.558 0.3000000119
9353  19.838  -54.573  20.674 0.3000000119
8816  21.231  -55.137  20.181 0.3000000119
9327  18.041  -55.599  22.409 0.3000000119
8236  22.031  -57.709  22.637 0.3000000119
10002  19.483  -53.632  20.938 0.3000000119
9346  18.604  -54.705  21.418 0.3000000119
10575  20.665  -52.676  21.899 0.3000000119
10581  21.162  -52.979  21.336 0.3000000119
111157  20.236  -53.694  20.711 0.3000000119
10583  19.099  -52.885  21.425 0.3000000119
9992  18.041  -53.664  21.723 0.3000000119
10009  20.700  -54.349  20.454 0.3000000119
8788  17.658  -55.936  23.301 0.4000000060
10565  20.186  -52.833  22.550 0.3000000119
10576  19.594  -52.610  21.781 0.3000000119
105960  18.520  -52.558  21.811 0.3000000119
9993  17.156  -53.344  22.090 0.3000000119
9328  17.242  -54.608  22.713 0.3000000119
10567  17.918  -52.484  22.362 0.2000000030
9994  16.804  -52.850  22.296 0.3000000119
10569  16.286  -52.939  22.587 0.2000000030
113601  3.235  -55.258  66.417 0.1000000015
8875  3.655  -54.800  65.528 0.1000000015
10551  9.580  -53.268  25.118 0.3000000119
9958  8.776  -54.091  25.456 0.3000000119
10552  8.843  -53.139  25.506 0.3000000119
8451  5.418  -57.222  49.690 0.5000000000
106610  4.383  -56.609  52.780 0.5000000000
99210  5.523  -56.996  50.483 0.5000000000
8445  5.227  -56.390  50.376 0.5000000000
8987  4.723  -55.576  50.656 0.5000000000
10486  9.956  -52.965  30.922 0.3000000119
10158  3.354  -53.047  54.363 0.4000000060
103325  4.381  -53.810  53.510 0.4000000060
8976  4.846  -54.772  53.167 0.5000000000
8437  5.293  -56.211  51.787 0.5000000000
11271  5.022  -51.101  54.604 0.3000000119
10730  4.405  -51.489  55.075 0.4000000060
10164  4.129  -52.901  53.354 0.4000000060
102513  4.749  -53.898  52.856 0.4000000060
8975  5.199  -55.554  52.393 0.5000000000
10720  4.658  -51.933  55.565 0.3000000119
115532  4.453  -53.184  52.609 0.5000000000
9555  5.110  -54.741  52.198 0.5000000000
8986  5.232  -55.884  51.064 0.5000000000
9563  4.318  -54.364  51.379 0.5000000000
11283  4.262  -50.783  53.916 0.4000000060
11272  4.332  -51.142  54.452 0.4000000060
11872  4.447  -50.317  53.577 0.5000000000
11273  3.931  -51.211  53.936 0.5000000000
116429  9.551  -53.110  31.604 0.3000000119
11028  11.347  -52.943  30.062 0.3000000119
11051  11.857  -52.460  29.617 0.3000000119
10484  11.708  -53.333  30.706 0.3000000119
11870  6.392  -50.446  53.642 0.4000000060
11871  5.274  -50.112  53.554 0.5000000000
106028  4.114  -50.192  53.078 0.5000000000
12474  4.140  -49.877  52.707 0.5000000000
12486  3.785  -49.830  52.177 0.5000000000
109180  11.994  -51.250  28.699 0.3000000119
11632  12.841  -51.040  28.904 0.3000000119
11609  12.372  -51.794  29.266 0.3000000119
11050  12.739  -52.409  29.818 0.3000000119
12189  13.737  -50.844  29.100 0.3000000119
11608  13.279  -51.657  29.469 0.3000000119
11882  5.324  -49.419  52.863 0.5000000000
12472  5.304  -48.921  52.316 0.5000000000
12484  5.682  -48.553  51.810 0.5000000000
12485  4.593  -49.116  51.817 0.5000000000
113527  2.995  -54.267  46.252 0.2000000030
111129  6.055  -48.048  51.110 0.5000000000
11968  6.001  -50.912  46.138 0.2000000030
11359  4.756  -51.535  47.213 0.2000000030
12547  5.267  -50.469  45.278 0.2000000030
9838  13.891  -54.524  32.905 0.3000000119
9817  15.027  -54.148  33.401 0.3000000119
9804  14.208  -54.301  34.367 0.3000000119
10465  14.825  -53.984  32.001 0.3000000119
10414  14.503  -53.694  34.651 0.3000000119
10415  13.895  -53.947  35.142 0.3000000119
107454  11.263  -51.528  36.186 0.3000000119
10970  14.096  -53.005  35.271 0.3000000119
10971  13.378  -52.508  35.739 0.3000000119
11536  12.741  -51.957  35.946 0.3000000119
10969  14.760  -52.924  34.656 0.3000000119
99237  13.678  -52.111  35.200 0.3000000119
11543  12.849  -51.595  35.046 0.3000000119
11538  10.894  -51.094  35.408 0.3000000119
11554  12.795  -51.094  34.070 0.3000000119
12133  10.998  -50.737  34.528 0.3000000119
12134  9.529  -50.432  34.557 0.3000000119
15182  19.693  -45.429  37.696 0.5000000000
12132  11.961  -50.997  34.267 0.3000000119
116381  10.196  -50.481  34.301 0.3000000119
12142  9.748  -50.112  33.747 0.3000000119
12139  12.192  -50.585  33.412 0.3000000119
113655  10.261  -49.937  33.231 0.3000000119
102934  9.157  -49.643  33.513 0.4000000060
12727  10.434  -49.526  32.729 0.4000000060
13310  9.012  -49.062  32.941 0.4000000060
24181  14.989  -33.739  35.480 0.1000000015
10559  16.473  -52.701  23.059 0.2000000030
11952  5.239  -51.199  46.657 0.2000000030
12715  8.335  -49.428  33.692 0.5000000000
10746  4.000  -52.318  52.724 0.5000000000
106659  4.593  -53.784  52.141 0.5000000000
3030  21.941  -68.124  45.086 0.4000000060
6715  16.009  -60.254  24.245 0.4000000060
7945  5.362  -56.833  51.206 0.5000000000
6132  19.903  -61.747  23.644 0.5000000000
6122  19.535  -61.635  24.265 0.4000000060
6123  17.716  -61.739  24.640 0.4000000060
6711  20.172  -60.208  24.586 0.4000000060
10582  20.208  -52.882  21.212 0.3000000119
114475  5.090  -56.179  52.431 0.5000000000
10731  3.692  -51.650  54.634 0.4000000060
10738  3.626  -51.789  53.744 0.4000000060
11544  11.834  -51.392  35.376 0.3000000119
12140  11.349  -50.468  33.593 0.3000000119
22540  15.232  -34.851  36.076 0.1000000015
98184  14.748  -79.674  35.656 0.3000000119
97582  13.849  -81.267  34.795 0.2000000030
5  10.177  -81.091  43.908 0.3000000119
49  9.400  -80.733  43.712 0.3000000119
98081  14.639  -80.943  37.253 0.2000000030
98051  11.622  -81.774  35.244 0.2000000030
121  13.392  -79.739  42.917 0.3000000119
51  13.591  -80.049  42.287 0.2000000030
118503  13.516  -80.535  40.113 0.2000000030
57  12.899  -80.409  41.721 0.2000000030
53  11.707  -80.762  42.422 0.2000000030
9  10.782  -81.229  43.465 0.2000000030
13  10.328  -81.106  42.556 0.2000000030
10  9.832  -81.092  43.121 0.2000000030
11  9.032  -80.727  42.812 0.2000000030
120  7.674  -79.499  43.501 0.3000000119
97580  13.816  -81.635  36.499 0.2000000030
17  9.263  -80.905  41.646 0.2000000030
55  8.462  -80.245  42.399 0.2000000030
54  10.573  -80.948  42.062 0.2000000030
109355  13.179  -81.357  38.764 0.2000000030
97577  12.346  -81.489  37.040 0.2000000030
115253  11.973  -81.813  36.159 0.2000000030
233  6.869  -78.540  44.295 0.3000000119
1676  14.118  -74.352  22.503 0.2000000030
4644  20.713  -64.598  24.777 0.5000000000
4624  20.517  -64.230  25.822 0.5000000000
103284  21.581  -63.813  27.578 0.5000000000
4587  20.946  -64.495  27.373 0.5000000000
5129  20.827  -63.806  26.530 0.5000000000
5590  21.873  -62.646  27.016 0.4000000060
5589  22.420  -62.683  27.514 0.4000000060
6094  23.273  -62.274  26.536 0.4000000060
6093  23.920  -62.240  26.043 0.2000000030
4168  21.173  -65.557  23.095 0.4000000060
4672  21.930  -65.211  22.767 0.3000000119
4660  20.958  -65.058  23.922 0.5000000000
4659  21.659  -64.691  23.519 0.5000000000
4643  21.394  -64.249  24.267 0.5000000000
5176  22.029  -63.912  23.830 0.5000000000
5162  21.138  -63.834  25.109 0.5000000000
5144  21.560  -63.063  25.506 0.5000000000
5612  22.211  -62.626  25.352 0.5000000000
5128  21.331  -63.143  26.610 0.5000000000
5576  23.415  -62.928  28.180 0.4000000060
105581  22.896  -62.476  24.999 0.4000000060
5611  22.686  -62.344  25.933 0.5000000000
5587  24.056  -62.482  27.448 0.2000000030
6080  23.500  -62.363  27.174 0.2000000030
5596  24.523  -62.458  26.399 0.2000000030
5609  24.472  -62.395  25.552 0.1000000015
5608  25.162  -62.720  25.743 0.2000000030
5159  26.081  -63.348  24.703 0.1000000015
5143  25.847  -63.390  25.472 0.1000000015
5158  26.722  -64.006  24.533 0.1000000015
5157  27.187  -64.359  24.052 0.1000000015
8965  4.052  -55.355  53.859 0.4000000060
8427  4.775  -55.800  53.091 0.4000000060
4197  21.634  -66.460  21.302 0.3000000119
4183  22.146  -65.776  21.986 0.3000000119
4671  22.773  -64.856  22.431 0.3000000119
4658  22.369  -64.341  23.170 0.5000000000
5160  22.379  -63.308  24.106 0.5000000000
5646  23.030  -62.777  24.054 0.5000000000
5192  23.086  -63.953  22.889 0.4000000060
5174  23.433  -63.187  23.264 0.4000000060
4670  23.475  -64.305  22.342 0.3000000119
5660  24.669  -62.649  23.253 0.1000000015
5610  23.421  -62.313  25.574 0.3000000119
5586  24.703  -62.649  27.109 0.2000000030
5659  25.343  -62.682  22.986 0.1000000015
5643  25.222  -62.594  23.620 0.1000000015
5106  25.481  -63.282  27.303 0.2000000030
5127  25.717  -63.408  26.315 0.2000000030
5188  26.642  -63.292  22.739 0.1000000015
5642  26.008  -62.861  23.327 0.1000000015
5622  25.680  -62.803  24.113 0.1000000015
4559  27.544  -64.503  29.299 0.1000000015
115281  26.263  -63.242  24.026 0.1000000015
4642  27.305  -64.740  24.717 0.1000000015
4657  27.813  -65.057  24.132 0.1000000015
5172  27.461  -63.979  23.087 0.1000000015
5073  30.431  -63.796  28.946 0.1000000015
99538  30.046  -65.235  29.362 0.1000000015
4557  29.387  -64.454  29.290 0.1000000015
4167  28.589  -65.542  23.949 0.1000000015
4181  29.518  -65.893  22.949 0.1000000015
4668  28.835  -65.042  22.286 0.1000000015
100959  30.109  -66.143  22.528 0.1000000015
5087  30.921  -63.523  28.462 0.1000000015
3700  21.677  -66.666  20.115 0.2000000030
3681  21.365  -66.557  20.777 0.4000000060
112124  22.746  -66.692  20.619 0.3000000119
3680  22.086  -66.767  20.407 0.3000000119
4687  23.427  -65.067  21.819 0.3000000119
113545  24.114  -62.904  22.998 0.1000000015
5191  23.840  -63.574  22.623 0.3000000119
5189  25.805  -62.989  22.479 0.1000000015
5209  24.270  -64.239  21.901 0.3000000119
5190  24.769  -63.123  22.521 0.2000000030
5207  26.378  -63.405  21.914 0.1000000015
5126  26.367  -63.881  26.834 0.1000000015
109647  26.240  -63.952  25.991 0.1000000015
106458  26.840  -63.795  21.498 0.1000000015
116529  26.868  -63.775  28.208 0.1000000015
4602  26.857  -64.467  25.999 0.1000000015
5206  27.200  -63.600  22.116 0.1000000015
5173  26.743  -63.555  23.616 0.1000000015
5090  28.253  -63.713  28.593 0.1000000015
5091  27.385  -63.924  28.766 0.1000000015
5125  27.839  -63.967  27.127 0.1000000015
4600  28.774  -64.301  26.140 0.1000000015
4601  27.766  -64.464  26.227 0.1000000015
4621  28.255  -64.951  25.321 0.1000000015
102807  27.787  -65.116  24.844 0.1000000015
4683  28.273  -64.419  21.224 0.1000000015
4558  28.470  -64.517  29.334 0.1000000015
5076  28.100  -64.029  29.108 0.1000000015
4620  29.023  -64.714  25.430 0.1000000015
4640  28.886  -65.216  24.772 0.1000000015
4155  28.859  -65.516  24.202 0.1000000015
4166  29.294  -65.710  23.620 0.1000000015
115173  30.028  -66.087  22.991 0.1000000015
4193  29.639  -65.538  21.879 0.1000000015
5074  29.667  -63.857  29.034 0.1000000015
99291  30.738  -66.199  22.694 0.1000000015
4180  30.593  -66.312  22.311 0.1000000015
3696  31.547  -66.527  20.751 0.1000000015
99747  31.105  -63.434  27.494 0.1000000015
3679  31.108  -66.491  21.586 0.1000000015
3695  32.089  -66.762  20.458 0.1000000015
3701  21.145  -66.465  20.586 0.3000000119
3699  22.778  -66.946  19.873 0.2000000030
4195  23.173  -66.080  21.253 0.3000000119
4686  25.000  -64.790  21.192 0.2000000030
5208  25.370  -63.666  21.788 0.2000000030
4684  27.477  -64.035  21.394 0.1000000015
5103  29.347  -63.397  27.818 0.1000000015
5104  28.520  -63.552  27.778 0.1000000015
5124  28.548  -63.850  26.942 0.1000000015
4698  27.624  -64.771  20.629 0.1000000015
112664  29.737  -65.315  20.783 0.1000000015
5089  29.085  -63.568  28.544 0.1000000015
5123  29.425  -63.625  26.953 0.1000000015
115274  29.572  -64.804  25.024 0.1000000015
115048  29.895  -65.674  23.618 0.1000000015
3677  32.331  -66.750  21.160 0.1000000015
4598  30.426  -63.594  26.778 0.1000000015
4599  29.740  -64.143  25.940 0.1000000015
5088  29.938  -63.509  28.517 0.1000000015
4619  30.712  -63.873  25.981 0.1000000015
104657  21.607  -63.033  18.860 0.2000000030
11869  7.053  -50.313  53.256 0.4000000060
107046  22.104  -62.579  19.024 0.2000000030
5677  21.301  -61.202  19.527 0.3000000119
6155  21.555  -60.927  20.763 0.3000000119
6168  19.432  -60.970  19.608 0.3000000119
12482  7.194  -48.792  51.499 0.4000000060
11880  7.132  -49.814  52.613 0.3000000119
12471  6.131  -49.075  52.373 0.4000000060
11893  7.593  -49.594  51.876 0.3000000119
113398  8.658  -50.901  50.960 0.2000000030
6130  21.459  -60.429  24.047 0.3000000119
11923  9.412  -50.366  49.827 0.1000000015
11924  8.777  -49.335  49.694 0.2000000030
11922  10.259  -50.402  49.604 0.1000000015
102294  9.870  -48.722  49.107 0.2000000030
6600  2.682  -60.618  33.284 0.1000000015
119032  2.435  -59.314  31.771 0.2000000030
6007  2.677  -62.568  36.415 0.1000000015
7105  2.962  -59.595  36.729 0.3000000119
5994  2.651  -61.814  36.962 0.1000000015
6016  2.727  -62.745  35.487 0.1000000015
6532  2.645  -61.050  38.651 0.1000000015
7097  2.274  -60.743  38.089 0.1000000015
7073  2.779  -60.374  39.630 0.1000000015
7567  1.531  -59.575  40.129 0.2000000030
8562  4.980  -56.519  41.970 0.1000000015
8039  2.944  -57.255  42.283 0.1000000015
9092  6.034  -55.419  42.693 0.1000000015
8563  3.170  -56.239  42.791 0.1000000015
9106  3.970  -55.837  42.819 0.2000000030
14501  13.246  -46.706  40.032 0.2000000030
9093  4.777  -55.393  42.948 0.1000000015
9094  3.346  -55.455  43.174 0.3000000119
9643  4.641  -53.537  43.530 0.1000000015
118278  3.919  -55.114  43.264 0.2000000030
10262  4.916  -53.111  43.486 0.1000000015
9657  3.601  -54.085  43.679 0.1000000015
10276  2.433  -54.152  43.684 0.2000000030
11407  4.272  -52.047  43.141 0.1000000015
10857  3.764  -52.727  43.423 0.1000000015
11420  4.822  -51.488  42.650 0.1000000015
11408  3.234  -52.105  43.170 0.2000000030
10263  3.492  -53.456  43.612 0.1000000015
15786  19.347  -44.763  43.668 0.1000000015
14479  18.106  -45.578  42.919 0.2000000030
14480  17.625  -45.507  42.128 0.2000000030
12035  7.143  -50.173  40.815 0.1000000015
12036  6.218  -50.168  40.835 0.1000000015
12012  4.359  -50.815  42.165 0.2000000030
12024  4.809  -50.425  41.554 0.1000000015
12013  3.336  -50.675  42.208 0.2000000030
16418  19.850  -43.442  44.324 0.1000000015
15796  19.062  -44.361  43.007 0.1000000015
16440  19.158  -43.631  42.932 0.1000000015
118669  18.456  -44.148  41.441 0.1000000015
12631  6.556  -49.028  39.470 0.1000000015
13228  4.169  -48.290  39.599 0.2000000030
19057  20.294  -39.761  46.349 0.1000000015
19064  19.932  -39.301  45.730 0.1000000015
17062  20.515  -42.161  46.116 0.1000000015
17736  20.546  -41.342  46.502 0.1000000015
113072  20.081  -39.947  45.716 0.1000000015
101693  19.738  -39.757  45.138 0.1000000015
17749  19.983  -41.721  44.829 0.1000000015
17750  19.593  -41.249  44.294 0.1000000015
16427  19.452  -43.306  43.549 0.1000000015
17072  19.152  -42.651  43.058 0.1000000015
114403  18.908  -41.837  42.874 0.1000000015
110761  18.852  -43.149  42.270 0.1000000015
17088  18.642  -42.651  41.740 0.1000000015
16449  18.576  -43.389  41.378 0.1000000015
17768  18.533  -41.878  41.701 0.2000000030
13267  7.779  -48.275  36.648 0.1000000015
12664  7.997  -48.666  38.081 0.1000000015
13236  5.614  -48.128  38.599 0.2000000030
107716  19.096  -38.869  44.478 0.1000000015
18396  19.532  -40.365  44.519 0.1000000015
19074  18.788  -39.133  43.915 0.1000000015
18402  18.621  -40.299  43.106 0.1000000015
18407  18.428  -40.678  42.435 0.2000000030
13898  5.252  -47.242  38.098 0.3000000119
13252  6.451  -48.020  37.944 0.2000000030
13897  6.914  -47.876  36.972 0.2000000030
98298  6.001  -47.263  37.284 0.2000000030
13908  6.439  -47.295  36.391 0.1000000015
103614  11.833  -49.557  32.306 0.3000000119
13340  10.646  -48.518  31.759 0.3000000119
12728  9.942  -48.929  32.421 0.3000000119
13341  9.737  -48.210  31.863 0.4000000060
13338  12.329  -48.437  31.518 0.3000000119
13967  11.858  -47.875  31.228 0.3000000119
13965  13.609  -47.738  31.238 0.3000000119
13966  12.705  -47.815  31.206 0.3000000119
15936  10.687  -44.961  29.274 0.3000000119
15910  8.963  -43.433  31.887 0.2000000030
69  13.019  -80.597  39.782 0.2000000030
115488  12.015  -80.527  41.893 0.2000000030
48  12.716  -81.191  43.375 0.3000000119
8  11.943  -81.424  43.817 0.3000000119
6555  2.618  -61.143  37.449 0.1000000015
8052  1.307  -58.131  41.679 0.2000000030
10858  2.532  -53.049  43.472 0.2000000030
13885  4.240  -47.053  38.554 0.3000000119
18412  18.346  -41.060  41.748 0.2000000030
17097  18.531  -42.461  41.063 0.2000000030
13968  11.059  -47.917  31.242 0.3000000119
13227  5.057  -48.901  39.782 0.2000000030
12632  5.923  -49.215  39.752 0.1000000015
4715  20.862  -64.210  19.209 0.2000000030
5227  20.877  -62.907  18.833 0.2000000030
5676  22.048  -61.686  19.412 0.3000000119
6156  20.076  -60.865  20.329 0.3000000119
6569  2.969  -60.849  34.505 0.1000000015
11421  3.839  -51.420  42.645 0.2000000030
107512  9.226  -48.523  32.359 0.4000000060
100223  18.110  -44.526  41.010 0.4000000060
14488  13.818  -47.180  40.758 0.1000000015
13921  6.846  -47.144  35.631 0.1000000015
107398  13.959  -43.128  30.996 0.1000000015
17174  13.493  -42.333  30.701 0.2000000030
12605  6.604  -49.644  40.123 0.1000000015
4093  29.055  -65.426  29.433 0.1000000015
103885  27.166  -64.119  26.882 0.1000000015
8433  3.288  -57.076  53.170 0.4000000060
12481  7.891  -49.348  51.116 0.2000000030
15797  18.711  -44.632  42.544 0.1000000015
16441  18.795  -44.035  42.197 0.1000000015
110639  14.428  -42.421  30.648 0.2000000030
13983  13.106  -47.161  30.892 0.3000000119
8429  2.657  -56.674  53.956 0.4000000060
8428  3.783  -56.255  53.575 0.4000000060
12713  10.877  -50.011  33.061 0.3000000119
13323  10.693  -49.105  32.268 0.3000000119
107390  10.960  -80.648  41.568 0.2000000030
5109  21.088  -63.774  27.144 0.5000000000
5624  24.412  -62.391  24.800 0.2000000030
5161  21.811  -63.433  24.589 0.5000000000
5625  23.734  -62.411  24.608 0.2000000030
5645  23.917  -62.616  23.643 0.2000000030
4656  28.274  -65.050  23.260 0.1000000015
8420  3.093  -55.864  54.381 0.4000000060
4669  27.961  -64.173  22.164 0.1000000015
100003  3.061  -60.398  36.300 0.1000000015
6557  2.960  -61.544  35.513 0.1000000015
9105  5.795  -56.036  42.374 0.1000000015
8038  4.387  -57.139  41.666 0.1000000015
9073  5.866  -54.827  43.050 0.1000000015
9655  5.473  -54.196  43.375 0.1000000015
10856  4.683  -52.611  43.384 0.2000000030
103700  5.794  -51.542  42.811 0.1000000015
15140  18.366  -45.134  42.494 0.1000000015
111356  19.475  -44.044  43.621 0.1000000015
12603  8.413  -49.853  40.159 0.1000000015
12604  7.552  -49.783  40.192 0.1000000015
12022  6.931  -50.605  41.624 0.1000000015
12023  5.812  -50.560  41.560 0.1000000015
17068  19.970  -42.503  44.633 0.1000000015
17066  20.288  -42.275  45.353 0.1000000015
13226  5.768  -48.682  39.250 0.2000000030
12647  8.108  -48.945  38.824 0.1000000015
17742  20.292  -41.362  45.576 0.1000000015
18391  20.008  -40.479  45.318 0.1000000015
107315  19.694  -41.940  44.238 0.1000000015
17756  19.282  -41.713  43.571 0.1000000015
17087  18.768  -42.269  42.343 0.1000000015
18401  19.156  -40.767  43.701 0.1000000015
17757  18.780  -41.124  43.025 0.1000000015
17762  18.594  -41.463  42.374 0.1000000015
12663  8.459  -48.641  37.323 0.1000000015
13251  7.478  -48.372  37.537 0.1000000015
13235  6.478  -48.583  38.770 0.2000000030
19073  19.301  -39.493  44.474 0.1000000015
19081  18.977  -39.904  43.806 0.1000000015
101797  18.155  -39.816  42.408 0.1000000015
13321  12.017  -49.013  31.852 0.3000000119
331  12.762  -78.599  26.829 0.2000000030
109974  11.835  -78.210  26.044 0.2000000030
324  12.779  -79.065  27.919 0.2000000030
1688  15.853  -75.078  21.464 0.1000000015
1689  15.202  -75.400  21.902 0.1000000015
1168  12.053  -75.436  23.674 0.1000000015
1166  13.791  -75.589  23.365 0.1000000015
102635  14.567  -75.695  22.474 0.1000000015
2284  13.670  -68.990  48.989 0.1000000015
2598  13.149  -68.529  49.217 0.1000000015
1946  11.107  -72.921  23.940 0.1000000015
1428  12.574  -75.092  23.271 0.1000000015
1427  13.555  -75.296  22.982 0.1000000015
2991  14.475  -67.385  48.303 0.1000000015
3414  15.203  -66.622  47.955 0.1000000015
2992  13.705  -67.139  48.872 0.1000000015
2977  13.050  -67.017  49.457 0.1000000015
238  7.539  -79.248  42.456 0.2000000030
390  6.959  -78.416  42.947 0.2000000030
402  6.667  -77.393  42.987 0.2000000030
778  6.304  -75.661  42.397 0.2000000030
112084  6.013  -74.429  40.877 0.1000000015
8940  0.969  -55.621  56.219 0.2000000030
9522  2.874  -53.827  54.905 0.3000000119
9523  2.446  -53.513  55.617 0.2000000030
8952  2.255  -55.415  55.074 0.2000000030
8421  1.987  -56.295  54.732 0.2000000030
8951  3.174  -54.947  54.659 0.2000000030
9502  1.749  -54.213  56.497 0.2000000030
102910  2.111  -54.120  57.060 0.2000000030
9503  1.251  -54.572  57.129 0.2000000030
8920  0.782  -55.118  58.079 0.2000000030
102199  2.807  -52.953  55.154 0.3000000119
8927  1.290  -54.740  56.403 0.2000000030
10159  3.163  -52.318  54.953 0.2000000030
9538  3.881  -54.326  54.082 0.3000000119
9490  4.329  -54.355  57.569 0.2000000030
9511  2.412  -53.535  56.273 0.2000000030
9501  3.236  -53.812  57.011 0.2000000030
10721  3.678  -51.987  55.388 0.3000000119
10148  5.378  -52.621  55.884 0.2000000030
9500  4.680  -53.957  56.865 0.2000000030
10137  4.951  -53.259  56.384 0.2000000030
10149  4.015  -52.374  56.035 0.2000000030
10138  3.537  -53.111  56.437 0.2000000030
113399  6.612  -50.923  54.062 0.2000000030
11270  6.103  -51.306  54.479 0.2000000030
10729  5.437  -51.614  55.048 0.2000000030
11292  7.771  -50.539  53.126 0.2000000030
11281  5.642  -50.727  54.093 0.3000000119
103229  15.225  -47.735  47.544 0.1000000015
112970  16.004  -46.983  46.560 0.1000000015
13150  17.123  -48.319  46.667 0.1000000015
11098  7.509  -52.236  26.885 0.2000000030
14450  15.860  -45.149  46.036 0.1000000015
104195  7.481  -50.286  27.955 0.2000000030
12256  9.088  -50.725  26.218 0.2000000030
12255  9.651  -50.486  25.718 0.2000000030
11106  8.675  -52.043  25.882 0.2000000030
11105  9.379  -52.306  25.454 0.2000000030
13407  10.689  -48.623  25.683 0.2000000030
13420  11.404  -48.356  24.810 0.2000000030
12796  9.896  -49.480  26.288 0.2000000030
105178  8.706  -50.426  27.366 0.2000000030
12815  12.690  -49.179  24.279 0.2000000030
12807  10.538  -49.123  25.362 0.2000000030
109389  9.749  -49.620  25.958 0.2000000030
12245  9.473  -50.140  26.383 0.2000000030
12816  11.920  -49.222  24.513 0.2000000030
12261  10.842  -50.019  24.971 0.2000000030
12806  12.971  -49.770  24.622 0.2000000030
12252  11.920  -50.584  24.704 0.2000000030
107311  10.397  -50.716  25.203 0.2000000030
12212  9.360  -50.477  27.631 0.2000000030
13417  13.905  -48.506  23.746 0.2000000030
13419  12.287  -48.165  24.356 0.2000000030
12813  14.263  -49.032  24.350 0.2000000030
13429  15.375  -47.978  23.204 0.2000000030
14697  14.341  -46.622  23.650 0.2000000030
14676  13.072  -46.727  24.794 0.2000000030
13396  12.901  -47.875  26.407 0.2000000030
13428  16.379  -47.806  23.131 0.2000000030
14049  12.568  -47.210  24.624 0.2000000030
100446  11.840  -48.019  26.153 0.2000000030
12210  11.388  -50.506  27.877 0.2000000030
13416  14.745  -48.516  23.759 0.2000000030
13431  13.607  -47.931  23.645 0.2000000030
115820  11.114  -48.529  26.310 0.2000000030
12230  10.721  -49.821  27.283 0.2000000030
14042  11.770  -47.556  24.922 0.2000000030
14060  15.669  -46.819  22.840 0.2000000030
14686  14.492  -45.980  24.008 0.2000000030
13426  18.320  -47.770  23.257 0.2000000030
14039  13.738  -46.595  25.268 0.2000000030
115790  12.493  -49.146  27.437 0.2000000030
13384  12.641  -48.574  26.950 0.2000000030
11633  11.138  -51.266  28.358 0.2000000030
11029  10.402  -52.713  30.034 0.2000000030
14059  16.647  -47.088  22.594 0.2000000030
14673  14.883  -46.038  24.459 0.2000000030
13395  13.838  -47.945  26.692 0.2000000030
12769  12.840  -49.688  27.970 0.2000000030
12209  12.295  -50.470  28.281 0.2000000030
14694  16.632  -45.433  22.941 0.2000000030
14037  15.611  -46.626  25.333 0.2000000030
14024  15.355  -47.196  26.134 0.2000000030
12767  14.477  -49.354  28.207 0.2000000030
12207  14.143  -50.097  28.695 0.2000000030
14066  17.769  -46.474  21.969 0.2000000030
14685  15.250  -45.824  23.729 0.2000000030
14025  14.405  -47.291  26.179 0.2000000030
13394  14.709  -48.137  27.019 0.2000000030
14672  15.952  -46.014  24.376 0.2000000030
13381  15.534  -48.268  27.285 0.2000000030
11026  13.021  -53.026  30.406 0.2000000030
13393  15.930  -47.779  26.789 0.2000000030
107233  15.406  -49.322  28.367 0.2000000030
105031  15.141  -51.280  29.741 0.2000000030
11025  14.513  -52.859  30.703 0.2000000030
12187  15.480  -50.506  29.364 0.2000000030
12781  15.873  -48.774  27.936 0.2000000030
11586  14.777  -52.040  30.225 0.2000000030
12766  16.249  -49.314  28.484 0.2000000030
11606  16.047  -51.146  29.879 0.2000000030
11024  15.473  -52.641  30.831 0.2000000030
12779  17.399  -48.929  28.198 0.2000000030
11584  16.648  -51.706  30.539 0.2000000030
10464  15.764  -53.577  32.110 0.2000000030
9836  15.455  -53.878  32.766 0.2000000030
12186  16.365  -50.438  29.475 0.2000000030
110058  16.480  -53.081  32.351 0.2000000030
10431  15.440  -53.585  33.608 0.2000000030
11605  16.976  -51.030  30.095 0.2000000030
11583  17.563  -51.541  30.826 0.2000000030
10445  16.092  -53.345  32.945 0.2000000030
11604  17.883  -50.858  30.375 0.2000000030
10988  16.561  -52.724  32.923 0.2000000030
11001  17.650  -51.673  31.611 0.2000000030
116769  17.235  -52.169  31.786 0.2000000030
10980  15.358  -52.880  34.166 0.2000000030
115980  14.930  -52.228  34.398 0.2000000030
115150  16.260  -52.182  33.520 0.2000000030
104311  15.519  -51.962  33.997 0.2000000030
12163  18.218  -51.065  31.697 0.2000000030
11550  16.762  -51.826  33.111 0.2000000030
11551  15.963  -51.347  33.548 0.2000000030
101998  13.415  -51.551  34.622 0.2000000030
11553  13.635  -51.229  34.034 0.2000000030
11552  14.552  -51.496  34.064 0.2000000030
12147  17.941  -50.694  32.358 0.2000000030
12149  15.426  -50.466  33.196 0.2000000030
12138  13.072  -50.660  33.366 0.2000000030
12153  11.630  -50.101  32.843 0.2000000030
118432  17.678  -50.068  32.539 0.2000000030
110263  16.527  -49.347  32.510 0.2000000030
12150  14.448  -50.325  33.028 0.2000000030
12725  13.163  -49.568  32.314 0.2000000030
12723  14.888  -49.838  32.735 0.2000000030
13320  13.678  -49.009  31.995 0.2000000030
108719  12.790  -48.962  31.887 0.2000000030
13337  13.193  -48.394  31.547 0.2000000030
15272  13.886  -45.792  30.235 0.2000000030
15291  12.341  -45.344  29.878 0.2000000030
111654  15.797  -44.891  29.694 0.2000000030
15953  13.040  -43.938  29.109 0.2000000030
15954  12.030  -44.025  29.100 0.2000000030
16554  17.269  -43.884  29.102 0.2000000030
16556  15.770  -43.865  29.007 0.2000000030
16575  13.398  -43.313  28.660 0.2000000030
16577  11.385  -43.498  28.562 0.2000000030
110576  16.152  -43.471  28.695 0.2000000030
16574  14.361  -43.274  28.567 0.2000000030
16553  18.014  -43.757  29.124 0.1000000015
17873  12.399  -41.748  27.226 0.2000000030
16573  16.779  -43.396  28.694 0.2000000030
17207  14.635  -42.664  28.025 0.2000000030
17229  15.546  -42.423  27.774 0.2000000030
17871  14.240  -41.626  27.132 0.1000000015
17205  16.975  -42.828  28.324 0.2000000030
17887  14.563  -41.172  26.521 0.1000000015
17872  13.340  -41.665  27.196 0.1000000015
17870  15.199  -41.649  27.053 0.1000000015
18545  16.364  -40.755  26.455 0.1000000015
18547  14.021  -40.666  26.034 0.1000000015
18544  16.842  -40.126  26.436 0.1000000015
18563  15.281  -40.213  25.513 0.1000000015
19232  17.857  -39.207  26.912 0.1000000015
106223  16.753  -39.484  25.980 0.1000000015
19248  15.569  -39.620  25.125 0.1000000015
19268  14.576  -39.240  24.508 0.1000000015
20019  16.291  -38.635  24.859 0.1000000015
19267  15.202  -39.225  24.470 0.1000000015
20034  14.257  -38.652  24.290 0.1000000015
20003  17.362  -38.778  26.242 0.1000000015
20018  17.009  -38.269  25.498 0.1000000015
116398  12.953  -37.771  24.191 0.1000000015
20836  11.640  -37.692  23.941 0.1000000015
20819  16.699  -37.943  24.879 0.1000000015
20033  14.988  -38.788  23.990 0.1000000015
20049  13.948  -37.898  24.023 0.1000000015
20853  12.766  -37.054  23.997 0.1000000015
115277  14.832  -38.320  23.714 0.1000000015
11667  8.006  -51.046  26.821 0.2000000030
11657  6.479  -50.809  27.453 0.2000000030
11636  8.212  -50.639  28.563 0.2000000030
110032  10.678  -51.853  28.910 0.2000000030
7549  1.812  -59.117  40.998 0.2000000030
11634  10.121  -51.248  28.278 0.2000000030
16576  12.406  -43.372  28.675 0.2000000030
17209  12.760  -42.749  28.252 0.2000000030
17888  13.652  -41.177  26.599 0.1000000015
19269  13.408  -39.136  24.640 0.1000000015
111473  12.822  -38.341  24.364 0.1000000015
19250  13.960  -39.677  24.973 0.1000000015
117563  14.183  -54.030  31.757 0.2000000030
15273  12.949  -45.898  30.270 0.2000000030
15933  13.642  -44.545  29.480 0.2000000030
11052  11.027  -52.435  29.472 0.2000000030
12768  13.675  -49.586  28.204 0.2000000030
12188  14.616  -50.642  29.256 0.2000000030
11049  13.747  -52.358  30.114 0.2000000030
11004  15.177  -53.347  31.397 0.2000000030
13336  14.139  -48.367  31.653 0.2000000030
2613  13.851  -68.201  48.696 0.1000000015
9524  2.295  -54.414  55.371 0.2000000030
8939  1.528  -54.957  55.756 0.2000000030
12247  7.707  -50.773  27.240 0.2000000030
12795  10.411  -48.815  26.147 0.2000000030
12232  9.385  -50.067  26.896 0.2000000030
14041  12.368  -47.107  25.046 0.2000000030
12784  10.895  -49.102  26.764 0.2000000030
101324  15.621  -45.987  23.157 0.2000000030
14057  18.505  -47.264  22.514 0.2000000030
13382  14.118  -48.683  27.508 0.2000000030
14695  16.239  -46.006  22.661 0.2000000030
12206  14.989  -49.934  28.831 0.2000000030
12204  16.714  -49.850  29.024 0.2000000030
11023  16.387  -52.400  31.041 0.2000000030
12173  18.614  -50.506  30.602 0.2000000030
115155  17.750  -51.446  32.126 0.2000000030
12136  14.977  -51.027  33.588 0.2000000030
12146  18.468  -50.443  31.897 0.2000000030
11560  16.461  -50.753  33.198 0.2000000030
12137  13.995  -50.800  33.465 0.2000000030
12722  15.828  -49.750  32.737 0.2000000030
12151  13.513  -50.216  32.819 0.2000000030
13316  18.591  -49.132  32.023 0.2000000030
15289  14.227  -45.132  29.832 0.2000000030
107709  14.552  -44.473  29.434 0.2000000030
15952  14.001  -43.884  29.060 0.2000000030
16555  16.522  -43.910  29.063 0.1000000015
16572  17.486  -43.297  28.730 0.1000000015
15951  14.923  -43.845  28.997 0.2000000030
109424  15.391  -43.217  28.473 0.2000000030
17231  13.062  -42.188  27.749 0.2000000030
17208  13.710  -42.702  28.189 0.2000000030
17228  16.461  -42.367  27.853 0.2000000030
109105  14.728  -42.116  27.524 0.1000000015
17869  16.071  -41.827  27.313 0.1000000015
107627  16.748  -41.831  27.537 0.1000000015
17886  15.282  -41.126  26.414 0.1000000015
18546  14.904  -40.712  25.966 0.1000000015
17885  15.894  -41.281  26.656 0.1000000015
18562  16.121  -40.100  25.786 0.1000000015
18564  14.430  -40.200  25.455 0.1000000015
19249  14.855  -39.722  24.932 0.1000000015
19247  16.198  -39.358  25.310 0.1000000015
112945  16.713  -38.916  25.578 0.1000000015
19266  15.742  -39.129  24.727 0.1000000015
20835  16.174  -37.979  24.147 0.1000000015
20048  15.168  -38.173  23.580 0.1000000015
196  19.091  -81.172  21.732 0.1000000015
675  17.938  -76.487  26.416 0.1000000015
104  16.035  -80.754  23.827 0.1000000015
892  18.089  -76.327  26.308 0.1000000015
886  18.148  -76.132  26.572 0.1000000015
340  11.723  -77.958  25.557 0.1000000015
101587  12.086  -77.764  27.595 0.1000000015
107617  13.399  -77.845  25.448 0.1000000015
105137  15.776  -77.598  26.036 0.1000000015
483  13.242  -77.400  28.884 0.1000000015
633  13.445  -76.674  30.908 0.1000000015
663  15.690  -76.397  27.863 0.1000000015
482  14.633  -76.732  28.409 0.1000000015
113209  14.525  -76.087  30.337 0.1000000015
851  14.405  -75.501  31.134 0.1000000015
629  13.575  -75.957  31.728 0.1000000015
662  16.574  -76.442  27.212 0.1000000015
860  15.233  -75.395  30.296 0.1000000015
110705  17.682  -75.929  26.978 0.1000000015
850  15.317  -74.822  31.028 0.1000000015
878  18.078  -75.550  27.108 0.1000000015
879  16.842  -75.675  27.676 0.1000000015
512  16.323  -78.459  24.725 0.1000000015
509  16.719  -77.585  25.604 0.1000000015
112812  18.164  -76.231  25.795 0.1000000015
877  18.471  -75.232  27.213 0.1000000015
849  16.096  -74.153  31.152 0.1000000015
900  18.532  -75.886  25.986 0.1000000015
1132  18.384  -74.601  28.034 0.1000000015
97605  12.061  -78.012  29.484 0.1000000015
107452  11.898  -77.982  28.801 0.1000000015
474  12.235  -77.722  30.064 0.1000000015
651  15.152  -76.004  29.321 0.1000000015
869  15.749  -75.287  29.482 0.1000000015
859  16.036  -74.705  30.167 0.1000000015
1122  16.852  -74.393  29.580 0.1000000015
866  17.850  -74.806  28.084 0.1000000015
867  17.149  -74.880  28.322 0.1000000015
695  18.867  -76.177  24.875 0.1000000015
884  18.884  -75.360  26.663 0.1000000015
1139  18.989  -74.778  27.259 0.1000000015
1352  16.554  -73.473  31.592 0.1000000015
5000  30.026  -63.243  35.774 0.1000000015
1120  18.151  -74.119  28.856 0.1000000015
99269  13.918  -79.154  33.112 0.1000000015
97590  12.617  -78.934  32.056 0.1000000015
101074  12.251  -78.716  31.982 0.1000000015
318  12.055  -78.401  30.741 0.1000000015
112364  12.498  -79.212  32.893 0.1000000015
463  11.869  -78.256  31.460 0.1000000015
469  12.068  -77.677  31.162 0.1000000015
98998  12.380  -77.488  32.876 0.1000000015
102982  12.844  -76.855  31.683 0.1000000015
98107  12.531  -78.160  34.189 0.1000000015
97587  12.888  -77.848  35.307 0.1000000015
111873  12.780  -77.280  33.789 0.1000000015
97589  13.397  -76.932  34.817 0.1000000015
1111  16.651  -74.130  30.455 0.1000000015
97596  13.001  -76.464  32.475 0.1000000015
4523  28.409  -64.181  33.405 0.1000000015
4532  28.194  -64.642  32.829 0.2000000030
112442  17.388  -73.745  30.255 0.1000000015
4512  28.784  -63.802  34.284 0.1000000015
4067  27.698  -65.106  32.551 0.2000000030
1138  19.686  -74.277  27.194 0.1000000015
1119  18.646  -73.990  28.676 0.1000000015
1099  16.796  -73.731  30.940 0.1000000015
1397  20.062  -74.339  26.642 0.1000000015
1130  19.686  -73.655  27.926 0.1000000015
104160  26.812  -72.665  41.626 0.1000000015
112917  14.190  -79.534  33.961 0.1000000015
1783  27.140  -72.681  41.506 0.1000000015
1782  28.484  -72.683  40.499 0.1000000015
97584  12.902  -80.761  32.941 0.1000000015
110740  26.947  -73.091  40.043 0.1000000015
1521  27.965  -74.031  39.731 0.1000000015
98002  12.793  -80.262  32.890 0.1000000015
98044  12.560  -81.763  34.371 0.1000000015
1803  26.970  -73.125  38.762 0.1000000015
1533  28.399  -74.363  39.163 0.1000000015
97578  12.253  -81.281  33.165 0.1000000015
111871  11.489  -80.967  33.796 0.1000000015
1544  28.127  -74.444  38.349 0.1000000015
98105  12.285  -79.701  33.523 0.1000000015
1552  27.798  -73.624  37.676 0.1000000015
97579  12.341  -78.400  33.222 0.1000000015
98206  12.913  -78.901  36.725 0.1000000015
2393  27.037  -70.893  35.687 0.2000000030
1100  15.290  -74.370  31.744 0.1000000015
119002  26.578  -69.649  35.382 0.2000000030
1363  18.027  -73.428  30.032 0.1000000015
2746  25.921  -68.803  34.740 0.2000000030
3132  26.489  -68.621  35.471 0.2000000030
1371  18.487  -73.568  29.404 0.1000000015
3133  26.085  -67.654  34.995 0.2000000030
1350  17.913  -72.965  30.783 0.1000000015
6564  31.451  -60.213  34.546 0.1000000015
5995  30.955  -62.360  35.448 0.1000000015
1362  18.484  -73.000  30.090 0.1000000015
105436  27.541  -69.099  42.414 0.1000000015
3499  32.748  -67.286  42.673 0.1000000015
2055  29.433  -72.514  39.951 0.1000000015
2375  29.204  -71.114  39.060 0.1000000015
98077  11.334  -81.340  34.649 0.1000000015
1816  28.894  -73.057  38.485 0.1000000015
113892  29.111  -72.086  38.416 0.1000000015
98100  12.546  -79.125  34.583 0.1000000015
97581  12.588  -80.195  37.030 0.1000000015
1824  27.357  -72.738  37.140 0.2000000030
1823  27.777  -73.026  37.266 0.1000000015
2376  28.286  -70.216  38.374 0.1000000015
2385  27.638  -70.961  37.133 0.2000000030
97978  12.558  -79.393  35.410 0.1000000015
2386  27.250  -70.104  36.472 0.2000000030
2742  26.872  -69.647  35.838 0.2000000030
4056  27.496  -64.486  33.249 0.2000000030
4075  27.193  -65.720  32.200 0.2000000030
3130  26.336  -67.419  35.635 0.2000000030
3544  26.548  -67.581  36.359 0.2000000030
4074  28.037  -65.707  31.982 0.2000000030
3556  25.767  -66.807  34.573 0.2000000030
3550  26.047  -66.650  35.366 0.2000000030
1380  19.206  -73.428  28.821 0.1000000015
2666  28.399  -68.529  42.164 0.1000000015
2664  30.148  -68.749  42.177 0.1000000015
3070  31.401  -68.502  42.409 0.1000000015
2665  30.037  -69.186  41.625 0.1000000015
2346  29.790  -70.207  40.674 0.1000000015
101711  33.219  -65.824  42.597 0.1000000015
3993  32.185  -65.855  42.566 0.1000000015
3500  31.885  -68.086  42.587 0.1000000015
3087  30.545  -68.686  41.402 0.1000000015
2677  30.483  -69.212  41.362 0.1000000015
2691  30.151  -69.462  40.929 0.1000000015
3992  34.688  -65.666  42.411 0.1000000015
2359  29.719  -71.113  40.150 0.1000000015
117649  35.208  -64.838  42.047 0.1000000015
105365  33.724  -64.839  42.203 0.1000000015
2360  29.179  -69.905  39.547 0.1000000015
99362  12.812  -79.852  38.376 0.1000000015
2722  28.094  -69.061  38.642 0.1000000015
111897  11.651  -80.882  35.762 0.1000000015
3107  27.605  -67.978  38.977 0.2000000030
2735  27.583  -69.578  37.602 0.2000000030
2723  27.351  -68.463  37.981 0.2000000030
118638  27.003  -67.647  38.297 0.2000000030
101471  26.811  -68.514  36.358 0.2000000030
3116  26.492  -66.927  38.100 0.2000000030
110676  26.364  -66.242  38.783 0.2000000030
3122  26.765  -67.813  37.346 0.2000000030
3537  26.226  -66.824  37.217 0.2000000030
3527  25.855  -66.093  37.954 0.2000000030
4066  28.536  -65.177  32.416 0.2000000030
4042  25.885  -65.885  35.660 0.2000000030
4049  25.985  -66.062  34.813 0.2000000030
3545  26.062  -66.625  36.326 0.2000000030
4505  26.095  -65.140  36.005 0.2000000030
118333  25.878  -66.198  35.994 0.2000000030
4036  25.760  -65.847  36.550 0.2000000030
4511  29.720  -64.009  34.651 0.1000000015
4522  29.328  -64.269  33.673 0.2000000030
8125  33.668  -57.663  33.714 0.1000000015
7603  32.455  -58.562  34.054 0.1000000015
3580  28.413  -66.462  31.612 0.2000000030
3501  31.344  -68.017  42.088 0.1000000015
3086  30.979  -68.986  41.954 0.1000000015
116238  30.488  -69.023  41.641 0.1000000015
3994  31.708  -66.742  42.420 0.1000000015
3502  30.731  -67.060  41.773 0.1000000015
3511  30.672  -68.005  41.609 0.1000000015
3097  30.074  -68.624  40.877 0.1000000015
3995  30.942  -66.125  42.116 0.1000000015
3512  29.735  -67.136  41.147 0.1000000015
100747  29.589  -67.683  40.847 0.1000000015
3106  29.264  -68.568  40.211 0.1000000015
258  11.977  -79.044  39.575 0.1000000015
4949  34.752  -64.072  41.726 0.1000000015
4456  32.426  -64.939  42.314 0.1000000015
112226  28.276  -67.928  39.681 0.1000000015
269  12.421  -79.419  39.347 0.1000000015
3521  27.614  -67.179  39.583 0.2000000030
3517  26.965  -65.590  40.055 0.1000000015
97574  12.778  -81.015  38.598 0.1000000015
3108  26.972  -67.030  38.898 0.2000000030
3538  25.782  -66.181  37.160 0.2000000030
4458  30.688  -65.088  42.046 0.1000000015
4459  30.169  -65.438  41.802 0.1000000015
4001  28.796  -65.712  41.109 0.1000000015
3515  28.683  -66.626  40.651 0.1000000015
4950  32.927  -64.106  41.922 0.1000000015
112941  10.799  -80.321  40.390 0.1000000015
129  12.036  -80.226  40.533 0.1000000015
5019  30.122  -63.716  35.391 0.1000000015
114999  29.306  -65.086  41.469 0.1000000015
135  12.488  -80.228  39.888 0.1000000015
259  11.544  -78.874  39.412 0.1000000015
110565  30.819  -63.231  35.683 0.1000000015
3165  28.782  -67.275  31.285 0.2000000030
102604  12.948  -80.438  40.794 0.1000000015
260  10.660  -79.414  39.248 0.1000000015
70  9.703  -80.701  39.971 0.1000000015
271  9.871  -79.488  38.186 0.1000000015
4065  29.449  -65.292  32.498 0.2000000030
4055  29.864  -64.858  33.200 0.1000000015
4714  22.346  -65.108  18.839 0.1000000015
4226  21.739  -65.574  19.262 0.1000000015
112145  21.497  -66.336  19.742 0.1000000015
3698  23.547  -67.019  19.459 0.1000000015
3721  22.162  -66.605  19.515 0.1000000015
4210  23.392  -66.703  20.396 0.1000000015
58  11.677  -80.463  41.100 0.1000000015
101721  8.289  -79.555  39.517 0.1000000015
110178  9.357  -80.471  39.403 0.1000000015
138  8.951  -80.283  39.145 0.1000000015
139  8.525  -79.882  39.130 0.1000000015
6015  31.354  -61.299  34.870 0.1000000015
5224  24.309  -63.526  19.022 0.1000000015
5225  23.349  -63.661  18.890 0.1000000015
5226  22.366  -63.755  18.836 0.1000000015
3738  23.303  -66.580  18.731 0.1000000015
4735  23.562  -65.750  18.506 0.1000000015
3737  23.900  -67.065  18.902 0.1000000015
3736  24.978  -66.988  18.491 0.1000000015
3697  24.463  -67.117  19.107 0.1000000015
4209  24.199  -66.762  20.093 0.1000000015
4701  24.782  -65.898  20.641 0.2000000030
3735  26.118  -67.215  18.096 0.1000000015
4700  25.544  -65.554  20.578 0.1000000015
59  9.951  -80.998  41.157 0.1000000015
130  8.738  -80.106  39.778 0.1000000015
7116  32.516  -59.421  33.940 0.1000000015
6172  25.516  -61.035  19.763 0.1000000015
6173  24.307  -61.822  19.789 0.1000000015
6164  23.823  -61.234  20.262 0.2000000030
6175  22.698  -61.569  19.770 0.1000000015
4521  30.216  -64.567  34.191 0.1000000015
5686  24.739  -62.640  19.432 0.1000000015
108712  25.194  -61.862  19.641 0.1000000015
5687  23.650  -62.646  19.327 0.1000000015
99523  22.816  -62.950  19.033 0.1000000015
5700  26.180  -63.276  18.685 0.1000000015
5223  25.255  -63.428  18.980 0.1000000015
4712  23.936  -64.590  18.698 0.1000000015
4733  25.375  -65.816  17.946 0.1000000015
4244  25.542  -66.830  17.984 0.1000000015
4243  26.320  -66.594  17.666 0.1000000015
4242  27.141  -66.593  17.569 0.1000000015
117522  26.297  -67.168  18.539 0.1000000015
65  9.486  -80.821  40.432 0.1000000015
66  9.046  -80.658  40.432 0.1000000015
102143  8.563  -80.025  40.787 0.1000000015
124  7.910  -79.312  41.305 0.1000000015
245  7.297  -78.578  41.793 0.1000000015
7281  24.888  -59.331  20.405 0.2000000030
7754  24.879  -58.094  19.643 0.2000000030
7753  25.411  -58.690  19.498 0.2000000030
7271  24.465  -59.774  21.465 0.2000000030
6740  24.080  -60.342  21.771 0.2000000030
4510  30.580  -64.228  35.141 0.1000000015
6758  25.399  -60.234  20.052 0.2000000030
115755  25.287  -59.618  20.101 0.2000000030
6163  24.691  -60.957  20.199 0.2000000030
6760  23.438  -60.895  20.826 0.2000000030
6154  22.909  -60.758  21.672 0.2000000030
5699  26.599  -62.218  18.873 0.1000000015
115500  26.286  -60.807  19.339 0.1000000015
5685  25.670  -62.500  19.237 0.1000000015
5239  25.745  -64.398  18.361 0.1000000015
98438  27.118  -62.996  18.357 0.1000000015
114502  26.191  -65.359  17.797 0.1000000015
61  8.839  -80.550  41.385 0.1000000015
401  6.926  -77.879  42.168 0.1000000015
562  6.853  -77.230  41.987 0.1000000015
7762  25.605  -57.482  19.034 0.2000000030
100192  26.406  -57.473  18.979 0.2000000030
7763  25.016  -56.973  19.161 0.2000000030
7288  26.487  -59.107  18.845 0.1000000015
6764  26.805  -60.008  18.883 0.1000000015
6179  27.007  -61.049  18.856 0.1000000015
563  6.620  -76.540  42.286 0.1000000015
572  6.977  -76.666  41.347 0.1000000015
112350  6.683  -75.922  41.597 0.1000000015
117239  25.267  -56.220  20.977 0.2000000030
8801  25.358  -56.328  20.067 0.2000000030
8793  25.646  -56.725  21.457 0.2000000030
8269  24.458  -56.407  19.368 0.2000000030
7744  24.330  -58.154  20.493 0.2000000030
8254  26.153  -56.858  20.396 0.2000000030
8277  25.981  -56.949  18.983 0.2000000030
7745  24.126  -59.007  21.758 0.2000000030
7752  27.227  -57.746  19.458 0.2000000030
7263  24.023  -59.759  22.282 0.2000000030
6741  23.507  -60.202  22.612 0.2000000030
6753  21.962  -60.771  22.257 0.2000000030
98873  21.066  -60.979  21.854 0.2000000030
8794  25.013  -56.265  21.769 0.2000000030
101240  24.691  -55.900  20.467 0.2000000030
99458  23.967  -57.215  19.852 0.2000000030
8255  23.864  -57.960  21.263 0.2000000030
7722  23.029  -59.014  23.279 0.2000000030
6726  22.272  -60.144  23.691 0.2000000030
8235  24.837  -57.163  23.819 0.2000000030
106577  23.987  -55.700  19.340 0.2000000030
8270  23.643  -56.310  19.497 0.2000000030
104211  23.287  -57.247  20.479 0.2000000030
7735  22.910  -58.049  22.767 0.2000000030
8256  22.541  -57.315  21.405 0.2000000030
7723  22.211  -58.520  23.507 0.2000000030
9336  24.286  -55.780  21.736 0.2000000030
9351  23.588  -55.296  19.425 0.2000000030
8271  22.819  -56.395  19.917 0.2000000030
8785  24.443  -56.342  22.998 0.2000000030
9998  23.191  -54.811  19.930 0.2000000030
8814  23.364  -55.521  19.464 0.2000000030
106579  23.018  -54.981  19.656 0.2000000030
119099  22.028  -56.554  20.538 0.2000000030
100507  23.852  -55.684  22.705 0.2000000030
9337  23.486  -55.157  21.660 0.2000000030
9980  23.351  -55.087  23.044 0.2000000030
112334  22.765  -54.464  21.101 0.2000000030
10007  22.098  -54.069  20.246 0.2000000030
10000  21.643  -53.583  20.762 0.2000000030
10556  19.806  -53.265  23.466 0.2000000030
10566  19.061  -52.565  22.407 0.2000000030
10557  18.688  -52.928  23.423 0.1000000015
10568  16.968  -52.595  22.437 0.1000000015
9965  20.476  -53.947  24.323 0.1000000015
9966  19.467  -53.810  24.433 0.1000000015
10558  17.489  -52.691  23.378 0.1000000015
8744  21.895  -55.890  26.875 0.1000000015
9945  21.090  -54.475  25.026 0.2000000030
9305  20.682  -54.924  25.914 0.1000000015
9946  20.094  -54.467  25.201 0.1000000015
9967  18.471  -53.542  24.486 0.1000000015
9969  16.050  -53.100  24.032 0.2000000030
8729  21.888  -56.358  27.627 0.1000000015
9295  21.223  -55.544  26.553 0.1000000015
8745  21.286  -56.107  27.244 0.1000000015
8715  20.222  -56.107  28.148 0.1000000015
107796  20.186  -55.454  26.717 0.1000000015
9286  19.782  -55.694  27.555 0.1000000015
9306  19.717  -54.849  26.083 0.1000000015
9931  18.858  -54.646  26.195 0.1000000015
9948  18.260  -54.119  25.388 0.1000000015
9932  17.992  -54.433  26.264 0.2000000030
9949  17.230  -53.714  25.279 0.2000000030
11921  11.277  -50.302  49.654 0.1000000015
12507  10.638  -49.445  49.348 0.1000000015
7566  2.274  -59.854  40.264 0.1000000015
7548  3.064  -58.979  40.847 0.1000000015
8051  2.394  -58.249  41.679 0.1000000015
13234  7.281  -48.607  38.375 0.1000000015
98548  17.151  -76.855  26.640 0.1000000015
489  16.857  -77.011  26.668 0.1000000015
11303  8.433  -50.965  51.814 0.1000000015
11920  12.264  -50.223  49.756 0.1000000015
98103  12.653  -78.880  29.653 0.1000000015
325  12.313  -78.563  28.498 0.1000000015
495  14.392  -77.950  25.596 0.1000000015
338  12.507  -78.220  25.383 0.1000000015
690  17.414  -77.129  25.908 0.1000000015
351  15.888  -79.909  24.239 0.1000000015
105  16.423  -81.415  22.862 0.1000000015
118580  6.756  -77.923  43.650 0.1000000015
106917  25.908  -66.257  34.012 0.2000000030
2047  29.404  -71.304  40.401 0.1000000015
7239  22.379  -59.516  23.762 0.2000000030
8257  21.452  -57.057  21.447 0.2000000030
6141  21.309  -60.928  22.978 0.2000000030
109869  17.681  -53.381  24.555 0.2000000030
97583  12.897  -81.351  33.680 0.1000000015
4194  24.047  -65.645  21.089 0.2000000030
3720  22.951  -66.881  19.281 0.1000000015
103967  21.638  -64.112  18.961 0.1000000015
6166  22.408  -61.173  20.276 0.2000000030
484  11.943  -77.995  27.942 0.1000000015
885  18.366  -75.851  26.477 0.1000000015
115596  13.830  -77.244  27.344 0.1000000015
490  15.291  -77.102  26.813 0.1000000015
104482  16.152  -76.978  26.715 0.1000000015
639  14.022  -76.861  29.794 0.1000000015
650  16.033  -75.696  28.451 0.1000000015
868  16.383  -74.972  28.933 0.1000000015
901  18.139  -76.468  25.738 0.1000000015
105797  18.704  -75.755  25.941 0.1000000015
475  11.787  -78.093  30.618 0.1000000015
1110  17.934  -73.813  29.581 0.1000000015
98052  12.098  -78.471  32.334 0.1000000015
1792  27.359  -73.246  40.626 0.1000000015
1791  27.823  -73.415  40.395 0.1000000015
2066  29.536  -72.307  39.390 0.1000000015
2079  28.485  -71.306  38.065 0.1000000015
3072  30.790  -68.608  42.395 0.1000000015
2705  29.572  -69.371  40.175 0.1000000015
2706  28.625  -68.713  39.498 0.1000000015
2736  27.074  -68.992  36.955 0.2000000030
4497  25.907  -64.989  36.926 0.2000000030
4000  29.841  -66.287  41.492 0.1000000015
4713  23.019  -64.787  18.678 0.1000000015
4225  22.551  -66.305  18.927 0.1000000015
4734  24.435  -65.686  18.349 0.1000000015
4245  24.169  -66.583  18.489 0.1000000015
4208  25.055  -66.684  19.810 0.1000000015
3718  26.972  -67.357  18.144 0.1000000015
4224  26.926  -66.921  19.079 0.1000000015
6171  26.052  -61.598  19.367 0.1000000015
6765  26.080  -60.117  19.441 0.2000000030
6174  23.357  -61.793  19.755 0.1000000015
5240  24.834  -64.536  18.591 0.1000000015
118876  24.451  -60.215  21.320 0.2000000030
7280  25.805  -59.346  19.438 0.2000000030
7289  26.086  -58.286  18.938 0.2000000030
5238  26.748  -64.302  18.043 0.1000000015
8812  25.074  -56.528  19.242 0.2000000030
7292  27.990  -58.691  18.752 0.1000000015
7734  23.527  -58.619  22.426 0.2000000030
2555  22.161  -68.028  54.406 0.1000000015
100260  22.260  -67.453  54.355 0.1000000015
2946  20.703  -67.951  53.657 0.1000000015
2576  19.423  -69.070  53.491 0.1000000015
3389  21.067  -66.218  51.501 0.1000000015
2564  23.867  -68.435  53.874 0.1000000015
2554  23.464  -67.978  54.658 0.1000000015
110857  24.897  -68.478  51.946 0.1000000015
2934  23.102  -67.491  54.643 0.1000000015
2932  24.883  -67.621  54.619 0.1000000015
104908  24.243  -56.448  24.237 0.1000000015
2741  3.895  -68.969  35.561 0.1000000015
2720  3.872  -70.139  37.086 0.1000000015
8216  25.158  -57.878  26.673 0.1000000015
8224  24.568  -57.067  25.656 0.1000000015
8230  24.628  -57.161  24.791 0.1000000015
114276  25.348  -58.157  25.959 0.1000000015
8223  25.014  -57.692  25.358 0.1000000015
7708  25.525  -58.303  25.177 0.1000000015
8229  25.222  -57.757  24.528 0.1000000015
8244  25.206  -57.002  22.707 0.1000000015
8243  25.794  -57.474  22.458 0.1000000015
7743  26.906  -57.615  20.649 0.1000000015
3542  5.021  -67.399  36.369 0.1000000015
8207  24.871  -57.579  27.449 0.1000000015
8191  25.304  -57.810  28.225 0.1000000015
8772  23.732  -55.790  24.768 0.1000000015
8786  23.736  -55.666  23.774 0.1000000015
7687  25.646  -58.353  27.458 0.1000000015
9981  22.689  -54.451  23.342 0.1000000015
7697  25.905  -58.917  25.916 0.1000000015
7713  25.692  -58.304  24.414 0.1000000015
7721  25.600  -57.817  23.541 0.1000000015
7707  26.042  -58.864  24.877 0.1000000015
7712  26.153  -58.643  23.918 0.1000000015
101284  26.271  -57.498  21.619 0.1000000015
7238  26.660  -59.301  24.440 0.1000000015
7733  26.291  -58.240  22.804 0.1000000015
7732  26.784  -58.271  21.932 0.1000000015
7760  27.725  -58.266  19.013 0.1000000015
4977  7.449  -63.912  40.685 0.1000000015
4471  6.845  -64.304  39.858 0.1000000015
3129  3.527  -68.256  36.527 0.1000000015
4017  6.849  -65.208  38.253 0.1000000015
3127  5.642  -68.388  35.655 0.1000000015
8759  23.648  -55.867  25.603 0.1000000015
8758  24.139  -56.419  26.038 0.1000000015
9314  23.357  -55.192  24.495 0.1000000015
8208  24.199  -56.852  27.414 0.1000000015
117552  26.772  -58.686  22.636 0.1000000015
7742  27.288  -58.430  21.357 0.1000000015
7262  27.270  -59.034  22.328 0.1000000015
101547  27.604  -58.218  20.379 0.1000000015
3536  3.200  -67.444  37.267 0.1000000015
3535  3.835  -66.852  37.015 0.1000000015
3534  5.592  -66.557  37.021 0.1000000015
8193  23.642  -56.717  28.142 0.1000000015
8727  23.544  -56.402  27.207 0.1000000015
8742  23.539  -56.073  26.389 0.1000000015
9293  23.068  -55.445  25.985 0.1000000015
9315  22.823  -54.666  24.526 0.1000000015
103130  22.017  -53.794  22.994 0.1000000015
4029  4.145  -66.073  37.499 0.1000000015
4018  5.134  -65.368  38.264 0.1000000015
4028  6.198  -65.802  37.524 0.1000000015
8701  23.906  -56.889  28.958 0.1000000015
8743  22.764  -55.991  26.852 0.1000000015
9963  22.125  -54.141  23.878 0.1000000015
9982  21.505  -53.542  23.198 0.1000000015
9303  22.607  -54.898  25.449 0.1000000015
9294  22.264  -55.391  26.220 0.1000000015
12563  9.893  -49.908  45.204 0.1000000015
12561  11.598  -49.531  45.307 0.1000000015
11964  10.109  -51.000  46.058 0.1000000015
11355  8.551  -52.162  47.002 0.1000000015
10229  8.555  -53.143  47.774 0.1000000015
10793  7.871  -53.013  48.053 0.1000000015
11989  8.811  -50.683  45.668 0.1000000015
11371  9.067  -51.790  46.611 0.1000000015
12562  10.752  -49.689  45.279 0.1000000015
11988  9.617  -50.522  45.663 0.1000000015
13820  11.399  -47.849  43.543 0.1000000015
13174  11.222  -48.451  44.158 0.1000000015
11966  8.523  -51.194  46.150 0.1000000015
11372  8.214  -51.636  46.656 0.1000000015
116367  11.495  -47.560  43.144 0.1000000015
14490  11.849  -46.806  41.109 0.1000000015
9596  7.036  -54.152  48.646 0.1000000015
10216  6.547  -53.383  48.555 0.1000000015
9613  5.711  -54.696  47.693 0.1000000015
13163  9.223  -49.465  44.650 0.1000000015
13162  10.133  -49.274  44.704 0.1000000015
13821  10.474  -48.035  43.388 0.1000000015
13175  10.330  -48.640  44.119 0.1000000015
97668  10.678  -47.514  42.696 0.1000000015
14483  11.606  -47.078  41.914 0.1000000015
10794  6.990  -52.822  48.388 0.1000000015
10217  5.571  -53.177  48.404 0.1000000015
9598  5.170  -53.775  47.917 0.1000000015
9024  5.366  -55.183  46.959 0.1000000015
11967  7.690  -51.162  46.212 0.1000000015
11373  7.430  -51.484  46.825 0.1000000015
13822  9.591  -48.295  43.334 0.1000000015
13176  9.470  -48.826  44.088 0.1000000015
12564  9.032  -50.117  45.191 0.1000000015
13186  8.921  -48.494  43.387 0.1000000015
104035  4.945  -54.412  47.277 0.1000000015
8496  4.831  -55.940  45.881 0.1000000015
8513  4.151  -56.542  45.509 0.1000000015
113248  8.312  -50.323  45.260 0.1000000015
11951  6.501  -51.305  46.934 0.1000000015
107404  8.437  -48.964  43.857 0.1000000015
11344  6.487  -52.055  48.198 0.1000000015
13187  8.041  -48.328  42.692 0.1000000015
9025  4.256  -54.758  46.655 0.1000000015
12565  7.451  -50.228  45.118 0.1000000015
12575  8.186  -49.760  44.649 0.1000000015
3541  6.505  -67.288  36.255 0.1000000015
13860  14.680  -47.374  40.443 0.1000000015
2248  19.670  -69.002  54.270 0.1000000015
2935  21.404  -67.885  54.188 0.1000000015
2256  19.124  -69.393  51.826 0.1000000015
9990  22.247  -53.965  22.068 0.1000000015
9983  20.798  -53.409  23.416 0.1000000015
9944  22.058  -54.438  24.825 0.1000000015
2945  21.407  -66.910  53.425 0.1000000015
2575  20.238  -68.144  52.525 0.1000000015
2955  20.933  -67.040  52.496 0.1000000015
114439  26.472  -65.955  32.551 0.1000000015
4058  26.254  -65.766  33.318 0.1000000015
4068  26.905  -65.189  32.828 0.1000000015
4057  26.745  -64.890  33.617 0.1000000015
110313  26.290  -65.476  34.206 0.1000000015
4041  26.209  -65.284  35.100 0.1000000015
100142  27.835  -63.856  34.039 0.1000000015
4513  27.211  -63.900  34.889 0.1000000015
116055  28.355  -63.241  35.875 0.1000000015
4504  26.526  -64.456  35.410 0.1000000015
4496  26.350  -64.357  36.366 0.1000000015
4493  25.820  -64.827  37.765 0.1000000015
4021  25.971  -65.476  38.657 0.1000000015
5002  27.635  -63.500  35.754 0.1000000015
5003  26.886  -63.835  35.889 0.1000000015
4995  26.647  -63.706  36.808 0.1000000015
4492  26.141  -64.243  37.299 0.1000000015
4486  26.013  -64.117  38.160 0.1000000015
4487  25.882  -64.770  38.485 0.1000000015
3522  26.930  -66.336  39.517 0.1000000015
4010  26.389  -65.544  39.367 0.1000000015
4987  26.352  -63.372  38.553 0.1000000015
4475  26.100  -64.111  39.079 0.1000000015
4469  26.508  -63.912  39.783 0.1000000015
97665  1.056  -55.190  60.920 0.1000000015
8903  3.606  -54.964  60.202 0.1000000015
9468  4.829  -54.871  59.865 0.1000000015
9467  5.877  -54.639  59.641 0.1000000015
9480  2.307  -54.831  59.832 0.1000000015
8912  1.792  -54.668  58.836 0.1000000015
9466  6.990  -54.167  60.117 0.1000000015
98966  5.139  -54.803  58.995 0.1000000015
9479  4.147  -54.657  58.429 0.1000000015
100067  3.010  -54.648  58.837 0.1000000015
9491  2.847  -54.375  57.903 0.1000000015
9465  7.880  -54.001  60.080 0.1000000015
98853  6.415  -54.416  58.915 0.1000000015
100311  7.585  -53.939  59.253 0.1000000015
9478  5.348  -54.623  58.147 0.1000000015
9476  7.929  -53.549  58.682 0.1000000015
9477  7.282  -53.759  58.430 0.1000000015
9489  5.543  -54.325  57.341 0.1000000015
10117  8.142  -53.425  58.197 0.1000000015
10128  7.832  -53.254  57.825 0.1000000015
10134  8.376  -53.164  57.451 0.1000000015
10129  7.090  -53.214  56.888 0.1000000015
9499  5.875  -53.900  56.676 0.1000000015
99074  8.439  -52.802  56.707 0.1000000015
10135  8.019  -52.705  57.014 0.1000000015
10136  6.219  -53.191  56.207 0.1000000015
10146  8.084  -52.393  56.288 0.1000000015
10147  6.498  -52.598  55.795 0.1000000015
10145  8.551  -52.591  55.926 0.1000000015
10718  7.407  -52.162  55.593 0.1000000015
10719  6.017  -52.202  55.387 0.1000000015
10717  8.165  -52.080  55.574 0.1000000015
106485  18.852  -51.830  28.636 0.1000000015
11068  19.096  -52.338  29.178 0.1000000015
10726  8.336  -51.815  54.884 0.1000000015
10549  10.812  -53.390  25.469 0.1000000015
11652  18.056  -51.335  27.806 0.1000000015
113631  16.436  -51.514  27.597 0.1000000015
11084  15.156  -52.914  27.953 0.1000000015
11086  13.105  -52.383  27.086 0.1000000015
11650  20.111  -51.150  27.819 0.1000000015
11651  19.074  -51.317  27.887 0.1000000015
11630  17.393  -52.104  28.501 0.1000000015
11655  13.945  -52.273  27.352 0.1000000015
12203  20.944  -50.976  27.927 0.1000000015
11628  19.656  -51.643  28.539 0.1000000015
114002  20.801  -51.636  28.888 0.1000000015
11603  20.195  -51.976  29.178 0.1000000015
11047  18.786  -53.195  29.511 0.1000000015
10505  18.364  -53.922  29.426 0.1000000015
10727  7.834  -51.656  55.033 0.1000000015
10737  8.063  -51.322  54.402 0.1000000015
11664  12.486  -51.672  26.425 0.1000000015
11671  11.160  -51.758  25.459 0.1000000015
11662  14.359  -51.420  26.912 0.1000000015
11663  13.460  -51.507  26.685 0.1000000015
11661  15.201  -51.306  27.102 0.1000000015
12227  18.685  -50.765  27.189 0.1000000015
12202  21.664  -50.675  28.222 0.1000000015
12181  22.495  -50.746  29.363 0.1000000015
12182  22.023  -51.033  28.909 0.1000000015
11602  21.702  -51.521  29.293 0.1000000015
11020  21.679  -52.188  29.908 0.1000000015
11045  20.641  -52.502  29.776 0.1000000015
10503  20.230  -53.332  30.141 0.1000000015
9269  18.822  -54.502  29.318 0.1000000015
106448  18.338  -54.785  28.007 0.1000000015
11672  10.532  -51.574  25.255 0.1000000015
102393  14.748  -50.692  26.428 0.1000000015
11670  11.962  -51.165  25.273 0.1000000015
12228  17.712  -50.791  27.191 0.1000000015
12242  15.594  -50.609  26.550 0.1000000015
105580  12.496  -50.403  24.987 0.1000000015
12776  21.563  -49.700  27.150 0.1000000015
12225  20.543  -50.621  27.267 0.1000000015
12238  19.274  -50.343  26.501 0.1000000015
13365  22.639  -48.561  28.142 0.1000000015
12762  21.943  -49.971  27.886 0.1000000015
12224  21.301  -50.371  27.499 0.1000000015
13355  22.848  -48.814  28.765 0.1000000015
12201  22.338  -50.239  28.738 0.1000000015
13354  23.270  -48.602  29.408 0.1000000015
12742  23.380  -49.346  30.012 0.1000000015
11601  22.332  -51.376  29.683 0.1000000015
11021  21.127  -53.002  30.225 0.1000000015
9918  17.737  -54.572  27.290 0.1000000015
12794  15.978  -50.097  25.963 0.1000000015
12249  15.152  -50.130  25.865 0.1000000015
12805  13.797  -49.605  24.892 0.1000000015
12777  20.917  -50.091  26.785 0.1000000015
12790  19.775  -49.923  25.988 0.1000000015
12793  16.785  -49.962  25.984 0.1000000015
14001  22.882  -47.729  28.048 0.1000000015
13376  21.789  -48.928  26.842 0.1000000015
12789  20.505  -49.735  26.170 0.1000000015
14000  23.366  -47.256  28.670 0.1000000015
13990  23.655  -47.621  29.522 0.1000000015
109074  16.279  -49.593  25.532 0.1000000015
12791  18.848  -49.851  25.864 0.1000000015
13405  16.095  -48.990  24.825 0.1000000015
13375  22.378  -48.201  27.327 0.1000000015
13389  21.379  -48.703  26.099 0.1000000015
12799  20.111  -49.372  25.612 0.1000000015
12800  18.791  -49.194  25.281 0.1000000015
12802  16.960  -49.349  25.386 0.1000000015
14637  23.852  -46.751  29.204 0.1000000015
12788  20.755  -49.069  25.792 0.1000000015
12812  15.141  -48.990  24.608 0.1000000015
14011  22.736  -47.408  27.428 0.1000000015
13402  18.991  -48.687  24.587 0.1000000015
12801  17.838  -49.113  25.220 0.1000000015
13404  16.993  -48.803  24.661 0.1000000015
14648  23.599  -46.468  28.417 0.1000000015
13401  20.323  -48.741  25.124 0.1000000015
14017  22.380  -47.428  26.724 0.1000000015
14018  21.661  -48.021  25.863 0.1000000015
13413  18.162  -48.373  24.007 0.1000000015
13414  17.142  -48.373  23.855 0.1000000015
14647  24.101  -45.986  28.909 0.1000000015
14656  22.915  -46.777  27.128 0.1000000015
14661  22.573  -46.576  26.408 0.1000000015
13400  21.008  -48.300  25.304 0.1000000015
13412  19.084  -48.211  23.841 0.1000000015
14046  20.475  -47.551  23.917 0.1000000015
13425  19.062  -47.699  23.226 0.1000000015
15948  24.550  -44.236  28.105 0.1000000015
15306  23.852  -45.671  28.070 0.1000000015
15315  23.646  -45.452  27.201 0.1000000015
14667  22.265  -46.340  25.655 0.1000000015
14045  21.052  -47.486  24.589 0.1000000015
15305  24.477  -45.126  28.598 0.1000000015
14055  20.121  -47.194  23.160 0.1000000015
15314  24.126  -44.850  27.616 0.1000000015
15327  22.487  -45.522  25.357 0.1000000015
14681  21.434  -46.667  24.341 0.1000000015
104773  26.307  -42.846  29.377 0.1000000015
16548  25.683  -42.965  29.025 0.1000000015
14056  19.360  -47.266  22.761 0.1000000015
11345  5.490  -51.930  48.098 0.1000000015
12566  6.086  -50.139  44.853 0.1000000015
16589  24.645  -43.388  27.823 0.1000000015
15965  24.284  -43.992  27.147 0.1000000015
15966  23.878  -44.662  26.807 0.1000000015
14680  22.002  -46.110  24.858 0.1000000015
14692  20.350  -46.510  22.813 0.1000000015
15333  21.670  -45.862  24.002 0.1000000015
100510  21.034  -46.143  23.361 0.1000000015
14693  19.582  -46.655  22.311 0.1000000015
14671  16.967  -46.278  24.795 0.1000000015
14036  16.601  -46.762  25.427 0.1000000015
15970  23.642  -44.468  26.103 0.1000000015
15326  23.135  -45.003  25.713 0.1000000015
15974  23.373  -44.153  25.399 0.1000000015
15975  22.765  -44.708  24.996 0.1000000015
14701  19.777  -45.933  21.952 0.1000000015
102593  17.546  -45.573  21.935 0.1000000015
14683  16.864  -45.663  23.855 0.1000000015
17245  24.319  -42.727  26.560 0.1000000015
17224  24.570  -42.685  27.365 0.1000000015
16602  23.858  -43.696  25.884 0.1000000015
15342  21.379  -45.177  23.088 0.1000000015
15352  19.913  -45.099  21.577 0.1000000015
14710  18.793  -45.315  21.216 0.1000000015
15354  17.858  -44.939  21.753 0.1000000015
13392  16.810  -47.887  26.848 0.1000000015
12780  16.698  -48.836  28.057 0.1000000015
14035  17.600  -46.909  25.531 0.1000000015
13379  17.347  -48.490  27.550 0.1000000015
14022  17.198  -47.380  26.226 0.1000000015
14021  18.149  -47.426  26.299 0.1000000015
15345  17.913  -44.952  22.916 0.1000000015
100027  17.926  -49.331  28.603 0.1000000015
13378  18.335  -48.380  27.526 0.1000000015
15122  19.446  -45.635  44.923 0.1000000015
12184  18.221  -50.283  29.849 0.1000000015
12764  18.704  -49.040  28.667 0.1000000015
12183  18.935  -50.089  30.098 0.1000000015
107369  19.509  -48.608  28.702 0.1000000015
15123  18.938  -45.692  44.163 0.1000000015
14471  17.446  -45.780  43.088 0.1000000015
15246  17.895  -45.508  32.211 0.1000000015
12172  19.190  -49.970  30.629 0.1000000015
12162  18.731  -50.443  31.259 0.1000000015
13356  19.835  -48.928  29.652 0.1000000015
12744  19.700  -49.189  30.502 0.1000000015
13319  15.781  -48.885  32.145 0.1000000015
111143  14.763  -49.103  32.200 0.1000000015
15886  17.363  -44.900  31.779 0.1000000015
15887  16.544  -44.885  31.853 0.1000000015
13991  20.524  -47.926  29.783 0.1000000015
108338  19.561  -48.230  31.338 0.1000000015
12736  19.134  -49.271  31.631 0.1000000015
14650  20.931  -46.846  29.420 0.1000000015
110126  20.701  -47.387  29.817 0.1000000015
110329  19.006  -48.495  31.737 0.1000000015
110791  18.250  -48.465  31.946 0.1000000015
108424  15.895  -48.258  31.682 0.1000000015
13349  20.256  -48.464  30.094 0.1000000015
13961  19.178  -47.778  31.508 0.1000000015
14638  21.154  -46.143  29.858 0.1000000015
14619  19.738  -46.588  30.917 0.1000000015
13962  18.276  -47.720  31.600 0.1000000015
114540  16.494  -47.718  31.421 0.1000000015
111524  14.550  -47.683  31.281 0.1000000015
105139  18.994  -46.190  30.839 0.1000000015
14621  17.220  -46.310  30.515 0.1000000015
13964  15.905  -47.014  30.820 0.1000000015
15286  17.291  -45.119  29.794 0.1000000015
15270  15.825  -45.566  30.070 0.1000000015
15271  14.817  -45.693  30.181 0.1000000015
10550  10.108  -53.326  25.013 0.1000000015
15230  18.510  -45.946  32.967 0.1000000015
8897  2.451  -55.061  61.796 0.1000000015
116315  1.053  -54.927  58.799 0.1000000015
15131  18.623  -45.390  43.347 0.1000000015
13982  14.031  -47.060  30.909 0.1000000015
12804  14.679  -49.532  25.152 0.1000000015
13427  17.388  -47.794  23.237 0.1000000015
14702  19.091  -45.993  21.547 0.1000000015
12721  17.353  -49.481  32.500 0.1000000015
15287  16.485  -45.037  29.740 0.1000000015
15288  15.105  -45.034  29.772 0.1000000015
103613  17.860  -44.506  29.547 0.1000000015
13335  15.088  -48.331  31.678 0.1000000015
103934  27.162  -64.263  33.983 0.1000000015
4514  26.641  -64.646  34.492 0.1000000015
111868  2.357  -54.976  60.864 0.1000000015
99282  3.922  -54.858  59.318 0.1000000015
109531  16.848  -50.939  27.120 0.1000000015
12244  12.900  -50.899  25.818 0.1000000015
12243  13.859  -50.769  26.186 0.1000000015
12240  17.296  -50.365  26.552 0.1000000015
12239  18.261  -50.312  26.529 0.1000000015
12775  22.143  -49.151  27.608 0.1000000015
109641  23.380  -46.228  27.581 0.1000000015
13411  20.452  -48.124  24.478 0.1000000015
14033  21.493  -47.644  25.335 0.1000000015
14660  23.149  -46.017  26.794 0.1000000015
14668  21.747  -46.933  25.112 0.1000000015
15320  23.419  -45.238  26.434 0.1000000015
116496  21.262  -46.441  23.862 0.1000000015
17187  26.013  -42.202  29.123 0.1000000015
16595  24.406  -43.257  27.036 0.1000000015
15341  22.009  -45.041  23.824 0.1000000015
15336  17.929  -45.532  23.902 0.1000000015
13367  18.781  -48.621  28.137 0.1000000015
12763  19.266  -49.192  29.245 0.1000000015
13366  20.248  -48.260  29.308 0.1000000015
101055  19.506  -45.221  44.277 0.1000000015
13318  16.733  -48.661  32.048 0.1000000015
14012  20.689  -46.917  28.359 0.1000000015
13979  20.448  -47.685  30.395 0.1000000015
109972  20.753  -46.759  30.221 0.1000000015
13963  17.329  -47.487  31.345 0.1000000015
104231  15.477  -47.652  31.305 0.1000000015
14605  18.898  -46.964  31.236 0.1000000015
15266  19.632  -45.695  30.582 0.1000000015
14606  17.734  -46.940  31.008 0.1000000015
14607  16.806  -46.967  30.856 0.1000000015
13981  14.969  -47.031  30.842 0.1000000015
15267  18.510  -45.641  30.376 0.1000000015
14620  18.132  -46.279  30.677 0.1000000015
15918  18.861  -44.904  30.030 0.1000000015
15269  16.802  -45.677  30.103 0.1000000015
14622  16.319  -46.308  30.453 0.1000000015
15268  17.644  -45.698  30.217 0.1000000015
14623  15.382  -46.325  30.486 0.1000000015
0  12.407  -81.192  45.201 0.5000000000
3  12.765  -81.194  45.108 0.5000000000
6  13.079  -81.282  44.588 0.4000000060
7  13.188  -81.319  44.120 0.4000000060
12  11.373  -81.171  42.983 0.3000000119
14  9.509  -81.003  42.300 0.2000000030
15  8.972  -80.676  42.077 0.2000000030
16  9.831  -81.026  41.667 0.2000000030
19  18.278  -82.229  34.500 0.8999999762
22  18.103  -82.004  33.992 0.8999999762
24  18.163  -81.714  33.160 0.8999999762
28  16.479  -81.506  30.632 0.6999999881
32  18.593  -81.319  28.826 0.6000000238
35  18.008  -81.211  28.533 0.6000000238
38  12.437  -81.068  45.484 0.5000000000
39  11.592  -80.286  45.558 0.6999999881
42  9.015  -79.645  45.208 0.8000000119
44  10.012  -80.774  44.599 0.3000000119
47  13.604  -81.065  43.684 0.4000000060
56  13.594  -80.245  41.453 0.2000000030
60  9.364  -80.959  40.998 0.1000000015
63  13.851  -80.275  40.842 0.2000000030
64  10.250  -80.741  40.727 0.1000000015
67  19.186  -80.284  39.099 1.0000000000
71  9.203  -80.571  39.784 0.1000000015
73  19.283  -80.522  38.515 1.0000000000
74  19.033  -80.696  38.198 1.0000000000
79  18.882  -81.083  37.352 0.8999999762
84  17.814  -81.821  34.542 0.8999999762
89  19.024  -81.089  33.091 0.8999999762
90  17.267  -81.240  32.751 0.8999999762
98  15.598  -81.352  30.311 0.8999999762
100  18.620  -81.088  28.475 0.6000000238
106  16.495  -81.298  23.533 0.1000000015
108  9.072  -78.672  46.382 0.8000000119
110  10.982  -79.256  45.765 0.6999999881
118  13.545  -80.701  43.705 0.4000000060
119  13.067  -80.088  44.145 0.5000000000
122  7.937  -79.815  42.606 0.2000000030
123  8.214  -79.878  41.799 0.1000000015
125  19.690  -79.138  40.014 0.8999999762
128  14.342  -79.718  40.777 0.3000000119
131  8.183  -79.439  40.286 0.1000000015
134  14.092  -80.654  39.496 0.3000000119
136  11.370  -79.787  39.832 0.1000000015
137  10.142  -80.310  39.561 0.1000000015
146  8.577  -79.887  38.613 0.1000000015
148  19.890  -80.428  38.042 1.0000000000
152  18.529  -80.317  37.421 0.8999999762
163  25.972  -79.922  31.688 0.8999999762
164  25.642  -79.991  32.167 0.8999999762
190  16.291  -80.103  24.745 0.1000000015
193  16.757  -80.868  24.317 0.1000000015
200  19.354  -81.085  20.414 0.2000000030
205  19.902  -80.968  19.639 0.1000000015
213  23.712  -79.617  18.510 0.2000000030
215  21.285  -79.601  18.664 0.1000000015
217  23.010  -79.388  17.917 0.2000000030
222  7.134  -78.168  46.398 0.8000000119
227  7.008  -78.742  45.209 0.4000000060
228  19.422  -78.388  43.062 0.6000000238
232  7.145  -79.023  43.515 0.4000000060
234  19.298  -78.587  42.444 0.8000000119
241  19.164  -78.719  41.612 0.8999999762
249  19.202  -78.928  40.429 0.8999999762
255  20.514  -78.865  39.671 0.8999999762
262  23.881  -78.250  37.950 0.8999999762
265  18.648  -79.179  38.381 1.0000000000
268  12.952  -78.548  37.949 0.1000000015
281  24.154  -78.412  36.614 0.8999999762
293  25.007  -78.137  35.182 0.8000000119
327  24.358  -79.873  27.832 0.6000000238
332  11.937  -78.203  27.164 0.2000000030
337  13.785  -78.499  25.837 0.1000000015
339  11.752  -77.979  25.432 0.1000000015
342  13.057  -78.053  25.099 0.1000000015
343  12.857  -77.995  25.091 0.1000000015
344  12.253  -77.987  25.064 0.1000000015
345  11.966  -77.956  25.151 0.1000000015
348  12.725  -77.998  25.066 0.1000000015
349  12.270  -77.961  25.025 0.1000000015
355  15.908  -79.574  23.951 0.1000000015
373  8.552  -77.793  46.800 0.8000000119
374  6.962  -77.750  47.295 0.8000000119
377  9.506  -77.892  46.340 0.6999999881
380  17.985  -78.747  44.502 0.5000000000
381  17.633  -78.837  44.608 0.6000000238
387  12.031  -77.869  43.217 0.8999999762
405  18.480  -78.172  41.174 0.6999999881
409  22.534  -77.548  40.424 0.8000000119
410  21.956  -77.650  40.905 0.8000000119
416  23.066  -77.622  39.742 0.8999999762
418  18.802  -78.626  39.943 0.8000000119
446  24.137  -77.530  35.945 0.8000000119
447  18.717  -77.722  35.353 0.8999999762
459  18.120  -77.944  32.925 0.8999999762
460  17.634  -77.788  32.427 0.8999999762
461  16.847  -77.368  32.185 0.8000000119
462  14.524  -78.329  31.862 0.5000000000
491  11.730  -77.985  26.326 0.1000000015
492  25.122  -78.900  26.845 0.8000000119
496  12.109  -77.817  25.344 0.1000000015
499  23.372  -78.776  25.925 0.5000000000
500  13.240  -78.018  25.288 0.1000000015
501  12.917  -78.005  25.082 0.1000000015
505  30.315  -78.376  23.723 0.8000000119
536  16.563  -77.509  46.870 0.5000000000
547  18.945  -77.658  44.890 0.5000000000
553  9.237  -75.961  43.796 0.8999999762
564  22.889  -76.589  41.855 0.8000000119
570  11.533  -76.083  41.771 0.8999999762
575  14.967  -76.236  40.799 1.0000000000
584  23.392  -76.476  39.190 0.8000000119
598  23.131  -76.422  35.623 0.6999999881
601  15.970  -77.217  36.390 0.6999999881
613  18.687  -76.278  34.421 0.8999999762
618  24.121  -77.205  33.532 0.8999999762
620  18.104  -76.653  33.181 0.8999999762
635  31.943  -76.311  31.006 0.6000000238
665  31.203  -76.772  28.282 0.8000000119
674  18.551  -76.814  26.685 0.2000000030
689  18.103  -77.091  25.986 0.2000000030
716  31.526  -76.082  20.337 1.0000000000
717  30.300  -77.284  21.651 0.8000000119
721  32.495  -75.705  19.675 1.0000000000
732  28.567  -75.794  17.046 0.3000000119
740  15.713  -75.974  49.331 0.5000000000
741  14.998  -76.096  49.174 0.5000000000
748  15.809  -77.183  48.062 0.5000000000
750  14.457  -76.396  48.251 0.5000000000
752  18.856  -76.303  46.514 0.5000000000
754  15.725  -77.501  47.028 0.5000000000
756  14.881  -75.907  47.722 0.5000000000
758  21.805  -75.312  44.825 0.5000000000
761  15.957  -77.402  46.206 0.5000000000
763  6.846  -75.445  47.590 1.0000000000
770  22.847  -75.493  43.808 0.6999999881
772  18.337  -76.518  43.550 0.6999999881
777  9.542  -76.046  42.868 0.8999999762
782  11.699  -75.360  41.212 0.8999999762
783  10.134  -75.768  42.253 0.8999999762
785  23.072  -76.396  41.609 0.8000000119
787  14.732  -75.676  40.779 1.0000000000
790  12.235  -74.886  40.757 0.8999999762
795  19.405  -75.809  39.645 0.8000000119
800  19.455  -75.477  38.839 0.8000000119
806  19.510  -75.036  37.372 0.8999999762
821  22.710  -75.461  35.338 0.6999999881
822  19.172  -75.325  35.441 0.8999999762
823  18.874  -75.639  34.826 0.8999999762
840  17.078  -76.148  33.150 0.8999999762
846  32.998  -74.949  32.241 0.5000000000
847  32.471  -75.091  32.471 0.5000000000
856  32.042  -75.743  31.802 0.6000000238
857  31.746  -75.800  31.382 0.6000000238
863  32.849  -75.855  30.517 0.6000000238
881  30.257  -76.795  28.238 0.6999999881
893  34.046  -74.912  26.287 0.6000000238
908  24.693  -76.616  24.155 0.6000000238
916  27.043  -76.388  23.124 0.6999999881
924  28.440  -76.178  22.095 0.5000000000
930  20.796  -75.425  22.693 0.1000000015
931  33.108  -75.362  19.626 1.0000000000
941  32.907  -75.183  19.100 1.0000000000
942  32.796  -75.231  19.075 1.0000000000
943  32.410  -75.248  19.136 1.0000000000
951  32.772  -75.133  18.967 0.8999999762
952  32.752  -75.137  18.952 1.0000000000
961  29.224  -75.057  16.759 0.3000000119
965  10.282  -73.978  51.486 0.2000000030
967  14.791  -73.862  51.060 0.4000000060
968  14.092  -73.914  51.025 0.3000000119
971  11.434  -74.041  51.223 0.2000000030
972  9.824  -74.184  51.278 0.2000000030
973  9.047  -74.034  51.222 0.2000000030
977  13.799  -74.443  50.446 0.3000000119
981  9.024  -74.154  50.881 0.3000000119
991  17.695  -74.647  48.352 0.5000000000
993  14.576  -75.598  48.901 0.5000000000
995  12.129  -74.246  49.108 0.3000000119
997  10.349  -74.141  49.445 0.3000000119
999  19.773  -73.939  46.810 0.5000000000
1003  20.714  -74.557  45.922 0.5000000000
1010  5.355  -74.706  46.663 1.0000000000
1022  23.334  -75.111  43.215 0.8000000119
1029  11.996  -74.146  40.742 0.8999999762
1030  10.989  -74.736  41.432 0.8999999762
1045  15.324  -74.879  39.789 1.0000000000
1050  16.064  -73.872  38.490 1.0000000000
1051  15.728  -74.341  39.053 1.0000000000
1060  19.462  -74.527  36.670 0.8999999762
1067  19.347  -74.517  35.913 0.8999999762
1074  22.369  -74.229  34.583 0.8000000119
1075  18.223  -74.704  34.526 0.8999999762
1077  17.157  -74.789  34.691 1.0000000000
1083  17.645  -75.006  34.289 0.8999999762
1105  32.748  -74.775  32.337 0.5000000000
1115  33.413  -74.912  31.437 0.5000000000
1121  17.566  -74.233  29.156 0.1000000015
1124  33.795  -74.989  30.202 0.5000000000
1131  18.952  -74.299  28.072 0.1000000015
1140  33.920  -74.806  26.255 0.5000000000
1145  20.022  -74.814  25.890 0.1000000015
1146  18.881  -75.513  26.377 0.1000000015
1165  14.542  -75.821  23.000 0.1000000015
1167  12.641  -75.489  23.595 0.1000000015
1171  24.961  -75.517  23.211 0.5000000000
1183  32.572  -74.867  19.147 0.8999999762
1189  26.234  -75.286  21.457 0.3000000119
1192  32.540  -75.117  18.935 0.6999999881
1208  10.355  -73.770  51.543 0.2000000030
1209  9.972  -73.472  51.523 0.2000000030
1210  16.013  -72.777  51.668 0.3000000119
1214  12.853  -73.398  51.368 0.3000000119
1216  9.020  -73.688  51.271 0.2000000030
1219  8.517  -73.813  50.973 0.2000000030
1227  14.179  -74.667  48.761 0.5000000000
1230  11.619  -73.807  48.532 0.3000000119
1237  13.448  -73.108  47.471 0.4000000060
1240  21.422  -73.498  45.910 0.5000000000
1244  16.262  -73.022  46.971 0.4000000060
1248  6.883  -73.385  46.727 0.8999999762
1249  4.940  -73.520  46.576 1.0000000000
1252  22.169  -73.851  44.772 0.6000000238
1253  18.980  -73.630  44.254 0.6000000238
1259  22.160  -73.200  44.093 0.6000000238
1262  7.671  -72.746  44.639 0.8999999762
1267  10.098  -72.927  42.233 0.8999999762
1271  22.795  -74.578  42.409 0.8000000119
1278  5.179  -73.483  41.208 0.6000000238
1284  12.546  -73.508  40.551 0.8999999762
1294  15.076  -73.602  40.127 1.0000000000
1297  19.510  -73.293  38.785 0.8000000119
1299  15.959  -73.478  39.187 1.0000000000
1302  22.392  -73.416  37.083 0.8000000119
1326  22.084  -73.456  34.544 0.6999999881
1327  18.056  -74.081  35.000 0.8999999762
1340  22.403  -73.700  32.592 0.6000000238
1348  32.572  -74.694  32.428 0.5000000000
1351  17.209  -73.221  31.202 0.1000000015
1358  32.205  -74.228  31.810 0.5000000000
1417  11.775  -75.425  24.041 0.1000000015
1454  10.738  -73.395  51.579 0.2000000030
1457  15.723  -72.093  52.237 0.3000000119
1461  11.558  -72.914  51.636 0.2000000030
1465  17.189  -72.385  51.820 0.3000000119
1471  8.422  -72.631  50.054 0.2000000030
1472  20.792  -72.153  48.038 0.5000000000
1476  9.216  -72.644  49.206 0.3000000119
1481  14.273  -72.673  46.424 0.4000000060
1484  11.375  -72.838  47.572 0.3000000119
1489  13.095  -72.558  45.914 0.4000000060
1492  18.262  -72.338  45.511 0.5000000000
1494  13.944  -72.270  45.006 0.5000000000
1495  13.399  -72.308  45.431 0.5000000000
1496  12.859  -72.176  45.641 0.5000000000
1499  5.326  -72.572  46.778 1.0000000000
1500  4.446  -72.541  46.547 1.0000000000
1502  19.102  -72.589  44.201 0.6999999881
1509  4.206  -72.438  44.178 0.8000000119
1514  8.784  -72.649  42.890 0.8999999762
1518  10.765  -72.421  41.841 0.8999999762
1520  28.625  -73.624  39.834 0.1000000015
1522  27.605  -73.930  39.521 0.1000000015
1535  22.232  -72.184  39.605 0.6999999881
1539  15.103  -72.837  39.799 1.0000000000
1540  14.335  -72.186  39.664 1.0000000000
1543  28.580  -74.040  38.604 0.1000000015
1545  27.742  -74.100  38.354 0.1000000015
1547  19.522  -72.411  38.457 0.8000000119
1548  16.509  -72.332  37.884 1.0000000000
1549  16.240  -72.797  38.824 1.0000000000
1551  28.208  -73.649  37.820 0.1000000015
1556  17.028  -71.793  37.267 1.0000000000
1561  18.618  -72.321  36.382 1.0000000000
1562  17.835  -72.306  36.365 1.0000000000
1569  22.219  -72.735  36.001 0.8999999762
1580  21.661  -72.636  34.350 0.5000000000
1587  21.584  -72.383  32.707 0.4000000060
1610  31.365  -72.873  30.532 0.4000000060
1611  22.184  -72.519  30.624 0.6000000238
1636  23.394  -72.570  27.911 0.8000000119
1644  24.635  -72.482  27.286 0.8000000119
1690  12.288  -74.225  23.101 0.1000000015
1708  20.271  -71.113  51.677 0.3000000119
1714  14.392  -71.936  52.053 0.3000000119
1716  12.458  -72.144  51.793 0.2000000030
1724  15.511  -71.572  51.767 0.1000000015
1726  13.767  -71.665  51.565 0.2000000030
1728  11.144  -71.374  50.911 0.2000000030
1729  9.622  -71.717  50.754 0.2000000030
1739  8.946  -71.570  49.078 0.2000000030
1742  10.916  -71.656  47.218 0.3000000119
1746  16.540  -71.855  46.051 0.5000000000
1747  15.458  -72.274  45.647 0.5000000000
1748  12.227  -71.870  46.107 0.4000000060
1758  4.286  -72.089  47.041 0.8999999762
1761  18.940  -71.796  44.022 0.6000000238
1768  3.623  -71.519  45.107 1.0000000000
1770  26.388  -72.094  43.719 0.2000000030
1773  8.354  -72.088  43.174 0.8999999762
1774  7.546  -71.302  43.927 0.8999999762
1777  19.321  -71.297  42.523 0.6999999881
1780  8.904  -71.076  42.950 0.8999999762
1787  11.766  -71.417  41.534 0.8999999762
1788  11.196  -71.743  41.736 0.8999999762
1794  19.640  -71.062  39.981 0.8000000119
1801  4.045  -71.992  38.231 0.2000000030
1802  29.067  -73.466  39.360 0.1000000015
1808  15.497  -71.264  39.412 1.0000000000
1817  27.153  -73.008  37.363 0.1000000015
1820  17.536  -70.731  38.174 1.0000000000
1827  18.538  -71.341  37.238 0.8999999762
1832  18.220  -71.745  36.711 1.0000000000
1858  21.558  -71.692  32.416 0.5000000000
1886  25.651  -71.123  29.113 0.4000000060
1888  22.607  -71.183  29.519 0.5000000000
1899  25.250  -71.430  28.327 0.6000000238
1938  26.030  -71.766  24.142 0.8000000119
1969  22.161  -71.842  19.754 0.5000000000
1970  19.719  -70.184  53.047 0.3000000119
1971  19.179  -70.396  53.099 0.3000000119
1972  18.815  -70.294  53.060 0.2000000030
1988  21.229  -70.933  49.739 0.4000000060
1998  21.532  -71.017  47.905 0.4000000060
2003  11.888  -69.789  46.426 0.4000000060
2007  21.493  -70.178  45.639 0.6000000238
2014  27.257  -71.237  44.623 0.1000000015
2015  27.001  -71.562  44.728 0.2000000030
2018  17.684  -71.106  43.865 0.6000000238
2019  16.562  -71.248  43.658 0.5000000000
2021  14.796  -71.252  44.308 0.4000000060
2030  17.166  -70.595  43.383 0.5000000000
2031  16.457  -70.403  43.384 0.5000000000
2033  8.129  -70.761  43.470 0.8000000119
2043  9.764  -70.273  42.748 0.8000000119
2046  4.445  -70.853  42.198 0.8000000119
2048  26.479  -72.354  42.405 0.2000000030
2059  19.533  -70.350  40.276 0.6999999881
2060  13.744  -70.178  40.429 0.8000000119
2072  14.476  -69.889  39.921 1.0000000000
2077  4.614  -71.747  36.379 0.1000000015
2086  28.266  -72.469  37.487 0.1000000015
2089  22.415  -70.211  37.770 0.6000000238
2093  27.172  -71.882  36.745 0.2000000030
2103  21.739  -70.529  34.537 0.4000000060
2136  32.141  -70.978  31.259 0.2000000030
2181  31.364  -70.567  26.785 0.4000000060
2230  9.142  -71.189  22.884 0.2000000030
2232  23.013  -70.997  22.234 0.6999999881
2241  12.945  -70.453  19.931 0.8999999762
2244  6.003  -70.763  53.107 0.1000000015
2246  5.198  -69.992  53.767 0.1000000015
2249  5.659  -70.829  52.895 0.1000000015
2250  5.269  -70.375  53.168 0.1000000015
2253  6.062  -71.446  52.257 0.1000000015
2255  20.369  -70.016  52.814 0.3000000119
2258  8.628  -70.898  50.653 0.1000000015
2260  6.277  -71.606  51.660 0.1000000015
2267  7.616  -71.218  50.146 0.1000000015
2290  9.712  -69.877  48.262 0.2000000030
2297  3.539  -70.400  47.376 0.8000000119
2307  2.969  -70.322  46.409 1.0000000000
2310  21.384  -68.948  44.336 0.3000000119
2312  7.356  -69.712  44.475 0.6999999881
2314  4.726  -69.410  44.389 0.8999999762
2315  3.498  -70.209  45.247 0.8999999762
2319  17.027  -69.910  43.018 0.5000000000
2321  9.486  -68.897  43.252 0.8000000119
2322  8.805  -69.349  43.448 0.8000000119
2328  21.398  -69.202  42.204 0.6999999881
2329  19.244  -70.110  41.576 0.6999999881
2330  18.649  -69.849  42.086 0.6999999881
2349  19.272  -69.838  40.698 0.8000000119
2362  22.439  -69.389  39.182 0.6000000238
2363  21.964  -69.416  40.023 0.6000000238
2366  17.302  -69.475  39.317 0.8999999762
2367  16.394  -69.453  39.470 0.8999999762
2369  14.731  -69.155  39.967 0.8000000119
2380  18.912  -69.828  39.041 0.8000000119
2381  18.349  -69.859  38.779 0.8999999762
2382  17.874  -69.746  38.878 0.8999999762
2401  25.515  -69.925  35.023 0.4000000060
2417  33.362  -71.052  34.029 0.3000000119
2430  32.505  -71.840  33.033 0.2000000030
2431  22.213  -69.722  32.589 0.4000000060
2436  34.530  -71.194  32.858 0.2000000030
2440  22.491  -69.461  31.280 0.4000000060
2448  29.064  -69.519  30.270 0.5000000000
2454  22.845  -69.121  30.723 0.4000000060
2482  31.451  -69.477  27.618 0.2000000030
2484  28.998  -69.054  27.087 0.3000000119
2486  26.841  -69.285  27.336 0.5000000000
2517  16.075  -69.132  24.845 0.8999999762
2520  9.517  -69.325  24.661 0.1000000015
2535  8.455  -69.970  22.855 0.2000000030
2547  4.993  -68.794  55.575 0.1000000015
2552  25.128  -68.110  54.265 0.1000000015
2553  24.443  -68.100  54.623 0.1000000015
2556  20.989  -68.659  54.350 0.1000000015
2557  20.286  -68.742  54.325 0.1000000015
2560  4.835  -69.467  53.541 0.2000000030
2567  19.849  -68.729  54.086 0.1000000015
2571  25.665  -68.377  52.760 0.1000000015
2572  24.167  -68.468  52.672 0.2000000030
2577  9.434  -68.740  50.674 0.1000000015
2585  21.653  -68.986  51.325 0.3000000119
2614  8.906  -69.260  48.915 0.2000000030
2616  25.825  -69.146  47.605 0.1000000015
2617  21.765  -68.438  47.153 0.4000000060
2621  10.213  -68.591  48.003 0.2000000030
2635  21.573  -68.670  45.040 0.4000000060
2636  14.162  -68.573  45.262 0.5000000000
2641  6.128  -69.164  46.178 0.8000000119
2642  3.130  -69.365  45.807 0.6999999881
2644  25.527  -69.784  44.814 0.3000000119
2659  15.973  -68.657  43.626 0.5000000000
2660  10.231  -67.621  43.293 0.8000000119
2670  21.708  -68.375  42.901 0.5000000000
2672  16.784  -68.561  42.387 0.5000000000
2682  22.116  -68.467  41.123 0.6000000238
2683  21.652  -68.791  41.491 0.6999999881
2684  18.136  -68.944  40.730 0.5000000000
2687  14.102  -68.148  41.236 0.6999999881
2689  12.432  -68.780  41.758 0.6999999881
2695  22.399  -68.559  40.486 0.6000000238
2699  15.532  -68.419  40.390 0.8000000119
2709  23.529  -68.498  39.218 0.5000000000
2724  24.830  -69.171  38.684 0.3000000119
2732  5.794  -69.066  35.544 0.1000000015
2737  23.723  -69.070  37.944 0.4000000060
2740  4.716  -69.014  35.204 0.1000000015
2761  34.927  -70.311  33.035 0.1000000015
2794  23.147  -68.654  30.931 0.3000000119
2803  31.886  -68.348  28.846 0.2000000030
2840  25.531  -68.551  27.624 0.6000000238
2862  23.191  -68.346  24.969 0.8000000119
2873  10.388  -68.133  23.088 0.6000000238
2874  8.135  -69.099  23.694 0.1000000015
2878  12.517  -68.274  23.123 0.8999999762
2888  14.891  -69.062  20.226 0.8999999762
2893  13.081  -68.658  19.779 1.0000000000
2894  12.612  -69.408  19.970 0.8999999762
2917  4.708  -68.234  56.171 0.1000000015
2956  10.237  -67.541  50.931 0.1000000015
2959  6.170  -69.677  51.273 0.1000000015
2967  11.607  -67.727  50.005 0.1000000015
2973  22.409  -67.941  49.505 0.3000000119
2984  23.109  -67.550  48.282 0.2000000030
2994  9.236  -68.287  48.865 0.2000000030
2999  23.321  -67.564  47.498 0.3000000119
3007  10.632  -67.857  47.815 0.4000000060
3016  21.953  -68.171  46.459 0.4000000060
3018  12.572  -67.679  46.378 0.5000000000
3019  5.866  -67.752  46.692 0.8000000119
3020  4.599  -68.281  47.565 0.8000000119
3021  3.137  -69.304  48.100 0.8000000119
3029  22.497  -67.717  45.151 0.3000000119
3033  7.422  -67.459  45.361 0.6999999881
3059  24.044  -67.914  43.197 0.4000000060
3060  23.425  -67.671  43.441 0.4000000060
3062  21.909  -68.092  43.652 0.5000000000
3063  16.086  -67.472  43.226 0.6000000238
3068  5.502  -68.294  43.740 0.8000000119
3071  31.267  -68.804  42.141 0.1000000015
3081  12.592  -67.425  42.268 0.6000000238
3085  31.138  -68.388  41.845 0.1000000015
3088  23.972  -68.148  41.890 0.4000000060
3090  22.522  -68.190  41.483 0.5000000000
3092  15.723  -67.701  41.638 0.6999999881
3094  13.482  -67.297  41.996 0.6000000238
3098  28.691  -67.522  40.255 0.1000000015
3099  23.065  -68.207  40.952 0.6000000238
3101  16.425  -68.156  41.218 0.5000000000
3128  4.387  -68.396  35.780 0.1000000015
3147  24.245  -67.189  33.251 0.3000000119
3168  24.504  -67.206  31.939 0.3000000119
3196  29.244  -67.479  28.518 0.2000000030
3214  19.935  -66.840  27.043 0.8000000119
3224  23.751  -67.655  26.520 0.6999999881
3231  18.109  -67.596  26.042 0.8999999762
3242  17.587  -67.502  25.372 0.8999999762
3247  17.236  -67.505  24.446 0.8000000119
3272  14.078  -67.872  19.481 0.8999999762
3311  4.147  -66.304  57.709 0.2000000030
3321  4.621  -67.056  57.293 0.1000000015
3349  4.560  -67.785  54.696 0.2000000030
3372  6.206  -67.258  52.509 0.2000000030
3392  10.932  -67.067  50.853 0.1000000015
3394  8.049  -66.838  50.238 0.2000000030
3416  11.151  -66.333  48.052 0.4000000060
3417  10.420  -66.655  48.383 0.4000000060
3419  2.507  -67.349  48.825 0.6999999881
3451  12.747  -66.773  46.617 0.5000000000
3454  1.377  -66.848  47.077 0.8000000119
3463  14.819  -66.409  45.031 0.6000000238
3479  8.659  -66.647  44.674 0.6999999881
3489  15.208  -66.182  43.460 0.6000000238
3493  9.736  -66.455  43.959 0.8000000119
3495  4.821  -66.591  43.634 0.8000000119
3504  14.772  -66.398  42.537 0.6999999881
3507  11.631  -66.657  42.890 0.6999999881
3509  6.365  -66.829  42.065 0.6999999881
3513  14.435  -66.981  42.006 0.6999999881
3514  6.248  -66.862  41.395 0.8000000119
3543  3.831  -67.591  36.572 0.1000000015
3595  25.973  -66.143  29.392 0.3000000119
3627  13.868  -66.163  25.849 0.8000000119
3639  12.403  -66.183  25.425 0.8999999762
3659  13.774  -66.984  23.754 0.8999999762
3678  31.645  -66.600  21.408 0.1000000015
3707  14.093  -66.644  19.888 0.8000000119
3719  25.449  -67.101  18.768 0.1000000015
3723  14.669  -66.279  19.792 0.6999999881
3734  27.047  -67.190  17.850 0.1000000015
3780  12.574  -65.400  63.571 0.1000000015
3781  11.627  -65.445  63.874 0.1000000015
3799  3.022  -64.674  58.447 0.1000000015
3810  3.521  -65.485  58.049 0.1000000015
3820  6.201  -66.409  57.906 0.1000000015
3825  3.271  -65.148  57.383 0.2000000030
3839  6.193  -66.224  54.503 0.2000000030
3861  7.404  -65.739  52.504 0.3000000119
3876  8.193  -65.494  51.299 0.3000000119
3916  0.844  -66.234  49.540 0.6999999881
3932  1.418  -66.592  49.479 0.8000000119
3933  1.035  -66.657  49.354 0.6999999881
3934  0.877  -66.544  49.192 0.6999999881
3944  11.913  -65.991  47.716 0.5000000000
3945  6.252  -65.217  47.340 0.6000000238
3952  13.051  -65.929  46.762 0.5000000000
3964  14.117  -65.711  45.831 0.5000000000
3965  9.280  -65.260  45.095 0.6999999881
3966  8.592  -65.401  45.475 0.6999999881
3968  7.045  -65.991  46.214 0.6999999881
3970  2.221  -66.071  45.128 0.8000000119
3982  4.963  -64.915  44.354 0.8000000119
3984  13.376  -64.933  43.486 0.6000000238
4003  5.698  -66.342  41.142 0.8000000119
4008  26.475  -64.708  39.787 0.1000000015
4011  26.063  -64.901  39.108 0.1000000015
4031  25.736  -65.567  37.457 0.1000000015
4095  27.201  -65.345  29.514 0.1000000015
4097  24.976  -65.371  29.267 0.4000000060
4115  20.952  -65.275  27.505 0.8000000119
4117  19.841  -66.171  27.093 0.8000000119
4118  15.344  -65.128  27.288 0.6999999881
4119  14.532  -65.356  26.921 0.6999999881
4126  20.422  -65.178  27.188 0.8000000119
4127  19.453  -65.974  26.599 0.8000000119
4128  19.003  -66.109  26.050 0.8999999762
4131  13.646  -65.613  26.499 0.8000000119
4149  5.113  -65.221  24.167 0.1000000015
4154  29.482  -65.379  24.239 0.1000000015
4182  28.923  -65.623  23.358 0.1000000015
4192  30.497  -65.999  21.533 0.1000000015
4196  22.404  -66.376  21.255 0.3000000119
4207  26.054  -66.532  19.700 0.1000000015
4246  22.896  -65.797  18.633 0.1000000015
4289  10.466  -64.533  63.104 0.1000000015
4316  6.065  -64.758  58.264 0.1000000015
4331  2.722  -64.282  58.434 0.2000000030
4340  5.206  -64.294  55.935 0.2000000030
4343  8.087  -64.085  54.159 0.2000000030
4347  9.066  -63.893  53.054 0.3000000119
4355  10.107  -64.039  50.915 0.4000000060
4366  2.021  -64.853  51.016 0.6999999881
4377  10.573  -64.659  49.517 0.4000000060
4398  5.067  -64.428  48.621 0.6000000238
4401  0.564  -65.523  48.855 0.6999999881
4410  13.344  -64.109  47.375 0.5000000000
4413  6.515  -64.487  47.582 0.6999999881
4421  7.700  -64.577  46.664 0.6999999881
4425  1.123  -65.241  47.006 0.6999999881
4430  14.361  -64.781  45.011 0.5000000000
4442  14.038  -64.286  44.659 0.6000000238
4443  13.304  -64.068  44.387 0.6000000238
4446  10.001  -64.922  44.872 0.6000000238
4447  5.361  -64.106  43.888 0.8999999762
4452  12.030  -64.894  43.744 0.6000000238
4531  28.972  -64.644  32.901 0.2000000030
4562  24.451  -65.035  29.103 0.4000000060
4578  16.164  -63.648  28.632 0.6000000238
4588  16.552  -64.015  27.990 0.6000000238
4590  15.131  -64.678  27.956 0.8000000119
4618  30.979  -64.158  25.237 0.1000000015
4622  27.471  -64.805  25.396 0.1000000015
4623  26.949  -64.540  25.233 0.1000000015
4627  15.765  -65.159  25.956 0.6000000238
4641  28.354  -65.324  24.562 0.1000000015
4645  16.089  -64.363  24.781 0.6000000238
4673  15.298  -64.103  21.799 0.6000000238
4674  14.867  -64.754  21.541 0.6999999881
4675  10.272  -64.989  21.083 0.4000000060
4682  29.065  -64.891  21.026 0.1000000015
4688  22.802  -65.592  21.786 0.3000000119
4732  26.894  -65.641  17.554 0.1000000015
4775  12.581  -63.856  61.971 0.1000000015
4776  11.845  -63.748  61.962 0.1000000015
4806  3.080  -63.805  59.577 0.1000000015
4831  8.787  -63.226  57.704 0.1000000015
4832  8.155  -62.716  58.059 0.1000000015
4837  3.952  -63.428  56.643 0.2000000030
4841  6.675  -63.510  55.372 0.2000000030
4850  10.536  -62.594  52.250 0.4000000060
4853  11.052  -62.802  51.018 0.5000000000
4869  4.353  -63.858  50.133 0.6999999881
4882  12.798  -63.075  48.408 0.5000000000
4883  12.228  -63.544  48.903 0.5000000000
4897  13.422  -63.292  47.191 0.5000000000
4901  6.845  -63.832  47.903 0.6999999881
4904  0.824  -64.477  48.092 0.6999999881
4915  8.821  -63.566  46.748 0.6999999881
4924  13.454  -63.302  45.869 0.6000000238
4925  12.950  -63.109  45.553 0.6000000238
4927  10.929  -63.687  45.418 0.6999999881
4928  9.937  -63.927  45.791 0.6000000238
4943  5.192  -63.482  45.063 0.8000000119
4947  5.196  -63.639  43.561 0.8999999762
5018  34.326  -64.132  35.295 0.1000000015
5033  36.391  -64.444  34.845 0.1000000015
5075  28.819  -63.946  29.078 0.1000000015
5092  24.650  -63.398  28.468 0.3000000119
5094  23.058  -63.537  28.240 0.4000000060
5097  13.972  -63.470  28.297 0.8000000119
5105  27.548  -63.708  27.904 0.1000000015
5107  22.230  -63.243  27.881 0.6000000238
5108  21.671  -63.125  27.383 0.4000000060
5113  12.824  -63.188  27.360 0.8000000119
5131  12.374  -63.115  26.720 0.8000000119
5142  26.446  -64.000  25.314 0.1000000015
5145  21.002  -63.555  25.913 0.5000000000
5146  16.404  -63.963  25.280 0.6000000238
5149  8.001  -63.743  24.012 0.1000000015
5175  22.700  -63.569  23.529 0.5000000000
5196  10.630  -63.995  20.773 0.4000000060
5197  9.630  -64.583  20.839 0.4000000060
5211  15.480  -63.105  20.752 0.6000000238
5232  16.091  -63.115  19.536 0.6000000238
5289  2.908  -62.347  61.483 0.1000000015
5295  10.397  -62.660  60.570 0.1000000015
5306  7.180  -62.199  59.103 0.1000000015
5319  9.406  -62.365  58.588 0.1000000015
5324  2.358  -63.138  58.803 0.2000000030
5348  4.460  -62.613  56.719 0.2000000030
5352  5.647  -62.845  56.015 0.2000000030
5354  8.820  -61.997  54.334 0.2000000030
5356  10.209  -61.504  53.046 0.3000000119
5358  8.935  -62.839  54.086 0.2000000030
5366  11.195  -61.851  51.105 0.3000000119
5369  4.601  -62.514  51.667 0.6000000238
5370  2.691  -63.293  52.405 0.6999999881
5371  1.415  -63.639  52.512 0.6999999881
5379  0.596  -63.659  51.331 0.6999999881
5382  11.732  -62.340  49.775 0.5000000000
5385  5.772  -62.803  50.122 0.6000000238
5392  12.565  -62.611  48.331 0.5000000000
5394  7.577  -62.535  48.545 0.6000000238
5396  1.550  -62.914  48.720 0.6999999881
5402  13.252  -62.799  47.063 0.5000000000
5406  8.632  -62.572  47.712 0.6999999881
5407  7.938  -62.879  47.949 0.6999999881
5410  2.328  -63.153  47.953 0.6999999881
5420  12.631  -62.433  46.804 0.6000000238
5423  9.460  -62.903  46.908 0.6000000238
5432  5.338  -62.155  45.564 0.8000000119
5485  1.839  -63.982  40.061 0.3000000119
5534  33.394  -63.221  35.125 0.1000000015
5566  16.288  -62.500  29.377 0.6000000238
5575  23.990  -62.813  28.127 0.2000000030
5577  22.824  -62.871  28.019 0.4000000060
5579  16.533  -63.044  28.884 0.6999999881
5581  12.812  -61.755  28.049 1.0000000000
5588  23.291  -62.597  27.726 0.2000000030
5595  25.128  -62.817  26.573 0.2000000030
5597  22.496  -62.398  26.800 0.4000000060
5598  21.953  -62.549  26.249 0.5000000000
5599  17.292  -62.202  27.349 0.5000000000
5623  25.441  -62.810  24.872 0.1000000015
5626  22.366  -62.859  24.644 0.5000000000
5628  18.303  -62.375  24.216 0.5000000000
5644  24.502  -62.456  24.001 0.1000000015
5648  18.455  -62.508  23.405 0.6000000238
5650  16.795  -63.311  23.244 0.6000000238
5661  18.445  -62.258  22.166 0.5000000000
5673  11.220  -62.122  20.514 0.8000000119
5674  10.540  -62.357  20.484 0.6000000238
5680  18.841  -61.411  19.329 0.4000000060
5688  22.750  -62.213  19.409 0.1000000015
5694  16.253  -62.370  19.677 0.6000000238
5782  2.786  -61.991  61.927 0.2000000030
5791  8.260  -61.969  59.985 0.1000000015
5793  6.667  -61.933  60.135 0.1000000015
5798  4.796  -60.926  58.119 0.3000000119
5811  5.101  -61.838  56.832 0.2000000030
5820  7.138  -61.192  55.550 0.3000000119
5826  9.305  -61.362  54.053 0.4000000060
5834  0.267  -61.095  53.809 0.6999999881
5837  10.120  -60.638  52.917 0.4000000060
5838  4.900  -61.302  52.200 0.6000000238
5840  1.325  -62.584  53.336 0.6999999881
5841  0.637  -62.181  53.234 0.6999999881
5851  11.124  -61.197  50.703 0.4000000060
5853  6.675  -61.623  50.740 0.6000000238
5859  11.452  -61.590  49.505 0.4000000060
5860  11.059  -61.067  49.265 0.5000000000
5873  9.603  -61.355  48.499 0.6000000238
5874  8.705  -61.520  48.793 0.6999999881
5876  4.636  -61.093  48.085 0.8000000119
5877  3.589  -61.647  48.527 0.8000000119
5881  12.101  -61.990  48.162 0.4000000060
5882  11.451  -61.674  47.976 0.5000000000
5883  10.690  -61.633  47.858 0.6000000238
5886  5.217  -61.102  47.299 0.8000000119
5904  5.259  -61.398  45.572 0.8999999762
5911  3.183  -61.983  44.219 0.8999999762
5913  0.793  -61.844  44.443 0.5000000000
5926  1.324  -62.853  44.149 0.8000000119
5954  1.059  -63.271  41.586 0.3000000119
6031  10.989  -60.799  31.944 0.8999999762
6039  10.567  -60.938  31.307 0.8999999762
6045  16.314  -61.129  30.231 0.8000000119
6046  15.290  -60.992  30.142 0.8000000119
6058  13.899  -61.227  29.329 1.0000000000
6060  10.651  -61.101  29.826 0.8999999762
6071  12.795  -61.271  28.544 1.0000000000
6079  23.925  -62.304  26.788 0.2000000030
6081  22.971  -62.370  27.211 0.4000000060
6082  17.614  -61.834  27.999 0.6000000238
6110  16.698  -61.140  24.885 0.4000000060
6121  20.121  -61.076  24.324 0.4000000060
6125  6.572  -61.401  23.567 0.2000000030
6131  20.708  -61.079  23.762 0.4000000060
6144  11.907  -60.783  21.334 0.8999999762
6165  23.092  -61.278  20.177 0.2000000030
6167  20.654  -60.905  19.794 0.4000000060
6291  3.412  -60.852  63.641 0.2000000030
6305  4.019  -61.198  63.098 0.1000000015
6319  3.377  -60.481  61.308 0.3000000119
6339  3.497  -60.722  60.486 0.2000000030
6366  7.004  -60.611  55.824 0.2000000030
6374  9.379  -60.613  53.980 0.4000000060
6376  8.343  -60.119  54.807 0.3000000119
6377  0.375  -60.776  54.937 0.6999999881
6378  -0.004  -60.440  55.206 0.5000000000
6386  9.317  -59.862  53.817 0.4000000060
6388  2.053  -61.314  53.889 0.6000000238
6401  0.354  -60.348  53.272 0.6000000238
6408  7.502  -60.302  51.452 0.5000000000
6412  0.550  -61.575  52.385 0.6999999881
6417  10.742  -60.744  50.666 0.5000000000
6429  8.349  -60.843  50.141 0.6000000238
6430  4.526  -60.158  49.060 0.6999999881
6436  5.380  -59.914  47.782 0.8000000119
6467  4.748  -61.533  44.750 0.8999999762
6567  6.740  -60.070  34.274 1.0000000000
6586  7.295  -60.340  33.761 1.0000000000
6597  10.644  -60.627  32.542 0.8999999762
6606  16.278  -60.067  31.507 0.8999999762
6607  14.941  -59.847  32.198 0.8999999762
6610  11.726  -60.796  31.946 0.8999999762
6616  18.072  -59.923  30.316 0.8000000119
6621  14.005  -60.606  30.668 0.8999999762
6623  11.867  -60.964  30.939 0.8999999762
6625  8.838  -60.318  30.022 1.0000000000
6637  11.290  -60.919  29.073 1.0000000000
6638  9.639  -60.780  28.945 1.0000000000
6639  8.941  -60.463  29.103 1.0000000000
6650  18.376  -59.909  29.017 0.6000000238
6651  18.095  -60.633  29.265 0.6000000238
6668  11.053  -60.304  27.306 0.8999999762
6687  11.400  -60.376  26.681 1.0000000000
6698  16.044  -60.409  24.829 0.5000000000
6700  10.149  -59.508  24.559 0.8000000119
6710  21.704  -59.830  24.242 0.2000000030
6713  18.214  -61.084  24.483 0.4000000060
6714  16.939  -60.849  24.384 0.4000000060
6721  6.285  -60.754  24.193 0.2000000030
6725  22.992  -59.897  23.307 0.2000000030
6728  17.124  -60.303  23.668 0.4000000060
6732  9.825  -59.258  22.439 0.6000000238
6742  22.732  -60.417  22.947 0.2000000030
6743  22.012  -60.584  23.262 0.2000000030
6744  11.518  -60.338  20.900 0.8999999762
6759  24.865  -60.139  20.770 0.2000000030
6873  2.936  -60.766  62.674 0.3000000119
6881  4.203  -59.645  61.316 0.3000000119
6896  6.356  -58.790  58.353 0.4000000060
6906  6.096  -59.681  57.949 0.4000000060
6922  8.298  -59.213  54.617 0.5000000000
6925  0.079  -60.036  55.539 0.5000000000
6934  8.941  -59.211  53.538 0.5000000000
6935  4.654  -59.504  53.298 0.5000000000
6952  7.183  -59.245  52.422 0.6000000238
6968  1.911  -59.835  51.638 0.6000000238
7000  0.434  -59.461  47.110 1.0000000000
7008  1.864  -60.400  46.089 1.0000000000
7021  4.860  -60.281  45.847 0.8999999762
7025  0.228  -59.702  46.307 1.0000000000
7042  2.038  -60.224  43.360 0.2000000030
7084  2.133  -60.790  38.947 0.1000000015
7109  5.146  -58.590  35.346 1.0000000000
7120  6.045  -59.436  34.884 1.0000000000
7132  11.267  -59.762  33.324 0.8999999762
7133  10.457  -60.048  33.486 1.0000000000
7145  14.455  -59.271  32.482 0.8999999762
7147  12.046  -59.660  33.106 0.8999999762
7156  17.407  -58.943  31.464 0.6999999881
7165  17.129  -59.816  31.277 0.8000000119
7166  8.238  -59.669  30.276 1.0000000000
7167  7.438  -59.110  30.485 1.0000000000
7176  2.666  -59.112  28.222 0.1000000015
7203  18.255  -59.192  27.592 0.5000000000
7222  4.707  -57.562  25.616 0.4000000060
7228  16.115  -59.634  24.881 0.6000000238
7243  16.011  -59.509  23.826 0.5000000000
7244  15.825  -59.962  24.015 0.5000000000
7254  23.508  -59.529  22.804 0.2000000030
7255  19.016  -59.466  23.604 0.5000000000
7257  16.550  -59.487  23.136 0.5000000000
7258  10.324  -59.286  22.811 0.8000000119
7293  27.369  -59.040  18.593 0.1000000015
7353  4.640  -58.306  62.155 0.2000000030
7367  5.407  -58.428  60.542 0.3000000119
7371  5.931  -58.096  59.397 0.4000000060
7395  6.718  -58.431  57.057 0.4000000060
7407  4.742  -57.714  55.290 0.5000000000
7410  0.707  -58.863  56.122 0.5000000000
7416  7.842  -58.477  54.657 0.4000000060
7417  5.493  -58.054  54.243 0.4000000060
7421  0.364  -58.659  54.626 0.6000000238
7422  0.191  -59.412  55.322 0.6999999881
7425  8.334  -58.785  53.243 0.5000000000
7427  6.542  -58.306  53.467 0.6000000238
7430  3.980  -58.883  54.368 0.5000000000
7461  4.040  -58.887  50.712 0.6999999881
7467  5.360  -58.317  49.399 0.6999999881
7468  5.181  -58.830  49.520 0.6999999881
7475  5.342  -58.452  48.703 0.6999999881
7486  0.740  -59.093  47.787 0.8999999762
7487  0.313  -58.631  47.463 0.8999999762
7494  4.882  -59.257  46.806 0.8999999762
7510  0.904  -59.145  44.896 0.6000000238
7511  0.392  -59.372  45.541 0.6999999881
7606  7.868  -59.466  34.471 1.0000000000
7607  7.177  -58.986  34.952 1.0000000000
7608  6.591  -58.584  35.300 1.0000000000
7626  16.158  -58.033  31.961 0.6999999881
7627  15.472  -58.263  32.234 0.6000000238
7628  14.746  -58.431  32.352 0.8000000119
7637  16.793  -58.464  31.835 0.6000000238
7646  18.278  -58.259  30.259 0.6000000238
7647  17.983  -58.557  30.853 0.6000000238
7658  18.474  -58.452  29.806 0.6999999881
7675  18.458  -58.297  29.066 0.6000000238
7686  26.147  -59.004  26.920 0.1000000015
7691  4.686  -56.836  26.322 0.4000000060
7699  18.046  -58.160  25.484 0.5000000000
7709  17.260  -58.219  24.127 0.5000000000
7714  21.078  -59.452  24.275 0.4000000060
7724  21.261  -58.715  23.733 0.4000000060
7750  28.174  -58.586  19.048 0.1000000015
7761  26.985  -58.210  18.738 0.2000000030
7770  27.544  -58.473  18.731 0.1000000015
7853  5.067  -57.726  61.040 0.2000000030
7869  5.517  -57.585  58.637 0.2000000030
7873  0.919  -56.723  58.376 0.3000000119
7879  4.669  -57.471  58.060 0.4000000060
7893  1.242  -57.999  57.163 0.3000000119
7902  6.530  -57.635  55.220 0.4000000060
7903  5.724  -57.536  55.363 0.4000000060
7930  4.993  -56.798  52.021 0.5000000000
7964  0.549  -58.372  48.477 0.8999999762
7965  0.261  -58.185  48.268 0.8999999762
7986  0.280  -57.760  46.370 0.5000000000
8040  1.656  -57.321  42.441 0.4000000060
8068  1.192  -58.667  40.799 0.4000000060
8080  1.366  -57.562  39.286 0.6000000238
8092  3.482  -57.093  36.112 1.0000000000
8100  5.319  -57.575  35.852 1.0000000000
8134  14.935  -57.877  32.094 0.6000000238
8136  10.532  -57.860  32.491 0.8999999762
8137  9.453  -57.583  32.649 0.8999999762
8138  8.712  -57.397  32.913 0.8999999762
8139  7.996  -57.117  33.214 0.8999999762
8148  10.404  -57.494  31.771 0.8999999762
8156  14.411  -57.461  30.696 0.6999999881
8157  12.503  -57.507  30.552 0.8000000119
8159  10.948  -57.516  31.072 0.8999999762
8175  14.443  -57.405  29.727 0.6999999881
8182  3.134  -56.934  29.054 0.6999999881
8192  24.467  -57.256  28.276 0.1000000015
8195  17.313  -57.115  27.894 0.5000000000
8199  12.961  -57.264  29.029 0.6999999881
8217  24.544  -57.109  26.561 0.1000000015
8218  18.192  -57.313  25.855 0.4000000060
8245  23.309  -57.841  21.879 0.2000000030
8248  17.731  -57.760  21.298 0.4000000060
8267  26.424  -57.126  19.503 0.1000000015
8268  25.745  -56.755  19.411 0.2000000030
8278  25.478  -56.868  19.076 0.2000000030
8351  3.408  -56.941  63.167 0.2000000030
8368  4.029  -57.250  60.952 0.2000000030
8369  2.527  -57.250  61.192 0.2000000030
8422  0.944  -56.854  55.060 0.3000000119
8444  5.335  -56.381  51.107 0.5000000000
8466  5.037  -57.113  49.072 0.6999999881
8483  -0.023  -56.405  47.237 0.8999999762
8497  2.805  -55.615  45.884 0.2000000030
8601  1.405  -56.460  38.859 0.6999999881
8615  4.671  -56.221  36.014 1.0000000000
8627  5.916  -57.187  35.568 1.0000000000
8628  5.375  -56.518  35.707 1.0000000000
8646  6.558  -57.259  34.931 1.0000000000
8654  6.531  -56.498  33.928 1.0000000000
8669  8.518  -56.401  31.657 0.8999999762
8683  10.185  -56.860  29.942 0.6999999881
8705  11.162  -57.015  28.872 0.6999999881
8717  15.631  -57.146  27.959 0.5000000000
8718  14.221  -57.137  27.940 0.6000000238
8721  11.562  -56.771  28.026 0.5000000000
8723  9.956  -56.363  28.520 0.5000000000
8726  24.034  -56.475  26.728 0.1000000015
8730  20.569  -55.986  27.329 0.1000000015
8735  13.661  -56.865  27.187 0.4000000060
8747  17.811  -56.865  26.446 0.5000000000
8754  10.179  -56.211  26.148 0.2000000030
8763  13.041  -56.398  24.257 0.4000000060
8764  12.204  -56.322  23.530 0.4000000060
8766  10.386  -56.262  24.943 0.2000000030
8771  24.169  -56.443  25.186 0.1000000015
8773  18.116  -56.973  24.273 0.4000000060
8779  11.317  -55.985  22.828 0.4000000060
8813  24.571  -56.034  19.365 0.2000000030
8815  22.335  -55.505  19.806 0.2000000030
8869  2.476  -55.543  65.821 0.2000000030
8881  2.642  -55.180  64.307 0.2000000030
8913  0.620  -55.418  59.196 0.2000000030
8928  0.811  -55.348  57.059 0.2000000030
8980  5.263  -55.676  51.670 0.5000000000
8981  5.008  -55.190  51.322 0.5000000000
9013  0.141  -56.523  48.216 0.8999999762
9107  2.780  -55.502  42.884 0.6000000238
9141  5.151  -55.088  39.838 0.8000000119
9142  3.911  -54.759  40.249 0.8999999762
9157  7.979  -55.106  38.151 0.8999999762
9158  7.288  -55.296  38.437 0.8999999762
9160  5.752  -55.338  39.096 0.8000000119
9171  7.582  -55.184  37.835 0.8999999762
9181  8.217  -54.820  36.905 0.8999999762
9182  7.584  -54.998  37.215 0.8999999762
9199  3.278  -54.928  35.544 1.0000000000
9219  6.092  -55.748  33.193 0.8999999762
9281  8.351  -54.940  28.917 0.6999999881
9296  19.353  -55.157  26.919 0.1000000015
9302  23.236  -55.198  25.202 0.1000000015
9304  21.707  -54.879  25.692 0.1000000015
9310  9.617  -55.396  24.946 0.3000000119
9316  17.018  -55.412  23.533 0.3000000119
9319  13.809  -55.128  22.968 0.3000000119
9330  15.115  -54.288  22.741 0.3000000119
9331  14.572  -54.459  22.936 0.3000000119
9338  18.302  -55.268  21.807 0.3000000119
9339  17.762  -54.520  22.184 0.3000000119
9343  23.920  -55.368  20.297 0.2000000030
9344  22.526  -54.443  20.056 0.2000000030
9345  19.083  -54.746  21.031 0.3000000119
9350  24.095  -55.630  19.426 0.2000000030
9352  22.274  -54.587  19.959 0.2000000030
9488  6.692  -53.801  57.506 0.1000000015
9492  1.540  -54.552  57.913 0.1000000015
9512  1.833  -54.126  55.970 0.2000000030
9564  3.010  -53.987  51.147 0.6000000238
9571  4.254  -54.962  50.852 0.6000000238
9573  1.924  -54.519  50.846 0.6000000238
9583  0.786  -54.329  49.671 0.8000000119
9597  6.136  -54.022  48.353 0.1000000015
9673  2.988  -54.728  43.425 0.2000000030
9696  4.809  -54.410  40.846 0.8999999762
9712  7.389  -54.717  39.479 0.8999999762
9718  23.425  -54.259  37.759 0.1000000015
9725  9.048  -54.331  38.132 0.8000000119
9741  8.623  -54.741  37.788 0.8999999762
9745  3.613  -53.693  38.567 0.8000000119
9758  11.424  -54.160  36.559 0.5000000000
9761  8.717  -54.617  36.287 0.8000000119
9763  6.452  -54.205  36.471 0.8999999762
9766  1.196  -54.485  36.065 1.0000000000
9781  22.659  -54.442  34.807 0.1000000015
9783  13.136  -54.193  35.502 0.5000000000
9787  9.862  -54.551  35.343 0.6000000238
9789  7.641  -54.367  35.810 0.8999999762
9794  0.778  -52.778  36.392 0.8999999762
9807  11.422  -54.610  34.344 0.4000000060
9810  8.071  -54.158  35.095 0.8999999762
9812  3.048  -54.047  34.423 1.0000000000
9818  14.443  -54.393  33.584 0.3000000119
9820  12.818  -54.622  33.854 0.5000000000
9825  4.819  -54.912  32.859 0.8999999762
9837  14.665  -54.329  32.795 0.3000000119
9839  13.055  -54.545  33.014 0.3000000119
9856  14.095  -54.298  32.186 0.2000000030
9858  12.341  -54.188  32.323 0.4000000060
9862  2.961  -54.267  31.514 0.8999999762
9894  7.511  -54.898  30.223 0.8999999762
9905  18.327  -54.571  28.713 0.1000000015
9909  7.118  -54.161  28.148 0.6999999881
9920  16.211  -54.297  27.338 0.2000000030
9921  14.727  -54.105  26.833 0.3000000119
9923  13.461  -53.738  26.966 0.2000000030
9925  7.502  -54.030  27.465 0.4000000060
9947  19.149  -54.326  25.327 0.1000000015
9953  13.089  -54.724  24.128 0.4000000060
9957  9.389  -54.643  24.946 0.4000000060
9964  21.409  -53.998  24.135 0.1000000015
9968  16.903  -52.934  23.980 0.2000000030
9974  10.646  -55.259  23.470 0.2000000030
9975  10.162  -55.033  23.891 0.2000000030
9984  16.382  -53.357  22.483 0.3000000119
9985  14.965  -53.727  22.790 0.3000000119
9989  22.920  -54.658  22.337 0.2000000030
9991  21.496  -53.150  22.201 0.1000000015
9999  22.165  -53.869  20.781 0.2000000030
10001  20.985  -53.415  20.699 0.3000000119
10003  18.737  -53.647  21.288 0.3000000119
10008  21.579  -54.108  20.305 0.3000000119
10150  2.959  -52.683  55.695 0.2000000030
10165  3.411  -52.218  54.248 0.4000000060
10214  8.236  -53.642  48.342 0.1000000015
10215  7.437  -53.561  48.508 0.1000000015
10275  5.229  -53.550  43.487 0.1000000015
10278  0.264  -53.283  43.269 0.5000000000
10295  -0.257  -53.505  42.900 0.6999999881
10305  0.962  -55.466  42.748 0.6000000238
10315  6.358  -53.793  40.458 0.8999999762
10319  1.738  -54.772  41.514 0.8000000119
10321  -0.301  -54.434  42.048 0.6999999881
10331  8.468  -53.554  38.903 0.8000000119
10332  7.680  -53.712  39.543 0.8999999762
10342  9.931  -53.411  37.882 0.6000000238
10343  9.225  -53.631  38.358 0.6999999881
10345  1.134  -53.832  38.431 1.0000000000
10352  23.840  -53.737  36.765 0.1000000015
10382  11.626  -53.742  36.814 0.5000000000
10402  6.481  -53.409  35.135 0.8999999762
10413  15.005  -53.498  34.231 0.2000000030
10419  6.216  -53.014  34.434 0.8000000119
10421  1.778  -51.865  34.710 0.8999999762
10430  15.994  -52.862  33.601 0.2000000030
10432  14.831  -54.051  34.020 0.3000000119
10435  7.587  -53.244  33.539 0.6000000238
10446  11.528  -53.856  32.150 0.4000000060
10448  9.598  -53.437  32.366 0.4000000060
10466  13.636  -54.007  31.647 0.3000000119
10468  11.120  -53.567  31.598 0.4000000060
10469  8.864  -52.972  31.918 0.4000000060
10470  2.398  -53.642  30.574 0.8999999762
10481  14.187  -53.584  31.288 0.2000000030
10504  19.278  -53.822  29.898 0.1000000015
10525  4.913  -52.853  28.002 0.6999999881
10533  14.204  -53.740  27.241 0.2000000030
10535  7.857  -53.759  26.759 0.4000000060
10543  12.628  -53.752  26.552 0.2000000030
10544  11.735  -53.553  26.180 0.2000000030
10546  7.803  -53.105  26.650 0.4000000060
10564  20.999  -52.982  22.627 0.3000000119
10574  21.722  -53.371  21.376 0.3000000119
10584  18.359  -52.938  21.650 0.3000000119
10711  7.366  -52.655  56.280 0.1000000015
10728  6.718  -51.725  54.961 0.1000000015
10747  3.530  -51.230  53.114 0.6000000238
10777  0.596  -51.201  51.085 0.6999999881
10795  6.009  -52.576  48.519 0.1000000015
10841  4.293  -53.166  43.523 0.1000000015
10874  -0.351  -53.080  42.333 0.6999999881
10883  4.047  -52.925  40.911 0.8000000119
10905  23.028  -52.540  38.426 0.1000000015
10908  10.197  -52.573  37.772 0.6000000238
10929  11.003  -52.402  37.380 0.6000000238
10931  1.263  -52.420  37.265 1.0000000000
10949  1.212  -52.003  36.687 0.8999999762
10960  12.797  -52.774  36.377 0.4000000060
10982  6.436  -52.485  33.297 0.6000000238
10985  1.788  -50.923  34.121 0.8999999762
10987  17.164  -52.187  32.276 0.2000000030
10991  5.977  -51.838  32.727 0.6999999881
10992  1.749  -50.873  32.632 0.8999999762
11002  16.874  -52.595  31.771 0.2000000030
11003  16.159  -53.071  31.595 0.2000000030
11009  2.709  -51.081  30.292 0.8999999762
11010  2.008  -51.778  30.775 0.8999999762
11022  17.100  -52.066  31.274 0.2000000030
11027  12.187  -52.999  30.182 0.3000000119
11031  8.561  -52.031  30.716 0.4000000060
11046  19.674  -52.822  29.675 0.1000000015
11048  18.069  -53.303  29.266 0.2000000030
11054  8.803  -51.732  29.935 0.3000000119
11069  18.183  -52.419  28.967 0.2000000030
11070  17.395  -53.120  28.928 0.2000000030
11073  5.778  -51.955  27.530 0.6000000238
11096  11.306  -52.633  26.108 0.1000000015
11097  8.076  -51.693  26.569 0.2000000030
11103  10.540  -52.428  25.408 0.1000000015
11104  10.005  -52.393  25.224 0.1000000015
11269  7.272  -51.325  54.414 0.2000000030
11280  7.486  -50.866  53.797 0.2000000030
11282  4.771  -50.653  54.096 0.4000000060
11291  8.299  -50.931  52.814 0.1000000015
11294  2.574  -50.667  52.029 0.6000000238
11304  2.721  -50.975  52.271 0.6000000238
11305  1.576  -50.923  51.747 0.6000000238
11346  4.451  -51.846  47.431 0.4000000060
11356  7.863  -51.976  47.216 0.1000000015
11357  7.010  -51.717  47.521 0.1000000015
11358  5.937  -51.562  47.688 0.1000000015
11361  0.950  -50.633  44.724 0.6999999881
11410  0.843  -52.266  42.887 0.5000000000
11425  -0.196  -52.180  42.100 0.6000000238
11435  -0.231  -52.205  41.606 0.6999999881
11443  4.613  -52.194  40.219 0.8000000119
11454  21.832  -51.113  39.479 0.1000000015
11487  8.158  -51.916  38.503 0.8000000119
11488  7.248  -51.620  38.603 0.8000000119
11542  14.246  -51.999  34.753 0.2000000030
11557  1.832  -50.780  33.481 0.8999999762
11559  17.337  -51.282  32.701 0.2000000030
11571  18.258  -51.142  31.105 0.2000000030
11585  15.719  -51.855  30.357 0.2000000030
11607  14.222  -51.473  29.622 0.2000000030
11610  11.512  -51.877  29.058 0.2000000030
11611  9.862  -51.709  28.962 0.2000000030
11614  6.954  -50.506  29.343 0.3000000119
11626  21.299  -51.318  28.656 0.1000000015
11627  20.535  -51.447  28.471 0.1000000015
11629  18.291  -51.741  28.409 0.1000000015
11631  16.474  -52.132  28.193 0.2000000030
11635  9.177  -50.997  28.418 0.3000000119
11653  17.150  -51.449  27.729 0.1000000015
11654  14.762  -52.157  27.588 0.1000000015
11656  7.263  -51.179  27.123 0.2000000030
11665  11.718  -51.943  26.224 0.1000000015
11666  8.568  -51.206  26.312 0.2000000030
11673  9.890  -51.477  25.398 0.2000000030
11674  9.193  -51.367  25.777 0.2000000030
11879  7.973  -50.309  52.348 0.1000000015
11881  6.215  -49.829  53.088 0.4000000060
11883  4.618  -49.837  53.072 0.5000000000
11892  8.222  -50.208  51.442 0.2000000030
11894  2.701  -50.388  51.889 0.6000000238
11907  2.685  -50.056  50.806 0.6999999881
11908  1.546  -50.206  50.252 0.6999999881
11936  16.355  -50.485  48.472 0.1000000015
11965  9.317  -51.107  46.106 0.1000000015
11969  2.031  -50.371  44.545 0.5000000000
11987  10.457  -50.355  45.669 0.1000000015
11990  7.961  -50.751  45.660 0.1000000015
12016  -0.030  -51.327  41.580 0.6000000238
12039  0.258  -50.329  40.328 0.8000000119
12048  22.470  -50.991  38.889 0.1000000015
12079  2.599  -50.255  38.348 1.0000000000
12084  24.255  -50.593  36.994 0.1000000015
12089  8.905  -51.123  37.015 0.6999999881
12109  6.677  -50.456  36.725 0.8999999762
12126  10.204  -50.735  35.028 0.4000000060
12128  8.598  -50.590  35.603 0.5000000000
12141  10.556  -50.308  33.710 0.3000000119
12143  8.928  -50.038  34.123 0.5000000000
12148  17.065  -50.173  32.797 0.2000000030
12152  12.529  -50.077  32.668 0.2000000030
12161  19.294  -49.708  31.165 0.1000000015
12185  17.292  -50.393  29.634 0.2000000030
12205  15.849  -49.880  28.914 0.2000000030
12208  13.271  -50.257  28.564 0.3000000119
12211  10.449  -50.592  27.740 0.2000000030
12213  8.409  -50.485  27.887 0.2000000030
12215  6.346  -50.366  27.734 0.3000000119
12226  19.669  -50.761  27.175 0.1000000015
12229  16.030  -51.115  27.150 0.1000000015
12231  9.928  -50.013  27.193 0.2000000030
12233  7.944  -50.512  27.489 0.2000000030
12234  7.036  -50.497  27.550 0.2000000030
12237  20.163  -50.311  26.566 0.1000000015
12241  16.422  -50.493  26.574 0.1000000015
12246  8.595  -50.612  26.872 0.2000000030
12250  14.268  -50.151  25.670 0.1000000015
12251  13.348  -50.231  25.361 0.1000000015
12253  11.241  -50.942  24.834 0.2000000030
12254  10.136  -49.775  25.500 0.2000000030
12260  11.643  -50.129  24.667 0.2000000030
12470  6.916  -49.077  52.064 0.4000000060
12473  4.670  -49.305  52.451 0.5000000000
12483  6.417  -48.509  51.655 0.4000000060
12522  4.850  -48.813  48.285 0.8000000119
12537  4.007  -49.040  47.087 0.8999999762
12539  1.802  -48.886  45.510 0.8000000119
12548  1.323  -48.687  45.005 0.8000000119
12648  7.262  -48.946  39.125 0.1000000015
12657  23.932  -49.366  37.405 0.1000000015
12676  23.769  -49.139  36.504 0.1000000015
12704  6.459  -49.859  35.373 1.0000000000
12706  4.353  -48.864  35.659 1.0000000000
12709  7.449  -49.501  34.181 0.6000000238
12714  9.753  -49.559  33.066 0.4000000060
12719  18.833  -49.859  31.772 0.1000000015
12720  18.172  -49.814  32.295 0.2000000030
12724  14.058  -49.687  32.473 0.2000000030
12726  11.118  -49.555  32.502 0.3000000119
12743  22.863  -50.145  29.567 0.1000000015
12751  22.842  -49.439  29.141 0.1000000015
12752  19.381  -49.588  29.936 0.1000000015
12753  18.630  -49.684  29.323 0.1000000015
12754  17.634  -49.847  29.124 0.2000000030
12765  17.076  -49.342  28.571 0.2000000030
12778  18.077  -48.810  28.095 0.1000000015
12782  13.318  -49.039  27.626 0.2000000030
12783  11.794  -49.649  27.502 0.2000000030
12785  10.096  -49.467  26.691 0.2000000030
12792  17.772  -49.802  25.864 0.1000000015
12803  15.559  -49.539  25.369 0.1000000015
12808  10.133  -49.103  25.884 0.2000000030
12814  13.452  -49.124  24.228 0.2000000030
12817  11.167  -49.238  24.853 0.2000000030
13113  6.408  -47.506  49.524 0.6999999881
13151  16.375  -48.299  46.742 0.2000000030
13161  10.998  -49.055  44.789 0.1000000015
13190  2.275  -47.286  42.376 0.6999999881
13198  2.917  -46.738  42.265 0.6999999881
13209  4.233  -48.779  40.074 0.4000000060
13255  1.552  -47.840  37.582 0.8999999762
13313  5.443  -48.429  33.466 1.0000000000
13317  17.832  -48.927  32.267 0.1000000015
13322  11.301  -49.043  32.008 0.3000000119
13326  6.361  -48.184  32.536 0.6999999881
13333  19.555  -48.943  31.244 0.1000000015
13334  17.465  -48.154  31.777 0.1000000015
13339  11.519  -48.492  31.564 0.3000000119
13350  20.027  -48.408  30.823 0.1000000015
13364  23.079  -48.073  28.784 0.1000000015
13377  19.212  -48.214  27.758 0.1000000015
13380  16.367  -48.356  27.417 0.1000000015
13383  13.404  -48.453  27.054 0.2000000030
13385  11.783  -48.810  26.882 0.2000000030
13388  21.982  -48.201  26.495 0.1000000015
13391  17.761  -47.940  26.899 0.1000000015
13397  11.092  -48.263  25.763 0.2000000030
13403  17.696  -48.676  24.540 0.1000000015
13406  11.244  -48.131  25.337 0.2000000030
13415  16.232  -48.457  23.822 0.1000000015
13418  13.153  -48.448  23.926 0.2000000030
13421  10.904  -48.574  25.256 0.2000000030
13430  14.351  -47.744  23.406 0.2000000030
13432  13.007  -47.577  23.980 0.2000000030
13752  13.067  -46.766  49.425 0.1000000015
13753  12.346  -47.187  49.369 0.1000000015
13754  11.480  -47.689  49.233 0.1000000015
13766  13.704  -46.234  49.354 0.1000000015
13767  10.959  -46.497  48.946 0.2000000030
13789  8.601  -47.331  47.577 0.5000000000
13826  2.151  -46.912  43.509 0.8000000119
13836  3.411  -46.228  42.478 0.8000000119
13870  22.240  -47.875  39.263 0.1000000015
13884  23.099  -47.502  38.964 0.2000000030
13886  3.341  -46.639  38.248 0.5000000000
13887  1.813  -47.324  37.985 0.6000000238
13904  24.450  -47.741  36.805 0.1000000015
13923  2.533  -46.827  35.716 1.0000000000
13927  21.752  -47.288  34.825 0.1000000015
13980  19.838  -47.512  31.125 0.1000000015
13984  12.216  -47.260  30.891 0.4000000060
14002  20.585  -47.546  29.166 0.1000000015
14010  23.144  -46.972  27.885 0.1000000015
14023  16.257  -47.263  26.175 0.1000000015
14026  13.341  -47.201  25.852 0.2000000030
14027  12.433  -47.309  25.571 0.2000000030
14028  11.706  -47.632  25.378 0.2000000030
14032  22.059  -47.241  25.909 0.1000000015
14038  14.642  -46.568  25.330 0.2000000030
14040  12.996  -46.753  25.143 0.2000000030
14047  19.815  -47.824  23.688 0.1000000015
14048  13.192  -46.891  24.388 0.2000000030
14054  20.838  -46.907  23.714 0.1000000015
14058  17.595  -47.225  22.541 0.2000000030
14061  14.937  -47.075  23.172 0.2000000030
14062  13.663  -47.129  23.805 0.2000000030
14065  18.798  -46.662  21.952 0.1000000015
14067  16.983  -46.517  22.303 0.2000000030
14409  13.324  -45.345  49.168 0.1000000015
14410  12.594  -45.551  49.077 0.4000000060
14411  11.666  -45.967  48.897 0.4000000060
14452  10.360  -46.426  45.683 0.4000000060
14473  11.534  -47.382  42.691 0.1000000015
14485  3.819  -46.382  41.797 0.6999999881
14547  24.854  -46.484  36.397 0.2000000030
14556  22.956  -46.783  34.998 0.2000000030
14609  7.905  -46.950  30.673 0.8000000119
14617  20.856  -46.039  30.253 0.1000000015
14624  14.440  -46.385  30.551 0.1000000015
14674  14.072  -46.215  24.620 0.2000000030
14675  13.486  -46.451  24.816 0.2000000030
14684  16.003  -45.694  23.384 0.2000000030
14687  13.767  -46.443  24.390 0.2000000030
14696  15.056  -46.222  23.436 0.2000000030
14703  18.326  -45.740  21.568 0.1000000015
14704  16.983  -45.763  22.346 0.2000000030
15084  14.321  -44.476  48.382 0.2000000030
15087  12.206  -45.521  48.650 0.3000000119
15093  13.090  -44.738  48.368 0.2000000030
15101  14.176  -43.678  46.453 0.3000000119
15121  19.932  -45.156  44.950 0.1000000015
15139  18.886  -44.933  43.122 0.1000000015
15167  8.809  -44.823  38.221 0.6000000238
15175  9.406  -44.967  37.961 0.6999999881
15217  23.962  -44.916  35.065 0.3000000119
15224  5.463  -44.276  35.018 0.5000000000
15253  9.924  -45.119  32.576 0.1000000015
15285  18.009  -45.188  29.958 0.1000000015
15290  13.302  -45.211  29.908 0.2000000030
15294  9.089  -45.320  29.368 0.6999999881
15321  22.846  -45.784  26.071 0.1000000015
15332  22.219  -45.280  24.582 0.1000000015
15343  20.548  -45.661  22.533 0.1000000015
15346  17.211  -45.299  23.158 0.1000000015
15353  19.222  -45.248  21.248 0.1000000015
15355  17.331  -45.331  22.516 0.1000000015
15360  18.843  -44.682  21.067 0.1000000015
15361  18.501  -44.999  21.262 0.1000000015
15754  14.493  -43.774  47.366 0.3000000119
15759  14.777  -43.444  46.714 0.3000000119
15763  15.071  -43.442  46.221 0.2000000030
15764  14.648  -43.397  46.126 0.3000000119
15777  14.220  -43.504  45.445 0.3000000119
15814  13.533  -43.182  39.686 0.6000000238
15815  9.183  -43.876  38.594 0.6000000238
15824  9.410  -43.877  38.281 0.6000000238
15839  12.747  -44.785  37.130 0.8999999762
15841  9.595  -44.435  37.965 0.6000000238
15858  25.243  -44.585  35.686 0.5000000000
15867  5.059  -43.713  34.382 0.5000000000
15878  4.881  -43.439  33.741 0.5000000000
15898  4.894  -43.685  32.834 0.6999999881
15931  16.940  -44.494  29.420 0.1000000015
15932  16.156  -44.433  29.396 0.1000000015
16478  23.730  -43.120  38.603 0.6000000238
16483  11.258  -43.622  38.437 0.8000000119
16499  25.560  -43.568  36.395 0.6000000238
16580  8.403  -43.415  28.723 0.6999999881
16581  7.813  -42.700  29.212 0.8000000119
16596  24.191  -43.450  26.442 0.1000000015
17069  19.577  -42.588  43.887 0.1000000015
17125  25.289  -42.218  37.585 0.6999999881
17206  16.223  -42.949  28.311 0.2000000030
17212  9.812  -42.978  28.042 0.5000000000
17230  13.963  -42.143  27.667 0.1000000015
17232  12.140  -42.272  27.753 0.3000000119
17743  19.906  -41.036  44.901 0.1000000015
17800  25.435  -41.335  35.116 0.8000000119
17822  18.364  -41.613  30.297 0.3000000119
17841  7.981  -41.780  29.347 0.8000000119
17857  8.239  -41.500  28.872 0.6000000238
18436  23.962  -40.474  37.654 0.8999999762
18444  25.678  -40.584  35.998 0.8000000119
18449  27.164  -40.501  35.052 0.8999999762
18450  26.967  -40.465  35.373 0.8999999762
18455  26.672  -40.437  35.418 0.8999999762
18532  16.587  -41.313  27.077 0.1000000015
18535  8.622  -41.081  28.328 0.6000000238
19119  25.081  -39.831  36.578 0.8999999762
19120  24.672  -39.798  37.148 0.8999999762
19129  26.038  -40.293  35.564 0.8999999762
19130  26.178  -40.457  35.637 0.8999999762
19147  26.546  -40.411  35.341 0.8999999762
19155  23.838  -39.385  33.619 0.6000000238
19173  17.621  -39.168  30.216 0.5000000000
19185  14.266  -39.030  29.522 0.6000000238
19207  9.066  -39.671  28.578 0.5000000000
19233  17.275  -39.526  26.512 0.1000000015
19234  7.982  -39.438  25.608 0.4000000060
19875  24.198  -38.815  36.493 1.0000000000
19889  25.664  -39.971  36.086 0.8999999762
19890  25.103  -39.533  36.135 1.0000000000
19904  24.631  -38.927  35.442 0.6999999881
19909  25.716  -40.186  35.458 0.8999999762
19922  21.785  -38.968  31.884 0.6000000238
20032  15.551  -38.581  24.143 0.1000000015
20766  15.965  -37.849  28.618 0.4000000060
24349  12.015  -32.883  24.433 0.1000000015
97569  13.432  -81.707  38.056 0.3000000119
97571  13.591  -81.731  37.930 0.3000000119
97572  12.938  -81.669  37.655 0.3000000119
97576  12.314  -81.868  36.211 0.2000000030
97585  12.710  -79.187  32.564 0.1000000015
97586  14.508  -79.654  34.861 0.1000000015
97588  13.625  -78.848  32.282 0.1000000015
97599  15.652  -77.160  33.459 0.6999999881
97600  12.241  -78.619  31.559 0.1000000015
97602  15.082  -81.673  28.502 0.6000000238
97608  14.282  -81.661  28.212 0.6000000238
97611  26.532  -78.459  17.593 0.3000000119
97662  0.701  -56.162  62.273 0.2000000030
97667  0.323  -55.620  61.008 0.2000000030
97891  20.779  -71.797  19.067 0.4000000060
97901  1.321  -55.305  61.616 0.1000000015
98009  13.447  -81.602  28.328 0.5000000000
98064  16.009  -77.346  32.114 0.6999999881
98095  12.847  -79.745  32.696 0.1000000015
98104  12.082  -77.639  31.992 0.1000000015
98211  15.308  -77.659  32.293 0.6000000238
98263  14.074  -81.472  27.694 0.5000000000
98378  29.727  -64.415  41.630 0.1000000015
98380  29.839  -70.063  40.516 0.1000000015
98420  17.745  -48.798  40.434 0.1000000015
98455  5.317  -46.949  44.455 0.8000000119
98467  19.549  -72.937  42.909 0.6999999881
98483  21.149  -69.801  52.293 0.4000000060
98627  8.977  -67.742  43.915 0.6999999881
98954  14.417  -77.544  25.941 0.1000000015
99016  21.176  -49.424  26.436 0.1000000015
99058  32.073  -67.766  29.391 0.1000000015
99061  5.594  -55.256  32.714 0.8999999762
99070  19.593  -71.843  40.579 0.6999999881
99332  26.834  -66.955  31.512 0.3000000119
99412  22.461  -74.055  37.184 0.8000000119
99486  23.564  -75.045  27.998 0.8999999762
99590  14.227  -65.504  64.028 0.1000000015
99742  6.431  -57.844  57.281 0.4000000060
99763  8.788  -72.128  49.411 0.2000000030
99831  23.204  -75.326  43.425 0.6999999881
99941  12.535  -67.909  49.527 0.1000000015
99946  18.791  -78.463  37.266 1.0000000000
99963  17.875  -61.328  28.801 0.6000000238
99984  20.742  -60.858  20.778 0.3000000119
100026  19.777  -48.481  24.444 0.1000000015
100060  3.466  -57.628  27.163 0.2000000030
100197  17.356  -56.434  25.121 0.4000000060
100290  18.608  -77.355  34.405 0.8999999762
100506  26.235  -79.123  18.000 0.3000000119
100547  10.297  -53.366  31.615 0.3000000119
100614  24.894  -62.508  25.058 0.1000000015
100621  13.769  -79.471  42.289 0.3000000119
100650  3.184  -65.164  49.635 0.6999999881
100787  1.805  -64.095  42.732 0.6000000238
100810  10.112  -66.432  53.227 0.1000000015
100865  10.035  -57.645  32.377 0.8999999762
100870  21.063  -51.834  29.310 0.1000000015
100967  12.291  -70.180  41.578 0.8000000119
101059  11.176  -62.664  60.105 0.1000000015
101218  21.636  -73.072  45.711 0.6000000238
101238  22.203  -67.930  45.815 0.3000000119
101304  21.462  -70.740  42.981 0.6999999881
101325  33.656  -75.232  30.026 0.6000000238
101395  6.271  -54.330  58.013 0.1000000015
101446  18.937  -76.966  27.075 0.2000000030
101466  15.727  -81.446  28.160 0.5000000000
101577  11.535  -70.621  20.944 0.8000000119
101602  15.641  -74.525  50.236 0.5000000000
101613  8.420  -73.298  50.625 0.2000000030
101834  10.877  -46.863  30.536 0.5000000000
101877  17.568  -52.771  22.020 0.2000000030
101920  12.543  -81.700  36.798 0.2000000030
102036  11.772  -65.522  43.423 0.6000000238
102148  22.450  -71.902  29.394 0.6000000238
102250  6.357  -59.237  52.675 0.6000000238
102256  8.473  -73.269  50.988 0.2000000030
102297  2.043  -65.886  39.209 0.3000000119
102305  4.934  -48.257  39.133 0.2000000030
102406  14.068  -57.600  31.405 0.6999999881
102449  22.043  -73.304  45.041 0.6000000238
102455  19.639  -73.495  41.754 0.6999999881
102487  15.442  -53.474  24.510 0.3000000119
102551  12.277  -49.960  24.521 0.2000000030
102592  15.673  -40.731  26.079 0.1000000015
102666  5.325  -66.456  47.520 0.8000000119
102668  12.977  -57.409  29.931 0.6999999881
102725  13.690  -53.128  27.333 0.2000000030
103022  15.573  -53.512  22.698 0.2000000030
103136  25.610  -79.270  32.719 0.8999999762
103189  20.283  -46.969  30.676 0.1000000015
103381  11.465  -60.594  26.034 0.8999999762
103446  16.257  -68.361  40.517 0.8000000119
103477  6.856  -62.837  48.908 0.6000000238
103483  19.630  -72.725  42.179 0.6999999881
103637  30.449  -65.844  23.273 0.1000000015
103955  12.251  -55.076  23.542 0.2000000030
103979  24.716  -39.008  35.888 1.0000000000
104000  14.930  -37.741  23.158 0.1000000015
104007  12.085  -48.763  49.454 0.1000000015
104033  9.536  -62.239  59.826 0.1000000015
104054  16.359  -74.170  37.072 1.0000000000
104061  23.235  -54.937  23.925 0.1000000015
104118  5.453  -45.622  40.622 0.6000000238
104321  24.841  -79.715  27.007 0.8999999762
104368  7.362  -42.679  29.941 0.6999999881
104628  8.802  -59.834  34.034 1.0000000000
104686  8.181  -70.242  49.527 0.1000000015
104784  10.542  -63.491  61.814 0.1000000015
104793  5.240  -58.904  47.762 0.8000000119
104819  19.444  -75.488  38.059 0.8000000119
105066  12.819  -60.885  29.505 0.8999999762
105125  8.239  -54.504  27.554 0.4000000060
105155  3.280  -70.755  47.042 0.8000000119
105344  3.790  -66.015  56.966 0.2000000030
105445  7.138  -71.070  44.553 0.8000000119
105628  30.627  -76.848  28.549 0.8000000119
105652  31.902  -63.436  27.225 0.1000000015
105659  14.342  -81.424  29.848 0.6999999881
105735  23.937  -67.543  48.953 0.2000000030
105746  24.916  -66.512  18.208 0.1000000015
105840  3.736  -47.717  34.773 0.8999999762
105894  5.464  -56.772  25.976 0.4000000060
105922  0.803  -57.972  49.014 0.8999999762
105961  13.076  -74.435  49.202 0.3000000119
106029  21.566  -68.834  47.935 0.5000000000
106058  19.508  -71.173  39.128 0.8000000119
106192  6.199  -48.686  33.540 0.6999999881
106220  25.024  -62.497  24.365 0.1000000015
106229  22.902  -73.900  30.893 0.8000000119
106311  25.618  -65.359  29.382 0.2000000030
106313  22.463  -49.390  28.361 0.1000000015
106345  9.274  -60.666  32.237 1.0000000000
106407  8.896  -69.822  22.602 0.3000000119
106526  14.072  -58.595  32.421 0.8000000119
106575  13.394  -66.012  42.566 0.6000000238
106633  25.173  -77.570  31.109 1.0000000000
106668  2.925  -45.614  35.927 0.6000000238
106689  6.412  -75.194  41.258 0.1000000015
106711  3.858  -54.620  43.462 0.2000000030
106725  9.432  -60.138  51.571 0.5000000000
106839  16.916  -63.662  27.159 0.5000000000
106971  5.306  -59.210  60.237 0.3000000119
107246  15.029  -48.745  27.753 0.2000000030
107260  12.845  -72.084  40.441 0.8999999762
107285  30.196  -63.376  27.696 0.1000000015
107334  2.306  -56.749  62.876 0.2000000030
107367  5.049  -62.299  40.707 0.1000000015
107370  13.742  -53.095  30.674 0.2000000030
107448  18.844  -74.953  34.843 0.8999999762
107557  24.537  -58.983  20.877 0.2000000030
107767  10.092  -62.870  46.624 0.6000000238
107775  25.076  -78.882  33.427 0.8999999762
107891  13.243  -67.784  49.183 0.1000000015
107967  16.982  -63.169  24.130 0.5000000000
108070  20.421  -80.178  37.360 1.0000000000
108136  8.585  -64.620  52.648 0.4000000060
108185  5.100  -48.768  52.010 0.5000000000
108270  11.957  -56.544  25.067 0.4000000060
108301  14.411  -67.153  19.542 0.8000000119
108537  14.241  -81.393  38.204 0.3000000119
108691  12.777  -77.592  26.243 0.1000000015
108695  10.193  -70.210  50.413 0.2000000030
108798  6.586  -57.845  56.575 0.4000000060
108838  8.226  -52.649  26.261 0.2000000030
108891  19.491  -74.404  41.457 0.8000000119
109042  13.494  -66.871  20.924 0.8000000119
109173  1.404  -48.365  39.800 0.6999999881
109204  24.896  -43.758  28.468 0.1000000015
109242  7.307  -69.307  50.187 0.1000000015
109280  23.689  -76.760  37.801 0.8000000119
109450  19.608  -48.971  25.142 0.1000000015
109544  19.038  -43.814  31.344 0.2000000030
109726  13.627  -43.314  43.535 0.3000000119
109752  14.289  -78.504  41.249 0.6999999881
109894  12.609  -63.768  48.355 0.5000000000
109984  23.246  -67.579  45.111 0.3000000119
109993  3.982  -69.428  47.772 0.8000000119
110027  19.006  -69.781  53.028 0.2000000030
110079  14.500  -65.993  22.712 0.6999999881
110149  29.866  -78.524  24.583 0.8999999762
110268  16.679  -75.102  35.085 0.8000000119
110278  11.310  -68.483  42.481 0.8000000119
110312  23.675  -64.039  28.559 0.4000000060
110424  22.311  -73.886  41.396 0.8000000119
110425  24.954  -46.262  37.128 0.4000000060
110445  24.258  -60.633  20.907 0.2000000030
110469  27.249  -72.746  15.874 0.2000000030
110555  22.357  -66.818  19.793 0.1000000015
110804  7.883  -62.315  58.612 0.1000000015
110850  7.192  -58.302  53.365 0.6000000238
110889  17.731  -81.553  32.329 0.8999999762
111073  21.298  -71.408  48.369 0.4000000060
111257  15.656  -51.983  27.825 0.1000000015
111294  22.915  -69.697  36.839 0.4000000060
111303  9.407  -54.569  35.915 0.8000000119
111334  23.167  -54.987  35.090 0.1000000015
111373  4.135  -61.671  57.986 0.2000000030
111383  17.555  -71.556  45.305 0.6000000238
111444  18.438  -58.320  28.091 0.5000000000
111514  25.765  -65.344  38.088 0.2000000030
111536  27.590  -71.391  29.865 0.5000000000
111597  17.645  -69.985  25.149 0.8999999762
111630  15.388  -44.417  29.396 0.2000000030
111768  6.012  -44.706  40.681 0.6999999881
111788  8.380  -44.970  43.113 0.6999999881
111879  12.738  -81.328  28.507 0.5000000000
111889  15.811  -77.646  34.957 0.6999999881
111898  11.800  -81.639  33.977 0.1000000015
111906  13.104  -81.799  35.415 0.2000000030
112001  9.687  -71.453  48.310 0.3000000119
112040  8.283  -52.574  47.479 0.1000000015
112126  25.055  -67.483  28.357 0.3000000119
112192  23.318  -41.196  33.652 0.6999999881
112267  12.942  -64.856  47.547 0.5000000000
112279  11.749  -52.670  37.105 0.5000000000
112330  9.910  -74.315  50.680 0.3000000119
112475  5.094  -46.345  43.655 0.8000000119
112520  5.359  -59.044  53.340 0.6000000238
112685  9.809  -55.987  27.951 0.6000000238
112829  16.391  -59.124  23.222 0.5000000000
112831  9.433  -61.024  49.050 0.6000000238
112862  17.019  -68.403  40.904 0.5000000000
112881  8.568  -39.332  27.310 0.5000000000
112887  21.129  -72.171  47.722 0.5000000000
113040  11.149  -63.009  20.695 0.6999999881
113152  22.850  -75.665  35.831 0.6999999881
113165  21.481  -58.082  23.177 0.3000000119
113394  12.304  -80.566  45.538 0.8000000119
113507  1.985  -56.617  37.304 0.8999999762
113516  8.214  -42.258  30.852 0.4000000060
113524  6.887  -61.885  23.103 0.2000000030
113528  21.554  -70.313  47.211 0.5000000000
113560  8.740  -47.108  48.588 0.6000000238
113566  12.809  -81.308  44.783 0.5000000000
113684  35.834  -64.457  35.170 0.1000000015
113747  10.635  -74.066  51.382 0.3000000119
113800  32.103  -59.949  34.190 0.1000000015
113817  21.933  -80.472  19.944 0.1000000015
113906  1.937  -50.387  51.299 0.6999999881
113931  26.821  -63.828  27.527 0.3000000119
113975  4.123  -53.670  43.606 0.1000000015
114059  15.513  -48.594  23.975 0.2000000030
114192  20.715  -56.273  28.580 0.1000000015
114228  24.513  -57.311  19.491 0.2000000030
114313  23.975  -62.278  25.302 0.2000000030
114321  12.416  -77.922  25.094 0.1000000015
114362  28.024  -74.547  39.024 0.1000000015
114399  7.562  -47.679  41.616 0.5000000000
114443  7.476  -57.929  54.242 0.5000000000
114492  1.665  -64.415  40.727 0.4000000060
114567  3.820  -63.093  46.986 0.8000000119
114660  12.459  -49.437  32.193 0.2000000030
114725  7.579  -55.277  30.922 0.8999999762
114749  15.205  -47.732  26.708 0.2000000030
114831  12.214  -56.755  27.458 0.5000000000
114853  1.212  -56.047  40.490 0.6999999881
114907  15.555  -53.496  27.966 0.2000000030
114918  17.521  -75.595  33.713 0.8999999762
114934  11.807  -81.619  36.121 0.2000000030
115060  22.053  -47.720  26.251 0.1000000015
115102  11.727  -50.910  28.303 0.2000000030
115112  13.818  -62.509  28.553 1.0000000000
115340  13.601  -44.956  36.674 0.8999999762
115346  6.692  -50.131  27.897 0.2000000030
115353  18.490  -59.131  28.547 0.6000000238
115354  17.879  -71.399  44.718 0.6000000238
115381  1.170  -57.043  39.816 0.6000000238
115410  4.337  -52.743  37.128 0.8999999762
115426  19.716  -81.260  29.692 0.6999999881
115474  6.040  -76.402  46.636 0.8000000119
115485  0.989  -56.428  42.851 0.6999999881
115486  25.241  -67.175  31.718 0.3000000119
115503  19.463  -49.491  25.581 0.1000000015
115649  18.311  -48.785  24.773 0.1000000015
115693  10.805  -55.794  22.828 0.2000000030
115714  19.463  -55.643  20.855 0.4000000060
115817  6.437  -66.221  46.675 0.6999999881
115925  6.705  -55.092  42.814 0.1000000015
115945  14.673  -75.199  48.486 0.5000000000
116031  14.568  -43.995  47.822 0.2000000030
116037  24.566  -71.743  16.414 0.2000000030
116073  8.582  -75.701  46.209 0.8999999762
116093  11.209  -65.235  63.546 0.1000000015
116112  16.731  -57.892  31.523 0.6000000238
116144  14.252  -69.376  19.797 1.0000000000
116191  23.643  -68.172  41.238 0.4000000060
116240  10.349  -52.212  29.403 0.2000000030
116342  3.648  -57.347  33.020 1.0000000000
116348  14.087  -64.218  45.337 0.6000000238
116350  27.346  -70.030  42.790 0.1000000015
116450  6.097  -52.637  33.851 0.6999999881
116470  7.081  -55.036  37.235 0.8999999762
116482  7.380  -47.543  49.697 0.6000000238
116517  12.264  -60.934  30.033 0.8999999762
116607  11.415  -53.471  31.122 0.4000000060
116608  2.836  -58.264  33.286 1.0000000000
116625  11.629  -56.622  26.008 0.2000000030
116664  7.477  -52.356  47.819 0.1000000015
116705  15.771  -60.073  24.374 0.5000000000
116706  0.619  -56.964  41.658 0.5000000000
116748  10.405  -60.791  31.935 0.8999999762
116808  8.891  -45.126  38.276 0.6999999881
116843  8.022  -79.990  42.954 0.3000000119
116880  24.915  -57.580  26.028 0.1000000015
116906  2.701  -61.965  60.396 0.2000000030
116921  9.689  -47.319  31.045 0.6000000238
116998  5.370  -69.207  46.807 0.8000000119
117011  23.805  -59.284  22.390 0.2000000030
117060  9.234  -53.920  25.056 0.3000000119
117064  9.615  -60.809  31.015 1.0000000000
117065  14.312  -77.573  41.294 0.6000000238
117117  22.717  -74.766  38.332 0.8000000119
117173  -0.038  -50.042  47.159 0.8000000119
117204  33.858  -75.399  25.199 0.8000000119
117241  15.674  -75.998  38.234 1.0000000000
117262  6.964  -51.126  46.345 0.1000000015
117273  8.990  -64.985  45.442 0.6999999881
117287  4.925  -63.760  58.939 0.1000000015
117307  13.283  -71.631  40.264 0.8999999762
117310  9.731  -45.479  29.509 0.6999999881
117351  16.667  -68.384  40.704 0.8000000119
117409  14.874  -57.419  30.268 0.6999999881
117442  2.463  -62.678  60.113 0.2000000030
117503  18.333  -49.509  25.579 0.1000000015
117539  2.260  -69.282  48.106 0.8000000119
117542  28.969  -63.561  27.380 0.1000000015
117550  12.780  -65.794  42.829 0.6000000238
117584  8.837  -55.351  28.705 0.8000000119
117624  3.288  -54.943  60.868 0.1000000015
117640  15.985  -53.484  32.563 0.2000000030
117647  10.654  -68.707  42.695 0.8000000119
117651  14.946  -71.960  44.113 0.5000000000
117762  25.471  -77.872  33.935 0.8000000119
117923  19.480  -72.966  38.045 0.8000000119
117924  8.125  -63.282  57.771 0.1000000015
118053  17.946  -57.086  23.316 0.4000000060
118083  27.353  -67.069  31.422 0.3000000119
118108  16.907  -77.056  26.610 0.1000000015
118142  16.692  -63.401  28.392 0.6999999881
118172  12.175  -52.527  36.800 0.5000000000
118204  2.028  -56.903  67.270 0.2000000030
118205  24.296  -62.433  26.948 0.2000000030
118258  25.988  -72.389  27.562 0.6000000238
118271  6.999  -69.455  50.380 0.1000000015
118306  16.900  -71.242  52.053 0.1000000015
118323  18.925  -43.360  31.097 0.2000000030
118342  4.661  -69.134  54.586 0.2000000030
118363  24.009  -44.044  26.449 0.1000000015
118395  7.539  -50.428  41.342 0.1000000015
118400  2.872  -61.416  36.158 0.1000000015
118478  6.130  -57.734  30.033 0.8000000119
118526  8.751  -49.093  38.811 0.1000000015
118630  13.914  -49.170  27.923 0.2000000030
118737  29.723  -76.611  26.975 0.6000000238
118828  9.539  -73.115  49.153 0.3000000119
118830  7.779  -67.946  50.059 0.2000000030
118866  7.938  -58.229  54.137 0.5000000000
118902  18.503  -58.316  21.850 0.4000000060
118909  24.911  -61.452  19.885 0.1000000015
118926  3.751  -56.005  45.854 0.1000000015
118937  21.950  -62.913  24.969 0.5000000000
118950  36.495  -64.273  35.048 0.1000000015
118993  17.830  -61.097  29.331 0.8000000119
119018  7.791  -74.594  46.697 0.8999999762
119020  13.249  -73.517  48.108 0.4000000060
119025  31.145  -75.714  30.664 0.6999999881
119045  17.806  -57.549  29.254 0.5000000000
119152  9.812  -60.060  52.844 0.4000000060
119155  25.962  -80.197  31.161 0.8999999762
119176  22.023  -70.755  39.519 0.6000000238
